imu_ax, imu_ay, kf_ax, kf_ay, kf_vx, kf_w, kf_x, kf_y, odom_x, odom_y, stamp, 
-0.062263066256730955, -0.010656318028530983, -0.0622318687705759, -1.7604211518891793e-14, 2.2821015815944696e-07, -7.714035019682164e-08, -1.999763679414049, -0.5000010188423607, -1.9999267829536012, -0.5000010200239146, 262640000000, 
-0.06097325671087243, 0.03273454139442172, -0.06097451219730325, 1.4475575560421721e-13, -2.4402158326402093e-06, -5.9320882058042246e-08, -1.9997627304558048, -0.5000010188354888, -1.9999267745383094, -0.500001020066318, 262740000000, 
-0.08092466242282906, -0.0006948257291287633, -0.08090474658853788, 8.225024147536181e-13, -1.4466474203455454e-05, -5.685576203199226e-08, -1.9997579653106714, -0.5000010188010245, -1.9999267981608857, -0.5000010201015433, 262835000000, 
-0.042218501137695603, -0.005878378652241461, -0.04225710941953435, -5.714793393868556e-14, -5.5794535231915715e-06, 1.0242568327013443e-08, -1.999758603831091, -0.5000010188056313, -1.99992680041176, -0.5000010199886573, 262935000000, 
-0.07682123491481195, -0.006242100212421181, -0.07678673932123885, 1.175000901031304e-13, -2.5436381357697366e-06, -4.6193713032838066e-08, -1.9997587381482174, -0.5000010188065995, -1.9999267474757645, -0.5000010200006381, 263040000000, 
-0.09958695538855605, 0.01247835168931548, -0.09956419989692111, 5.897613976966822e-13, -5.325152463176233e-06, -1.1075014316959366e-07, -1.9997582275007406, -0.5000010188029177, -1.9999267747993854, -0.5000010201071013, 263135000000, 
-0.054584058705196066, -0.01909518279108464, -0.05462894806275597, -2.364572828578738e-13, -5.841503006210821e-06, 4.047884296326937e-08, -1.9997577242376452, -0.5000010187992915, -1.9999267968490393, -0.5000010201303374, 263230000000, 
-0.05515711124203011, -0.015465820134962591, -0.05515658361945464, -5.045405159287716e-14, -2.9069246070996535e-06, 1.7356505039605082e-08, -1.999757776675372, -0.5000010187996686, -1.9999267464358255, -0.5000010200514405, 263330000000, 
-0.061419928760143225, 0.012193087821647578, -0.061413677359150286, 4.599021555477558e-13, -3.83514878907025e-06, -1.199176826876772e-07, -1.9997575149419218, -0.5000010187977847, -1.9999267326362047, -0.5000010200821037, 263435000000, 
-0.061199099956970815, -0.002276513504082159, -0.061199313487769254, 3.941629952590339e-13, -5.117688118623509e-06, -7.70197374522797e-08, -1.9997572802631052, -0.500001018796095, -1.9999267677376447, -0.5000010201239953, 263530000000, 
-0.05528018296664563, -0.007981852822452831, -0.055286089652322436, 3.7191164113745313e-14, -1.8293085223917288e-06, -2.0330722597366865e-08, -1.9997571649514763, -0.5000010187952662, -1.9999267443495974, -0.5000010201533688, 263630000000, 
-0.07420980644244336, -0.00020765614779148236, -0.07419091832819694, 8.403900260478709e-13, -1.047097643515349e-05, -8.025899315621485e-08, -1.9997553706037732, -0.5000010187823829, -1.999926719232863, -0.5000010201987759, 263730000000, 
-0.06236332354039621, -0.014848845912343882, -0.06237512680566241, -4.345334069674116e-13, -5.745689400452232e-06, 7.562772309502325e-08, -1.9997556772211773, -0.5000010187845831, -1.9999267525269113, -0.5000010201263783, 263830000000, 
-0.05692031957149718, 0.0036129124849984848, -0.05692576286621918, 8.994081006397441e-14, -1.1914929116795675e-06, -7.548581211212654e-08, -1.9997556236981995, -0.5000010187841996, -1.9999267019935754, -0.5000010201943297, 263920000000, 
-0.03567914019237012, 6.340137813123383e-05, -0.035700343869296484, 8.887115335874407e-14, -1.3459435769906658e-06, -6.602888477498221e-08, -1.9997551818484918, -0.5000010187810291, -1.9999266998381406, -0.5000010202320493, 264020000000, 
-0.06943021430346624, -0.033503555322508864, -0.06939655136477182, -1.7309231394766606e-15, 7.306063326550927e-08, -2.3691597815561245e-08, -1.9997549562563606, -0.500001018779412, -1.999926746063653, -0.5000010202257681, 264107000000, 
-0.06404573564549453, 0.008035680848060875, -0.06405107508459663, 4.0475100708298834e-13, -5.218569002003043e-06, -7.755976914890515e-08, -1.9997542451245527, -0.5000010187743194, -1.999926721657684, -0.5000010202021021, 264207000000, 
-0.07615018847642274, 0.017401819678857407, -0.07613811284984887, 3.1205087709949225e-13, -2.075116392267172e-06, -1.5037752979174365e-07, -1.9997541191133887, -0.5000010187734173, -1.9999266741918056, -0.500001020248221, 264307000000, 
-0.06348280672725168, 0.010663687773754827, -0.06349543606560482, 3.4811372893471526e-13, -3.779831740817474e-06, -9.20976786282629e-08, -1.9997535989443285, -0.5000010187696975, -1.9999266677675072, -0.5000010202559135, 264398000000, 
-0.05902349809803937, 0.026178525736798228, -0.05902796047606492, 3.2790808143033695e-13, -2.0471391070919776e-06, -1.601787002624068e-07, -1.9997533384030481, -0.5000010187678381, -1.9999266977229837, -0.5000010202642777, 264501000000, 
-0.023908980438079788, -0.030474510747983168, -0.023944028761437003, 9.61524084193953e-14, -4.881954387624468e-06, -1.969547455484985e-08, -1.999752948646827, -0.5000010187650602, -1.9999266536913438, -0.5000010202370828, 264601000000, 
-0.07098334538061467, -0.015259385346506404, -0.07093639966594087, 3.8957353113851885e-14, -2.1358912389063574e-06, -1.823938991097658e-08, -1.999753196944076, -0.5000010187668259, -1.9999266632075183, -0.5000010202546478, 264696000000, 
-0.07892716920328018, -0.013483691121639626, -0.07891919368899336, 1.238621145532911e-13, -3.293718207319704e-06, -3.7605559054210996e-08, -1.9997527189620503, -0.5000010187634278, -1.9999266731527876, -0.5000010202721211, 264796000000, 
-0.05844471080761985, -0.0019055651914665064, -0.058465143654942896, 4.8708641855135e-13, -6.282961195204842e-06, -7.752497642721309e-08, -1.999752257959981, -0.5000010187601514, -1.99992664260154, -0.5000010202043947, 264891000000, 
-0.04467807128571774, -0.01812927875840508, -0.04469183025616811, -1.2713264060226924e-13, -5.6417500080710795e-06, 2.2534256289341688e-08, -1.9997522956116727, -0.5000010187604188, -1.999926662907619, -0.5000010202890052, 264982000000, 
-0.07997535739320259, 0.004590581110746706, -0.07994014381714046, 7.011917588415357e-14, -7.611004524624848e-07, -9.212867454918482e-08, -1.999752414648312, -0.5000010187612635, -1.9999266736688837, -0.5000010203052793, 265084000000, 
-0.049869838846156624, -0.007956679459406575, -0.049899848361274486, 2.0379088506836732e-13, -3.6557904962413595e-06, -5.574468374976399e-08, -1.999751689363497, -0.5000010187561155, -1.9999266185229714, -0.5000010203366806, 265184000000, 
-0.03027261934051534, 0.016455786432401375, -0.03029220692670622, 2.0669361341320426e-13, -1.6831046631806193e-06, -1.2280496747160595e-07, -1.9997515632593903, -0.5000010187552216, -1.9999266333990169, -0.5000010203474948, 265279000000, 
-0.06999558766744834, -0.042869124847303104, -0.06995596318807204, -3.9084307625813676e-15, -4.685697893142514e-07, 8.341192393776237e-09, -1.9997514246635297, -0.5000010187542399, -1.999926668932885, -0.500001020373547, 265374000000, 
-0.05150786630488564, -0.025890198635249356, -0.05152627690636841, 1.292112264226676e-13, -2.6069659416821586e-06, -4.95638337105752e-08, -1.9997507780749304, -0.500001018749668, -1.9999266526230808, -0.5000010203560593, 265469000000, 
-0.05998633129974676, 0.013092756191827561, -0.059977887610191585, 1.5191556088605282e-13, -1.4835970399930051e-06, -1.023967807908063e-07, -1.9997505240669389, -0.5000010187478716, -1.9999265895637557, -0.5000010203672369, 265566000000, 
-0.05755151176146968, 0.044380146258729145, -0.05755393270462238, 4.3370289072497265e-13, -3.0621785487329467e-06, -1.4163213667094237e-07, -1.9997500779642439, -0.5000010187447191, -1.99992661171823, -0.5000010203842418, 265666000000, 
-0.05453681953799478, 0.013677663426337637, -0.0545398300380872, 4.3969922635406083e-13, -3.998083311766189e-06, -1.0997750473584298e-07, -1.9997497940228195, -0.5000010187427155, -1.999926616070768, -0.5000010204072232, 265761000000, 
-0.07299057441408952, 0.006076849463108754, -0.07297215994403469, 4.221486787179957e-13, -4.295921542889387e-06, -9.826731575597244e-08, -1.9997496540122592, -0.5000010187417296, -1.9999265693807773, -0.500001020418307, 265861000000, 
-0.013846786555225928, 0.001853728418502361, -0.013905793261029732, 4.3059735321393796e-13, -4.928192394668303e-06, -8.737429847093455e-08, -1.9997493655131164, -0.5000010187397012, -1.9999266030884733, -0.5000010203438453, 265956000000, 
-0.08052607347148776, 0.006647758825665212, -0.08045958595947286, -2.247330388001193e-13, 2.5758269995897892e-06, -8.724694586861188e-08, -1.9997497182178428, -0.5000010187421776, -1.9999265816071847, -0.5000010204267139, 266057000000, 
-0.06745770373488617, -0.013756561429036796, -0.0674706788793071, 9.026841116266288e-13, -7.17908769638613e-06, -1.2573799761229127e-07, -1.9997486595981797, -0.5000010187347538, -1.9999265747685535, -0.5000010203681915, 266152000000, 
-0.05721350828410631, 0.006117062882797748, -0.05722374431102316, 5.546567346263796e-13, -4.511596673536546e-06, -1.2294023042436457e-07, -1.9997486994132658, -0.5000010187350327, -1.9999266028981844, -0.5000010203776836, 266247000000, 
-0.08031096457614499, 0.016917165719328275, -0.08028792284504006, 2.279954295036336e-13, -1.7487795774522724e-06, -1.3037402337222572e-07, -1.9997485785784064, -0.5000010187341878, -1.999926582218293, -0.5000010204596538, 266347000000, 
-0.030393327235130434, 0.01110869885782597, -0.030443121503652963, 3.898968474790447e-13, -4.338213702293273e-06, -8.987497487109427e-08, -1.9997479630733186, -0.5000010187298922, -1.9999265418424, -0.5000010204579071, 266442000000, 
-0.05678415933414936, 0.02811752051682289, -0.056757870537004956, -1.1269853060066798e-13, 6.184438390275694e-07, -1.82229207389103e-07, -1.9997480902401807, -0.5000010187307781, -1.9999265793365757, -0.5000010204982146, 266537000000, 
-0.0828305151513343, 0.0012084332460299619, -0.08280449395622982, 2.563321685688724e-13, -3.4088926334722297e-06, -7.519514286015445e-08, -1.9997474608802155, -0.5000010187263997, -1.9999265952697134, -0.5000010203890133, 266638000000, 
-0.07199511766846549, 0.005253342834499436, -0.07200590466640437, 1.8657004269697203e-13, -2.9993456788605932e-06, -6.220358127171497e-08, -1.9997469835132229, -0.5000010187230872, -1.9999265264137884, -0.5000010204866279, 266738000000, 
-0.040122796385106047, -0.005030542603133171, -0.0401546151737581, 1.1190557337689753e-13, -2.7603290509610467e-06, -4.05406642870842e-08, -1.999746567986548, -0.5000010187202071, -1.999926510620539, -0.500001020514195, 266843000000, 
-0.054097528843326984, -0.014116605137018342, -0.05408361334499975, -5.337933804435704e-15, 2.2536708543362954e-07, -2.3685507553886887e-08, -1.9997464420558926, -0.5000010187193349, -1.9999265491265774, -0.5000010205173715, 266938000000, 
-0.056313480830246794, -0.006164642450059841, -0.05631125485543023, 2.456386336347006e-13, -3.2260588163782536e-06, -7.614201960225501e-08, -1.999745861547098, -0.5000010187153171, -1.9999265127347932, -0.5000010204441744, 267039000000, 
-0.03634756879406824, 0.027608033189085078, -0.03636749210581601, 7.006048005320615e-13, -4.002261090916594e-06, -1.7505224787111771e-07, -1.999745631932368, -0.5000010187137285, -1.9999265127534505, -0.5000010204794721, 267134000000, 
-0.04344655081127578, 0.009232929687294455, -0.043439485512604126, 3.550902530551781e-15, -3.4201592601437736e-08, -1.038227246295692e-07, -1.9997456683429489, -0.5000010187139802, -1.999926527157074, -0.5000010205261806, 267234000000, 
-0.05936053929065199, -0.018325974355259126, -0.05934464955305179, 1.0926347359968415e-13, -1.4892155577638302e-06, -7.336981743848521e-08, -1.9997452239385745, -0.5000010187109166, -1.9999264947367583, -0.5000010205476685, 267334000000, 
-0.04973364139936827, -0.008228563460087688, -0.04974323265500742, 3.14152057570807e-13, -4.319109500459939e-06, -7.273537694225006e-08, -1.999744791135305, -0.5000010187079376, -1.9999265121174903, -0.5000010205114231, 267434000000, 
-0.04313485935003061, 0.029976286063480944, -0.04314145405256897, 2.619493874407527e-13, -1.3331669637206903e-06, -1.9648655762492575e-07, -1.9997447308054426, -0.5000010187075228, -1.9999265273375055, -0.5000010205594391, 267534000000, 
-0.07976057912708386, -0.01354236109953683, -0.07972403262481728, -2.275028539686316e-14, 8.102100930293052e-07, -2.8079489002416423e-08, -1.9997444303720695, -0.5000010187054592, -1.9999264693651195, -0.5000010205980968, 267634000000, 
-0.06390165565071564, 0.007888013345112896, -0.06391744566504037, 2.771877700276834e-13, -4.826812013743881e-06, -5.742667608318244e-08, -1.9997435499984926, -0.5000010186994296, -1.9999264807061314, -0.5000010206117947, 267729000000, 
-0.06860198890070104, 0.010513513546060536, -0.06859731307172244, 4.471568803143828e-13, -3.8654446001930645e-06, -1.156805818125162e-07, -1.999743397300038, -0.5000010186983842, -1.999926519214205, -0.5000010206267514, 267829000000, 
-0.06960760887650175, 0.022933141741754804, -0.06960659991591536, 4.962887787923349e-13, -3.2046228929261816e-06, -1.5486651483637358e-07, -1.9997431006278985, -0.5000010186963548, -1.9999264901863172, -0.5000010205745745, 267925000000, 
-0.08101322414881836, 0.027239222690051655, -0.08100183958872866, 9.755562309324925e-13, -5.918059940900923e-06, -1.648439253192121e-07, -1.999742726576528, -0.5000010186938004, -1.9999264288813159, -0.5000010206388695, 268025000000, 
-0.05307967269589078, 0.0058677017264804196, -0.05310753834392531, 6.857097739979274e-13, -5.9196753896505194e-06, -1.15835705315323e-07, -1.9997425048512965, -0.5000010186922896, -1.9999264705951174, -0.5000010205678013, 268125000000, 
-0.05431613292552227, 0.014924881622244519, -0.05431492620253794, 2.0924164950161098e-13, -1.4585852580401362e-06, -1.434552065765176e-07, -1.9997425612909352, -0.5000010186926732, -1.9999264570191684, -0.5000010206532112, 268220000000, 
-0.09035620466090545, -0.0020474687694813235, -0.0903202347577565, 2.486047465463034e-13, -3.158720638937046e-06, -7.870425243745594e-08, -1.9997421761638716, -0.5000010186900601, -1.9999264428960972, -0.5000010206307512, 268325000000, 
-0.04157770991117533, -0.011455023652966521, -0.04162635429058763, 3.5147695608947465e-13, -7.558709762345642e-06, -4.649959677515164e-08, -1.9997415867561126, -0.5000010186860692, -1.9999264720669885, -0.5000010206032993, 268420000000, 
-0.057385167067990496, 0.014194138214116445, -0.057369439279172194, 4.373392250557718e-14, -2.702885329303184e-07, -1.6180457983710312e-07, -1.9997419259328502, -0.500001018688363, -1.9999264546854822, -0.5000010206853438, 268520000000, 
-0.027495179900531058, 0.028045066580561193, -0.027524994444423457, -2.6673854145944558e-14, 3.4063674826624243e-07, -7.830586183583521e-08, -1.9997418216981129, -0.5000010186876586, -1.9999264201390703, -0.500001020649939, 268620000000, 
-0.05695211460770694, -0.00791654695086665, -0.056896288112789795, 1.1430142854964237e-11, -0.00016423860469227947, -6.959473916854059e-08, -1.9731769517794344, -0.5000008393449552, -1.9999170585242478, -0.5000010367500186, 424027000000, 
-0.08409412748915267, -0.0206580493778371, -0.08406698332811657, -1.3741265197546603e-11, -4.138508078392611e-06, 3.3203427267160694e-06, -1.9731927134683878, -0.5000008392560569, -1.999917082980689, -0.5000010367602601, 424084000000, 
-0.12041109942377744, -0.00770387671127123, -0.12037481733084007, -0.007385166370201689, 0.0964210245901023, -0.07659290493538048, -1.9731826129631933, -0.5000008393123956, -1.993162516234221, -0.5000022869162594, 424189000000, 
-0.03226577604678961, -0.025579437621915634, -0.03235370766891288, -0.012101831065168173, 0.10090220689996166, -0.119936237640138, -1.963552437631395, -0.500000964143951, -1.986349632173043, -0.5000378856860814, 424279000000, 
-0.05443673341419201, -0.03259395239249514, -0.05441469401359435, -0.015431495093027875, 0.10200731460493236, -0.15127831913616238, -1.9534856672279395, -0.500078135443978, -1.9761318012218743, -0.5001922952544253, 424379000000, 
-0.05147409604775935, 0.027863762209421564, -0.051477031043142746, -0.012071035146084753, 0.09392112009645724, -0.12852311741691078, -1.9433046289037765, -0.5002780607242917, -1.9659087480722763, -0.5004822747789955, 424474000000, 
-0.059336541966371406, -0.012530520827764177, -0.059328697007169945, -0.011234008333571067, 0.1000357839306152, -0.11229989801812293, -1.9338809410735576, -0.5006055161043361, -1.9556879232183293, -0.5009115121622368, 424574000000, 
0.05119393973002985, -0.019076843661524782, 0.051083638245654206, -0.010380493365139052, 0.10071434661347345, -0.10306866612537167, -1.9238820085014408, -0.5010821685172696, -1.945475448757048, -0.5014649520457691, 424669000000, 
-0.033301836361460176, -0.012825444773350915, -0.03321761980661965, -0.0069628972956063484, 0.10002954956218371, -0.06960840397744508, -1.9138903056492138, -0.5016710617829275, -1.9352767557010555, -0.5021241013327179, 424769000000, 
-0.0642330378262963, 0.011413572076386158, -0.0642020841332451, -0.003836942197219288, 0.09823170393492021, -0.03906012054683804, -1.903928378902158, -0.5023606326996559, -1.9250942064501744, -0.5028632129162093, 424865000000, 
-0.020894732962977676, 0.01838872413019259, -0.02093795322986021, -0.003330269751484821, 0.09862512249930556, -0.03376695173694988, -1.894078728164691, -0.5031112068497342, -1.9149211530583008, -0.5036594955560123, 424965000000, 
-0.08873486498231725, -0.00887219458172133, -0.0886672029872962, -0.005088075618152712, 0.09986763963777269, -0.05094819139220211, -1.88413772938723, -0.5039080198999923, -1.9081403493768025, -0.5042166557158517, 425060000000, 
-0.06492950750456904, -0.02612536672987853, -0.06495319686621193, -0.00472553410442547, 0.10102498198427567, -0.04677589653182011, -1.874298316856033, -0.5047305279932833, -1.8979690332263754, -0.505092485759635, 425160000000, 
-0.06519051513523971, -0.0049631444510037535, -0.06519027773719482, -0.004850841540458492, 0.10015872949662154, -0.048431540264516994, -1.8642968966414288, -0.5056173221851696, -1.8877979032978032, -0.5060142250799113, 425260000000, 
-0.04552852915427523, -0.033635696411307175, -0.045548150880413626, -0.006299123708353543, 0.10146408216214078, -0.06208230118602433, -1.8541996129162472, -0.5065599460587551, -1.8776302274748022, -0.5069849816764886, 425360000000, 
-0.04449235283671124, -0.01014852255757292, -0.04449340618544741, -0.00634110558930864, 0.10033660973366687, -0.06319832418237419, -1.8440809866502605, -0.5075546473192798, -1.8674705230546598, -0.5080141297655891, 425456000000, 
-0.055445569555316536, -0.0017834507062777635, -0.05543463885208773, -0.0055258462861000465, 0.09983243841802228, -0.05535121022449645, -1.8341428454937054, -0.508594067539477, -1.857320798446079, -0.5091080775519363, 425551000000, 
-0.07462864858655004, -0.0012563727874623093, -0.07460949232073272, -0.005241189056715056, 0.09984758279760307, -0.05249189724842167, -1.8242687824729147, -0.509689643173538, -1.8471781611047469, -0.510264103218613, 425653000000, 
-0.03984136835008756, -0.010612129126894077, -0.03987606632048616, -0.005435591292866884, 0.10038168872553319, -0.054149231417385806, -1.8143845076157294, -0.5108414948728743, -1.8370391998630424, -0.5114788059770543, 425753000000, 
-0.07299088241709548, -0.04053898610378989, -0.07295783309122855, -0.005045266428276584, 0.10203170272849456, -0.04944802736167202, -1.8042907947692737, -0.5120713063272235, -1.8269058202657988, -0.5127496283248494, 425848000000, 
-0.03222260365486494, -0.004566729588843641, -0.03226325709624758, -0.004322652380951745, 0.10010396305770759, -0.04318163086570146, -1.7942784168244086, -0.5133469725023998, -1.8201547440054118, -0.5136245371061968, 425948000000, 
-0.10774998351223147, -0.00664614531471551, -0.10767464705480127, -0.004338626547527821, 0.10016583582858726, -0.04331443462372207, -1.784356863486436, -0.5146604089210405, -1.8100364835224332, -0.5149738678325881, 426048000000, 
-0.06559212077672495, 0.0003981428676648321, -0.06563411830726307, -0.004142536635652688, 0.09984943716105288, -0.041487831613621955, -1.7744316573980594, -0.5160179525947397, -1.799926229442607, -0.516366001291975, 426143000000, 
-0.05493675851714504, -0.04254692246345123, -0.0549474336957194, -0.004278828463221247, 0.10165267569921792, -0.042092629965609134, -1.7645000383975593, -0.5174202207821634, -1.7898214734701687, -0.517800529493756, 426238000000, 
-0.03065155534017949, 0.008430363563677145, -0.03067580241132133, -0.003591192884526627, 0.09958179057704049, -0.03606274664993431, -1.7544877510840196, -0.5188764596260875, -1.7797207692930475, -0.519275476090993, 426343000000, 
-0.03622841535410262, -0.02293916520656763, -0.03622287339547969, -0.004045609043636394, 0.10077118124462617, -0.04014648824861458, -1.7446501883143006, -0.5203493908712108, -1.769624602995261, -0.5207891006521815, 426443000000, 
-0.04815865591217416, -0.007089082919569421, -0.0481467436366941, -0.003734448894285235, 0.10020695611369868, -0.03726736185907079, -1.734684603166932, -0.5218782166476872, -1.7595350186613625, -0.5223412079400833, 426538000000, 
-0.06706260267565436, -0.12151278749327239, -0.067043723817389, -0.07437567719132987, 0.10269213812199819, -0.7242587266317467, -1.7247111324234277, -0.5234492770479671, -1.7495156642716603, -0.5239948977787355, 426638000000, 
-0.04866225143713995, -0.016378862958729222, -0.048680597698590525, -0.046829130382053274, 0.08122909962788918, -0.576506825713663, -1.7146976899377986, -0.5250658901846391, -1.7394624673193215, -0.5261792918435935, 426733000000, 
0.4817206495519369, -0.02488547280508343, 0.48119130900359847, -0.0047777129578705805, 0.10184160935686795, -0.0469131722096886, -1.7067610192267628, -0.526937567275602, -1.7329364435551562, -0.5278777522079987, 426833000000, 
-0.07170895298149943, 0.03157911043562843, -0.07115716098124952, -0.021979497842291897, 0.09781354851416943, -0.224708112282706, -1.6969764262635771, -0.5298508756245796, -1.7230790375131035, -0.5306038319666047, 426933000000, 
-0.04305376405937185, 0.023092245156185392, -0.04308181136741286, -0.01908564267089438, 0.09090217232383961, -0.2099580481190444, -1.6875875584772797, -0.5326946997366797, -1.713268958988565, -0.5335056117314511, 427023000000, 
-0.07584435555984757, -0.006577263753373373, -0.07581165717446689, 0.005277205926946781, 0.09875078087702183, 0.05343963743961366, -1.6789884758357376, -0.5355123550188553, -1.7036180673827455, -0.5365355675757206, 427115000000, 
-0.1010251626133848, -0.13019714869884638, -0.10099999936141209, 0.019068290354473168, 0.09166203118497979, 0.20802823271494114, -1.6696840421748882, -0.538777683236354, -1.6940157585055542, -0.5395385226825332, 427219000000, 
-0.04273441499083572, -0.015325956187273358, -0.042792562810084166, -0.0001899478228284346, 0.09672617008600834, -0.001963768674594829, -1.66096647260912, -0.541784757246834, -1.6843564565304499, -0.5423864189058799, 427314000000, 
-0.026682209895368115, -0.02110114866751231, -0.026698287341723605, -0.005074358740821871, 0.10009366773589853, -0.05069610151773822, -1.6517208704946404, -0.5447592233732689, -1.6745650212440557, -0.5452245307407321, 427415000000, 
-0.046701668059712445, -0.07793359264555137, -0.046681703929607174, 0.006212913004209373, 0.10403868905009978, 0.059717332666673145, -1.6422195456004924, -0.5478180779977987, -1.6647716116981213, -0.5480508428004561, 427515000000, 
-0.04553722557319329, -0.013707457908948444, -0.04553836776895862, -0.002307690549539293, 0.09940121312565374, -0.023215919373359414, -1.632412268924115, -0.5510301184257258, -1.6549598470544056, -0.5508332710570863, 427615000000, 
-0.05556742097990849, 0.04412123337971436, -0.05555741154756887, -0.011042750641536786, 0.0986919473970384, -0.11189110087281713, -1.6228992521846457, -0.5540835941124506, -1.6484143009411714, -0.5526960937976525, 427715000000, 
-0.06847630996725224, 0.04193176210987832, -0.06846341667463691, -0.005976378631210812, 0.09475442543185472, -0.0630722903333828, -1.6134271680037267, -0.5571484208216315, -1.6386072386475288, -0.5555758288670234, 427810000000, 
-0.045266520488508544, -0.013155868445718056, -0.045289669836138934, -0.0023334680873158802, 0.1008336821076968, -0.023141752225447718, -1.6045206298156944, -0.5601416718512671, -1.6288340692498255, -0.5585504200580651, 427910000000, 
-0.05522368993667509, -0.02040107998356385, -0.05521377532380772, -0.007701421290891994, 0.10043761061644829, -0.0766786589567749, -1.59498796226608, -0.563411792908649, -1.6190851056869795, -0.5615767287428052, 428010000000, 
-0.060080953897759866, -0.019643516797430892, -0.060076095815919835, -0.00710209096784908, 0.10106370973140835, -0.07027340463479848, -1.5854863517358748, -0.5666958977411283, -1.609350183142692, -0.5646608013174419, 428110000000, 
-0.0660062657124682, 0.006094113488828311, -0.06600034691839325, -0.0011093128476885753, 0.0996020984072086, -0.011137444546131067, -1.5759401368402854, -0.5700776477698406, -1.5996357674823132, -0.567805890265018, 428210000000, 
-0.04955331630078496, 0.03141959805952346, -0.0495697298617004, -0.0006470007221397515, 0.0996751939510265, -0.006491090676559334, -1.5666232030261398, -0.5734521392447858, -1.5899385273440816, -0.5709756689024179, 428305000000, 
-0.07171233334638827, 0.01169131844585864, -0.07169023439334823, -0.00331271083535346, 0.09996796640214127, -0.033137723558638914, -1.5572431358576069, -0.5768612529404841, -1.5802437723586786, -0.5741567736107801, 428405000000, 
-0.0559922193325107, 0.007124740616721811, -0.05600788533952778, -0.0013599923399628905, 0.09972888237578456, -0.013636895426526047, -1.5478477586506334, -0.5802828733475376, -1.5705566636704535, -0.5773603683713125, 428505000000, 
-0.04752334105688695, 0.008835490452813378, -0.04753180808986123, 0.000996487542691412, 0.09987043764711256, 0.009977802903121877, -1.5383832972101563, -0.5837652034239783, -1.5608757035913992, -0.5805759907101017, 428600000000, 
-0.0449165544277928, -0.02146490103449598, -0.044919164006287024, -0.0020578678572300887, 0.09983431035854821, -0.02061283189956834, -1.5291358363827965, -0.5871821510655864, -1.5544216265456945, -0.5827197818863132, 428700000000, 
-0.06035202562451193, -0.01730510240127108, -0.06033662305569898, -0.002782482006270556, 0.10034682798833265, -0.027728649345987056, -1.5197934290561739, -0.5906237594326696, -1.544742268751473, -0.5859468143955504, 428796000000, 
-0.05823183013794187, 0.017245344227914634, -0.05823393020369528, -0.0010803901045553254, 0.09951293129790446, -0.010856781027995668, -1.5102986508910285, -0.5941436890226919, -1.5350683859888428, -0.5891958665952064, 428896000000, 
-0.04046042522845317, -0.008375523458739698, -0.04047816263682055, -0.0015468346944846575, 0.1000969777616066, -0.015453360621622728, -1.5009754293793562, -0.5976297034183545, -1.5254025106590114, -0.5924632466394186, 428996000000, 
-0.07530368881164243, -0.005743511951812131, -0.07526893236735283, -0.0028298659758500223, 0.10009386799405257, -0.028272121285373535, -1.4916927450538895, -0.6011120591040306, -1.5157421867299667, -0.5957466903890464, 429091000000, 
-0.03746450800294815, -0.03812995405307232, -0.03750223616002947, -0.002336468875136178, 0.10104474519397277, -0.02312311115883289, -1.4823085941704712, -0.6046488867293309, -1.5060880302126218, -0.5990529745738069, 429191000000, 
-0.07626035240146345, -0.0034431827096660043, -0.07622167132585805, -0.0006852098346729372, 0.10007989146764108, -0.006846628474756956, -1.4727976745956977, -0.6082642851815843, -1.4964421556831964, -0.602379336244281, 429291000000, 
-0.04775642355007144, -0.005744062951672379, -0.047784831259429256, -0.001332653517028632, 0.10005005119755069, -0.01331986841663162, -1.4634878903637683, -0.6118280393353869, -1.4868011288964198, -0.6057183972397632, 429381000000, 
-0.05896125883514604, -0.01849105851069883, -0.05895010421191614, -0.0018552070842991985, 0.10025009123946421, -0.01850578948469707, -1.4541767844356506, -0.6153995879015203, -1.4771650685897169, -0.6090716949665386, 429486000000, 
-0.0860514962062439, 0.013202339590829778, -0.08602444834391373, -0.0006450677320156697, 0.09975669679252658, -0.006466410303834318, -1.4448233414082026, -0.6190016335863727, -1.4675347139142076, -0.6124391798725444, 429581000000, 
-0.060713111801963024, -0.028514264271360574, -0.060738371739702486, -0.0009671070519682512, 0.10018273857508377, -0.009653429979291646, -1.4355022291081958, -0.6226110326780111, -1.4611165341312033, -0.614689351891984, 429681000000, 
-0.047501312950647114, 0.02853522515069059, -0.04751452303188518, -0.0009443160882192557, 0.09973665063585001, -0.009468095050304652, -1.4260895724819929, -0.6262628980719249, -1.4514918041574965, -0.6180703391585144, 429782000000, 
-0.04475058180999833, 0.00033220068380641833, -0.04475333974502774, -0.0011138122039141757, 0.10000467171532693, -0.011137601722095054, -1.4168692757869534, -0.6298504561719319, -1.441869573927217, -0.6214610718329591, 429882000000, 
-0.08502564671229679, -0.007214028171266325, -0.08498545429639448, -0.0007126399085237842, 0.10008317685379167, -0.0071204764969127355, -1.4075650061503422, -0.6334807542152399, -1.4322511768748933, -0.6248626967176323, 429982000000, 
-0.04947027263480991, -0.04103753665015214, -0.04950571608918918, -0.001347932434455666, 0.10029522078686293, -0.013439647710833133, -1.3982077354478772, -0.6371437250261216, -1.422636484087734, -0.6282724659359805, 430077000000, 
-0.019474704678602732, -0.009712980949011355, -0.019504675300637837, -0.0011501840180632662, 0.1001317799954085, -0.01148670300394148, -1.3888648271755684, -0.6408087847607079, -1.4130245065714653, -0.6316909202834123, 430172000000, 
-0.02828148908321572, -0.02718680598730828, -0.028272729566708434, -0.0010843728688106507, 0.10031778965926143, -0.010809377603850949, -1.3795546022461502, -0.6444754757988225, -1.4034158783945072, -0.6351188120337511, 430272000000, 
-0.05491366652346354, 0.009779470537363187, -0.05488707849629619, -0.0005731070739194695, 0.09990318465836803, -0.005736624671969006, -1.3702481406162577, -0.648153028908882, -1.3938103453254993, -0.6385549155092988, 430373000000, 
-0.042667750174420954, 0.02194734873938463, -0.04267994458604811, -0.0005089420235480786, 0.09988182529875962, -0.005095441758555837, -1.3610070417582136, -0.6518162725003388, -1.3842076218619963, -0.6419983816667404, 430468000000, 
-0.0792692478538945, -0.042389887943499106, -0.07923273107271575, -0.0009610058616754836, 0.10022006828858847, -0.009588956364589788, -1.3515679768697277, -0.6555642263436813, -1.3746077354147526, -0.6454489385785407, 430568000000, 
-0.0725047394858814, 0.005058085768973464, -0.07251145331563016, -0.00039124123732617284, 0.09995049600984562, -0.003914350132766061, -1.3423927992425022, -0.659212907734184, -1.3682090563762228, -0.6477525589480747, 430670000000, 
-0.04326908781751411, 0.0006598395492173946, -0.043298271108707265, -0.0004508850028717076, 0.1000018968971134, -0.004508764502093385, -1.3330547614172814, -0.6629365677500539, -1.3586126263788663, -0.6512116868001038, 430770000000, 
-0.03263531815387395, 0.007835124123723603, -0.03264595940667113, -0.0004457639144887801, 0.09997272726272584, -0.004458855196751046, -1.3237758314627364, -0.6666408928302643, -1.3490176211987859, -0.6546749556947281, 430865000000, 
-0.07372445682511328, -0.01718251439512265, -0.07368345994054079, -0.0007319435467144254, 0.10008177687105203, -0.007313454752681706, -1.3144518043929918, -0.6703680916810095, -1.339424211723231, -0.6581428884658271, 430961000000, 
-0.05570745842487281, -0.01423516164476048, -0.05572539783375943, -0.00046363200429471336, 0.10010216584980308, -0.004631588141562927, -1.3051943679772282, -0.6740734837024026, -1.3298327801632674, -0.6616159523858165, 431061000000, 
-0.0691889074711415, -0.004534365339305081, -0.06917547027379332, -0.0004310674691288659, 0.10002388748617722, -0.004309645225381159, -1.295901169578391, -0.6778010451966505, -1.3202428968825204, -0.6650931564729118, 431161000000, 
-0.055875846842262517, -0.002259797690467095, -0.0558891192319607, -0.0005517723181865436, 0.10001504401794305, -0.005516893219459602, -1.286532774558173, -0.6815638073511903, -1.310654437246124, -0.6685747254051779, 431256000000, 
-0.046051327684284604, 0.005711051917806936, -0.04606114530159919, -0.00039870697533914335, 0.09997025983778893, -0.003988255867155718, -1.2772898840094449, -0.6852808322805777, -1.3010677642175335, -0.6720610853008991, 431356000000, 
-0.0679030133581353, -0.012394706020083184, -0.06788121460641097, -0.0004150330939480346, 0.10005106042747851, -0.004148212844269344, -1.2681022724445594, -0.6889814915071723, -1.2914828814081736, -0.6755516783020046, 431456000000, 
-0.08752847514652465, 0.01927678933106987, -0.0875088664127237, -0.0001456707451184717, 0.09992077258248465, -0.0014578624779769435, -1.258777645042344, -0.6927416221265476, -1.2850936801911494, -0.6778806422945899, 431561000000, 
-0.05916931657052924, 0.006327473726166604, -0.05919759868933969, -0.000310210130501425, 0.09999250984392781, -0.003102333674648361, -1.249433447428296, -0.6965141705252079, -1.2755108642075972, -0.6813767445074314, 431658000000, 
-0.06800363973598267, 0.0011209376995846027, -0.06799485067684741, -0.0002704767314146453, 0.09999584120660598, -0.0027048798045090786, -1.2401910125664466, -0.7002472161583823, -1.265929200257922, -0.6848762239896478, 431748000000, 
-0.04795143077023691, -0.01711917673136332, -0.047971433533332226, -0.0004478768443797157, 0.10004492959732746, -0.004476757054879071, -1.2310020184010766, -0.7039619821276591, -1.2563488199253026, -0.6883786135353237, 431853000000, 
-0.06821471952300738, -0.008457303820917025, -0.06819451614554503, -0.0003660132413066187, 0.10004016112384045, -0.0036586630528666203, -1.2217313491044777, -0.7077126599863716, -1.2467694727664358, -0.6918837518340352, 431948000000, 
-0.042433577643354585, -0.01714010901642748, -0.04245928650114629, -0.0005127060775589958, 0.10006281813072658, -0.005123842073777829, -1.2124173975967865, -0.7114856987522614, -1.2371910056138962, -0.6953917087944961, 432048000000, 
-0.06450693764297832, 0.018003158478620798, -0.06448493356419206, -0.00015294936682466406, 0.09991354825766227, -0.0015308170862897417, -1.2030911517350138, -0.7152677098216557, -1.2276136215050388, -0.6989028276769196, 432143000000, 
-0.03243068245572127, -0.04121137084308989, -0.032462672113626044, -0.0006715619557063025, 0.10006058936885488, -0.006711553069417904, -1.1939199687208424, -0.7189923398517076, -1.2180375127758252, -0.7024170091560832, 432238000000, 
-0.05355341023433066, 0.013036275921753427, -0.05353236126287813, -9.742247558989282e-05, 0.0999158161830608, -0.0009750455864905331, -1.1846418159663348, -0.7227620574662457, -1.2116540551533856, -0.704761308792711, 432338000000, 
-0.031597511267837816, -0.020386975009126392, -0.031619401791970786, -0.0003965254064928715, 0.10002071397167209, -0.003964432873426354, -1.17519887504862, -0.7266061144376592, -1.2020796154296085, -0.708279669426734, 432438000000, 
-0.059116741647257845, -0.005378059212976135, -0.059089298858771455, -0.0001969731079475048, 0.10002419674922712, -0.0019692545838817426, -1.1660733187945176, -0.7303220312107548, -1.1925059337153345, -0.7117999042207468, 432533000000, 
-0.11658475504493873, -0.06806959280012778, -0.11652737408314826, 0.03014582577708938, 0.09623732332778874, 0.31324464079711895, -1.1568347817611973, -0.7340881580122922, -1.183043606185818, -0.7152756728428914, 432628000000, 
-0.07754343366833498, 0.03653416655001048, -0.07758233782859716, 0.01895613193284665, 0.1047678278659537, 0.1809346659081285, -1.1479309049471014, -0.7377195763724295, -1.1734465206091096, -0.7185873201467906, 432733000000, 
-0.03545910507080234, 0.0009559984631646919, -0.03550114389031717, -0.0023052072640796875, 0.10077957257882574, -0.022873755118148043, -1.1380908559413714, -0.7413782282892633, -1.1638723628289624, -0.7216721908594345, 432828000000, 
-0.0575047188806146, -0.012704816194288503, -0.057482758897582156, 0.0057710271575046705, 0.10028006233191894, 0.057549098228549506, -1.128564231890018, -0.7447252730555393, -1.1541516623640298, -0.7247143294193423, 432923000000, 
-0.03608047423668936, 0.025108728529712732, -0.03610183320806395, 0.008832377353715837, 0.10077295437647818, 0.08764630756699773, -1.1191576207033238, -0.7480543072195858, -1.1444067297145935, -0.7276817762309526, 433023000000, 
-0.044923525981098326, 0.011289692954689184, -0.044914721460020866, -0.004951412590087874, 0.10148287891807407, -0.048790620081689745, -1.1096694025866987, -0.7513511794402377, -1.1346330806726947, -0.7305907633980829, 433123000000, 
-0.048882582293883106, 0.11280041502471552, -0.0488786226068777, -0.004327962726881284, 0.0943971227083753, -0.04584846023593142, -1.1000315494396369, -0.7546061129324471, -1.128116150237707, -0.7325411343852875, 433223000000, 
-0.07408762189497686, 0.004119075476733599, -0.07406246213099381, 0.0028314936474891626, 0.09986151140530489, 0.02835420381328964, -1.0909516649677764, -0.7577221602083922, -1.1150983122472675, -0.7365097311607587, 433324000000, 
-0.06507980689153373, 0.004044685254939782, -0.06508877090095856, 0.0018465782244812825, 0.10002114476147383, 0.0184618785246352, -1.0817007428340046, -0.760945111930128, -1.1085942867916692, -0.738495545715261, 433420000000, 
-0.06244756068010583, 0.016095590180314003, -0.062450195944579096, -0.002230469433874237, 0.10037482926789704, -0.022221402020233472, -1.0722953642851927, -0.764192579208644, -1.0988387870533523, -0.7414582371947638, 433520000000, 
-0.0666808537598128, 0.020576703197476308, -0.06667663099901748, 0.0026985185335882092, 0.09955213129903488, 0.02710658725610197, -1.0627758610258278, -0.7674599394821355, -1.0890782334293563, -0.7444220265867754, 433620000000, 
-0.05843503994770311, 0.010861269274033285, -0.05844326435409818, 0.005395446245326201, 0.10004434047854537, 0.05393054938958053, -1.0531666319499806, -0.7707819937480738, -1.0793183615316229, -0.7473690934481962, 433720000000, 
-0.05592412391110643, 0.010977163461620818, -0.055926637424011105, 0.0017266610071970578, 0.10046592031966273, 0.0171865345154174, -1.0438777574273417, -0.7739645093926276, -1.0695494362286062, -0.7502745540960638, 433815000000, 
-0.06150961370525225, 0.007806858796466963, -0.06150404134751379, 0.0006413362855811723, 0.10010360799484683, 0.006406724976528191, -1.0343685183132085, -0.7771664266217828, -1.0597684324420207, -0.753150057744971, 433915000000, 
-0.034339501581027554, 0.02397026532986614, -0.03436661130583582, 0.0037798446586155177, 0.10005880026189501, 0.03777623406159289, -1.024771290061796, -0.7803796530384133, -1.049981387519697, -0.756003607996608, 434015000000, 
-0.07466733219406939, -0.02018584653858461, -0.07462711162993224, 0.002791943469299508, 0.09907627911560392, 0.028179736807049646, -1.0152983080711218, -0.7835444258656518, -1.0401851810754017, -0.7588254106162774, 434110000000, 
-0.056456582188875254, 0.009052824663758193, -0.05647471562617287, 0.0006391648724804284, 0.10021873132498572, 0.00637769869993432, -1.0059784780460734, -0.7866190277653767, -1.033649344066049, -0.7606911876645307, 434205000000, 
-0.06585554608298308, -0.013967173785553018, -0.06584618343800828, 0.001332008017876105, 0.09987491716321203, 0.013336762179230497, -0.9964426318256663, -0.7897354309584579, -1.0238399748609655, -0.7634817183295702, 434306000000, 
-0.09562047858659872, -0.01979132567201763, -0.09559076304909553, 0.002115752791879187, 0.09965983259754714, 0.02122974458950938, -0.9868895699047855, -0.7928507045933356, -1.0140281925998154, -0.7662610360407451, 434406000000, 
-0.05091931477449487, 0.03185828877674239, -0.05096389602970312, 0.0013128795731743605, 0.10061904867440807, 0.013048022123750058, -0.9772882516920054, -0.7959674606761574, -1.0042130143601258, -0.7690222494265327, 434506000000, 
-0.05495565179876004, 0.0005668014519650717, -0.05495166758053111, 0.0005814930959445805, 0.09998809397185056, 0.005815623369201208, -0.9679012456618682, -0.7989923611988643, -0.9943923543524469, -0.7717696394726608, 434601000000, 
-0.018519228523448394, 0.00010654130341417913, -0.018555587733630884, 0.0017425956734587133, 0.09995693623649994, 0.017433464240397486, -0.9583642928021441, -0.802052130994069, -0.9845687363444754, -0.7745080747858657, 434702000000, 
-0.0625851589382678, -0.012668736094204724, -0.06254121704354704, 0.0016393188209140883, 0.09971747343375335, 0.016439634544121888, -0.9487972981647745, -0.805115381631001, -0.974742129320736, -0.7772332463368625, 434802000000, 
-0.04838452058934395, 0.0034341843468375793, -0.04839864838646609, 0.0008811242689369093, 0.10002007337980691, 0.008809474330127813, -0.9392676642528133, -0.8081482735592634, -0.964911443866879, -0.7799444123417137, 434898000000, 
-0.07104770201030106, 0.006911201648157585, -0.07102509766620063, 0.0008874913333922689, 0.10003491509799536, 0.008871815730766324, -0.9298115767168889, -0.8111406070776305, -0.9550776596356753, -0.7826453572363156, 434998000000, 
-0.054882412901730945, -0.012158823231637136, -0.05489852269364924, 0.001253516445175419, 0.09985179037999384, 0.012553770347082046, -0.9202781015314208, -0.8141482703350885, -0.9452412249649126, -0.7853359757413872, 435098000000, 
-0.05047874106419787, 0.004405343517542256, -0.05048315145996687, 0.0010706274788450998, 0.10002032391836652, 0.0107040992960482, -0.9107112740221132, -0.8171571292619181, -0.9354012710807376, -0.7880141971871903, 435193000000, 
-0.04726949433617663, 0.015320826420870771, -0.04727270105626121, 0.0008535464526504447, 0.10013616955580386, 0.008523857627435814, -0.9010590767809177, -0.8201794718549298, -0.9288396395062065, -0.7897938355669248, 435294000000, 
-0.03902771449826544, 0.012579579283073048, -0.039035942577038615, 0.0011052447612017557, 0.1000758587623542, 0.01104406971741639, -0.8915590546328884, -0.8231428800273403, -0.9189949120645332, -0.7924568253600016, 435394000000, 
-0.05931418677630374, 0.009976067186919318, -0.059293948605896166, 0.001112595633780526, 0.10007866776613429, 0.011117210676509606, -0.8820975222833745, -0.8260854872499868, -0.9091481169558359, -0.7951111416008676, 435494000000, 
-0.07216277843147013, 0.006503957062376476, -0.07214993468705572, 0.0008406498502900024, 0.100047720076717, 0.00840248882878479, -0.8725335571003001, -0.829048486570385, -0.8992987998081003, -0.7977557683718012, 435589000000, 
-0.08207558270249883, 0.025664945870294838, -0.08206567610541135, 0.0009934995657638493, 0.10018918136891157, 0.00991623598665444, -0.8628545957540198, -0.8320353218291666, -0.8894469013574686, -0.8003917098912794, 435689000000, 
-0.0643662461174617, -0.02202827270717867, -0.06438390947428148, 0.0006182329512341325, 0.0997549001847269, 0.0061975196214851, -0.8533467014536164, -0.8349605101301038, -0.879592879124624, -0.8030198675212359, 435789000000, 
-0.07984420023085152, 0.006226139881501926, -0.07982877012470416, 0.0007697563066448528, 0.10001584160965558, 0.007696343841699374, -0.8438710474838558, -0.8378655745018302, -0.8697366619090746, -0.8056402032440411, 435889000000, 
-0.08656609216834023, -0.0039119421550218025, -0.08655936748920938, 0.00049685118612025, 0.09994962127472737, 0.004971016195795038, -0.834248581576056, -0.8408091670013835, -0.8598783536183203, -0.8082535276843592, 435984000000, 
-0.07053959273907422, -0.0033008649904568916, -0.07055557966525067, 0.0005590345912235653, 0.09996185298750888, 0.005592479276003632, -0.8245463160680765, -0.8437689605176886, -0.850018425757025, -0.8108606870051219, 436085000000, 
-0.04380076391734572, 0.0026613286604341233, -0.043827464670805255, 0.000599479501281162, 0.0999965750489708, 0.005995000338637418, -0.8151188944669909, -0.846639711457595, -0.8401568324300687, -0.8134616720663551, 436185000000, 
-0.028092766518519725, -0.028415670341693032, -0.028108469408126585, 0.00033446323918350044, 0.09981698114356301, 0.003350764923479849, -0.8055607298309803, -0.8495445175771129, -0.8302936098967579, -0.81605671147105, 436280000000, 
-0.06574008718878725, -0.022701007327050573, -0.06570253035990042, 0.0003874772713851318, 0.09991057646921073, 0.003878240773683655, -0.7960578634263594, -0.852426305186334, -0.8237172761210718, -0.8177833155745488, 436380000000, 
-0.06914390240223549, -0.001959924863226493, -0.06914046722314676, 0.0006063626670734992, 0.09997460494464343, 0.006065166923232616, -0.7864096103044736, -0.8553486698877145, -0.8138514595775962, -0.8203680198088441, 436480000000, 
-0.046703478109279516, -0.019667689981980294, -0.04672586965705837, 0.00046470120495601606, 0.09986365750234583, 0.004653356552108059, -0.7768266212750393, -0.8582471711416579, -0.8039839408950726, -0.822946370374991, 436575000000, 
-0.058281621065372394, 0.034887371148564106, -0.05827008788159309, 0.000959865434433173, 0.10014511349629628, 0.009584745584902375, -0.7673385830805628, -0.861110666206255, -0.7941147986141711, -0.8255180749679718, 436675000000, 
-0.0881750303964643, 0.01200928973592833, -0.0881451845188967, 0.0008317645588126608, 0.10009024207822935, 0.008310146339366064, -0.7575796772868875, -0.864050987779427, -0.7842439518601384, -0.8280832569138991, 436775000000, 
-0.05789101058572239, -0.020579557004620642, -0.057921203567744106, 0.0005685103661648023, 0.09980376028346181, 0.005696282029355646, -0.7480744608209113, -0.8669047646922776, -0.7743713452579116, -0.8306414017493757, 436875000000, 
-0.07623030657672103, 0.0028968183596623284, -0.07621203341407116, 0.0006888071551705167, 0.09999758269466447, 0.006888238061451351, -0.7385930923328811, -0.8697428704005489, -0.7644968763615791, -0.833192184386967, 436970000000, 
-0.06526143897659703, -0.013245796296807414, -0.06527236697862733, 0.0005255669448941908, 0.09988696041606919, 0.005261617159086571, -0.7290245297153823, -0.8726011871983781, -0.7546205335795151, -0.8357361048735745, 437070000000, 
-0.08000980134157458, -0.009417718982779153, -0.07999509265444514, 0.000429003895116184, 0.09993516362025126, 0.004292822261705378, -0.7194578086650585, -0.8754517893737436, -0.7447423341899264, -0.8382733779762348, 437170000000, 
-0.05170959202535578, -0.009857781083951647, -0.051737820283339536, 0.0003959728225448467, 0.09994207272412925, 0.0039620233176257316, -0.7097853392895408, -0.8783283660464436, -0.7381560173128948, -0.8399616868657267, 437270000000, 
-0.04633440405208559, 0.0179072923539959, -0.04633979617366704, 0.0007836938698873888, 0.10005303944631272, 0.007832784233485577, -0.7003109070078094, -0.8811415779032465, -0.7282752714939034, -0.8424899769175683, 437365000000, 
-0.06031394190337572, 0.01821802391976615, -0.0602999951622694, 0.0007684098619761473, 0.10012323487604433, 0.007674640785702366, -0.690663266040623, -0.8840021035152005, -0.7183933048512011, -0.8450126688390013, 437465000000, 
-0.09749085037590008, 0.05960798117864364, -0.09745373349670453, 0.035814985096989604, 0.09615185687082657, 0.372483551150807, -0.6808874729803914, -0.8868922501790162, -0.7086257145991911, -0.847494242395853, 437565000000, 
-0.05069590489268161, 0.04614110649919, -0.05074256719751504, 0.016943028279171227, 0.10939156760682375, 0.15488422599507876, -0.6717976992457779, -0.8895714959294941, -0.6987329302968216, -0.8497907374240313, 437665000000, 
0.0006876550855279308, 0.01183240127348991, 0.0006363272219167687, 0.0004931809344557299, 0.10188341504488573, 0.0048406400024818, -0.6612771098591194, -0.8922573515777242, -0.6887913420061661, -0.851896011613641, 437760000000, 
-0.05518471501966024, 0.03520588099655566, -0.055129005537067934, 0.008811830923858406, 0.09996875358008492, 0.08814585166153195, -0.65139088033389, -0.8946201438300959, -0.6788029159678126, -0.8539082030953882, 437865000000, 
-0.05428068131109286, -0.015976800610874465, -0.05428152761042399, 0.008097747549270643, 0.09772157256783928, 0.08286550591118565, -0.6415865146263817, -0.8969582808358848, -0.6688011475977359, -0.8558492708557073, 437960000000, 
-0.07949977985483489, -0.01422720163027615, -0.07947461118838646, -0.008031474621321375, 0.09958474798972801, -0.08064964548737731, -0.6320705864574968, -0.8991384462248032, -0.658777657071971, -0.8577396887496832, 438055000000, 
-0.05376187262189382, 0.06812357467895969, -0.05378753384329844, -0.010211764193525695, 0.09387384342962787, -0.10878178436553416, -0.622370293500165, -0.9012766632178604, -0.648751728317516, -0.8596735795390296, 438155000000, 
-0.05689509423719495, 0.01433971367475238, -0.0568919918759903, 0.0023508664135258373, 0.09857341477416547, 0.023848888860264608, -0.6132381089268587, -0.90336684934227, -0.63874399339917, -0.8616721331593219, 438255000000, 
-0.07843870093865211, 0.003546568020063363, -0.07841719649548409, -0.0008008238204249866, 0.10011772404543197, -0.007998821667795648, -0.6036576360199389, -0.9056692268678187, -0.6320738506266542, -0.8630049777494663, 438355000000, 
-0.06150172529518888, -0.014139542748843072, -0.06151860621618693, -0.0038086613476232493, 0.10014746729858816, -0.038030530879705454, -0.5937943644894852, -0.9080147442171559, -0.6220724541594896, -0.8650075329961826, 438455000000, 
-0.049903779268324316, 0.008200036086738978, -0.04991537036275426, 0.0026768082412813193, 0.09973878563612829, 0.026838187613863446, -0.5841446065967811, -0.9103177771270498, -0.6120712012522225, -0.8670281714846118, 438550000000, 
-0.0706872455989761, -0.012417825328424724, -0.0706665147018952, 0.0064727152887184385, 0.09936876107704304, 0.06513833138867439, -0.5744360581694917, -0.9126734675734918, -0.6020763650938881, -0.8690363805513803, 438650000000, 
-0.038449748337042615, -0.030216439102074076, -0.03848190028254115, 0.002142372814453322, 0.09784489608609828, 0.021895601100829505, -0.5648016031183217, -0.9149837360539946, -0.5920779341046088, -0.8709880202325515, 438750000000, 
-0.07825497163805945, 0.006972064626542337, -0.0782152772907461, 0.0014809920606625915, 0.10008784159472912, 0.014796922753708221, -0.5551118668822523, -0.9172408606034509, -0.5820639102302735, -0.8728955728231811, 438845000000, 
-0.045358622599866304, -0.008376055370070825, -0.0453914129867, 0.004664021512406664, 0.09971483595085792, 0.04677359660607791, -0.5455082462415872, -0.9194554039383529, -0.5720454049910646, -0.87477451737457, 438945000000, 
-0.07716165728237061, -0.008637340772261703, -0.07712994999876929, 0.003130695126555416, 0.09938549933962017, 0.03150052218238803, -0.5357683158637592, -0.9216864075717636, -0.562019011393656, -0.8766128161628384, 439040000000, 
-0.06290133274984386, 0.0018444177023216142, -0.06291553214379315, -0.0005946524074879936, 0.10008045048149633, -0.005941743913292413, -0.5260711627011572, -0.9238598452873447, -0.5519839117937577, -0.8784224438042374, 439146000000, 
-0.03962943778994439, -0.004743031113652294, -0.03965267679664317, 0.0012028212214191124, 0.10000861241376294, 0.012027176383996935, -0.5162018516655871, -0.9260392851301298, -0.545292354532644, -0.8796254055859146, 439241000000, 
-0.07508758728288913, 0.002020893626195639, -0.07505222268037698, 0.0020623124237646607, 0.09996068603469692, 0.020631235194292486, -0.5065039366891388, -0.9281869608399885, -0.5352533392477272, -0.8814225670543463, 439336000000, 
-0.033968646637709064, -0.0406727107270685, -0.034009647600117106, 1.2923403637019889e-05, 0.09914920572163226, 0.00013034298704624192, -0.4968450406926472, -0.9303138868229265, -0.5252134075264935, -0.8832055570637354, 439436000000, 
-0.051133138296372865, 0.003332469780700686, -0.05111604853383097, 0.00012258274189441435, 0.09999771801267948, 0.0012258553928087754, -0.4870306538543605, -0.9324540784026739, -0.5151700833325801, -0.8849799559808339, 439536000000, 
-0.04195693936357594, 0.0185001236358598, -0.04196607969489349, 0.0018116292033499108, 0.09998864979041633, 0.018118348504027416, -0.47728710839351013, -0.9345786859250467, -0.5051254664400917, -0.8867513462465492, 439631000000, 
-0.0706943849612216, 0.009796025128179653, -0.07066571354709397, 0.0016682707897936518, 0.1001145236157248, 0.016663624113091417, -0.46761628504026254, -0.9366861809367839, -0.49508143979530705, -0.8885111850471505, 439731000000, 
-0.033394141882788844, 0.04678752077542295, -0.03343133832762039, 0.000989584470265653, 0.10074528634773697, 0.009822637923227084, -0.4578083005309384, -0.9388051497390751, -0.4850341669387058, -0.8902561339431692, 439832000000, 
-0.03943157423408339, 0.019577506771534817, -0.03942558569436759, 0.0013594185336410164, 0.10015815823348999, 0.013572718963860362, -0.44796033984854816, -0.9409155543325235, -0.474985067493345, -0.8919911728618733, 439932000000, 
-0.07131706689113174, -0.010601712935747507, -0.07128523866773617, 0.0017284679164491002, 0.09979778858309345, 0.017319701578456786, -0.4380470916722531, -0.9430297669299401, -0.4649342346842445, -0.8937132325783057, 440027000000, 
-0.04498655623996238, 0.024686310443390636, -0.04501280169562928, 0.0012395268220279847, 0.10038318457361771, 0.012347952770107196, -0.42833306429723106, -0.9450875422701515, -0.45488038704230743, -0.8954197517457204, 440127000000, 
-0.0637390491670619, 0.029670885863986356, -0.06372035983729879, 0.0009866160927672098, 0.10033961516578906, 0.009832767358505856, -0.41853907804946294, -0.9471446335627, -0.44817661677226084, -0.896551179083629, 440222000000, 
-0.06775559615866046, -0.004621151427517583, -0.06775156837717755, 0.0009338340822660604, 0.09992379824760868, 0.009345462228647903, -0.4086984272036327, -0.9491988839577936, -0.438119083823801, -0.8982418561169601, 440327000000, 
-0.09620172390665105, -0.01955191630252156, -0.09617332984417254, 0.0006352131180897183, 0.09979209115415781, 0.006365365338506109, -0.39888915102459216, -0.9512365035966517, -0.4280603432738664, -0.8999241624761356, 440422000000, 
-0.07834226035956567, -0.010505245516943018, -0.07836005489860312, 0.00038056175042694033, 0.09991402829453119, 0.003808892073744668, -0.38917999210423776, -0.9532438418936884, -0.4180000792571517, -0.90159828910353, 440522000000, 
-0.04992599139292648, 0.03386240839695389, -0.049954367928787186, 0.0008583940440099808, 0.10010919977687209, 0.008574577021125015, -0.3793831497893872, -0.9552628520615227, -0.4079384046953672, -0.9032664060851032, 440622000000, 
-0.06525343397861169, -0.013103308512825852, -0.065238164962775, 0.0005192571152687977, 0.09986832593133414, 0.005199417437174427, -0.36959798076652617, -0.9572755625584253, -0.39787594240624685, -0.90492925068844, 440717000000, 
-0.07396585425246777, 0.0073438132930876, -0.07395714329325019, 0.000667475687060973, 0.10002005587707179, 0.006673418458007306, -0.35968920529781445, -0.9593048657260367, -0.3878125261007341, -0.9065862323309473, 440817000000, 
-0.028137632092682607, -0.017985540545162104, -0.028183359491211042, 0.0004183717123601151, 0.09986097129064754, 0.004189541789478845, -0.3500121352101541, -0.9612814058783373, -0.3811030306730344, -0.9076876011853703, 440917000000, 
-0.05296624620577938, -0.010100724874098833, -0.05294151247114304, 0.0006191701607500357, 0.09994274735058842, 0.006195248551433686, -0.34020881174839074, -0.9632770072997858, -0.37103803550749004, -0.9093344090593557, 441012000000, 
-0.07280075025128083, 0.010782034070835207, -0.07278093009607162, 0.0006955684766997403, 0.10004889642435409, 0.006952285348051312, -0.33042491547528, -0.9652643758432762, -0.3609721204330532, -0.9109740442340346, 441117000000, 
-0.053533183653467424, 0.003369433333252554, -0.05355239227363515, 0.0006184435380572876, 0.10000330049252956, 0.006184231270481783, -0.32057373362889313, -0.9672590641036344, -0.3509049171945407, -0.9126070578420679, 441198000000, 
-0.05051944009522473, 0.012961457754157746, -0.05052246648772056, 0.010313689573813414, 0.09982492340588071, 0.10331778099021142, -0.3108331947439041, -0.9692242692355629, -0.34083905739820836, -0.9142318353567418, 441296000000, 
-0.07160873096077429, 0.019429254269835897, -0.07158768612832224, 0.00741265153150471, 0.10109905728922708, 0.07332067904746514, -0.30100248613471664, -0.9712012833557448, -0.33077651795586155, -0.9157806556914608, 441402000000, 
-0.062098232885531096, -0.0617627682090599, -0.06210770323992501, -0.0011973958801673127, 0.095609406237202, -0.012523829268394737, -0.2910571874965456, -0.9730942089704209, -0.3206933327840394, -0.9172482678555426, 441502000000, 
-0.09967161041342791, 0.0072693528716356055, -0.0996341203916272, 0.0020929158839062914, 0.09988532237598718, 0.020953187456593088, -0.2815931032497636, -0.974823723077104, -0.3106015205394479, -0.9186831393707516, 441602000000, 
-0.05335968189549766, 0.00932562085835775, -0.05340586302866217, 0.0034621830415716005, 0.10005100500375069, 0.034604180552127495, -0.2718733551092172, -0.97661258481278, -0.30050410838698083, -0.9200846042614719, 441697000000, 
-0.04195488490392864, 0.032423466776196265, -0.041966312393718355, -0.0003112076658971149, 0.10113327258346337, -0.0030772035547478316, -0.2619966191552077, -0.9784091659659286, -0.2903994467395682, -0.9214575031469873, 441797000000, 
-0.06085320214850483, -0.047458384847053746, -0.060834352611390745, -0.003308048440894882, 0.10018797616748158, -0.03301841765288187, -0.25200045377768043, -0.9801916789276748, -0.28029074198083054, -0.9228292987601433, 441897000000, 
-0.03794493843537712, 0.00950710945568847, -0.03796778162543816, 0.0018664145821061186, 0.09971261387331637, 0.018717938579740523, -0.24212812470208556, -0.981955286803407, -0.27018520317433303, -0.9242120232048386, 441993000000, 
-0.0758311272884678, -0.019743411175562126, -0.07579333911920431, 0.0014619057924612692, 0.09957152958674018, 0.01468196580416848, -0.23235721019426914, -0.9837340683403899, -0.26344812238827053, -0.9251276247278691, 442093000000, 
-0.04263528316180684, 0.007528541430387243, -0.042668374259383426, -1.1220759096542238e-05, 0.10010359809250999, -0.00011209146634442307, -0.2225567804546309, -0.9854993573897292, -0.25334266138358297, -0.9264869145822916, 442193000000, 
-0.03770459782888533, 0.036877074340121906, -0.03770955129091389, 0.0016626772757814504, 0.09997201759016466, 0.01663142663177607, -0.21270465533308697, -0.987259042365374, -0.24323366064286825, -0.9278375335858237, 442293000000, 
-0.03469078305871794, 0.01641639805493953, -0.03469379540611785, 0.00323617099953272, 0.10016034397870077, 0.032309903011324484, -0.20281142302292346, -0.9890261669868788, -0.23312465232041368, -0.9291767650590106, 442388000000, 
-0.03343902622440436, -0.0006969768513096497, -0.03344027817582752, 0.001751600908754149, 0.09988505822774889, 0.01753616546691405, -0.19300248050301785, -0.9907613030234085, -0.22301521558784004, -0.9304906661165226, 442493000000, 
-0.03199548942700012, 0.03785596927170699, -0.031996930927108244, 0.001339344767989742, 0.10061750201305139, 0.013311250440465236, -0.18315722664008918, -0.9924702707058192, -0.21290114405838573, -0.9317807716889526, 442583000000, 
-0.07101113548066924, -0.012892169184311743, -0.07097219887702161, 0.0019594705377483797, 0.09976356535284216, 0.019641143846635355, -0.1732593409422261, -0.994170497602161, -0.20278374391236517, -0.9330553438568526, 442683000000, 
-0.060695702813957794, -0.012956990598774637, -0.06070595810142925, 0.0015009812099509563, 0.09968126009490204, 0.015057807340335985, -0.16336647933792953, -0.9958563267771358, -0.19266442131859443, -0.9343130992344508, 442783000000, 
-0.07524911999095539, -0.0020796676408646377, -0.07523460521782208, 0.00014132394856921962, 0.09996017106049232, 0.001413802588269836, -0.15359587053531534, -0.9975014707895025, -0.18254229162112554, -0.9355569853794287, 442883000000, 
-0.054097876048896806, 0.027974466812791827, -0.05411896984876648, 0.0004859136401230445, 0.10002737633075973, 0.004857806512052038, -0.1437000383173173, -0.9991524867560616, -0.17241885197994866, -0.9367948624233524, 442983000000, 
-0.02406417421798602, 0.0044287631817729696, -0.024094168518465, 0.0009888147381203712, 0.09999722261564471, 0.009888422020689899, -0.13383576752692353, -1.0007967950341008, -0.16566945223423188, -0.9376172961996934, 443078000000, 
-0.060662801716267215, 0.009197844975001665, -0.06062630578729552, 0.0005910501035624068, 0.10007541355161183, 0.005906047075764367, -0.12391917885383436, -1.0024448699855382, -0.15554494600458182, -0.938844362860723, 443178000000, 
-0.0579269153983061, -0.01738007615766754, -0.05792960883513419, 0.00022018033003908232, 0.09988697471885322, 0.0022042947106848784, -0.1141854523152047, -1.0040526169668005, -0.14541926491637067, -0.9400653244101113, 443278000000, 
-0.052407809458030835, 0.02971394355138887, -0.05241331964453734, 0.0011777560327708295, 0.10004243456775287, 0.011772564690768341, -0.10429179512401711, -1.0056808671895667, -0.13529296352319117, -0.9412814911895973, 443373000000, 
-0.04497838293841001, 0.012537969464904144, -0.044985802512495635, 0.0011214246880418854, 0.1001137598493621, 0.01120150406626678, -0.09441242952640695, -1.0073045107551892, -0.12516662788405825, -0.9424898580677482, 443473000000, 
-0.06417059498699274, 0.020474072465154623, -0.0641514479938212, 0.0008273051666129732, 0.10020712199800587, 0.00825595177386131, -0.08434663818617896, -1.008946617012272, -0.1150388624111284, -0.9436886099439199, 443573000000, 
-0.07187369984538149, -0.01589838148328907, -0.07186599242061632, 0.0004684198180117225, 0.09985109279506584, 0.004691183690629269, -0.0746525618694982, -1.0105167316932464, -0.10491007504235168, -0.944879687459819, 443668000000, 
-0.07044648348039957, 0.02168670787927728, -0.0704478994110105, 0.0011396130560385393, 0.1000747507004252, 0.011387618235992242, -0.0647375000714453, -1.0121144110268037, -0.09478056429030136, -0.9460631970488633, 443768000000, 
-0.05584356959417735, -0.007455742820085717, -0.05585814410347411, 0.0005363924950407018, 0.09989353827008365, 0.005369641563706047, -0.05484742847770248, -1.013703269844675, -0.08464982172885666, -0.9472381270534903, 443868000000, 
-0.041975347474728544, 0.009646410253262454, -0.04198920199219723, 0.0004892223903100295, 0.1000375583425076, 0.004890387154742769, -0.04487565461256666, -1.0152936038046163, -0.07789542658994271, -0.9480176427135274, 443963000000, 
-0.052704338861554324, 0.004176791735159946, -0.052693644695603475, 0.0005557852761813784, 0.10000643995658834, 0.005557494861557301, -0.03510625521983063, -1.0168462259944921, -0.06776301532570533, -0.9491831059822586, 444064000000, 
-0.06282767809648152, -0.03225109679858257, -0.06281756378356283, 0.0002725511304144585, 0.09980596164660815, 0.002730810123141787, -0.025304460236853836, -1.01839913701343, -0.05763016978035494, -0.9503440025473582, 444164000000, 
-0.05983352776222959, 0.028294832533494893, -0.05983650517829126, 0.0006379177551693745, 0.10006328108035574, 0.0063751432921442495, -0.015326323028507775, -1.0199743487710207, -0.0474968188525766, -0.9514994922449205, 444264000000, 
-0.06364828377459138, -0.003995315098004993, -0.06364447900912204, 0.0003321415151265471, 0.09996122376381478, 0.003322703570649761, -0.005394848255561904, -1.021539377289506, -0.03736275030886232, -0.9526504894114025, 444359000000, 
-0.05946989158257122, 0.015446861107541728, -0.05947405721946193, 0.0006987242931279029, 0.10003500478930548, 0.0069847979174846, 0.004332507903692328, -1.0230658586680428, -0.027228296470675036, -0.9537973603357696, 444459000000, 
-0.06921799286250763, 0.013277283585818082, -0.06920826776957505, 0.0005867723766417648, 0.10007824674303882, 0.0058631360534159155, 0.014214575260421951, -1.024613301146021, -0.01709324837507279, -0.9549393830157956, 444559000000, 
-0.039581189408048834, 0.026610215612622997, -0.03961075666892898, 0.0007579563775671948, 0.10013624870591512, 0.007569250769451101, 0.024219112684725874, -1.0261727650812171, -0.006957744687522911, -0.9560767374028635, 444654000000, 
-0.052582717645458, 0.003047148707725909, -0.05256977118333107, 0.0004425008408183164, 0.10001204742761333, 0.004424475372715367, 0.03409045279954991, -1.027705468112896, 0.003178286072196297, -0.9572091530721404, 444754000000, 
-0.07019342671357523, -0.04190499210453421, -0.07017583772341612, -1.741353235039899e-05, 0.09980457825988003, -0.00017447628810229616, 0.043887472016431964, -1.0292190595996946, 0.013314910084482904, -0.9583370957950644, 444849000000, 
-0.05800534556818681, 0.013595102513638213, -0.05801749106464092, 0.0005040900200622877, 0.09998733598525433, 0.005041538661822419, 0.05374087009599451, -1.0307369419921788, 0.020072986162589488, -0.9590866538423366, 444949000000, 
-0.06727992393684001, 0.019076502911707833, -0.06727067939455371, 0.0004781039583159311, 0.10008630255136637, 0.004776916981927255, 0.06362605922006408, -1.0322598928420506, 0.03021049357896313, -0.9602077727331083, 445049000000, 
-0.04699236238025582, -0.013180059058773279, -0.04701259957532201, 0.00011586587927324513, 0.09992767497444988, 0.0011594973995229093, 0.07361166924706461, -1.0337931605383637, 0.04034852465942145, -0.9613257447918395, 445149000000, 
-0.023454377461295965, 0.05361221841811306, -0.023477888208206663, 0.0007944200080803559, 0.10005424037447042, 0.007939893452862175, 0.08344397266312498, -1.0352980399582212, 0.05048694090400376, -0.9624411496195466, 445244000000, 
-0.04565304990923153, -0.013995244702923378, -0.04563091877382512, 0.0003054287961876788, 0.0998798315671764, 0.0030579626676908826, 0.09326353012055683, -1.0367998020447062, 0.060625492568311304, -0.9635540153954067, 445344000000, 
-0.061879599525279126, -0.014711023009920025, -0.06186338279885195, 0.00018382133818293833, 0.09994491893836753, 0.0018392264472823717, 0.10314795741159276, -1.0383035168876287, 0.07076426343756961, -0.9646629989993747, 445444000000, 
-0.04307318633431632, -0.017968995801572966, -0.0430919384048913, 1.2400222314664548e-05, 0.09995782290756007, 0.00012405454574708117, 0.1132039957477614, -1.0398301909324565, 0.08090357197408507, -0.9657682105109521, 445544000000, 
0.011008120080958247, 0.16584516568904686, 0.010954128270888451, 0.07493328746007329, 0.09896774870596516, 0.7571485503090642, 0.12292914907648385, -1.0413047699948021, 0.09098690501759388, -0.9667870962425636, 445639000000, 
-0.11808064757151847, 0.03653102806342342, -0.11795187140228366, 0.05239748447091738, 0.08821131447022051, 0.5939995882116277, 0.13272262010547192, -1.0427888481476455, 0.10108307240087443, -0.9672868636205163, 445734000000, 
-0.077690924151612, -0.041456776055997756, -0.07773110571291797, 0.019418147310318306, 0.06702819932364709, 0.2897011631859207, 0.1415913305176876, -1.0434518666169783, 0.11120300428962532, -0.9672980160934534, 445839000000, 
-0.041695406812490676, 0.009545793708431373, -0.04173136734802928, 0.036536576952090255, 0.09211758060689322, 0.396629793263982, 0.1482915010072959, -1.0435508325043759, 0.11794857470831878, -0.9671026798120772, 445934000000, 
-0.024454537237405177, 0.03503892253306569, -0.024471778656094168, 0.03955669415802823, 0.0973712001005814, 0.4062463450914378, 0.1575376782982892, -1.043419583413695, 0.12805814529626514, -0.966479376025161, 446034000000, 
-0.02439402470537045, -0.15963374085508672, -0.024394107684906137, 0.00414920347995208, 0.04044931329795635, 0.10257784722792102, 0.16716936155569811, -1.0428989042479797, 0.13814161742675102, -0.9654676987814895, 446134000000, 
-0.03108777050629249, -0.17983011836080967, -0.03108108586020053, -0.0006652530786925334, 0.08141545480258436, -0.008171090861134836, 0.1712125242556733, -1.0425167621809208, 0.14824361844054407, -0.9642378619964573, 446234000000, 
-0.06108831813961975, -0.09649753266570534, -0.06105836853649249, 0.014216573891962797, 0.10058795218750474, 0.14133475811757118, 0.1793634619889388, -1.0416617666135486, 0.15836452715485022, -0.9629618294810061, 446334000000, 
-0.07197108105585322, 0.03836440849801505, -0.07196018921341713, 0.010573567155751988, 0.10372701765041023, 0.10193648092137325, 0.18923771829788238, -1.0406340618664869, 0.1684619582268903, -0.9616217300960174, 446430000000, 
-0.05076161764538159, 0.08155768326348842, -0.05078277276662719, 0.0007507432867007343, 0.10814276993244318, 0.006942149596960795, 0.19955458119536015, -1.0394146535510727, 0.17855276198201347, -0.9602068985550312, 446530000000, 
-0.04968356344416956, 0.002331593409248423, -0.0496846607860425, 0.008360626141687809, 0.09980124132707135, 0.0837727670569561, 0.2102484011689091, -1.0380399666318334, 0.18863529592877123, -0.958752155264026, 446625000000, 
-0.04882750501356922, 0.00937632727041833, -0.04882836006293701, 0.02050818857254593, 0.09866246190771275, 0.20786212077019683, 0.220313582830173, -1.036738930948116, 0.1986922442101961, -0.9572057387601219, 446725000000, 
-0.05608334635578273, 0.0500644205023747, -0.056076104615728595, 0.017546326564265174, 0.10636959739102504, 0.1649562186435957, 0.2299393320546471, -1.0354111124563166, 0.2087192780028564, -0.9554971253263993, 446820000000, 
-0.06074670251554382, 0.0024604851005053316, -0.06074204146725084, 0.010986675390905264, 0.09844617196990013, 0.11160083902769155, 0.2404129980475961, -1.033747260177577, 0.21538891956870146, -0.9542738048612771, 446920000000, 
-0.043780683988071535, 0.04514181367422933, -0.04379761046136714, 0.01744593403305265, 0.10280599106808518, 0.1696976397173075, 0.25015022776748114, -1.0320358239948013, 0.22537728840961924, -0.9523299406796932, 447025000000, 
-0.07917549648581883, 0.019640388832320686, -0.07914018897797569, 0.015516141876400099, 0.10042096892717405, 0.15451097556778712, 0.2602898261093883, -1.0301362305658395, 0.23532893263380447, -0.9502343542666996, 447120000000, 
-0.045189190614453104, 0.001974497837765387, -0.04522307326374362, 0.008947198569343022, 0.09874306362432282, 0.09061090714567528, 0.2700976466696414, -1.0281253715706122, 0.24524797831959474, -0.9479814347306373, 447215000000, 
-0.0622553493973554, -0.05884510919247358, -0.062238351128424116, 0.006488584425254179, 0.09395019195012955, 0.06906408907284017, 0.27972169749665715, -1.025997276994945, 0.2551536837097401, -0.94561388279497, 447320000000, 
-0.05157063188668619, -0.0052141646605777655, -0.05158127722409232, 0.00905851231420748, 0.0988215184097669, 0.09166538280302516, 0.288848656281559, -1.0238923575820165, 0.2650404272259528, -0.9431673357582625, 447420000000, 
-0.07603705987912528, 0.005295842517180863, -0.07601265226786585, 0.006827943793070026, 0.09972756935561888, 0.06846596018722002, 0.2985828626230429, -1.0215766731125182, 0.2749050054630917, -0.9406352172117447, 447515000000, 
-0.0361794631352578, -0.03432201149181052, -0.03621921634963365, 0.004021723262733291, 0.09727391276371433, 0.04134431471367211, 0.30822301214399905, -1.0191886454213497, 0.2847533898260442, -0.9380282571280457, 447615000000, 
-0.027429241122091157, 0.07604946900308632, -0.02743801266792155, 0.00784012956451906, 0.10269123484938003, 0.07634662857076738, 0.3175974415167609, -1.0167985157755983, 0.2945856379022622, -0.935361381054411, 447710000000, 
-0.07709463523883697, 0.02994606460109441, -0.07704507753699606, 0.009354776642593102, 0.10139913952683435, 0.09225696279323403, 0.32753391710430013, -1.0142214933172686, 0.30439654351081885, -0.9326244728690433, 447810000000, 
-0.036518954874574086, 0.03238035578819097, -0.03655939926927013, 0.007483939178200273, 0.1021469030209054, 0.07326643252873373, 0.337549279942846, -1.0115422563829288, 0.31092405959176195, -0.9307546466979737, 447911000000, 
-0.07552259814596861, -0.01354930979148768, -0.0754837126986643, 0.00689041683402016, 0.09836448350461117, 0.07004984511200273, 0.3471850843016033, -1.0088669381223125, 0.3206977662303248, -0.9278873666932624, 448011000000, 
-0.03899826067042678, 0.04164670770566184, -0.03903467221529473, 0.009049010867683883, 0.10211465304931404, 0.08861618384301674, 0.3566105029048664, -1.0061770696955528, 0.33044956014272253, -0.9249460874243607, 448106000000, 
-0.06793175977680362, 0.013360804700598493, -0.06790292012120772, 0.007704237288351001, 0.10035287187303782, 0.07677146796653786, 0.3664837174298881, -1.0032847156379765, 0.34017530356609416, -0.921924949797159, 448206000000, 
-0.038145270281051726, 0.001451268839838489, -0.03817496796870591, 0.006053867353699927, 0.09952056329975649, 0.06083031639868883, 0.3761055047002396, -1.000372507225997, 0.34987772496727176, -0.9188251941915216, 448301000000, 
-0.047605724221915016, -0.007857413102546881, -0.047596311952949014, 0.006182496105823614, 0.09901476024525199, 0.062440146201536456, 0.3855719499481901, -0.997427678396781, 0.359561577642255, -0.9156588033632924, 448396000000, 
-0.07496005604361924, 0.005394827229123499, -0.07493274633264413, 0.006481336630385495, 0.09980145323933688, 0.06494230715100316, 0.39505712742897936, -0.9944138633042567, 0.36922502420229897, -0.9124315075509443, 448496000000, 
-0.06721857893411862, -0.005215504560432845, -0.06722627701718341, 0.005042271916653044, 0.09922476946570538, 0.05081666547379364, 0.40458748149807633, -0.9913197096152634, 0.37886882250428905, -0.9091432034668021, 448601000000, 
-0.07633341820794262, -0.014308565646903117, -0.07632432859722174, 0.004419671996725316, 0.09895019523460195, 0.04466562179333425, 0.41397732341147864, -0.9882033729497811, 0.3884951392041337, -0.9058011507031072, 448696000000, 
-0.005770288344380398, -0.01118110858016573, -0.005840700865595211, 0.005218354599306678, 0.09916068354379935, 0.05262523827804925, 0.423244939440887, -0.9850753930674244, 0.39810383303319086, -0.9024091206215217, 448796000000, 
-0.07710048858996271, 0.008745914556965695, -0.07702937081571487, 0.005454618820939778, 0.10006810186954124, 0.05450906651603088, 0.4326952841783224, -0.9818391863692246, 0.4044992223742953, -0.9001185216265618, 448901000000, 
-0.05692160213526031, -0.003941134048895834, -0.05694166907827809, 0.004876414211507717, 0.09942156124302942, 0.04904785391156396, 0.4421955235018372, -0.9785295201885917, 0.41407634491666545, -0.8966388093467925, 448996000000, 
-0.05597908491114133, 0.008643579726072895, -0.05598004494302464, 0.005330181664902768, 0.10005695530405972, 0.053271475718055364, 0.4515784588648469, -0.9752029599364654, 0.4236356212984413, -0.893108549111372, 449091000000, 
-0.07185520324913867, 0.032383476576958, -0.07183935909790405, 0.006005221689429036, 0.10129150021107863, 0.05928653121846272, 0.4608661662047055, -0.9718587228625222, 0.4331755948751201, -0.8895277185290346, 449191000000, 
0.025423048628041178, -0.06352396007334506, 0.025325980954564314, -0.05328522463513837, 0.10104021852729879, -0.5273664824937201, 0.4704140306103002, -0.9683640144071703, 0.442714669386137, -0.8858958744695394, 449286000000, 
-0.09133304752350213, -0.033542493002280835, -0.09121662189470658, -0.041273929077192927, 0.09687026878905844, -0.42607427018778793, 0.47984943266091173, -0.964847288592873, 0.4524930146414668, -0.8826101235722396, 449386000000, 
-0.09613536533314689, 0.12864377646210007, -0.09613045956867088, 0.005673415101634957, 0.05655133890590816, 0.10032326751935189, 0.48932886379914975, -0.9618711020229022, 0.46236982127245585, -0.8798394332310334, 449481000000, 
-0.09273966692348234, 0.04079165215451776, -0.09274304536099195, -0.009886387185285615, 0.10430346984104939, -0.0947848350620715, 0.49469470196494303, -0.9604404098784769, 0.4722684417718362, -0.8772395119312713, 449581000000, 
-0.07521762311652222, -0.03632123074124115, -0.0752351128996945, -0.02009134327174563, 0.10181436552269142, -0.1973330891824677, 0.5047469306173724, -0.9576541142581204, 0.48220858509417863, -0.8748163268789669, 449676000000, 
-0.04207770544590488, -0.17901783930524873, -0.042110792748343784, 0.0007476765349772632, 0.13403889604825897, 0.005578056497183265, 0.5145817018369483, -0.955028323393182, 0.48885306024983083, -0.8733016710159606, 449786000000, 
-0.0640688586852601, 0.1919901143430306, -0.06404694734514897, 0.014950184583268878, 0.10059186662965781, 0.14862220062293852, 0.5276321949763962, -0.9518179951988956, 0.49879891497609863, -0.8710515342848206, 449881000000, 
-0.06112444568260353, -0.02109008075298849, -0.061127361954377644, -0.007613574771838975, 0.09822004825980057, -0.07751548595965263, 0.5373787508306869, -0.9494144833065357, 0.5087072618292822, -0.8687200882855841, 449981000000, 
-0.0626556708394778, -0.02963462216142507, -0.0626541445981409, -0.008318727277571556, 0.10182456423626378, -0.08169666465028609, 0.5469616742922686, -0.946900217229941, 0.5186394104506239, -0.866371306751243, 450076000000, 
-0.037728967468331355, 0.0046561696720073854, -0.037753842501292004, 0.0035386607358434755, 0.09986051382258475, 0.03543603573010218, 0.5567368754681378, -0.9444170261959449, 0.5285936759048143, -0.864081990599404, 450172000000, 
-0.05552659307696181, -0.004551804045471477, -0.0555088553786903, -0.004127834009229205, 0.10008911422189996, -0.041241587972071544, 0.5665044825312564, -0.9420196107369628, 0.5385415937339081, -0.8618170418549101, 450267000000, 
-0.014021203545292644, -0.11268247714286049, -0.014062607473484826, -0.017700077816081013, 0.10422646155606247, -0.16982326322725927, 0.5761576146352104, -0.9396138128316274, 0.5485103888378907, -0.8595892945638456, 450362000000, 
-0.06263473022866425, -0.0193037209956541, -0.06258625510625189, -0.009360367264810147, 0.10183113885052403, -0.09192048100876148, 0.5862278908579522, -0.9371479825988965, 0.5585048662828738, -0.8574667174642232, 450467000000, 
-0.0694846980449792, -0.012370808845020002, -0.06947781280331453, -0.002058327206980746, 0.10112863989813976, -0.02035355374159055, 0.5962250333452394, -0.93487826674959, 0.5651752261699754, -0.8560984798444724, 450562000000, 
-0.04656492828118643, -0.014273716087072695, -0.04658779484591748, -0.007971107209635876, 0.10024588017649985, -0.07951555909930055, 0.6061409051558808, -0.932723212185163, 0.5751807344543415, -0.8540800272184362, 450662000000, 
-0.029688788084123955, -0.00024235734747563454, -0.029705652989671965, -0.006889015038643242, 0.09956589650656243, -0.0691905088022703, 0.6158422908688785, -0.9306355708290259, 0.5852024195032056, -0.8521183659918786, 450757000000, 
-0.05901660114642844, -0.012748086457003985, -0.05898734823489101, -0.0002596690244702892, 0.1009731258125263, -0.0025716647115828495, 0.6256307215579996, -0.9286096660044003, 0.5952354421219345, -0.8502226544123483, 450857000000, 
-0.042341172389356765, -0.010720392677770238, -0.04235778485746502, -0.0004469218837036571, 0.10010235836090345, -0.004464648895606934, 0.6355124970429584, -0.9266358513273698, 0.6052642289308463, -0.8483536340044198, 450957000000, 
-0.06186596947878597, -0.013953508503100906, -0.06184649978200285, -0.004904553711650951, 0.10013560321327229, -0.04897911985615208, 0.6453975241012923, -0.9246640270344353, 0.6152950207455498, -0.8464895235349302, 451052000000, 
-0.07250384189041743, 0.0045316932975865655, -0.07249320525331575, -0.0026105807321282768, 0.09967160127904531, -0.026191820926199146, 0.6551078925631728, -0.9227316261520434, 0.6253316611985084, -0.8446494401391498, 451152000000, 
-0.04590472227070094, 0.010102208960897946, -0.04593125697236303, 0.00042949430207732907, 0.099720625791026, 0.004306975599785896, 0.6649626355424185, -0.9208200352299499, 0.6353699126989517, -0.8428282837446783, 451248000000, 
-0.07780119586561784, -0.027348501139241716, -0.07776938902829142, -0.0026699269120007193, 0.09995040226651143, -0.026712517923454953, 0.6747442656900554, -0.9189493540493354, 0.6454107109648551, -0.8410150332616882, 451348000000, 
-0.06628792454481508, 0.016537631547630126, -0.0662993823641153, -0.004095960340380504, 0.09952908311671547, -0.04115340172055303, 0.6846067578841133, -0.9170588423127752, 0.6554582084083246, -0.8392251248366995, 451448000000, 
-0.04814848940408615, -0.024062750258324113, -0.04816660328865392, -0.0020784966477251465, 0.10092951740809475, -0.020593545883322007, 0.6943704800145716, -0.915214428953037, 0.6655107514601885, -0.8374684650208364, 451548000000, 
-0.037834066080076674, -0.014025908605163853, -0.037844377591501006, -0.0016988987050963191, 0.1002844761338952, -0.01694079453362281, 0.704260895832082, -0.9133881109754091, 0.672214121236661, -0.8363093851368654, 451648000000, 
-0.058877017677192736, -0.0018230496633334743, -0.05885602663931461, -0.0031773826103312208, 0.10003419476294406, -0.03176296483278363, 0.714207332130851, -0.9115725435080458, 0.6822706087609455, -0.834585464715663, 451743000000, 
-0.04060238869839353, -0.017771008283162262, -0.04062060528351197, -0.0025723434231329713, 0.1005261519706959, -0.025588798264981116, 0.724064197031768, -0.9097907312447291, 0.6923336110503816, -0.8328866748506735, 451843000000, 
-0.06345338845056776, 0.007323404262293599, -0.06343060089206091, -0.0010226603285205529, 0.0998094187610809, -0.010246130487630121, 0.7338767997370178, -0.9080491222061295, 0.7024002958202821, -0.8312143483142395, 451938000000, 
-0.07973691725957226, 0.0038518386052482367, -0.07972064282562856, -0.0016091623557441005, 0.09997226326361028, -0.016096088086962744, 0.7437149397327318, -0.906328696814452, 0.7124675802304591, -0.8295593129540604, 452043000000, 
-0.06557785213965109, -0.020310239888192153, -0.06559196589700837, -0.0023346641860410616, 0.10032359348355033, -0.023271337329278056, 0.7535006820984079, -0.904627777596496, 0.7225380652920708, -0.8279194175856166, 452138000000, 
-0.062433801762053084, 0.017213941273410548, -0.06243695301960213, -0.001058485076979311, 0.09959674173003452, -0.010627707880729927, 0.7635874016318337, -0.9028911628670947, 0.7326112251115925, -0.8262973007095533, 452238000000, 
-0.0608847270837548, -0.01678133047503927, -0.060886275555316414, -0.0009388182752179411, 0.10017874390442964, -0.00937143188892019, 0.7732387072463462, -0.9012530820294772, 0.7426858845925114, -0.8246887887200247, 452338000000, 
-0.04571175137030531, 0.013572177327981334, -0.04572689503837288, -0.0013963473634689186, 0.09988633821554417, -0.013979362827934973, 0.783164065973095, -0.8995791499380016, 0.7527626102053138, -0.8230915491819538, 452433000000, 
-0.037803682033908395, -0.01276365796896835, -0.03781158896068685, -0.0017896419603420075, 0.10018390939594798, -0.017863566825576393, 0.7929557844932927, -0.8979372412279153, 0.7628420379712364, -0.8215091772972614, 452538000000, 
-0.053306964599365236, -0.008509706981831833, -0.05329149975296236, -0.0010795786216715162, 0.1001490459776309, -0.010779719478432663, 0.8029823896360593, -0.8962702696322546, 0.7695629186512425, -0.8204629806794891, 452633000000, 
-0.06456612646797479, 0.010330491306944056, -0.06455487384519362, -0.0011695568322526717, 0.09989665175992982, -0.011707667991349037, 0.8127050253251057, -0.8946719291917341, 0.7796451637674731, -0.8189036864758285, 452733000000, 
-0.05614915040345628, -0.02138446866252414, -0.05615753867479651, -0.001746194418789761, 0.10025595242037717, -0.017417364023114546, 0.8225937644153007, -0.8930570519267215, 0.7897295995615605, -0.817356693066839, 452834000000, 
-0.04627370328315002, -0.0039889528519461825, -0.046283566849714144, -0.001303244351577778, 0.10006856401085779, -0.01302351407217527, 0.8325791295268766, -0.89143843626806, 0.7998167341763415, -0.8158241011860592, 452929000000, 
-0.06940072221457248, 0.023336947680718163, -0.06937765075492655, -0.0007993199611124693, 0.09970363353952001, -0.008016959189312183, 0.8424430861649306, -0.8898572806287022, 0.8099055864476753, -0.8143056229136656, 453031000000, 
-0.06854959839462198, -0.01375645531753448, -0.06855042407336812, -0.0013349925662953475, 0.10011797211553379, -0.01333419503098602, 0.852216733349821, -0.8883036266825443, 0.8199958170894025, -0.812799094158398, 453126000000, 
-0.07087164386295652, -0.0474841279084255, -0.0708693265321771, -0.0017683076690059789, 0.1006287407220931, -0.017572590656674547, 0.8621634120971645, -0.8867305857499637, 0.8300880084762823, -0.8113042713504816, 453227000000, 
-0.0665481598834932, 0.06064252185925788, -0.06655247190765007, 0.07188411922230141, 0.0986167872323012, 0.7289237587204249, 0.8722388375966198, -0.885151034735341, 0.8401137535599303, -0.809762918955614, 453327000000, 
-0.07745353674272465, 0.2198561875133719, -0.07744264913864704, 0.10142284822447693, 0.1764531991626899, 0.5747861115907853, 0.8818541784678795, -0.8836604157786906, 0.850014255108351, -0.8077341915369604, 453422000000, 
-0.09814263583913638, 0.06189337406804196, -0.09812198307810864, 0.05163972506275619, 0.10899154336721772, 0.4737957043948814, 0.8989782227978586, -0.8797295167320912, 0.8597969453403972, -0.8052119936645088, 453522000000, 
-0.05042645563013708, -0.0007789013749604605, -0.05047405796672799, 0.039693253683014365, 0.07948664786421933, 0.4993700797499873, 0.9094449739401734, -0.8766871162838609, 0.8662434391043097, -0.8032638782072735, 453623000000, 
-0.07930811810050137, 0.036521999659887804, -0.07927933964774365, 0.047326869676334885, 0.09357349652630165, 0.5057721623454804, 0.9169983650612379, -0.874097604933602, 0.8757813273320356, -0.7999318325002187, 453723000000, 
-0.045799658985941016, 0.06250339624153237, -0.04583306879229866, 0.022637629371029984, 0.11645703935918986, 0.1943860971873797, 0.9257208585351732, -0.8706094139875171, 0.8851476789113646, -0.796119460860932, 453823000000, 
0.05132519438348967, 0.125411540363045, 0.05122823093696707, 0.013870271098461928, 0.12188015201574517, 0.11380254183363742, 0.9362212615857735, -0.8657790502922185, 0.8944179977007781, -0.7919850038569767, 453913000000, 
-0.06701428870949377, 0.06452008926559906, -0.06689628444829065, 0.028731987532798247, 0.10322880492741686, 0.2783330442796517, 0.9471778354346343, -0.8604805358979074, 0.9036229285317208, -0.7876641203723018, 454013000000, 
-0.04244308807161354, 0.06006997713848662, -0.04246749108649041, 0.02027332653021945, 0.11043710849268303, 0.18357349994873012, 0.9564798138967696, -0.8558508003903619, 0.9127401576668465, -0.7831574093658965, 454113000000, 
-0.06915739798384006, -0.1423136980338473, -0.06913076462292315, 0.004895248216757833, 0.07355958872714641, 0.06654806397729753, 0.9663916558365119, -0.8505662324366711, 0.9217929924261588, -0.7785111170479422, 454208000000, 
-0.01555941792157843, 0.03691147292776842, -0.015612879047472286, 0.018167846591593248, 0.10103677442727266, 0.17981419829144146, 0.9726944491466445, -0.8470532418511266, 0.9307859736501272, -0.7737594825983232, 454308000000, 
-0.052932287992285776, 0.054353700766528096, -0.05289504261325212, 0.03049620901556291, 0.10375974216083478, 0.293911765589121, 0.981422680006833, -0.8421133384679821, 0.9396811142943068, -0.7688526478051054, 454408000000, 
-0.07871182500372123, 0.03776285916094952, -0.07868605905530927, 0.018947122419661594, 0.10509332122132094, 0.1802885492576637, 0.9904441265883358, -0.8367925617491219, 0.9455402616977547, -0.7654594512041898, 454509000000, 
-0.04193878515911419, 0.09778346896979932, -0.041975457477653175, 0.020764774264972124, 0.11354977297593646, 0.18286935958359518, 0.9994026036606241, -0.8311443765172816, 0.954244066777522, -0.7602157824934735, 454605000000, 
-0.0600553070221241, 0.08213542814955456, -0.060037263214698905, 0.026316443365174476, 0.10969764230473873, 0.23989980834836644, 1.0087418460442312, -0.8250162598594843, 0.9628483611725726, -0.7548035886348631, 454705000000, 
-0.059997324737985906, 0.11387813175703468, -0.059997362897219964, 0.02582725365248284, 0.1206172980489629, 0.21412561937839653, 1.0178604754141982, -0.8187953299835687, 0.9713283229830085, -0.7492110352455285, 454805000000, 
-0.03483867765953831, 0.11467509276550489, -0.03486378557838432, 0.017931354402854854, 0.12045728827031657, 0.1488606846487806, 1.0276012918252204, -0.8117995934422464, 0.9796897827830611, -0.7434362515089661, 454900000000, 
-0.04152642741573472, 0.08572262961191239, -0.04151977878130711, 0.01714280124886741, 0.10989694102420725, 0.15598979452113526, 1.0375340781883986, -0.8043405356918808, 0.9879655658416305, -0.7375183343584769, 454995000000, 
-0.059200134088748683, 0.05593104342519148, -0.05918248900843427, 0.016765183448205965, 0.10582439952840511, 0.15842455542311767, 1.0459970751084406, -0.7977796392884463, 0.993434531756142, -0.7335069952050113, 455095000000, 
-0.026274261363110965, 0.020510324723243083, -0.02630710382281746, 0.01209852151008719, 0.10111255178522986, 0.11965400236150005, 1.0542119608936096, -0.7912087814322856, 1.0042481215492294, -0.725319544154679, 455195000000, 
-0.04915719058686506, 0.07169286612821926, -0.049134385250399155, 0.01244895454577136, 0.1068478277382275, 0.11651106821067765, 1.0620256290203967, -0.7847545288136897, 1.0096014826713722, -0.7211528004511205, 455270000000, 
-0.0323357193677396, 0.04987216867888568, -0.0323524843195136, 0.014041244553437261, 0.1039030342960066, 0.13513796443552872, 1.0702358953957187, -0.7778053796854911, 1.0175736834057756, -0.7148237060335337, 455377000000, 
-0.05134875884495053, 0.07145018511926919, -0.05132979979544987, 0.014161250850597806, 0.10748249593744068, 0.13175401935995465, 1.078039783183683, -0.7710414769017436, 1.025465569678825, -0.7083990502918569, 455484000000, 
-0.0703729289077979, 0.009376082017967469, -0.07035392404181202, 0.010938986118494259, 0.09961900871521297, 0.10980822093669107, 1.086065960909573, -0.7638938977292826, 1.0332753397049699, -0.7018750557657943, 455584000000, 
-0.048208632212164274, 0.027233880204174898, -0.048230732434375395, 0.011914344209939113, 0.1014465694648506, 0.11744452545600585, 1.0934501727003567, -0.7571415223711305, 1.041008805744824, -0.6952575046824783, 455679000000, 
-0.0730260301470011, 0.005183430831647015, -0.07300128407664762, 0.011915950470427207, 0.0989674943285819, 0.12040266909117725, 1.1009216514838156, -0.7501564878935335, 1.0486636393913773, -0.6885500349041148, 455780000000, 
-0.048797746837214606, -0.008722886142693582, -0.04882190151404135, 0.010166166148795373, 0.09752973524100693, 0.10423658101474012, 1.1080182578966655, -0.7433626719205623, 1.0562386640029102, -0.6817512852082491, 455880000000, 
-0.07431960714225744, 0.05604030506673033, -0.07429415913339465, 0.01041259402983008, 0.10455041851091432, 0.09959399663945946, 1.1149234141683015, -0.7365921594113363, 1.0637393330242702, -0.6748684682462794, 455980000000, 
-0.06822399119055433, 0.05182613939748729, -0.06823004856632368, 0.010796485444128328, 0.10388369270981679, 0.10392858746643382, 1.122357847082845, -0.729150455664379, 1.0711689376144207, -0.6679083711130309, 456080000000, 
-0.06684748926002446, 0.06540613137116429, -0.06684886821715315, 0.01088741583088869, 0.10547682253500372, 0.10322093109389575, 1.1296538066692283, -0.7216995169170167, 1.0785268133543933, -0.6608718634175885, 456180000000, 
-0.028071594020221077, 0.001549703082469562, -0.028110293912018622, 0.008944724188918169, 0.09906723230399819, 0.09028943254890118, 1.1368924422943512, -0.7141511868987818, 1.0833930337221556, -0.6561398419158984, 456280000000, 
-0.03924058727770764, -0.02547995450504338, -0.03922947914110993, 0.008541818302394519, 0.09674744908419655, 0.08828985552849893, 1.1436610864461072, -0.7069468070932304, 1.0906373761060495, -0.6489840228780481, 456375000000, 
-0.04674267691633575, 0.03478535368622211, -0.046735177773080665, 0.009795922789033996, 0.10202844371099887, 0.09601168490603935, 1.1503104418275572, -0.6997403842121545, 1.097815370303519, -0.6417615011830909, 456475000000, 
-0.061567206234912464, 0.05329178506847687, -0.06155240314162028, 0.009783456496974896, 0.10399238485724659, 0.09407858575803349, 1.157123901068869, -0.6922222278984571, 1.1049252217357135, -0.6344725546388342, 456570000000, 
-0.058792976613257344, 0.008014723003747042, -0.0587957303416998, 0.008681894385837089, 0.0997680728831587, 0.08702076861807995, 1.1640395361553726, -0.6844433527679022, 1.111967769760197, -0.6271179683782443, 456665000000, 
-0.06183795020602175, 0.015127884705828973, -0.061834913414482905, 0.009019673720886023, 0.1003613150000758, 0.08987201613369865, 1.1705780413255094, -0.6769477327243949, 1.118944258955554, -0.6197000341793502, 456770000000, 
-0.017041780564251978, 0.2464138278640844, -0.017086482352707218, 0.08332439476402285, 0.11416640098779138, 0.7298504117067974, 1.1770865564386075, -0.669354505670319, 1.1257678071940669, -0.6122155107752311, 456860000000, 
-0.06136092881050302, -0.020992096905702518, -0.06131674767785588, 0.03625489344195276, 0.06287384101147833, 0.5766292127012571, 1.1845079053239944, -0.6605366204746684, 1.1321832116888713, -0.6044045176800282, 456961000000, 
-0.05015222600103, 0.04033942028706706, -0.050163364579141764, 0.046680864891763235, 0.09396024961150387, 0.4968150370478362, 1.1881609584729913, -0.6554831431396356, 1.1381926805578728, -0.5962846337545482, 457062000000, 
-0.04621249817421152, 0.04714589990272567, -0.04621644019390134, 0.04780999839341107, 0.09859649943771948, 0.4849056372798635, 1.1932327427509932, -0.6475488662302797, 1.1437829619297484, -0.587870984456475, 457162000000, 
-0.018812907695289368, 0.06410441726663092, -0.01884025542922195, 0.05200481048044694, 0.10495623650107834, 0.4954904273831563, 1.1982310573386679, -0.6387983772448759, 1.1489385512205152, -0.5791831090207983, 457257000000, 
-0.07588434975110467, -0.0781130973794338, -0.07582742467881776, 0.022472338789862982, 0.05057515699109422, 0.44433552215804567, 1.202966677441531, -0.6294622238489949, 1.1521285325347754, -0.5732488809973272, 457357000000, 
-0.07593799956422556, -0.044531555729292314, -0.07593788679505745, 0.02446987615312092, 0.06800711530168177, 0.35981347017252174, 1.2049807828217771, -0.6249518792560874, 1.1565669690771652, -0.5641590639584878, 457453000000, 
-0.03806487589577395, 0.07378860842466967, -0.03810266827007255, 0.03990071085750245, 0.11130421929884662, 0.35848336306434986, 1.2074878529086728, -0.6186127572134047, 1.1606783311627729, -0.5548872364232675, 457553000000, 
-0.10822137450133827, -0.050504440109485016, -0.1081513990421106, 0.022206017402909922, 0.07402881115782817, 0.2999645280749825, 1.211237822696429, -0.6080309216300046, 1.1644881727881484, -0.5454910542819974, 457658000000, 
-0.05045653604598234, -0.06784083842268433, -0.050514114792040744, 0.018997002850171106, 0.07333751996111751, 0.2590352504453797, 1.2134645802919504, -0.6009432364867496, 1.1680042627303064, -0.5359779905096046, 457748000000, 
-0.07416377426719654, -0.10737451992530309, -0.07414017184290436, 0.01510102869035949, 0.06778895634292834, 0.22276532203810528, 1.2154316277119876, -0.5939531969252216, 1.1712557248693178, -0.5263604503631849, 457843000000, 
-0.037746522795955556, 0.060427688851921055, -0.03778283917800764, 0.02483912841940048, 0.10744365897121522, 0.23118282323254674, 1.217092816801407, -0.5874111223139793, 1.1742709165738185, -0.5166637932894579, 457943000000, 
-0.049038643712418895, 0.043322508064640365, -0.04902741035375863, 0.024858946794553128, 0.10374100358016174, 0.23962508493899776, 1.219517902292251, -0.5768881315993053, 1.1761519414961392, -0.5101600102124546, 458044000000, 
-0.03797743153761262, 0.08379841602275889, -0.0379884580095545, 0.026114916469795437, 0.11330105810943483, 0.23049137321005114, 1.2216357444636, -0.5666129080261227, 1.178778091900347, -0.5003498432887825, 458139000000, 
-0.025525679586028166, 0.09087093434831728, -0.025538117026081157, 0.02635457582850832, 0.11439301862563424, 0.23038622588286645, 1.2236251740569144, -0.5556200092790323, 1.1811763809924243, -0.4904797188572542, 458239000000, 
-0.0732796756620557, -0.01062736230724126, -0.07323203127934395, 0.02025945058604326, 0.09249198027065428, 0.2190400781425495, 1.2254101876889365, -0.5442935230390014, 1.1833494577979837, -0.4805570581243739, 458334000000, 
-0.044641792237161124, 0.004565612835319512, -0.04467032435779876, 0.020618779624147997, 0.09602003004690988, 0.21473415092741424, 1.2266387712200157, -0.5351256005407303, 1.1852978066093771, -0.4705876602852226, 458434000000, 
-0.04818892299744026, -0.0019725391835067885, -0.048185411045224856, 0.018456217912903562, 0.09526067335206682, 0.19374435707264634, 1.227710569112846, -0.5255366791182111, 1.187026993012144, -0.46057511210512003, 458529000000, 
-0.08069593857583629, 0.04095582345115274, -0.08066349158090103, 0.01901507370400916, 0.10384322508354214, 0.18311328147514183, 1.2285602645438423, -0.5160934701542536, 1.1885517530076035, -0.4505271113891857, 458624000000, 
-0.09180598865954673, -0.007728409277316902, -0.09179486845772115, 0.016965788882001953, 0.09511100078646761, 0.17837882833439647, 1.2292917165089907, -0.5057292727206912, 1.1894606205642166, -0.44381196453908645, 458724000000, 
-0.08678456057621035, -0.013314306156219792, -0.0867895600284909, 0.015319564341060497, 0.09454571111443497, 0.1620334138956151, 1.229787988692585, -0.49621930451498625, 1.1906700697875718, -0.4337172624369361, 458824000000, 
-0.05941385528062813, -0.040633699284163535, -0.05944117586413118, 0.013378442818136983, 0.09094002829985932, 0.14711280684918895, 1.2301123592363257, -0.4867607244220051, 1.1917082985120044, -0.42360062969644313, 458919000000, 
-0.03201872374358028, 0.02430202210617163, -0.032046089881837325, 0.014845572242588308, 0.1010771654313406, 0.14687365023777368, 1.2302769593817864, -0.4776491496813614, 1.1925889735167308, -0.4134668055256919, 459019000000, 
-0.05040818546812316, -0.008196227227310319, -0.05038986013784985, 0.01336722962660579, 0.09655801655912288, 0.1384372846807699, 1.2303102042022482, -0.467646109314884, 1.1933206577522002, -0.40331997518640444, 459114000000, 
-0.05466982499367611, 0.016326928051255154, -0.05466555269598185, 0.012734167816622028, 0.10022095610229231, 0.1270609292893262, 1.2302015745822843, -0.45795715631701833, 1.193909568380417, -0.3931621495976705, 459219000000, 
-0.07159683503141713, 0.04127196652401292, -0.0715799366537974, 0.01243858603145327, 0.10343968100667517, 0.12024965574527037, 1.229948556028721, -0.44787924191006034, 1.1943654002434385, -0.3829961357197955, 459314000000, 
-0.05503495037296923, 0.02746481032428867, -0.05505146182649801, 0.011908430677749571, 0.10163573407728335, 0.11716775389937613, 1.2295592714244001, -0.4376073907554782, 1.1946948709840728, -0.3728243613926618, 459409000000, 
-0.07184125398078435, -0.010367606788109978, -0.07182449756276932, 0.01057580857788875, 0.09732629482796418, 0.10866342540402624, 1.2290511613867767, -0.4274187261524501, 1.194901778932593, -0.3626484577637757, 459509000000, 
-0.049664976835664176, 0.01558363918802654, -0.04968709109465455, 0.010866565456452124, 0.10028893371476284, 0.10835258740867969, 1.228437305709179, -0.4174642246888437, 1.194974337400001, -0.35586307968297565, 459609000000, 
-0.04977139941569504, 0.03894789121981362, -0.049771314551679435, 0.011041493021312023, 0.10282642406002339, 0.10737991836482338, 1.2277226032755606, -0.40765370025886055, 1.1949897154366882, -0.3456832787504906, 459704000000, 
-0.024871631185921894, -0.012660557184780765, -0.024896481239896226, 0.009727833248301837, 0.09741515874069549, 0.09985954315586414, 1.226870989802977, -0.3974598888057841, 1.19489699309575, -0.33550321154466606, 459804000000, 
-0.022725102377499716, 0.018271858834903718, -0.022727268858803912, 0.009807429300761505, 0.10064859790134632, 0.09744228439599868, 1.2259611918392086, -0.38781283563384683, 1.1946989903973197, -0.3253242604180072, 459904000000, 
-0.06942544443576912, 0.05438313370873759, -0.06937883884286963, 0.010036644704476554, 0.10414808389277898, 0.09636898087159562, 1.224909564529329, -0.37773385167544643, 1.1944001113248874, -0.31514680000374584, 460004000000, 
-0.07096151842260917, 0.014707726227972558, -0.07095993857747275, 0.008802276897335096, 0.1004120705769524, 0.08766154155330688, 1.2237223674915656, -0.3673440948048445, 1.194005778593722, -0.3049712373871245, 460099000000, 
-0.050845654916415586, 0.0005931792253057629, -0.05086572849313063, 0.007870585085310177, 0.09920867380041905, 0.07933363872138499, 1.2224935840490503, -0.3574408352356884, 1.1935213951878356, -0.2947989218546887, 460199000000, 
-0.050493407301214585, -0.013888175298585815, -0.05049377847365914, 0.007200231307777296, 0.09817521877493346, 0.07334061892221311, 1.2211829549367568, -0.3475815347585915, 1.1929520075698057, -0.2846302268202936, 460299000000, 
-0.03725218686495356, 0.0555482098054678, -0.037265401030722706, 0.007952247894421581, 0.1033440200174966, 0.07694927963006694, 1.2198198402563993, -0.33791646116638085, 1.1923018420649147, -0.2744655343755241, 460399000000, 
-0.04576093476199461, -0.03064742697213819, -0.045752456431842684, 0.006253575572334181, 0.09704271940855524, 0.06444147083313154, 1.2182829997746305, -0.3275659138326618, 1.191574706501824, -0.2643052925205699, 460499000000, 
-0.07361681065425998, 0.052384245096243245, -0.07358900087173562, 0.007292541008283596, 0.10277002053237735, 0.07095980880908849, 1.2167913133673676, -0.3180313648758928, 1.1907747723121043, -0.2541500511966828, 460594000000, 
-0.025247236578630778, 0.028516248281720176, -0.025295481308684753, 0.007138378634154351, 0.10137938162891678, 0.07041252885407467, 1.2151404322908141, -0.30790466489817464, 1.1902022216759023, -0.24738289172053554, 460689000000, 
-0.06135530653133099, -0.010967190537260994, -0.06131931866641511, 0.006440015149082548, 0.09865429979495174, 0.06527860582324148, 1.2134481921002123, -0.2979680476695493, 1.1892851331426364, -0.23723707177043915, 460789000000, 
-0.031165721075830956, 0.0338246710680621, -0.03119581359217348, 0.0067388074557523025, 0.10163539725658448, 0.06630374493189406, 1.2117044586970183, -0.28814505513144817, 1.1882989641541917, -0.22709755565746423, 460891000000, 
-0.07650603968669603, -0.006668217565868733, -0.07646081980832961, 0.006166054798123968, 0.09902885417392715, 0.06226523420430931, 1.209886378634427, -0.2782820068388474, 1.1872461783603026, -0.21696431041637174, 460986000000, 
-0.03639148130797411, 0.0074913371060595264, -0.03643146984403946, 0.0061241602556143014, 0.09995845370821678, 0.06126705674630582, 1.2080161154385725, -0.26849545096234584, 1.1861282501191366, -0.2068376638222995, 461086000000, 
-0.006936160049185432, 0.13880688370653557, -0.006965594785511984, -0.06823723996443815, 0.1136730132458563, -0.6002941068945895, 1.2060763004191026, -0.2586788719714263, 1.1849691565317177, -0.19668425040403678, 461186000000, 
-0.08034881189368676, -0.14277040576707567, -0.08027557733773422, -0.14089308559682004, 0.0903430913103749, -1.5595335908174754, 1.203798668614069, -0.24750945806441346, 1.1844764422850018, -0.18625782096364982, 461281000000, 
-0.16127593793869488, -0.16294203110513727, -0.1611950922778637, -0.056989940475129695, 0.15196068505947952, -0.37503082098388174, 1.2025347604383732, -0.2385958879474607, 1.185453884945961, -0.17589612124212742, 461381000000, 
-0.044900419885011866, -0.06088154827683798, -0.045016486106074824, -0.05434812783239851, 0.1001037498444768, -0.5429180017415417, 1.2027507312463601, -0.22343629125574413, 1.1870916441424273, -0.16574462337175735, 461481000000, 
-0.04563895750144955, -0.056340393495278904, -0.045638335394099, -0.04963963650158909, 0.10436616503467043, -0.47562959207228517, 1.2032699243307432, -0.21339960185172666, 1.188464227210916, -0.15902587527709092, 461576000000, 
-0.07863078271841645, 0.10404194056457718, -0.07859786084472503, -0.01119383052658198, 0.05216652401111695, -0.214578807746449, 1.204377478629223, -0.20300773088430152, 1.1909316973587185, -0.14903714511335878, 461676000000, 
-0.0494309686620274, 0.14853219057644546, -0.04946007491517651, 0.014058671114316157, 0.06902695610381637, 0.20366928962030356, 1.2051747033193412, -0.19786485975224155, 1.1937291088361568, -0.13918353859082436, 461771000000, 
0.016107650056873195, -0.19522157254120887, 0.016042212880164275, -0.0026977338840988253, 0.061483704608141225, -0.04387721756996424, 1.2063712543014147, -0.1911029705436889, 1.1964736505278937, -0.12939443026240527, 461871000000, 
-0.05607784493878625, 0.17390408448570638, -0.056005865866605956, -0.008791530330645305, 0.09183213660044165, -0.09573479019547307, 1.207331241528471, -0.18495530019376463, 1.1991296503822007, -0.11956311897033395, 461966000000, 
-0.09217455245198168, -0.1661206447561768, -0.09213845298383327, 0.006588719086781531, 0.11581083330437025, 0.05689207908093774, 1.20878558946486, -0.17590576902370753, 1.2017919228264624, -0.1097130934853267, 462066000000, 
-0.053179468895792614, -0.10038810508870588, -0.05321835134641044, -0.0030780559866823943, 0.09463518677941543, -0.03252549174819104, 1.2107216685570477, -0.1645510197348698, 1.2044503020228488, -0.09986091058629669, 462166000000, 
-0.06638602998682747, -0.05843936565894444, -0.06637288736498474, -0.026466153579605477, 0.10155041028377304, -0.26062084343774, 1.2122546114884065, -0.1552434921162069, 1.2071702951045111, -0.0900048748917804, 462266000000, 
-0.04557601792157579, -0.047560062178779304, -0.04559677224159629, -0.027531339339611355, 0.1055947350014614, -0.2607264399994027, 1.2139335675170844, -0.1452528922615074, 1.210080420491877, -0.08018795896331196, 462361000000, 
-0.06855048772242756, -0.034515012987729805, -0.06852757929405595, -0.012959157984140863, 0.10599001909518103, -0.12226772006242678, 1.2159801753623494, -0.13475251461568732, 1.2121394013386413, -0.07368008909203806, 462456000000, 
-0.07073814399305052, -0.04077914871450576, -0.07073593749055596, -0.021252787096770562, 0.10272225625864227, -0.20689564142028388, 1.218260788014721, -0.1245006236918381, 1.2153542378718838, -0.06396720838337906, 462556000000, 
-0.05685375018571683, -0.022089416535689202, -0.056867604193532977, -0.02112820000687757, 0.10053583755195741, -0.21015590580780127, 1.220608342278726, -0.11452021926960035, 1.2187541200773246, -0.05431122369329338, 462657000000, 
-0.04338882871182473, -0.025970034170616066, -0.04340227973862677, -0.011272091517440732, 0.10336434234318014, -0.10905203150247153, 1.2231306824504233, -0.10471017284666526, 1.2223510698127527, -0.044728007023434865, 462757000000, 
-0.027947605469430568, -0.09804896342941341, -0.027963028206243277, -0.008553975224259738, 0.11002383116455788, -0.07774656757285543, 1.225933959331517, -0.09469149671794942, 1.2260807948660855, -0.0352117097748632, 462854000000, 
-0.02066624077237397, -0.05883052996166282, -0.020673523343964037, -0.012779357488593743, 0.10379555238440237, -0.12312047284324806, 1.2289908705912347, -0.08421087204693786, 1.2298865858458594, -0.025732716221841236, 462954000000, 
-0.0726095244974549, -0.03053095286499244, -0.07255769201322176, -0.00971429516323249, 0.10270581040410887, -0.09458369614153649, 1.2319569785806532, -0.07432607510078146, 1.2337750050978629, -0.01628601685883399, 463054000000, 
-0.08334252360179853, -0.027427692391529344, -0.08333175959786399, -0.0034366952914664287, 0.10229388088774782, -0.03359629394878161, 1.2350434958904295, -0.06447941249894827, 1.2377349704347347, -0.006873701887517132, 463150000000, 
-0.05211250669461692, 0.007591659479888428, -0.05214366309737043, -0.005780076099056994, 0.09966168932189709, -0.05799697093622343, 1.2381953786108781, -0.054748947247176695, 1.2417432134958977, 0.002517750833966529, 463250000000, 
-0.029605820321616957, 0.019833270568857326, -0.029628312801578936, -0.009473615496965486, 0.09848727086468784, -0.09619126831102198, 1.2412894861261248, -0.04530524839041392, 1.2458154670598942, 0.011885668372540827, 463350000000, 
-0.09268302583934974, 0.023648740947973597, -0.0926200967526098, -0.007159129872128383, 0.09716580249072701, -0.07367952189569589, 1.2444413598021662, -0.035870119547862934, 1.2499680695192605, 0.021218995696846394, 463450000000, 
-0.042299368222058, -0.02309239769833368, -0.04234958725048735, -0.006699851621919644, 0.10134877636380124, -0.06610688221700751, 1.2475688350844234, -0.02680208440837945, 1.2527760530646261, 0.027422885233818334, 463545000000, 
-0.044544713669061334, -0.003222047897894792, -0.04454252265308996, -0.009016232185647424, 0.09974452568617863, -0.09039325340033957, 1.2509762619975355, -0.017150617273133145, 1.257041615980696, 0.03670330981580436, 463645000000, 
-0.06662001145255331, -0.060245399919667555, -0.06659797708169096, -0.009946039543401395, 0.1046805489706027, -0.09501325357201297, 1.2543389106183842, -0.007824855446976167, 1.26138569562053, 0.045950432912086774, 463745000000, 
-0.09146238575822406, 0.031419067863277514, -0.09143757109579731, -0.006245991878653551, 0.09660484569547687, -0.06465505776327735, 1.2579737563013444, 0.0019788810228921427, 1.26581402958787, 0.05515754081118443, 463840000000, 
-0.053645317286737666, -0.0164800524161932, -0.053683032819039626, -0.007012273064697453, 0.10073691916817126, -0.06960976296079784, 1.2614237627351186, 0.011019986163242988, 1.270313421809604, 0.06432661673753973, 463940000000, 
-0.06688147965429363, -0.017811503535938085, -0.06686830698475849, -0.007849380079479046, 0.10083361773747489, -0.07784487213297533, 1.2651077152875152, 0.02048959837881254, 1.2748782391585842, 0.07346388981650676, 464040000000, 
-0.011152752741606486, -0.011909969756767044, -0.011208356517984082, -0.006584393643363926, 0.10053500613096322, -0.06549354196872163, 1.2687976175040645, 0.029780889898321325, 1.2795099374377323, 0.08256671458838204, 464135000000, 
-0.07979852307515035, -0.010519588066373452, -0.0797300696446572, -0.005274457319515788, 0.10043708261352094, -0.05251503908981258, 1.2725754288291944, 0.0390836346385534, 1.284201468099851, 0.0916369265727167, 464240000000, 
-0.10524983577676181, 0.003983255015376741, -0.10522436619292726, -0.005925295174839558, 0.09958618071440407, -0.05949917079190213, 1.2764671030596428, 0.04848983812407944, 1.2889465931278137, 0.10067887741293467, 464335000000, 
-0.048412031194908535, -0.0077024738593307225, -0.04846872907926406, -0.006628537483979129, 0.10017479925628983, -0.06616971067763765, 1.2803293006881113, 0.057685927247464734, 1.2937483794092846, 0.10969143947549737, 464435000000, 
-0.04936729646148236, 0.01868138744112581, -0.04936639937810207, -0.005477828814884822, 0.09851015612931414, -0.05560674178299021, 1.284222248084676, 0.06680267305509541, 1.2969821690612033, 0.11568245408031286, 464530000000, 
-0.07632600459635361, -0.01792421192721369, -0.07629909806588936, -0.006157593781790907, 0.10076468891644637, -0.061108646769075584, 1.2881291924889142, 0.0757888443167783, 1.3018780898966837, 0.1246438668698709, 464635000000, 
-0.060908632409108786, 0.007971103333045144, -0.06092399179559653, -0.06664347330392331, 0.0967914904412945, -0.6885261607201264, 1.2922359865749862, 0.08509358345993541, 1.3068463199742513, 0.13358682116251663, 464730000000, 
0.004465144752435351, -0.061057674523595985, 0.004399882091384852, -0.08870803952442541, 0.0508647304494312, -1.743999009541933, 1.2962083348266982, 0.09394401626735097, 1.3126085852153169, 0.14232254533049113, 464830000000, 
-0.07401180395070112, 0.013462153144630855, -0.07393354928877763, -0.02498709073398022, 0.045384895794406147, -0.5505596145284082, 1.2985991614288153, 0.09841529393834983, 1.3196891813665992, 0.15000978654229383, 464925000000, 
-0.00755148042905586, -0.10553927446396948, -0.007617721992867671, -0.07986317329848809, 0.11977167903995922, -0.6667951383719308, 1.3013743366213797, 0.10195740345366984, 1.3272815592802283, 0.1569798153513352, 465025000000, 
-0.01922317063237151, -0.09753837135594633, -0.019211588598937953, -0.07493363379770539, 0.11638343427505071, -0.6438513716704184, 1.3092892506536837, 0.11099693572808027, 1.335289079993679, 0.16347817859464708, 465120000000, 
-0.1190977810338231, 0.17980860546819036, -0.11899810495279482, -0.0019663218784589974, 0.006059138032201664, -0.3245217171169989, 1.3175480417616086, 0.119244936307519, 1.3436445670058235, 0.16948683028793893, 465220000000, 
-0.08651446552104207, -0.1564063042822826, -0.08654686996191202, 0.009728630451412763, 0.1373804383890789, 0.07081525263342109, 1.3180165038535727, 0.11965595268051907, 1.3493277065101859, 0.17328589526230345, 465320000000, 
-0.015091849981896905, -0.022174566352346006, -0.015163165348531044, -0.0043988104249901225, 0.09933949892271302, -0.044280577944251914, 1.3284915499741228, 0.12825734564266672, 1.357792836545447, 0.17894490219032555, 465415000000, 
-0.057046624929139436, 0.07496093002478545, -0.057004825252785184, -0.025278866858341045, 0.09556180816205911, -0.26452897181970136, 1.3361364787803718, 0.13462465373018642, 1.3662269969997594, 0.18466932718860576, 465516000000, 
-0.05006199218649461, 0.17439208960922062, -0.05006892446708166, 0.0011825725370176068, 0.05694979473769898, 0.02076517645874465, 1.3435595747932096, 0.14075138000943002, 1.374724694614549, 0.19034111561005426, 465611000000, 
-0.04031574515924688, -0.15937367697225227, -0.04032547445934887, -0.0033012428295605034, 0.09670525252549979, -0.03413716156410442, 1.3480161742197327, 0.14423444506703972, 1.3832382322533223, 0.195974685697949, 465706000000, 
0.023176753715152584, 0.1245122982877268, 0.023113378458814622, -0.02788009298486792, 0.0955415324626867, -0.2918112392195128, 1.3556117696785868, 0.15019599038499482, 1.3918275240269156, 0.2015486153919303, 465806000000, 
-0.052199245445632446, -0.06399450549976277, -0.05212408210782037, -0.04155497209509598, 0.10751962693464298, -0.386487316593422, 1.363148924974996, 0.15606995354723643, 1.400557141131404, 0.2069135622993192, 465906000000, 
-0.034816171218441466, -0.10900041913480063, -0.03483344169285959, -0.02372568194518954, 0.13121325941669207, -0.1808177165224151, 1.371893781539828, 0.16248380254315278, 1.4094243122212973, 0.21203985499865644, 466001000000, 
-0.06171853419108386, -0.06627159765625, -0.06169170464062925, -0.02066196977850907, 0.10855807381221225, -0.19033102792751191, 1.3827423161395647, 0.16980845497495392, 1.4183868736351182, 0.2169919353520178, 466096000000, 
-0.054811230433967746, -0.05697563950177078, -0.05481809685005751, -0.029029788103180982, 0.10577689256801136, -0.2744435707875962, 1.3917890473936576, 0.1756817886767206, 1.427458263171103, 0.22175379987575436, 466201000000, 
-0.09152383091685326, 0.038024722085190026, -0.0914871997415602, -0.01319682817980374, 0.08698162611212015, -0.15171972253994082, 1.4008180652916338, 0.1813037243630408, 1.4335704810887995, 0.22479794605285527, 466301000000, 
-0.08600938469316065, 0.0005060620212742062, -0.08601484946493819, -0.0074421284445084675, 0.09902182038581156, -0.07515644951296836, 1.4083392810819786, 0.18570368815222968, 1.4427944046324852, 0.22921988959555215, 466401000000, 
-0.04576151469352279, -0.04907252982655741, -0.045801686493370915, -0.013763528833539722, 0.10291955519405731, -0.1337309397382087, 1.4168977652984007, 0.19053751684664916, 1.4520519593533194, 0.2335388834817716, 466496000000, 
-0.020628033359005208, -0.07988673695170462, -0.020653155757266648, -0.016000716976945356, 0.10870244973189849, -0.14719739082614236, 1.425904553234938, 0.195536232441941, 1.4613560651156465, 0.23776831479162347, 466601000000, 
-0.0809725378614442, -0.029882483926244357, -0.08091233912641602, -0.007698215016087194, 0.1035317593501752, -0.07435607261390721, 1.4355037443202936, 0.2006968996947806, 1.4707136300646706, 0.24188497665531114, 466696000000, 
-0.05411075353418977, 0.011721706163721281, -0.05413750131865408, -0.007961055588621774, 0.09871622360106055, -0.08064586851290617, 1.4447393897936573, 0.2054878770605171, 1.4801034977851333, 0.2459091468159638, 466791000000, 
-0.043470755288961535, -0.014007858817930855, -0.04348140005203395, -0.013939299797402065, 0.10027053243429268, -0.13901691213753645, 1.4535982285412161, 0.2099996949605432, 1.489533119140709, 0.24985076972435544, 466891000000, 
-0.05376726193179009, -0.014281828977506357, -0.05375699615387314, -0.012490372564020552, 0.10046133952664027, -0.12433014155369054, 1.4624097964641298, 0.21439762052902323, 1.4990114828742436, 0.2536795268655831, 466986000000, 
-0.06307399399612452, -0.0006613083554166468, -0.06306469516205751, -0.008722400658596896, 0.09921489425590115, -0.08791422622594895, 1.4715773687307805, 0.2188179510338398, 1.5053547019372995, 0.2561693637625854, 467086000000, 
-0.06309779600554866, -0.015168952326860951, -0.0630977622096408, -0.011402857725254234, 0.10053844639871058, -0.1134178827473952, 1.480575591849983, 0.2230178195410852, 1.514897760178557, 0.2598240355951533, 467186000000, 
-0.04689059418301236, -0.030598018413060413, -0.046906768232443496, -0.012441885959944984, 0.10224231512715522, -0.12169018223493319, 1.4896403569530356, 0.2271519830363741, 1.5244815026081495, 0.2633766272217777, 467282000000, 
-0.06345825048119022, 0.008913482432595984, -0.06344173196886732, -0.008874225086470903, 0.09806613605774264, -0.0904922478157561, 1.4989744101327052, 0.23128287336127362, 1.5341069038624082, 0.26681726059392774, 467382000000, 
-0.03526347644578897, 0.0033918635657976676, -0.03529159773997265, -0.008277181768455447, 0.09909288219704945, -0.08352952891203627, 1.5080656379106174, 0.23517495228428995, 1.5437644006368625, 0.2701562157485726, 467482000000, 
-0.07136491369718077, -0.010318014613081877, -0.07132891188604122, -0.010047292217445795, 0.10020305866851267, -0.10026931663517182, 1.5172051572484717, 0.23898941238523924, 1.553449889294165, 0.27340775316444615, 467577000000, 
-0.0661813202994926, 0.004739700091406793, -0.06618645706212835, -0.00896394846487775, 0.09879416601464172, -0.09073358100466433, 1.5264074688052045, 0.24274017307687834, 1.5631655743351893, 0.2765691789321364, 467672000000, 
-0.04818202927085522, -0.05291325662943665, -0.04819999658660673, -0.008027734012098563, 0.10419639234866035, -0.07704426066150433, 1.5355733255099708, 0.24637023052554188, 1.5729080218584814, 0.2796432137797516, 467777000000, 
-0.05977021889404549, -0.030254894474506605, -0.0597586715080277, -0.008212624876624035, 0.10184166599914582, -0.08064110888261507, 1.545306188082675, 0.25012328984831705, 1.5826744035973344, 0.28263886273423705, 467877000000, 
-0.06739999145540024, 0.04536968920897476, -0.06739236537438104, -0.007988529873575397, 0.09585726224352112, -0.08333776373959953, 1.554937618968942, 0.2537521513195805, 1.5924657266540718, 0.2855538271880133, 467972000000, 
-0.15572793470104548, 0.11983232551825138, -0.15563977568666937, -0.0658917113957256, 0.08587796824167405, -0.7672714288057677, 1.5638567995748947, 0.2570298967658192, 1.5990337012741656, 0.2874447479607188, 468072000000, 
-0.018218426145895545, -0.020882036929521543, -0.018355571261440107, -0.03125274451636302, 0.09127831385573192, -0.3423895906508408, 1.571922153199911, 0.259917848047439, 1.6090416296296859, 0.289848215474683, 468172000000, 
-0.06395385856411186, -0.025337562929426995, -0.06390834968048115, -0.0072539150499012035, 0.10489163015872865, -0.06915628100091609, 1.5808651978234844, 0.26236759232054035, 1.6191308659019603, 0.2918188918115131, 468272000000, 
-0.04012904832231149, -0.06408679114862645, -0.04015277971227792, -0.02111408030619309, 0.10326236258315057, -0.20447024238082168, 1.5910434762798127, 0.2647789436425653, 1.629213116754929, 0.2935401379513241, 468367000000, 
-0.04773425162830412, 0.05961594558489153, -0.04772668668631458, -0.015384620925349046, 0.08507367844565764, -0.1808387882883923, 1.601038543228694, 0.26707406856093935, 1.639324138580642, 0.29508810236769545, 468463000000, 
-0.07626378055543216, 0.009935570318413165, -0.07623529850556392, 0.011883603872776696, 0.09934924320901184, 0.1196144378047839, 1.6093375600691961, 0.26880312383983834, 1.6494346967662599, 0.2964951537358026, 468565000000, 
-0.027400573271312068, -0.17791366341450532, -0.027449312062189153, 0.012918965572234627, 0.0767499650407049, 0.16832536100026835, 1.6190892527037328, 0.27065250205298796, 1.6595129093694159, 0.2979473386909796, 468665000000, 
-0.05038560494094814, -0.000543750977164071, -0.050362711674336834, -0.010293635726882506, 0.10087356671891494, -0.1020449267503925, 1.6267574483735507, 0.2722019545660516, 1.6695989541511, 0.29948977708397545, 468760000000, 
-0.027961097888275874, 0.0145820822867752, -0.027983454644854917, -0.010159336315443333, 0.09762496473196502, -0.10406494223415472, 1.6364307411720405, 0.2743295818828701, 1.6796875429357638, 0.3009922813395912, 468860000000, 
-0.04321885942094994, -0.028743447602969822, -0.04320365352260892, 0.006646925662006925, 0.10351091199238449, 0.06421473382918269, 1.6461818954346572, 0.2763721278690884, 1.6864162093216293, 0.30198047797369837, 468960000000, 
-0.07373038053682601, -0.04992908218654686, -0.07369991490432566, -0.006455518098073625, 0.09728041250186717, -0.0663598964277595, 1.6561854570984609, 0.278357075874305, 1.6965053203411866, 0.3034820864840176, 469055000000, 
-0.024247739360128605, 0.005069687163771014, -0.02429709199176803, -0.014093090814174704, 0.09878743471027825, -0.14266076303637837, 1.6657309971641363, 0.2803138676251668, 1.706616107696824, 0.30494027072128327, 469155000000, 
-0.05186572264051443, -0.01859528281932292, -0.05183820845751752, -0.006003158534096096, 0.10193964486146423, -0.058889341259275294, 1.6753730367149116, 0.282223679055831, 1.7167546249046333, 0.30627362509406936, 469236000000, 
-0.05711005210299936, -0.012043609859137968, -0.057104790376234185, 0.00015695984426975987, 0.10074877131942991, 0.0015579330865694574, 1.6854314311593825, 0.28406808145492946, 1.7268885239302403, 0.30751126486754515, 469348000000, 
-0.05254454018820865, -0.02791457421085217, -0.05254909083864305, -0.00817290540916021, 0.1001700308300198, -0.0815903253841356, 1.6952677520913697, 0.2858118283266212, 1.7370277539249963, 0.3087133837015163, 469448000000, 
-0.07227768504099842, -0.003700380739975282, -0.07225799531015342, -0.007959609646656218, 0.09978779182175565, -0.07976536509469959, 1.7052279340828653, 0.2875790361321622, 1.7471773071741763, 0.3098463778029915, 469548000000, 
-0.04323858892369691, -0.08031991772217915, -0.043267549074500755, -9.058477665348654e-05, 0.10631962696188044, -0.0008520042746760631, 1.7150287748580166, 0.2892348024091166, 1.7573277323594099, 0.31091571870243767, 469648000000, 
-0.0391070730964501, 0.009101836363254272, -0.039111225470282125, -7.82960871574139e-05, 0.10000393306400834, -0.0007829300784330137, 1.725529335554708, 0.2909231780029756, 1.7674767647515044, 0.3119678343520372, 469743000000, 
-0.05544421463532828, 0.0056114431783764514, -0.05542791382889257, -0.0055366794460315555, 0.10009741159768323, -0.05531291326777627, 1.7354382989610866, 0.2925155648470855, 1.777630547723369, 0.3130014872597951, 469843000000, 
-0.05259498229205431, 0.021216531467571725, -0.052597809156363015, -0.0030087373586590157, 0.09872284539330908, -0.030476606976554306, 1.7453254749240525, 0.2941035987848827, 1.7877885600890984, 0.31399246247209883, 469944000000, 
-0.06196722694151563, 0.025246040956663877, -0.06195787565257558, -0.0001190718725686883, 0.09923357499158135, -0.0011999151756730518, 1.754978840732276, 0.29559935808603877, 1.7945616438506649, 0.3146355641722847, 470044000000, 
-0.05321794004980815, -0.005552117204979259, -0.05322666184762447, -0.003401162461430264, 0.10006082083620237, -0.03399095103365084, 1.7648058254620387, 0.2970917176243695, 1.804718716465941, 0.3155905672985106, 470144000000, 
-0.04801965554450199, 0.014805240937054036, -0.048024851684830165, -0.004135793501113568, 0.09943573125449624, -0.04159262921824751, 1.7747986909204911, 0.2986080065852716, 1.8148816739354081, 0.31652247253864996, 470239000000, 
-0.05220418939168981, -0.008693366255419445, -0.05220001782661245, -0.0019301244960806434, 0.10031510090983892, -0.01924061759969118, 1.7846283668132346, 0.3000650186266793, 1.8250503178281765, 0.31741588386947545, 470339000000, 
-0.08216832120022899, -0.016436124771922602, -0.08213841216958939, -0.001926484555114696, 0.1003098309353096, -0.01920534146206564, 1.7945078452599572, 0.30148749628027494, 1.8352183534004756, 0.31827892383326856, 470434000000, 
-0.08827698854792725, 0.010623890394649062, -0.08827086145551034, -0.003653356512579191, 0.09979201949759012, -0.03660970617662884, 1.8044147573526026, 0.3028945708554779, 1.8453883371952884, 0.31911938587225747, 470534000000, 
-0.08355377571971734, 0.01844757382263927, -0.08355848256861766, -0.0025287522596071092, 0.09927915893132823, -0.025471128954227512, 1.8142874750845837, 0.3042774824207521, 1.8555610264573112, 0.31993021800334115, 470629000000, 
-0.04603660005996746, 0.012826625523670348, -0.04607404620130207, -0.0006905745761157622, 0.09966864036331151, -0.006928704691851761, 1.8242048718389134, 0.3056297031405912, 1.8657342734984168, 0.3207161566094273, 470729000000, 
-0.04462081184315276, 0.016422984543029224, -0.044622261697194174, -0.001735337514805534, 0.09990853220764145, -0.01736926242894806, 1.8340665380638566, 0.3069485597948906, 1.872516799797076, 0.32123199376390155, 470829000000, 
-0.06794845205534111, 0.021342444571602823, -0.06792517198914466, -0.0018717165811213228, 0.09963454051439648, -0.018785820373717416, 1.8439075221941257, 0.3082577128211884, 1.8826917244842747, 0.32199107512691577, 470929000000, 
-0.06429516433684702, 0.0007107664735784081, -0.06429878637085111, -0.0011113928692404137, 0.09998322741726012, -0.011115793097998691, 1.8539318588177014, 0.30957365308141105, 1.892868401498937, 0.3227310156707625, 471024000000, 
-0.0309930887832455, 0.028235141027486498, -0.031026327431860713, -0.0007140827319593, 0.0996960851351058, -0.007162595512066414, 1.8637858169742745, 0.31084813276321827, 1.9030448945419942, 0.3234561320920751, 471119000000, 
-0.020076442282079304, -0.021529240841707178, -0.020087369972314473, -0.0019483128093154107, 0.1001717514621874, -0.01944972290966536, 1.8735769724687494, 0.31210349907660667, 1.9132218752880878, 0.3241702050224566, 471219000000, 
-0.02825828455569215, -0.021975001288318665, -0.028250129714213708, -0.0017252649131281675, 0.10042103613794821, -0.017180313801564186, 1.8835838929095006, 0.31337930469261427, 1.9234009076156773, 0.32486966343858287, 471320000000, 
-0.07365710486275244, -0.00832982070214029, -0.07361178822191493, -0.0010138025918101528, 0.10014572028411999, -0.010123274254096214, 1.8935264585596405, 0.314627122087605, 1.933580530049489, 0.325553540907746, 471416000000, 
-0.0322892203316861, 0.0019853609868671724, -0.03233045972422564, -0.0011448681607405733, 0.09998398177069448, -0.011450515777279601, 1.9035993811632776, 0.31587377046846093, 1.943760819164956, 0.32622501739413545, 471511000000, 
-0.07374405040507725, -0.026883183387472382, -0.0737027190884553, -0.0018008540580970649, 0.10031532057038214, -0.01795193443890327, 1.913394122959594, 0.31707578798513025, 1.953942130207782, 0.3268832877862298, 471611000000, 
-0.06253175891632123, -0.0406247414818962, -0.06254290682071788, -0.001424069998470998, 0.10071959351193971, -0.01413895696771436, 1.9233221308737147, 0.3182827665563215, 1.960730177152411, 0.3273139108854706, 471711000000, 
-0.08052210537290863, 0.008741681785713632, -0.08050416146356601, -0.0006820970236059422, 0.09987961103317172, -0.006829191829545733, 1.933661986968184, 0.31952104499367334, 1.970912364196801, 0.327950137157664, 471811000000, 
-0.041954848828368654, -0.00214520086490813, -0.04199332046189909, -0.0010415615188938468, 0.10002303590351368, -0.010413216410453487, 1.9433140132030724, 0.3206626486329467, 1.981094515100241, 0.3285772977010693, 471906000000, 
-0.04720851209803431, -0.018574894546944113, -0.04720330688009841, -0.0011418410819034877, 0.10019703941831146, -0.011395956293044034, 1.953190441812984, 0.32182413611559835, 1.9912775064598283, 0.32919525430592456, 472006000000, 
-0.07241333004893874, -0.02427442885933003, -0.07238816984076929, -0.0008214650534371491, 0.10027808150629515, -0.008191870457609223, 1.9631524738135782, 0.32298523511933513, 2.001461129685248, 0.3298036008791951, 472091000000, 
-0.06526832509361238, 0.010352928340463247, -0.06527543005500788, -0.00033608740586128365, 0.09991779077998347, -0.0033636392802292824, 1.9730731597239703, 0.32413005008407636, 2.011644393159677, 0.3304047598998771, 472186000000, 
-0.05512841398792837, 0.003154143786254526, -0.05513854009139693, -0.0007029945579730276, 0.09999704866903884, -0.007030153062814235, 1.983085456550513, 0.32527716587109773, 2.0218280754960425, 0.3310006273045992, 472286000000, 
-0.04846199201591992, -0.0021413234326673543, -0.048468654694668455, -0.0006403333902145372, 0.10001843354317472, -0.006402153758368212, 1.9930055082639841, 0.32641030011542194, 2.028617510819936, 0.33139407534034515, 472386000000, 
-0.057763005304930684, 0.016436413312727563, -0.05775372901011216, -0.00026021630076127766, 0.09989728119986394, -0.002604838666636626, 2.0031072310465468, 0.32755700421821654, 2.0388020286431243, 0.331978652736929, 472486000000, 
-0.07834306522453396, 0.016871514406097157, -0.07832251640462151, -0.00032747377436217687, 0.09996030240666652, -0.0032760382519644825, 2.0128439467063286, 0.3286558609017502, 2.048986433124811, 0.33255779297123006, 472586000000, 
-0.042934222218463686, 0.0184283999558801, -0.04296953913064624, -0.00046665656014511776, 0.0999459239434543, -0.004669090461449281, 2.022800593323847, 0.32977696159831815, 2.059171157749137, 0.3331319853008901, 472681000000, 
-0.07208266211849707, -0.011523629840641238, -0.07205360663782608, -0.0006505324529240057, 0.10005893081042364, -0.006501493146639106, 2.0327245993810297, 0.33089108590671373, 2.0693565292871976, 0.3337002767470067, 472781000000, 
-0.07900142551465937, -0.0005195807296421203, -0.07899449085300561, -0.00040003316505456084, 0.1000028306747347, -0.004000218417373535, 2.0426108934505978, 0.3319963047770405, 2.079542006168585, 0.3342627112747402, 472882000000, 
-0.04299576436034887, -0.014114490642003685, -0.04303169046757167, -0.0007012264467883173, 0.10005917335507011, -0.007008117529613644, 2.0526089461014547, 0.3331074775963076, 2.0897277772679788, 0.33482008261950585, 472977000000, 
-0.03738974842774999, 0.02340743176740999, -0.03739537870144903, -0.00039913987695477314, 0.09984280871073606, -0.003997682778648171, 2.06262087132168, 0.33421611117276795, 2.0999139877985438, 0.33537164501930794, 473077000000, 
-0.051667746684050574, 0.012895584671616401, -0.051653502415368216, -0.000372482442718246, 0.09995689783991236, -0.00372643059926491, 2.072417696437561, 0.33529393364704535, 2.1101004035368702, 0.3359171047614503, 473177000000, 
-0.045249432960536726, -0.024548161914951627, -0.045255823720680814, -0.0006482598592696374, 0.10009447796236216, -0.0064764797465989895, 2.082401863276423, 0.33638837985094866, 2.116891491902862, 0.3362777473895378, 473277000000, 
-0.04390006028201119, 0.004515318963006471, -0.04390141289756977, -0.0003887037234514032, 0.09997557203135014, -0.0038879869907572444, 2.092399641230696, 0.33748052709721865, 2.127078171405005, 0.3368149759730225, 473377000000, 
-0.07861805600773081, -0.017422360713219856, -0.07858340817454698, -0.0005223380455888132, 0.10007061562213704, -0.0052196945361178, 2.1023750013939484, 0.33856365995670656, 2.1372649708710076, 0.3373479503521541, 473472000000, 
-0.03791830966304298, 0.01165135015651634, -0.037958892884544834, -0.00021422037107867852, 0.09994098070647964, -0.0021434687709122073, 2.1121969192512577, 0.339626253103837, 2.1474518517758816, 0.33787719572233094, 473567000000, 
-0.033748927578526926, 0.017822854315506557, -0.03375312876422866, -0.00020021629471819017, 0.09996745246755977, -0.0020028148139832006, 2.1221339380251525, 0.34069612175568253, 2.15763895540358, 0.33840304251665426, 473667000000, 
-0.07594406616747962, 0.004008237677257505, -0.07590195905806564, -0.00016853796646772382, 0.09999439527070109, -0.0016854741309396807, 2.1321358925200755, 0.3417708131697838, 2.1678261616637444, 0.3389253847719963, 473767000000, 
-0.0797278066842757, 0.0013885925091052817, -0.0797239877124479, -0.0001824866119311166, 0.09999497658514532, -0.0018249577945121072, 2.1420839245915397, 0.34283768308521173, 2.178013363807006, 0.33944501265658344, 473862000000, 
-0.05443227330013584, 0.003974469844367067, -0.054457513765299066, -0.00017347204829377814, 0.09999341718957422, -0.0017348346838162178, 2.152016583877373, 0.3439012100456489, 2.1882007076922463, 0.3399621936588711, 473962000000, 
-0.05106868260874497, 0.02955504070728393, -0.051072064145163694, 3.409315299939164e-05, 0.09995115569590282, 0.00034109813700522506, 2.1619212421973386, 0.34495991266952464, 2.198388219122068, 0.3404769877434913, 474062000000, 
-0.050329759537080736, -0.027331551234403086, -0.05033049985039147, -0.0005982914897145708, 0.0999953627090962, -0.005983192355180552, 2.171834266293497, 0.34601777893573155, 2.2085758562185873, 0.34098911404342075, 474162000000, 
-0.0398529115260314, -0.008773678827693157, -0.03986336768569877, -0.00037054083154115195, 0.10005262355419457, -0.0037034594234347544, 2.181961856282297, 0.3470988846399872, 2.2153677353677064, 0.3413287977324046, 474257000000, 
-0.07213311909027852, 0.009087064614110268, -0.0721009133465948, 0.003162186353452872, 0.09992364323196683, 0.031646027418276206, 2.1917366114140844, 0.34813630388207495, 2.2255547491581167, 0.3418362929014171, 474357000000, 
-0.038873065856964234, -0.009245078742910187, -0.03890622672742319, 0.0019069932529938989, 0.09960680884836169, 0.019145209800838475, 2.201679672989099, 0.34918796219000997, 2.23573545116002, 0.3423642795410191, 474452000000, 
-0.0241592261059993, 0.00370185398546146, -0.024173943252616494, -6.340494510700706e-05, 0.10006998022088144, -0.0006336060521552542, 2.2115827084505333, 0.3502670924466945, 2.2459156717906805, 0.3429191067083226, 474552000000, 
-0.061612781456721374, 0.027147178806438084, -0.061575417072496835, 0.001469099161105389, 0.09996243444700251, 0.014696512437222278, 2.2216669359693006, 0.35138548805801745, 2.2560991785434754, 0.34348505587928885, 474652000000, 
-0.06179788602347424, -0.01728402397037785, -0.0617976634240258, 0.0010131790709859956, 0.09970555369845067, 0.010161711493526758, 2.2314915394453103, 0.35247446633315316, 2.2662815265517002, 0.34405906907594824, 474747000000, 
-0.09183786725555367, 0.029819787570781464, -0.09180788631108977, -0.0002812874632236338, 0.10031329953160849, -0.0028040894331763135, 2.241361458014473, 0.3535829842913729, 2.276464563628997, 0.3446406625232265, 474848000000, 
-0.06119864118834491, -0.011294804344888056, -0.06122918848018757, -0.0013593543366729934, 0.10004479775685873, -0.013587456491007807, 2.2513301122991023, 0.35471279704321096, 2.2866490299714677, 0.34521995587793985, 474948000000, 
-0.040300212323685455, -0.005546825268324597, -0.040321098912211584, 4.908392429406532e-05, 0.10007049199727429, 0.000490493484287079, 2.261447992046541, 0.35585663800950545, 2.2968334498702077, 0.345792692651868, 475043000000, 
-0.04259699088795987, 0.011510900378963818, -0.04259471914994014, -6.635061654623803e-05, 0.10000834787637577, -0.000663450781411334, 2.271281274264893, 0.3569545496668296, 2.3036230266302256, 0.34617412582111606, 475143000000, 
-0.06491760274934037, -0.026363441655031603, -0.06489532397564118, -0.0008121522067136266, 0.10002535978341755, -0.008119462988907611, 2.2812020363951744, 0.35806271465985606, 2.31380738410981, 0.346744904641109, 475238000000, 
-0.06741891673934147, -0.012289130471026737, -0.06741639753410883, -8.170003215556851e-05, 0.10009262120855632, -0.0008162443062144972, 2.291097360338081, 0.3591673673632254, 2.323992371248648, 0.34731197812521597, 475338000000, 
-0.03464585801067706, 0.01680647628700141, -0.034678562500016906, 0.0007418711105503572, 0.09997220703349383, 0.007420773558613217, 2.3011457202274466, 0.36028089001755026, 2.3341765146203954, 0.34787769096463816, 475439000000, 
-0.04392503871562142, 0.014241016926487937, -0.04391581033385862, 0.0004021804687169051, 0.1000975725031616, 0.004017884336847451, 2.3110033982297984, 0.3613724675710205, 2.344359533493909, 0.34844738574465356, 475539000000, 
-0.09122255107902628, -0.012058361702939054, -0.09117533829205404, -0.00012095215573948677, 0.0999503085988611, -0.0012101228844116343, 2.320959226026504, 0.36248232986445844, 2.354542813261787, 0.34902143414679, 475639000000, 
-0.06517697936826637, 0.028247419295931202, -0.06520292494349524, 0.0008000118298255968, 0.09994998205259857, 0.00800412179568568, 2.3309411381019554, 0.3635991583882873, 2.364725746349685, 0.3495981154928971, 475734000000, 
-0.07210153977867365, 0.01225020182671063, -0.07209465425963084, 0.0006536787985105682, 0.10007892564520601, 0.006531632851734962, 2.3409105179399305, 0.36471336657044456, 2.3749082596286133, 0.3501795411577196, 475829000000, 
-0.05174752117797402, 0.04050383323513361, -0.051767826996165084, 0.0003414939952794711, 0.10025931423498882, 0.003406107431366166, 2.350761764953304, 0.3658223832625984, 2.385091016096796, 0.35076530373830267, 475929000000, 
-0.04823971535015479, 0.02467541768660456, -0.04824323592507612, 9.061386322843342e-05, 0.10008273239450105, 0.0009053895818037449, 2.36072556730258, 0.3669505962112067, 2.3952741236309105, 0.3513519763787625, 476034000000, 
-0.058467236205635265, -0.043655068938332396, -0.05845703211648885, -0.0002059874227989059, 0.09995377902036584, -0.00206082676230716, 2.3708586568108503, 0.3681014713888961, 2.4054570375598123, 0.3519387407187489, 476135000000, 
-0.03304308965098565, 0.0449271893938132, -0.03306845231965004, 0.00041576453231369106, 0.09990506519778802, 0.0041615961261881685, 2.3807520221132576, 0.36922604115213703, 2.4122455728599324, 0.3523308437300707, 476225000000, 
-0.03371602238821611, 0.021095524724554175, -0.033715375764611984, -7.5866339987974445e-06, 0.10009204114240261, -7.579657595356473e-05, 2.3906418001204113, 0.3703481529134537, 2.4224286415920986, 0.35291913429163424, 476330000000, 
-0.10707831062096636, -0.0033364914315198845, -0.10700509372379094, -9.52935416593143e-05, 0.09999983474666686, -0.0009529369913532839, 2.4005125613643066, 0.3714722480499935, 2.432612202988379, 0.35350593620621745, 476430000000, 
-0.04165465495674994, 0.006900497978398274, -0.041719873963017934, 6.931742002716551e-05, 0.0999841532693172, 0.0006932840631300062, 2.4104208559045315, 0.37260054115852786, 2.4427955986444023, 0.3540912880060626, 476530000000, 
-0.030523724718225204, 0.019425278265360616, -0.03053489810211285, 0.0002794082268422717, 0.1000094368710572, 0.0027938186193620356, 2.4204852239222734, 0.3737456398634906, 2.4529787712808653, 0.3546761103102203, 476625000000, 
-0.05983140490906788, -0.009234093305031884, -0.05980216655206599, -0.00018458688231209658, 0.09997843417263591, -0.0018462669858718191, 2.4303531805410183, 0.37486909550013403, 2.463161910389447, 0.3552614641644721, 476725000000, 
-0.06484231586421764, -0.0013293960221662546, -0.06483728517051056, -0.0001061745893226616, 0.09999856655267547, -0.0010617611130128834, 2.4403027346872403, 0.3760046325979692, 2.4733451731309914, 0.3558467546462912, 476825000000, 
-0.06361410266500363, 0.008467042143983885, -0.06361532276318681, 0.00020032647811146575, 0.09998667908722687, 0.0020035316698207763, 2.450234861487165, 0.3771363210064325, 2.483528273911495, 0.3564318117127092, 476920000000, 
-0.05821311060543664, 0.042782952562034814, -0.05821850139451684, 0.0004866567665280238, 0.10007915949757692, 0.004862718361856411, 2.4601919357758226, 0.3782697845686762, 2.493711366649307, 0.3570175605400046, 477021000000, 
-0.059838507619681014, 0.005848327920607447, -0.0598368902841617, -3.905471757168056e-05, 0.10002857367093815, -0.00039043561392925613, 2.470018082391853, 0.3793903454503531, 2.5038945883301404, 0.35760364977416054, 477116000000, 
-0.06486994567119858, -0.004967861857395746, -0.0648649220645576, -1.201506406524118e-06, 0.09999918413982431, -1.2015162092163733e-05, 2.4799496179059783, 0.38052775408098566, 2.510683375446648, 0.35799407802728317, 477216000000, 
-0.06233523257230611, -0.009959581157416778, -0.062337756558829754, 1.5108962728154656e-05, 0.09999358517478257, 0.00015109932003883178, 2.4899674775971374, 0.381674653376643, 2.5208664864097647, 0.3585798847161544, 477316000000, 
-0.05355279541692878, 0.004812080693344203, -0.05356156222576673, 1.8150910600842025e-05, 0.09999900297678563, 0.00018151091571438655, 2.4999412374154644, 0.3828164918013245, 2.5310494246433466, 0.3591665141200742, 477411000000, 
-0.04601421875700594, -0.007895221245409763, -0.04602175051504679, -0.00023985367056277146, 0.09999970882847704, -0.002398543689503904, 2.509829155273933, 0.38394865465460004, 2.5412325396888558, 0.3597534247846269, 477511000000, 
-0.05546818393883393, 0.028308957556570855, -0.055458755901702614, 0.00023594773409950698, 0.0999312816859409, 0.002361099849004558, 2.519740778467292, 0.3850837106090862, 2.551416049572593, 0.36033922246151945, 477611000000, 
-0.06992142426581961, 0.0019009555107945067, -0.06990698989228608, 7.261776592969852e-05, 0.09999978914979865, 0.0007261791904472703, 2.5296614088990035, 0.3862173979092635, 2.5615993643894535, 0.36092404253691845, 477706000000, 
-0.0693790955507033, -0.007208200971293165, -0.06937962168792877, -8.131285642784022e-05, 0.0999902115451239, -0.0008132081647926617, 2.5396586651137336, 0.3873622293510435, 2.571782576535507, 0.36150877898851447, 477806000000, 
-0.06023580976895578, -0.010460639099690002, -0.060244934650381665, -0.00013466611514224687, 0.10000540584320809, -0.0013465883569672326, 2.5495646979116886, 0.388497346151537, 2.581965847280534, 0.36209333747196254, 477907000000, 
-0.06238927425143163, 0.005558233208650234, -0.06238713359452957, 0.000132679940850316, 0.09998804107938411, 0.00132695809836875, 2.5594756225887982, 0.38963220879610766, 2.5921490960828573, 0.36267779988815574, 478002000000, 
-0.05851088842540424, -0.01618299045110467, -0.058514756316486234, -0.00019192797219243666, 0.09997510094072104, -0.0019197577235379626, 2.569417262381329, 0.3907692383539112, 2.6023322819306784, 0.36326265307741157, 478102000000, 
-0.07181610459236691, 0.009673816925649193, -0.07180282918537272, -3.10022063652783e-05, 0.09998162029668159, -0.0003100790552631929, 2.579447925023499, 0.391917795637658, 2.612515610902382, 0.36384726278220275, 478207000000, 
-0.05588822382009481, -0.018803330139115136, -0.05590410597401033, -0.00016702745973359252, 0.10000251411158192, -0.001670232605824537, 2.589274046916149, 0.39304100383629104, 2.6193045649583517, 0.36423652338342793, 478303000000, 
-0.055326173454514724, -0.010491469107522756, -0.055326749676498824, -6.330450410442472e-05, 0.10001531102473579, -0.0006329481301994677, 2.599205512523767, 0.3941759437871886, 2.6294878688592336, 0.36482029482673833, 478403000000, 
-0.07113669537147982, 0.022351027280853076, -0.07112091642357725, 0.00017866653829596167, 0.09998495098276935, 0.001786934299010175, 2.609098527067654, 0.39530481756556146, 2.639671045776539, 0.365404318814201, 478503000000, 
-0.08806799310265273, -0.017581550536241674, -0.08805107911229186, -0.00015287545098703777, 0.0999642538754781, -0.0015293011757729843, 2.6191510293986537, 0.3964512509649093, 2.6498543800459764, 0.3659883214495888, 478598000000, 
-0.07608712032128813, 0.011319765329056056, -0.07609905953525475, 0.00017730953061584418, 0.09997416798337683, 0.0017735534507806684, 2.629076369649111, 0.3975849968695139, 2.660037535528756, 0.36657244962967034, 478698000000, 
-0.0733021378746997, -0.043561430886575395, -0.07330492848102048, -0.00036330392451432375, 0.0999193020432315, -0.003635973401386803, 2.6388975540413, 0.39870532816229914, 2.670220671814599, 0.36715708880017384, 478799000000, 
-0.03488525989764132, 0.009739746828304105, -0.034923602181784995, 0.00017347296182628757, 0.09995900549112793, 0.0017354410537996452, 2.648845769664228, 0.3998419120721062, 2.680403774671981, 0.3677423527458611, 478894000000, 
-0.07732419267617069, -0.03864874102252482, -0.0772818763240001, -0.00043250674393875666, 0.09993265144869515, -0.004327982272748994, 2.658860621676348, 0.40098241834760956, 2.6905868765254484, 0.36832824098351336, 478994000000, 
-0.04051250070100517, 0.001176913253033276, -0.04054919595868797, 3.0150735359080073e-05, 0.09999102227511864, 0.0003015344245218569, 2.6687085689307897, 0.40210565692404127, 2.700770040366025, 0.3689140634954792, 479094000000, 
-0.03761594871735593, 0.003526250123355837, -0.037618875706272266, 4.124193828682918e-05, 0.10000104540751299, 0.0004124150714501502, 2.6786639653049757, 0.40323682691917445, 2.7109531769624278, 0.36950007643499166, 479189000000, 
-0.04617586512078528, 0.03605417881903652, -0.04616732481974434, 0.00044717816018297876, 0.10001077561445494, 0.0044712997918030985, 2.6886953505661966, 0.4043769381759193, 2.7177418863569236, 0.3698907993929934, 479289000000, 
-0.03769264596295552, -0.016466861521306803, -0.037701103289139976, -0.00011365544835511432, 0.09992554987572638, -0.001137401280217755, 2.6985706261332734, 0.40549972739357526, 2.727924864040295, 0.3704775031574029, 479389000000, 
-0.04249826564849412, -0.012344171538606459, -0.042493477676197156, -3.1933357063969795e-06, 0.10001093381263759, -3.192986591225551e-05, 2.7084504386044475, 0.40662747380371694, 2.738107824999988, 0.37106494291721115, 479489000000, 
-0.06612495174235171, 0.01012229262781549, -0.06610136699183525, 0.00024127557631975876, 0.09999543794602622, 0.0024128658394394977, 2.718383353110684, 0.40776014385409953, 2.748290532937212, 0.37165348674411525, 479589000000, 
-0.05594808631703851, -0.026505082479615444, -0.05595821868660132, -0.0002334940410047743, 0.0999323594532992, -0.002336520845521432, 2.7283432947430044, 0.40889586609188416, 2.7584732033807255, 0.37224348911497696, 479684000000, 
-0.05397614162400205, 0.042562124689032914, -0.05397811918817189, 0.0003180766447458048, 0.09989983166013625, 0.0031839557630879297, 2.7383128930706624, 0.41003512752077553, 2.7686562109615918, 0.37283410176630793, 479784000000, 
-0.021528132270211803, -0.03327600602415364, -0.021560516990261937, -0.000341545649284809, 0.09989046080248298, -0.0034192018591260634, 2.748167833355046, 0.4111589498977556, 2.7788391710728195, 0.3734241381307859, 479879000000, 
-0.03885486593335685, -0.015106259193595855, -0.038837605855917445, -3.062150166568966e-05, 0.1000497018582638, -0.00030606289770927905, 2.7580966069439334, 0.41229436496832783, 2.7890220073030383, 0.3740140978768045, 479979000000, 
-0.03844982094548895, -0.0002674214673047204, -0.03845020757144589, -5.104472671666722e-05, 0.10000154466245358, -0.0005104393826011809, 2.7680800496518203, 0.4134325753923241, 2.799204955325383, 0.37460460858504635, 480074000000, 
-0.06655681741921095, 0.006151655892934877, -0.0665287664966632, 0.00012073876040886892, 0.09999526644107677, 0.0012074447591978313, 2.7780571591874264, 0.4145697529180221, 2.805993553106443, 0.3749981501128616, 480174000000, 
-0.04434134559189018, -0.0004349944105720621, -0.04436348809175563, -1.218899398973032e-05, 0.09999522146016009, -0.00012189576473498422, 2.78795113536082, 0.41569694303068233, 2.8161763280499104, 0.3755888037579711, 480274000000, 
-0.02392061252022696, 0.0102846614294253, -0.023941014174358316, 0.0001660036929628716, 0.0999965729623235, 0.0016600938216694498, 2.797839613049071, 0.41682470979711367, 2.82635918349006, 0.3761795719616432, 480374000000, 
-0.0414744132068634, -0.012309636177743551, -0.04145691454884702, 9.264691825357088e-06, 0.09997744925314611, 9.26678155380679e-05, 2.8078092638138563, 0.41796161348194355, 2.836541950764031, 0.3767707966770522, 480474000000, 
-0.03812221393513269, 0.0009487238667004958, -0.038125541564175074, 5.879357909782018e-05, 0.09999904801900374, 0.0005879413880684854, 2.8177879398176953, 0.419101228698334, 2.8467244732257164, 0.37736315274865356, 480574000000, 
-0.046543097177720136, 0.021803308616203297, -0.04653469603768476, 0.00025437304737081274, 0.10001072127537151, 0.0025434577825952974, 2.827678919938174, 0.42023092237021137, 2.856907090377376, 0.37795643347960817, 480669000000, 
-0.0512548285594325, 0.03477226189746076, -0.051250117371362286, 0.0003950128626892631, 0.10008495543238748, 0.003946775626593695, 2.837630142393076, 0.421368088575371, 2.8670897172701344, 0.378550264219773, 480769000000, 
-0.09959330948828163, -0.0776765507505144, -0.09954506243417324, 0.06717165126659029, 0.09804666782846802, 0.6850987672942301, 2.847566610817846, 0.42250613492068867, 2.877223597161808, 0.37919070618619877, 480869000000, 
-0.052574934797146665, -0.06099951745686891, -0.05262181529787803, 0.023772709803185323, 0.04727439684822951, 0.5028664856265774, 2.8573449312905517, 0.423630641617572, 2.8872642122657006, 0.38030350448559475, 480964000000, 
-0.01982453750876189, 0.019866431098021903, -0.019857264424043897, 0.024773080756635712, 0.09176787083489675, 0.2699537488584208, 2.861976837592397, 0.4244892292553181, 2.897253733319395, 0.38190322165878166, 481064000000, 
-0.0785080401543722, 0.0642638300134909, -0.07844950484708059, 0.043447575741974574, 0.10530972166975912, 0.4125694670262436, 2.8708699003401015, 0.42660267687708536, 2.9038841111487756, 0.38317339249670473, 481164000000, 
-0.06768511955537743, 0.03617082857472704, -0.06769586237880172, 0.03870670646283259, 0.098274245607164, 0.39386419324506067, 2.8811202132101528, 0.4293319354138642, 2.9137664055618555, 0.3853992862046293, 481264000000, 
0.006476413113418178, 0.16651040219982302, 0.006402394696072275, 0.02533441089655766, 0.15059654446689033, 0.16822703991144763, 2.890507079734663, 0.43225392773513827, 2.9235625808020553, 0.3879944583059846, 481359000000, 
-0.08374718173649687, -0.1641729449255329, -0.0836572196872382, 0.0027205723651505327, 0.0737192077067203, 0.03690452528971663, 2.9046131240930864, 0.43726174478587515, 2.93333521982483, 0.39081971602864696, 481459000000, 
-0.047592388632023086, 0.06466637454350833, -0.04762837789356123, 0.016913997547921677, 0.1015652600384234, 0.1665332963409231, 2.9115411463944945, 0.43985246653459487, 2.9431072838464596, 0.39372495811625485, 481554000000, 
-0.03954953258047073, 0.13332381357893372, -0.03955759303248109, 0.011846636000592261, 0.11977824977493919, 0.09890473456451268, 2.9210004298452334, 0.4434298470450299, 2.9528415237400694, 0.39671194937556936, 481654000000, 
-0.0470887346781776, 0.10691867288197554, -0.047081219085470756, 0.0006251392633993334, 0.11057140776544404, 0.0056537153323167055, 2.932229805244567, 0.4478907208746553, 2.9625585616832493, 0.39977819671332715, 481754000000, 
-0.05325577961169399, 0.01452218194042569, -0.05324961796306751, 0.007740298487437956, 0.09989572546362811, 0.07748378072749657, 2.9424103967553936, 0.45205293416271997, 2.9722623558135357, 0.40288158006754976, 481849000000, 
-0.05237166102265881, -0.01196258767701071, -0.0523725369494152, 0.017230583957838403, 0.097381452424692, 0.1769390733945289, 2.9516403348934444, 0.45583262020513393, 2.98193048291867, 0.40606362445945365, 481949000000, 
-0.08604644386705224, 0.07648065202032177, -0.08601283529227303, 0.015126814777449564, 0.11049019053339076, 0.13690640503401208, 2.9607020670508595, 0.45962564820828106, 2.991551278602402, 0.40937940698387115, 482044000000, 
-0.04900353197425962, 0.0018675637776428226, -0.049040467748865946, 0.00937109957917196, 0.09884790389002926, 0.0948032200014837, 2.970778883038975, 0.46405646602854994, 3.0011322420304922, 0.4128142839709941, 482149000000, 
-0.0452808283905753, 0.049878774317507646, -0.045284579640281035, 0.015952426844890788, 0.10293979781019036, 0.15496850765439918, 2.9797279813310564, 0.46813793087533956, 3.007497701748254, 0.4151623792820288, 482244000000, 
-0.07986520618864146, 0.029052767689630846, -0.07983069418476069, 0.014035451448608413, 0.10207349092226142, 0.13750339409178952, 2.9890658324489414, 0.4725036283743318, 3.0169988400841583, 0.41879700155365435, 482344000000, 
-0.08599831363151686, 0.006477709905223146, -0.08599215777220516, 0.008066195414224984, 0.09962245293428353, 0.08096764511054443, 2.998199552300584, 0.47694785681727697, 3.026449103942516, 0.4225669162370168, 482444000000, 
-0.08255602773118279, -0.011907314851472214, -0.08255945627193886, 0.007477521730641007, 0.0982642910112519, 0.07609602281448082, 3.0071706856124534, 0.48146574710565604, 3.03586831516054, 0.4264387294023953, 482544000000, 
-0.0844556256887074, -0.0029542253554976517, -0.08445373241765164, 0.009164976198833604, 0.0988833867427678, 0.09268469154151336, 3.015914129964798, 0.4859588129557063, 3.0452595958047413, 0.4303853576258242, 482640000000, 
-0.053922820893143854, 0.045584850886620704, -0.05395328960315131, 0.006494033428256605, 0.1034722021622459, 0.06276114060154889, 3.024651174989272, 0.4905330085141011, 3.0546190252278675, 0.4344056549034893, 482735000000, 
-0.052000748293474765, 0.0024828233557260392, -0.05200269675670391, 0.003311626680569896, 0.09987602493839463, 0.03315737368014564, 3.0338189578910306, 0.4954411647071605, 3.0639554489874685, 0.438486956685741, 482840000000, 
-0.06097121012421671, 0.0055705069174034755, -0.06096225898630802, 0.005585950499028104, 0.09988209123415676, 0.055925445993444234, 3.042579314810779, 0.500202497666406, 3.073271678911576, 0.44261445619063855, 482936000000, 
-0.0655318799174483, 0.042371989687546525, -0.06552731858947472, 0.006903666037363814, 0.10185305896912886, 0.06778064505118378, 3.0514631129677423, 0.5050691079122526, 3.0794691338812727, 0.4453959164628014, 483031000000, 
-0.08617430019817689, 0.01911180510688952, -0.08615369387783194, 0.005119898557315863, 0.10084770540560635, 0.05076861726029154, 3.0601970413984394, 0.5099182289647863, 3.0887421893861027, 0.44961603969026614, 483132000000, 
-0.05645368524613785, 0.02599162186669138, -0.05648332513478686, 0.005468839836422202, 0.10093121353444237, 0.05418383119465796, 3.068991867715924, 0.5148779122587127, 3.097993105585453, 0.4538888117009645, 483228000000, 
-0.06375089195642171, 0.0035896854268307916, -0.06374363844004362, 0.00642134596947476, 0.09971674588029734, 0.06439586363140165, 3.077817256905969, 0.5199141254771292, 3.107220869806672, 0.45821082480491604, 483318000000, 
-0.035038078329028596, -0.009902801116575042, -0.035066726072061745, 0.005414656589339267, 0.09890062127059714, 0.054748458804161515, 3.0864205814585213, 0.5248860345422245, 3.1164209664528855, 0.4625878519927877, 483410000000, 
-0.0512041280626733, -0.041918541736763286, -0.05118802265668264, 0.0035470548530251262, 0.09742485158228123, 0.03640811143581186, 3.094888355347493, 0.529852348786936, 3.125596864297214, 0.4670193873621233, 483519000000, 
-0.033351154571622584, 0.03776684494124258, -0.03336895497281217, 0.004644378393873403, 0.10111589116459643, 0.04593124127555069, 3.1032949248749655, 0.5348443393051814, 3.134751991381099, 0.4714960012972979, 483619000000, 
-0.04846623976373217, -0.0016161653790497622, -0.048451172409651536, 0.004332151411756372, 0.09964012014582474, 0.043477982618007754, 3.1120215352213036, 0.5400696055768917, 3.143886389194356, 0.4760155380845638, 483719000000, 
-0.03760256116314685, 0.013954132374164669, -0.037613387578857405, 0.0035412908477068248, 0.10037993039167291, 0.03527887331550287, 3.1205161620645847, 0.5452094297074328, 3.153001418662804, 0.48057617579436557, 483819000000, 
-0.01612514425273965, 0.02422316465480851, -0.016146589225662335, 0.003305510150691536, 0.10067521406865867, 0.03283340573219182, 3.129051625912809, 0.55042460027795, 3.162100027188948, 0.4851715253427305, 483919000000, 
-0.051761635432147526, 0.019490206494592616, -0.051726091298442134, 0.004063396556974961, 0.10043287899515795, 0.04045882780250544, 3.13770909002446, 0.5557561954904902, 3.1681570892574267, 0.4882525097449899, 484019000000, 
-0.053930222753920516, 0.00417228956799036, -0.0539280225497913, 0.0035020278442356007, 0.09995608104374508, 0.035035665741066445, 3.1462629568349745, 0.5610632015879038, 3.177227727063959, 0.4929021653499492, 484114000000, 
-0.027405377313329326, 0.01872242948842746, -0.027431846464881667, 0.0032074651629849875, 0.10048091420222705, 0.03192113834205041, 3.154671522628622, 0.5663273943310787, 3.186281831186376, 0.49758483739621323, 484214000000, 
-0.04629308460278457, 0.023779129003921564, -0.04627426071308924, 0.003429361379991236, 0.10058860224229478, 0.03409294197895994, 3.1631064829720534, 0.5716490206261476, 3.1953212492592638, 0.502297410535505, 484314000000, 
-0.04613347911605141, 0.017831122285428297, -0.04613361916477943, 0.0033255990045395483, 0.10043177897678686, 0.033113015008010616, 3.171659938008239, 0.5770833704499226, 3.204345602108197, 0.5070386294201213, 484409000000, 
-0.06412828998273512, -0.003599269463570205, -0.06411033081822073, 0.0024888275327810357, 0.09974625269210075, 0.024951589313972643, 3.1801378064452934, 0.5825106565057709, 3.213355639591549, 0.5118081039409219, 484504000000, 
-0.07789428041775179, 0.014404140901050381, -0.07788052328735409, 0.0023901325325571764, 0.10025326692611822, 0.02384094409929392, 3.188462850928406, 0.5878791345272406, 3.222352991103076, 0.5166025557002956, 484604000000, 
-0.05064602022456292, 0.01932614690713977, -0.050673199601752844, 0.0025553111540466814, 0.10034930061306366, 0.02546416505581531, 3.1969166852786923, 0.5933603675214121, 3.2313384032625647, 0.5214196928174524, 484704000000, 
-0.06975667977646138, 0.01546191641783028, -0.0697376338728385, 0.0022679528160469806, 0.10029345704800767, 0.022613168224537072, 3.2052897747306672, 0.5988177871567973, 3.240312265046666, 0.5262591382785691, 484804000000, 
-0.03130091329247342, -0.02719735189157939, -0.03133927271288357, 0.0015313812203684026, 0.09931422064773532, 0.015419556337255747, 3.2138183443006225, 0.6044074107116975, 3.2492757211657053, 0.5311188157719362, 484899000000, 
-0.02086887473439584, -0.012790060588423349, -0.020879323898293986, 0.0019355435228488, 0.09973113790809865, 0.01940761494802542, 3.22201130927185, 0.6098040376224826, 3.2552459509025544, 0.5343686461979551, 485004000000, 
-0.037254760692861016, 0.009783382572195272, -0.03723841768049131, 0.0021517312762423307, 0.10010860830420518, 0.02149396852769898, 3.230314962140246, 0.6152917316090684, 3.2641928412138093, 0.539258800447888, 485099000000, 
-0.08038855950050483, -0.02672324754137955, -0.08034549514993075, 0.0015432736061108255, 0.099357050104021, 0.015532602915395623, 3.2386240067367855, 0.6208061430464711, 3.2731296015497335, 0.5441675407561645, 485200000000, 
-0.04589539284111886, 0.0063093111111436305, -0.04592977333606422, 0.0018127629379768684, 0.10002997028865959, 0.018122198104685246, 3.2469507395998, 0.6263580036587401, 3.2820571095655717, 0.5490937996503559, 485295000000, 
-0.058227406142646515, -0.010609257518803945, -0.058215132620862156, 0.0018554572136638163, 0.09973468072917221, 0.018603931953241802, 3.2552156659840046, 0.6318873549867705, 3.2909754830834417, 0.5540365097456641, 485395000000, 
-0.0588324813495353, -0.009718671824027771, -0.058831864644990094, 0.001741772997971741, 0.09974931190453479, 0.017461503891261998, 3.2635393020846615, 0.6374777166241973, 3.299884393668301, 0.558996242008871, 485495000000, 
-0.05796524078139926, 0.02709292387685637, -0.05796610502628583, 0.0017244226905491532, 0.10041097891449295, 0.017173646838137303, 3.271797958932238, 0.6430468760294601, 3.308784480218983, 0.5639725374248434, 485590000000, 
-0.07576862946568683, -0.014272387543475814, -0.07575086194484756, 0.0013760381480915948, 0.0996989038303286, 0.013801938589348875, 3.2801602157356604, 0.6487071324686349, 3.3176765081833275, 0.5689633374998445, 485690000000, 
-0.03301089454033155, 0.01761699250215156, -0.03305354843406787, 0.001704076336285162, 0.10018598204800332, 0.017009129435579792, 3.2884301065936583, 0.6543257138820725, 3.3265605221209253, 0.5739685731411558, 485790000000, 
-0.0624686370809385, 0.00703018160212326, -0.062439280365239956, 0.001371089157341724, 0.10007220753442396, 0.013700998420266501, 3.296611636155707, 0.659900831359604, 3.33543696645538, 0.5789878329893562, 485885000000, 
-0.0609360615576969, 0.00016020400107477715, -0.060937561160672366, 0.001316659623215794, 0.09995382749545353, 0.013172678387685386, 3.3049178548233704, 0.6655813788054434, 3.341350720787438, 0.5823410298138153, 485990000000, 
0.03321279812950434, -0.29646818614628034, 0.03311883604020745, -0.046708192756743865, 0.09825712997056385, -0.47536695576938626, 3.3131749080921047, 0.6712450125038741, 3.350231682325295, 0.5873811975731816, 486091000000, 
-0.08294398948678783, -0.17212160838990562, -0.08282815320459035, -0.059342907946896034, 0.15209471507188976, -0.3901707427430779, 3.3212232876994223, 0.6767805709835106, 3.3593601074948696, 0.5921494241275888, 486186000000, 
-0.08297345317198856, 0.04770185664964878, -0.08297331305273953, 0.008631653908012817, 0.09451604059200977, 0.09132475137498008, 3.3340772108194288, 0.6847546189600301, 3.36868930482021, 0.5964635585928119, 486286000000, 
-0.0398922521599033, 0.08202377267420795, -0.03993524495620546, -0.02302603227833881, 0.10930616428639815, -0.21065630130435492, 3.3423393074910743, 0.6894467786337973, 3.3780441652092223, 0.600580532087244, 486381000000, 
-0.04830211165648518, -0.07504046530380735, -0.048293760928033044, -0.02544516056174507, 0.11083461356298703, -0.2295777442060972, 3.3518316889568567, 0.6949531138563939, 3.38746868925209, 0.6045453529299152, 486476000000, 
0.024857668240243765, -0.15637724498586358, 0.02478466573079277, 0.00668672262828623, 0.13590465436946375, 0.04920157193518945, 3.3615508827448286, 0.7003195814865306, 3.3969178242009073, 0.6083875728619854, 486576000000, 
-0.029020593991145226, 0.20251403946298205, -0.028966899098565556, 0.026303803341783175, 0.1079286184413662, 0.24371481560354727, 3.37356270153932, 0.7065964654914666, 3.406353641205597, 0.6122494281104723, 486676000000, 
-0.02912662155317177, -0.001218433642465308, -0.02912646249775134, -0.005194737738063508, 0.10153281916447085, -0.0511631389811866, 3.383054156518366, 0.711615993074441, 3.41576559696973, 0.6161810263350035, 486776000000, 
-0.03902005066493919, 0.011703585421714107, -0.039010176760741574, -0.008087780485281013, 0.09913862689185077, -0.08158051749197498, 3.3919691311882683, 0.71661056497189, 3.4251970003031147, 0.6200800905240057, 486876000000, 
-0.054476288017089786, 0.008022529642254582, -0.05446085230774335, 0.006689505585399436, 0.09981008840825098, 0.06702233904490196, 3.4006197580673123, 0.7213986457767798, 3.4314936219816654, 0.6226542348655165, 486976000000, 
-0.0346635066224166, 0.00015528469524810767, -0.03468326388157211, -0.0040359079328405436, 0.10029140054644123, -0.04024181446116773, 3.4093939721866566, 0.7261624594561592, 3.4409192610268726, 0.6265385250165231, 487076000000, 
-0.07184741321845381, 0.011885613481646917, -0.07181032299875344, -0.01470285404684557, 0.09892471932961303, -0.14862669458637812, 3.4182346817316596, 0.7310392729301203, 3.4503638341098717, 0.6304162092646765, 487171000000, 
-0.05958993501005061, -0.029290207608736393, -0.059602129883758695, -0.008294944086396014, 0.10320657540809436, -0.08037224424506437, 3.4268836335795325, 0.735764587354996, 3.4598668563211152, 0.6341938614568846, 487266000000, 
-0.046339021238450295, 0.002518797850087298, -0.0463522576293899, 0.00023579554124426288, 0.0998483784312266, 0.002361536010388729, 3.435999322404635, 0.7405711252895473, 3.469397389799091, 0.6378645198483883, 487366000000, 
-0.0613076364199524, -0.01813263100312647, -0.061292710388517996, -0.007785727099717838, 0.10018362216016824, -0.07771456982529971, 3.4448090785024728, 0.7451264666022189, 3.478945069360365, 0.6414884263890633, 487466000000, 
-0.05345546821795924, 0.005823314542437468, -0.053463289321076385, -0.008772248011775353, 0.09903031237252763, -0.08858144341478312, 3.4537725943866797, 0.749763889604563, 3.4885219758848263, 0.6450402666763443, 487566000000, 
-0.06919502555159042, -0.052919216268656935, -0.06917932411270487, -0.0006835523933355513, 0.10455596704968646, -0.006537669849208297, 3.4626304199282214, 0.7542590709913392, 3.4981182520341636, 0.6485213217916076, 487661000000, 
-0.02980723276719794, -0.07259106132508726, -0.029846526036111244, -9.5637300354359e-05, 0.10047037820528244, -0.0009518954945999265, 3.4719266386057774, 0.7588734286400439, 3.5077180277800304, 0.6519785324627433, 487761000000, 
-0.05885985248330198, 0.02588814307957711, -0.05883089678182281, -0.00523137622989982, 0.10007287089538418, -0.05227566855125683, 3.480913738633442, 0.763327088874578, 3.5141200653403417, 0.6542773654035497, 487861000000, 
-0.04206492940462864, -0.006081643699745262, -0.042081661312278265, -0.0030685282544740964, 0.10021037982392372, -0.030620862428280424, 3.4899709774162635, 0.7678143781426902, 3.5237394661409196, 0.6576940712532959, 487961000000, 
-0.08500938819697948, -0.01679522770434653, -0.08496654566050633, -0.0005038150364184068, 0.10050690431077608, -0.00501274056616615, 3.4989940344812633, 0.7722255774916787, 3.533369326139021, 0.6610752114636939, 488056000000, 
-0.0539083972148587, -0.01677460519500324, -0.05393939261282665, -0.00335976354813916, 0.10012028857036252, -0.033557269921150754, 3.5079362812250023, 0.7765633478622587, 3.5430007375076586, 0.6644391522795359, 488156000000, 
-0.032374994698287134, 0.009529850279015002, -0.032396515590862165, -0.004410639320089544, 0.0996171769746048, -0.044275891508288166, 3.5169218934032638, 0.7809166228670864, 3.552643033202431, 0.6677822658032962, 488256000000, 
-0.05774283744961288, -0.009149183149686406, -0.05771754129294797, -0.0018729198470881273, 0.10035790026737809, -0.018662405671085274, 3.5259562912712967, 0.7852562533380978, 3.562299224674175, 0.6710900310615844, 488356000000, 
-0.008061793302138139, -0.0007161199337385495, -0.008111349626027407, -0.0012512135819443902, 0.09803893900239974, -0.012762414553606743, 3.5351861064268046, 0.7896392878744953, 3.57183186530482, 0.6743249856349096, 488451000000, 
-0.08331911942165894, 0.0036169178181433602, -0.08324406183042049, -0.003249025209644371, 0.09582018324150708, -0.033907524487356316, 3.543836464755622, 0.7937270336270602, 3.5811708571907976, 0.6774694519048833, 488546000000, 
-0.01944460795405361, 0.010908055041456767, -0.019508279551373714, -0.002659543431734702, 0.09328855223373114, -0.02850878664159468, 3.55250196888028, 0.7978087197805719, 3.590303563149087, 0.6805123366576816, 488646000000, 
-0.09882238480585458, -0.002510359927840135, -0.09874322893900397, -0.0013696539288196774, 0.09127199210686442, -0.01500628941259482, 3.5609596544464748, 0.8017575527343646, 3.5962651096344795, 0.6824827831179702, 488746000000, 
0.0005408916124775868, -0.0028360534267362165, 0.0004418062955100638, -0.001946308298027679, 0.08845825740061543, -0.022002562058317666, 3.5693784051610824, 0.805659010522638, 3.604995334971655, 0.6853534410412759, 488846000000, 
-0.06660013220034938, -0.011843222539263266, -0.06653322417301084, -0.0024127876746017907, 0.08685912503850218, -0.027778171533874768, 3.5773397511445943, 0.8093337464989548, 3.6134979045047, 0.6881308320979017, 488941000000, 
-0.11590988652385563, -0.016098904508369562, -0.1158606077979893, -0.00160415206139711, 0.08597919459604052, -0.018657444617083956, 3.585203411673771, 0.8129426039012853, 3.6218671816385157, 0.6908424549509453, 489041000000, 
-0.09719613610238291, -0.004735262459361556, -0.09721476242189506, -0.0011868735271584622, 0.08361075144509424, -0.014195226171814304, 3.593022427399149, 0.8165048235895507, 3.6301004034501614, 0.6934909854230678, 489141000000, 
-0.07154181953315886, -0.03343542140408376, -0.07156744040441314, -0.0018026711760306736, 0.08224770101586991, -0.021917587406885007, 3.600728706719556, 0.8199983523309138, 3.638160641327791, 0.6960696976895008, 489241000000, 
-0.08222355170881528, -0.019829057293204826, -0.08221291627050453, -0.001503110702349155, 0.0811861766577349, -0.018514367398848906, 3.608104245351263, 0.8233291748459043, 3.646037355959457, 0.6985750692949169, 489336000000, 
-0.01828269880831728, 0.03633059062906146, -0.018346500891414638, -0.0005416774778581741, 0.07888130216382395, -0.006866994623557252, 3.615532341605855, 0.8266644693197539, 3.6538117517267885, 0.7010337636562922, 489436000000, 
-0.008880850584835166, 0.003987693296391171, -0.008890297279072095, -0.0007846672990868042, 0.07776126034934938, -0.010090722495515332, 3.622759418697562, 0.8298934032042221, 3.661439934729024, 0.7034357110455127, 489531000000, 
-0.099889256099778, -0.0028792544989179243, -0.09979843874491978, -0.0010953663912389097, 0.07626201151971251, -0.014363198260981813, 3.629886188259014, 0.8330716292341883, 3.668902215884854, 0.70577537094532, 489631000000, 
-0.08967225824932322, 0.004660151843128802, -0.08968236338389131, -0.0007712964565687527, 0.07489388985304968, -0.010298523124945494, 3.6368038106843557, 0.8361481871423903, 3.676238919979023, 0.7080648055769382, 489726000000, 
-0.06788880449437737, 0.021038430563864705, -0.06791055382155993, -0.0005396449070896698, 0.07345491666030002, -0.007346613836420431, 3.643666751042948, 0.8391887161356164, 3.6810608170984445, 0.7095644830543119, 489832000000, 
-0.10883187300167478, -0.010988289824192787, -0.10879103279375621, -0.000970289696818472, 0.07198999686759845, -0.013478118336398816, 3.65036641179688, 0.8421486407771646, 3.68817337740064, 0.7117703390079144, 489932000000, 
-0.0844038999666464, 0.010315395432771603, -0.08442823747957573, -0.0008332224211641448, 0.07061159038473092, -0.01180008008068207, 3.657022820844474, 0.8450836262794433, 3.695141616976206, 0.7139227789196428, 490027000000, 
-0.07499025156389638, -0.03089328965390793, -0.07499966997230671, -0.000799468206870037, 0.06985102176237754, -0.011445333034493113, 3.663421689121261, 0.8478946546203758, 3.7019866446344833, 0.7160276520129097, 490124000000, 
-0.05291479814649555, -0.0003419536705829285, -0.052936838388945126, -0.000648370921173422, 0.06805597179554965, -0.009527024654371634, 3.6698292420940275, 0.8507005759041472, 3.708666855358741, 0.7180738891371697, 490224000000, 
-0.07243803039255459, 0.038086068321318535, -0.072418567751981, -0.0005651177029307475, 0.0663250813070545, -0.008520422316778076, 3.67605734965232, 0.8534194156590218, 3.715218453241988, 0.720073616071739, 490319000000, 
-0.0783548953677827, 0.020020385586005652, -0.07834897024909791, -0.000457109004890138, 0.06527795620660487, -0.0070025017854938205, 3.6822160324013997, 0.8561009770839979, 3.7216393331667508, 0.722026111151206, 490419000000, 
-0.037493305674484695, -0.008667754980805449, -0.03753407914607332, -0.0004257963428823758, 0.06424492044935759, -0.006627704414670709, 3.6882379887674435, 0.858716828666519, 3.7279438935940563, 0.7239371230922226, 490514000000, 
-0.03929456862186323, 0.0075942451510024435, -0.03929281140173031, -0.0003666677763547148, 0.06304326117194005, -0.005816129583694745, 3.6940252190240193, 0.8612258757855207, 3.734133958956045, 0.7258084979987581, 490614000000, 
-0.05121010942654411, -0.020292837761852166, -0.051198215623533425, -0.0005045574850376806, 0.06191760159416351, -0.008148853832304145, 3.699818127538203, 0.8637329085523318, 3.7381921548593593, 0.7270327891417506, 490719000000, 
-0.0782029147661074, -0.026796005540586358, -0.07817596354415032, -0.0005045688177987362, 0.06074136705782499, -0.008306840004414014, 3.705530694558393, 0.8662012213566188, 3.744178694161809, 0.7288351167721758, 490814000000, 
-0.07244817711918408, -0.008208446742335656, -0.0724538928354401, -0.00042177453782738433, 0.05950456291182984, -0.0070881041249280935, 3.7110613260861425, 0.8685855495158652, 3.7500523058307, 0.7305991654984624, 490910000000, 
-0.05053988346562249, 0.002012933555003776, -0.05056175313649764, -0.0003755643055756631, 0.058454092319810705, -0.0064249446133026415, 3.7165401237670204, 0.870942183357653, 3.7558216856380677, 0.732327661773688, 491010000000, 
-0.06673412581243351, -0.002065260722609743, -0.06671798529126298, -0.000376502258851569, 0.05750250938957332, -0.006547579624757011, 3.721933152540293, 0.8732573867914463, 3.76150187344883, 0.7340252965105559, 491110000000, 
-0.03072819967261812, -0.0031751137021180246, -0.030764117135069068, -0.00029921349977986636, 0.05603338952314507, -0.005339914331905152, 3.727242269501263, 0.875532512576495, 3.7670232681743174, 0.7356715541924974, 491205000000, 
-0.05129338048271846, -0.03483175400579281, -0.05127289193450046, -0.00031962775790231145, 0.055340698155331, -0.005775636530735049, 3.7324264975140675, 0.8777500859118854, 3.7724380822762282, 0.7372827752487714, 491300000000, 
-0.061503456475646846, 0.015280086779197646, -0.06149324594462217, -0.0001982915010288778, 0.0540727412420005, -0.0036671249963346917, 3.7374710496288164, 0.8799047062773319, 3.7759945235810353, 0.7383395313554999, 491396000000, 
-0.0686258290682486, 0.005135910981506891, -0.06861871021758038, -0.00021323244912154824, 0.05299111051791558, -0.004023928674781353, 3.7424111400824542, 0.8820113673465276, 3.7812429041896465, 0.7398969503800802, 491491000000, 
-0.04805410436562923, 0.006469693717793964, -0.04807462736942365, -0.0001764537223079426, 0.051799113487131454, -0.0034065008149565977, 3.7473290759775026, 0.8841064641599312, 3.786381509142415, 0.7414193794904813, 491597000000, 
-0.043992198231735336, -0.025695088460149094, -0.043996272117946045, -0.00025327803466218546, 0.051036966935905856, -0.004962638845295441, 3.7520716330323416, 0.8861245740743309, 3.7914186517456945, 0.742909638611145, 491692000000, 
-0.05405551914391954, 0.0180699632235379, -0.05404547964434158, -0.00012259479245905805, 0.049906350809735024, -0.0024564968279576953, 3.7567391504618635, 0.8881088832522279, 3.79636544626759, 0.7443711332409669, 491792000000, 
-0.06415328718543292, 0.016978974068033545, -0.06414319906321524, -0.00013251636359374843, 0.04920751078365357, -0.00269301091405277, 3.761383717388555, 0.890080733032796, 3.8012304627453437, 0.7458066432542466, 491888000000, 
-0.051004685847724426, -2.667949720500573e-06, -0.0510177976091096, -0.00017043333834625534, 0.048183548677361715, -0.003537168660770118, 3.7659278480095577, 0.8920086107158355, 3.805972081575574, 0.7472039417560585, 491988000000, 
-0.07881740229333958, 0.011709732683221785, -0.07878965774721175, -0.0001267732464487468, 0.04718933593790008, -0.0026864808315077166, 3.7703287152818765, 0.8938743049835627, 3.810622396724902, 0.7485725070804508, 492083000000, 
-0.06466217259684942, 0.010469000108601058, -0.06467627118192244, -9.393378698356544e-05, 0.04650261117118148, -0.002019968010780821, 3.774672741129163, 0.8957141045868415, 3.815194336556209, 0.7499163737548596, 492188000000, 
-0.08631049851069847, 0.008404711756571044, -0.08628890690552227, -0.00010781750181195804, 0.04548903288491183, -0.0023701867235722176, 3.7789376791043225, 0.8975190583689062, 3.8196743210579815, 0.7512318162547299, 492283000000, 
-0.0038914203753997526, -0.008258398694963616, -0.003973652678359932, -0.0001603944883506267, 0.04457510301664443, -0.0035982976481453133, 3.783209162659151, 0.8993257691375122, 3.8226073674579806, 0.7520922486747423, 492383000000, 
-0.07429246087939412, 0.01915045221517671, -0.07422228240661664, -7.378462668091189e-05, 0.04368293916339497, -0.0016890948295608566, 3.7872403000709634, 0.9010296719280411, 3.826937017410221, 0.7533611424154997, 492483000000, 
-0.051395684374377255, 0.003957368715841341, -0.051418464765431465, -0.00010142550003266593, 0.04297921533743412, -0.00235987323724652, 3.7912612963191297, 0.9027276149468029, 3.831195515131282, 0.7546078965166975, 492578000000, 
-0.10280445071848994, 0.017968454701152825, -0.10275316681033801, -8.546133576288958e-05, 0.04215548541998665, -0.0020272886176367186, 3.7952521474003458, 0.9044120347994243, 3.8353756176839564, 0.7558305268619202, 492678000000, 
-0.039897560277844114, 0.013657941611507744, -0.03996028956189038, -8.189932091921263e-05, 0.04119140991625406, -0.001988262142172883, 3.7991329764702435, 0.9060489305268165, 3.8394675295774605, 0.7570261769301426, 492773000000, 
-0.05159731075954792, 0.005992098759806238, -0.05158569662898923, -6.123266932090927e-05, 0.04049477214074591, -0.0015121129490020477, 3.802911376569381, 0.9076417215208147, 3.843454294773114, 0.7581899559518708, 492873000000, 
-0.07236044726740357, 0.0036282182224049234, -0.07233971350287581, -7.407639701609537e-05, 0.039963947287653095, -0.0018535805905985007, 3.806638512805886, 0.9092120337238281, 3.8473816937312555, 0.7593355418520292, 492973000000, 
-0.04014292475342873, -0.007311928948064949, -0.040175056668251385, -9.734941574165861e-05, 0.03901996149475473, -0.0024948619120176434, 3.8103622377107618, 0.91078024644437, 3.8512268335960784, 0.7604562561071955, 493073000000, 
-0.02799035219406428, -0.008280909458767926, -0.02800251226861173, -8.456651856110896e-05, 0.038259305136927275, -0.0022103516584645625, 3.813944034026917, 0.9122878968647294, 3.854991017988152, 0.7615524775827545, 493173000000, 
-0.06358441044604304, 0.005476211163517265, -0.0635488993291484, -6.155128460609727e-05, 0.03755927758166899, -0.0016387771163132727, 3.817438699099715, 0.9137578501136645, 3.8586912438312027, 0.7626292708965426, 493268000000, 
-0.07956323888867117, 0.021439397152041195, -0.07954725593130917, -4.0842557919567675e-05, 0.03684997556972104, -0.0011083469469957334, 3.820913720911478, 0.9152186454212421, 3.862326656657046, 0.7636864478684599, 493373000000, 
-0.06161575459088245, -0.0009826043311914313, -0.06163364961027243, -6.650245689648147e-05, 0.036000360322883444, -0.0018472719800587533, 3.824313612191958, 0.9166472004495727, 3.864706824654869, 0.7643781802170947, 493468000000, 
-0.09242991659021374, 0.0005641233722364927, -0.09239918120256059, -4.92592000363015e-05, 0.035405461562636444, -0.0013912881759543271, 3.8276466380626983, 0.9180472250398571, 3.8682126037800937, 0.765396456204152, 493563000000, 
-0.08796123021162555, 0.008954161061102549, -0.08796565843772877, -3.388023654648106e-05, 0.03488217242866372, -0.0009712765629998623, 3.8309173938880257, 0.9194203799007282, 3.87165820109554, 0.7663966644918908, 493664000000, 
-0.044407757068784665, 0.005349655311334432, -0.04445122726666724, -4.11920550180437e-05, 0.034173917472019644, -0.0012053653214259164, 3.8341340194985176, 0.9207702822919319, 3.8750480427166236, 0.7673802005642453, 493764000000, 
-0.060387871828516855, -0.024926436731331634, -0.06037196661567723, -7.784598764346141e-05, 0.03344656910760964, -0.0023274730329739613, 3.8372531218344106, 0.9220789013492755, 3.8783682016292955, 0.7683430401484617, 493859000000, 
-0.08173317677920072, -0.02287978212055561, -0.0817118576223629, -6.25410352069603e-05, 0.03290806413787755, -0.0019004774922319074, 3.8403771981451573, 0.923389168572623, 3.881601729036458, 0.7692802755413661, 493959000000, 
-0.03514379478506788, 0.0012207578854678456, -0.0351902692019191, -3.0442814035656087e-05, 0.032226768826162225, -0.0009446436966694007, 3.8434060982120184, 0.9246586787050789, 3.884774805152506, 0.7701995512428599, 494059000000, 
-0.08012580210307838, 0.006383871118847049, -0.08008095593397788, -3.331719137297262e-05, 0.03159136126354528, -0.0010546298114547806, 3.846358013620918, 0.9258952643737928, 3.8878866920823256, 0.771100690842674, 494154000000, 
-0.05224674611955194, -0.013518716431366798, -0.05227452404857652, -5.0659935212439294e-05, 0.031069733604242596, -0.0016305236426462839, 3.8492835067660893, 0.9271204588949972, 3.8909428592085007, 0.7719852797061526, 494259000000, 
-0.04666250733969548, -0.03331352304171938, -0.04666810769582203, -5.178339276486821e-05, 0.03047425010583811, -0.0016992507636782767, 3.8521593048177634, 0.9283244831495929, 3.892947462618561, 0.772565290393189, 494355000000, 
-0.06855056000176488, -0.01909522003531886, -0.06852872081350474, -3.267851072394531e-05, 0.029759585353317203, -0.001098083536311864, 3.8549639732064716, 0.9294981879802361, 3.8959021783497017, 0.7734199783231309, 494455000000, 
-0.09016948937743745, 0.006008842399820369, -0.09014789115385158, -1.897999872849846e-05, 0.02926006090054454, -0.0006486657287902377, 3.857700913914944, 0.9306430050048895, 3.898800913284981, 0.7742583027731277, 494555000000, 
-0.046719969376440254, 0.031169739104914156, -0.046763309811220774, 3.977993852516474e-06, 0.028668859071990002, 0.00013875661541072788, 3.8604153489325426, 0.9317780593731728, 3.9016509395314514, 0.7750823434686068, 494650000000, 
-0.02650994019285036, -0.006022788284992446, -0.026530152735452173, -1.6398380166062616e-05, 0.028139661923944508, -0.0005827497220963042, 3.8630859519475242, 0.9328945808366448, 3.904443482079848, 0.7758895498296734, 494745000000, 
-0.058369653591004655, -0.011335155399417263, -0.05833787740134866, -1.291778299845496e-05, 0.027628658744882986, -0.00046755013038218585, 3.865657158025856, 0.9339695886799819, 3.9071624414241986, 0.7766753074545044, 494845000000, 
-0.0883185502246187, -0.015086232211101728, -0.08828862882810624, -1.8254593619565414e-05, 0.027159599399593882, -0.0006721230807196065, 3.868208864999957, 0.9350362710879205, 3.909834354988297, 0.7774473922724832, 494941000000, 
-0.06663434047976574, -0.018263947995322057, -0.06665595070576721, -2.678947367404296e-05, 0.026568230644548683, -0.0010083273527866513, 3.8707759749507202, 0.9361092511813118, 3.912455598305392, 0.7782047577639521, 495041000000, 
-0.05578609049239207, 0.001018608636743377, -0.05579693807575804, -2.147489556165111e-05, 0.02603044785498666, -0.0008249913978155839, 3.873191253728195, 0.9371185747072027, 3.915021534636963, 0.7789460156515693, 495141000000, 
-0.038146578011432425, 0.00043458561360919083, -0.03816419265608073, -1.4592772177352028e-05, 0.02561681603462443, -0.0005696559696422856, 3.875567245385526, 0.9381112033486477, 3.916706126335657, 0.7794325601568085, 495241000000, 
-0.034126521460538906, -0.03314149057458249, -0.034130550741839676, -3.306328853284549e-05, 0.02518837817602283, -0.0013126406274270924, 3.877922354246777, 0.939094882065045, 3.919198046582645, 0.7801521367992499, 495336000000, 
-0.04868941539044387, -0.013948165717835873, -0.048674885285008816, -2.0334622419246357e-05, 0.024537089367610634, -0.0008287300141673851, 3.880286982448391, 0.9400823790046291, 3.9216389893509533, 0.7808568272982508, 495436000000, 
-0.0548577620515616, 0.031031030877441874, -0.05485159108158003, 1.1573926895424836e-05, 0.024047514962013142, 0.00048129409270386927, 3.8825320372601912, 0.9410195887647641, 3.9240242428239767, 0.7815453265485877, 495531000000, 
-0.09990201659309512, -0.01618398140018284, -0.09985705552902917, -1.4397297429333029e-05, 0.023789058773581593, -0.0006052066862486222, 3.8847387152206783, 0.9419405653742864, 3.926375252611936, 0.7822238617264352, 495631000000, 
-0.08753135221816309, 0.003875698735419173, -0.08754365238903189, -4.3524604541236915e-06, 0.023285831654331332, -0.00018691453750650571, 3.886932826573296, 0.9428564201916911, 3.9286752695994274, 0.7828876278259439, 495731000000, 
-0.06209617959719763, 0.004486310684796832, -0.06212157549518481, 4.1553968169853225e-06, 0.022736906755499855, 0.00018275998849228553, 3.889069404555796, 0.9437481081381048, 3.930920006623809, 0.7835353984373058, 495826000000, 
-0.06974087884476632, -0.012274226802392294, -0.06973327415011706, -1.5429179340746928e-06, 0.022349504757090664, -6.903588919952164e-05, 3.8911886143239607, 0.944632501429792, 3.9331199056237893, 0.7841702235660476, 495926000000, 
-0.06031841043034569, -0.02068581618985186, -0.06032780584116688, -2.0365092848872405e-05, 0.022056042292104863, -0.0009233339589742378, 3.8932591733347657, 0.9454966364816862, 3.935288146759538, 0.7847959286299312, 496026000000, 
-0.08697453384903285, -0.0007411631907983185, -0.08694793972815379, -8.180833458071347e-06, 0.021580760100304342, -0.0003790799499205766, 3.8952945648278794, 0.9463460778242839, 3.9374156240167513, 0.7854098089484436, 496126000000, 
-0.07370602426971225, -0.0443974785962123, -0.07371923894888258, -2.1826325835202292e-05, 0.02112290234435161, -0.001033301460158423, 3.897284880990167, 0.9471764920427078, 3.9388094058565484, 0.7858119475036763, 496221000000, 
-0.05835667460868561, -0.010973607057821876, -0.058372005808328374, -1.2609648269454731e-05, 0.02070154214514322, -0.0006091163731206892, 3.899267572467937, 0.948003636734528, 3.940865324097553, 0.7864050969968425, 496316000000, 
-0.05485139649774559, 0.010835121079366489, -0.054854909563018944, -2.2115444264886016e-06, 0.020304419333956228, -0.00010891936332255072, 3.901141881205861, 0.9487853349416935, 3.942880350894076, 0.7869863881531622, 496421000000, 
-0.048519295985407815, -0.017072426990472234, -0.04852561844895627, -6.579893066403987e-06, 0.019934831077804825, -0.00033007016917890777, 3.9030180041616798, 0.9495676583267428, 3.944855446062779, 0.7875560878085979, 496516000000, 
-0.0435581498861449, 0.006755151564190893, -0.043563107002866384, 3.2339929023394376e-06, 0.01951586042233838, 0.00016571100798803225, 3.904858614620069, 0.9503351497753403, 3.9467812305234546, 0.788111541138736, 496616000000, 
-0.07873027526195311, 0.002124185934306094, -0.07869517785043041, 4.525137462692266e-06, 0.019134614097115202, 0.00023648961195274333, 3.906673215497929, 0.9510917256258817, 3.9486672719984774, 0.7886555491714127, 496711000000, 
-0.054824110562418524, -0.013204103997689032, -0.05484793326987241, 1.1761867096273327e-06, 0.01884046952812106, 6.242873660190743e-05, 3.908419711063432, 0.9518199400228002, 3.9505211316664424, 0.7891903010435676, 496811000000, 
-0.05689075595846203, -0.02598619533609465, -0.05688871669398195, -8.888283347302995e-06, 0.018517828248921557, -0.0004799851919903529, 3.910164153403413, 0.9525473461476451, 3.952346442775099, 0.7897168667771376, 496906000000, 
-0.0676613196666188, 0.0067340658139263265, -0.0676505680111113, 3.595415492122648e-06, 0.018096743081567234, 0.0001986774899724815, 3.9119036648706427, 0.9532727088470535, 3.9535432010099933, 0.7900621182101144, 497006000000, 
-0.07867396306874258, -0.014953341771539647, -0.0786629610445956, -4.783259364883696e-06, 0.017733462830574864, -0.0002697307012501087, 3.9135529952102144, 0.9539603723007505, 3.9553059796963947, 0.7905706711144305, 497106000000, 
-0.04766508041709183, -0.020606089168751323, -0.04769600932119941, 0.009483390707604516, 0.08152333514288548, 0.11632731525253513, 3.9151960838020434, 0.9546454711096554, 3.959146438742736, 0.7916798272660663, 497201000000, 
-0.04505390617246578, -0.046509813344345834, -0.04505655091966918, 0.00012985244239067646, -0.003029809989420318, -0.042858279180576817, 3.9226816220179734, 0.9577664906774139, 3.961170336924451, 0.7922742482183557, 497301000000, 
-0.07620995632420947, 0.031088024965760894, -0.07617886438534868, -8.238458301868901e-06, -0.0007893709729158774, 0.010436738345516623, 3.922400792530534, 0.9576455696178624, 3.961174565793617, 0.7922757984765592, 497381000000, 
0.02958661887513315, -0.01840981089831704, 0.029481065203327703, -2.9275728765554533e-06, -0.0002617611077537444, 0.011184140003371357, 3.9223290122118697, 0.9576150297056861, 3.9611757891346304, 0.7922762525599307, 497484000000, 
0.02439350450905231, 0.005022918090981479, 0.024398581696038587, 9.232818443261304e-07, 0.0003426394267255664, 0.002694616475253514, 3.9223051648945146, 0.9576048541752796, 3.9611734435886183, 0.7922755315077203, 497591000000, 
-0.0809498922883965, -0.01731606047769299, -0.08084475425093418, -9.612600863970124e-08, 0.00011661721736877084, -0.0008242865917107967, 3.922336443795476, 0.9576182413184073, 3.9611708927716616, 0.7922746973813161, 497691000000, 
-0.06362200741263993, -0.015006522168587473, -0.06363919498980675, -8.792212896486374e-08, 0.00011338130084021653, -0.0007754552850718187, 3.922347945881525, 0.9576231677930193, 3.9611709989328827, 0.7922746333958982, 497791000000, 
-0.017832690645702642, -0.013422899966638854, -0.017878405122643604, -1.4352638717156777e-08, 8.351566012898461e-05, -0.0001718556579088286, 3.922359062778177, 0.9576279281989724, 3.961173161918205, 0.7922752117554478, 497891000000, 
-0.08685818947362421, 0.00698420006498389, -0.08678934713194668, 7.12278886054159e-09, 5.2466303899388004e-05, 0.00013575930323204402, 3.9223668410264443, 0.9576312582302354, 3.961174421814792, 0.7922755470580196, 497986000000, 
-0.03554221306737503, -0.015153229332498325, -0.03559335710506236, 1.7948695968692175e-10, -1.6375281057783714e-05, -1.096084757590195e-05, 3.9223724566342675, 0.9576336622766407, 3.961174606818765, 0.7922755396622818, 498087000000, 
-0.04201170502234439, -0.009718732019036586, -0.04200529912612963, 4.754511752883129e-11, -1.653485307884922e-06, -2.875448442275503e-05, 3.922371283215104, 0.9576331599160777, 3.9611730435781736, 0.792275020192306, 498187000000, 
-0.06098860780629695, -0.028331453590915094, -0.0609696619425153, 1.4372762146816243e-10, -1.0970912484246052e-05, -1.3100790082370232e-05, 3.9223715232786853, 0.9576332626910404, 3.9611715851146827, 0.792274559113461, 498287000000, 
-0.05686366044553947, 0.025972256896341042, -0.05686775765123815, -2.327609600468983e-11, 1.1916550998915601e-05, -1.953257784639863e-06, 3.9223710762479773, 0.9576330713117633, 3.9611717999753333, 0.7922745958761654, 498382000000, 
-0.053734632506626474, 0.004555478891026118, -0.053737758813365705, 9.990327391428557e-12, 1.4258245335537975e-05, 7.006701846073694e-07, 3.9223726963834316, 0.9576337649089434, 3.9611731844477394, 0.7922749985403614, 498482000000, 
-0.05674714511313809, 0.015302276199468673, -0.05674414119948804, -6.540207383536422e-14, 4.8573485095237956e-08, -1.346456275623017e-06, 3.9223744935153704, 0.957634534279781, 3.96117410906574, 0.7922752826606698, 498584000000, 
-0.04868224414568609, -0.016628692809516482, -0.04869028939188457, 3.123435377020948e-11, -1.3831290206841804e-05, -2.258238624387988e-06, 3.922375021035213, 0.9576347601165447, 3.961173703506041, 0.7922751703729023, 498674000000, 
-0.06616452111233297, 0.006967489307573394, -0.0661470812609612, 5.3097763037320306e-11, -1.5915220189530697e-05, -3.336288307983883e-06, 3.9223741981971387, 0.9576344078510878, 3.9611729509397633, 0.7922749571133126, 498774000000, 
-0.04720676496062265, 0.009669509769070236, -0.047225666796385374, 2.006881618281243e-11, -9.409450621306048e-06, -2.1328361230112757e-06, 3.922373336905137, 0.9576340391233379, 3.9611721055714195, 0.7922747200786003, 498869000000, 
-0.054191398214778114, -0.00949058907185636, -0.054184445934737424, -2.1223382281393994e-11, 6.309467065008546e-06, -3.363736122674451e-06, 3.922372907376645, 0.9576338552380538, 3.961172253677398, 0.7922747904387446, 498970000000, 
-0.060506613308840086, 0.008557448853063785, -0.060500303194540424, -1.5982747973845052e-11, 7.598557349911168e-06, -2.103392425409792e-06, 3.922374014068063, 0.9576343290230375, 3.9611731195228015, 0.7922750756721053, 499065000000, 
-0.0599334825493362, -0.00819908885709585, -0.059934047663672455, 4.0120696967125245e-13, -2.741054113556199e-07, -1.4636959105879637e-06, 3.9223752278359214, 0.9576348486479586, 3.9611737069643707, 0.7922752787658566, 499170000000, 
-0.045813686080882994, 0.02201906280561972, -0.0458277776642044, 1.2271425394537857e-11, -8.70370359091089e-06, -1.4099084678564502e-06, 3.9223757629253497, 0.9576350777244185, 3.9611734365193305, 0.792275228709224, 499260000000, 
-0.03450889834296332, -0.020790718323955983, -0.034520194165327596, 1.3791810605230037e-11, -6.555620560023609e-06, -2.103814654760978e-06, 3.922375384794261, 0.9576349158432618, 3.961172735480005, 0.7922750448157312, 499360000000, 
-0.04305655617232956, 0.007290603061300335, -0.043048036508200604, 3.3539681645700294e-12, -1.3860205393938924e-06, -2.4198545903487994e-06, 3.9223750992562447, 0.9576347936020407, 3.96117241919983, 0.7922749710497434, 499455000000, 
-0.053793946089226975, 0.0019824195725659864, -0.053783221199355274, -1.1639933651418215e-12, 4.3604043233058665e-07, -2.6694620013112293e-06, 3.9223753593177038, 0.9576349049364705, 3.9611725907462025, 0.7922750437253152, 499555000000, 
-0.06220034287513024, 0.022706932724765035, -0.06219194199888479, -2.5827455834733744e-12, 1.0880789775976826e-06, -2.3736747392874866e-06, 3.9223759040232555, 0.9576351381292014, 3.961173073939067, 0.7922752034257653, 499660000000, 
-0.06857452482784833, -0.028039695823791254, -0.06856815437262827, 8.43326280722193e-12, -3.381232159773394e-06, -2.494138943652753e-06, 3.9223765615003883, 0.9576354196001234, 3.9611733367857274, 0.7922753047784553, 499755000000, 
-0.02110098341825628, 0.011482788514985466, -0.02114835519328312, 1.1926252361121121e-11, -6.315348668604198e-06, -1.8884550936056282e-06, 3.9223768908423295, 0.9576355605938024, 3.9611731773552474, 0.79227526898041, 499850000000, 
-0.04545138247403716, -0.020859162678479787, -0.04542712772008248, 6.026962750751925e-12, -3.015536379513597e-06, -1.9986370556484775e-06, 3.9223765048653254, 0.9576353953543569, 3.9611728128969204, 0.7922751653462418, 499945000000, 
-0.08078676801874905, -0.00819199315324682, -0.08075147846535509, 5.187409068353721e-12, -2.121505385888414e-06, -2.4451547956742098e-06, 3.9223766471995707, 0.9576354562886076, 3.9611727077830636, 0.7922751438446423, 500045000000, 
-0.04339281815939321, 0.006266959022581518, -0.04343010148740749, 8.098545364601522e-12, -3.660096820316469e-06, -2.2126587798574367e-06, 3.922377191270904, 0.9576356892090866, 3.961172902593302, 0.7922752042505873, 500145000000, 
-0.03997916198251022, 0.01992143791514265, -0.03998260559146622, -3.947682765447474e-12, 1.405525015484542e-06, -2.8086890819844615e-06, 3.922377260960116, 0.9576357190434718, 3.9611731217259116, 0.792275274531483, 500245000000, 
-0.034981585967953976, 0.00529723338295234, -0.034986576634667914, 1.0001945251541612e-11, -4.251382562019644e-06, -2.352633550529061e-06, 3.92237773310809, 0.9576359211728305, 3.961173108656962, 0.7922752729292564, 500345000000, 
-0.0312496257118756, 0.006205698836656221, -0.031253354838568816, 8.279079220102109e-12, -3.4336875593763555e-06, -2.4111335341197433e-06, 3.9223776711588343, 0.9576358946520053, 3.9611730052752376, 0.7922752362600859, 500440000000, 
-0.05357929403887796, -0.004068905972796556, -0.05355701233935189, 8.478749699444823e-12, -2.684498710251674e-06, -3.158410792698773e-06, 3.922377638412676, 0.9576358806331999, 3.9611729111771146, 0.7922752087879941, 500540000000, 
-0.051744144020596065, 0.011334623448364873, -0.05174595274208443, 3.899944012505031e-12, -1.5621851500498968e-06, -2.496467216053402e-06, 3.922377881218236, 0.95763598457949, 3.961172875030198, 0.7922751912343087, 500635000000, 
-0.06660444743577329, -0.015173441571260524, -0.06658961807012312, 8.288933435617904e-13, -4.3112394330219184e-07, -1.9226335174355794e-06, 3.922378211664654, 0.9576361260451519, 3.9611728895803147, 0.7922751879932383, 500731000000, 
-0.07113744191392946, -0.006717340453146856, -0.07113290249917831, 4.55648559037081e-12, -2.7005421325710516e-06, -1.6872484733399835e-06, 3.9223787841402418, 0.9576363711244682, 3.9611729629996524, 0.7922752021662574, 500831000000, 
-0.05799302065414391, 0.023609829642384374, -0.05800613362106463, 1.7262418196715282e-11, -5.19632262298373e-06, -3.322045117130005e-06, 3.922379183253162, 0.9576365419863733, 3.9611730903265268, 0.792275238153026, 500926000000, 
-0.042855696964787006, -0.03504803730512811, -0.042870816588692094, 4.1799212087474036e-12, -2.245085702273081e-06, -1.8618091970900535e-06, 3.9223792432571942, 0.957636567674338, 3.9611731400897168, 0.7922752449603913, 501026000000, 
-0.04232674217207868, 0.008261814333826976, -0.04232728473862538, 8.9285284348838e-12, -3.847724316756278e-06, -2.3204698933344476e-06, 3.9223794274454398, 0.9576366465259846, 3.9611730787909654, 0.7922752154308274, 501131000000, 
-0.049486212475692556, 0.0024477465218849014, -0.049479067401611274, 3.978367732384073e-12, -1.7349762369452126e-06, -2.293038744662474e-06, 3.9223794660508604, 0.9576366630530946, 3.961173002228193, 0.7922751863882755, 501226000000, 
-0.07812389644446611, 0.018392335240320707, -0.07809530826725686, 1.1068290155709563e-11, -3.943550957950445e-06, -2.8066811545556924e-06, 3.9223797626328585, 0.9576367900207611, 3.9611729926032706, 0.7922751826231746, 501326000000, 
