imu_ax, imu_ay, kf_ax, kf_ay, kf_vx, kf_w, kf_x, kf_y, odom_x, odom_y, odom_th, stamp, 
-0.009019136428833008, 0.005427837371826172, -0.00799732654436896, 1.608046367264725e-14, -0.00034149952291072003, -4.708780713831699e-11, 0.0022207517107395744, 2.360169845975358e-08, -2.0589531857240218e-08, 2.4133452569685687e-08, -2.3944557930009487e-07, 1732834478.1299965, 
-0.005981802940368652, -0.011607110500335693, -0.0062715530383799355, -5.385516025046093e-10, -0.0001588619762110965, 3.3900598201609904e-06, 0.0021935404823268155, 2.359663355070198e-08, -2.0589531857240218e-08, 2.4133452569685687e-08, -2.3945103619733516e-07, 1732834478.225646, 
0.0017290115356445312, 0.006593465805053711, 0.0005631400049498168, 3.9908090155487444e-11, -9.972508666914078e-05, -4.0018105261608886e-07, 0.002150601550937575, 2.360706364836124e-08, -2.0589531857240218e-08, 2.4133452569685687e-08, -2.394537646459553e-07, 1732834478.2736218, 
0.0107918381690979, -0.005885899066925049, 0.00929932921922914, 5.571490443650366e-12, 1.2579449660329746e-05, 4.4290414875783364e-07, 0.002131273558661366, 2.360485770410081e-08, -2.0589531857240218e-08, 2.4133452569685687e-08, -2.3945649309457545e-07, 1732834478.3216295, 
0.014884650707244873, -0.01767575740814209, 0.014067875799382585, -1.853358954735864e-11, 0.00014786919376260602, -1.2533773313941958e-07, 0.0021169389475422917, 2.360038651830277e-08, -2.0589531857240218e-08, 2.4133452569685687e-08, -2.39460131026069e-07, 1732834478.3851116, 
0.004259943962097168, 0.004457652568817139, 0.005688202900670465, 1.1452682032604142e-10, 0.00021027533672698267, 5.446517033747081e-07, 0.002110802473785596, 2.3598071695215655e-08, -2.0589531857240218e-08, 2.4133452569685687e-08, -2.3946194999181574e-07, 1732834478.4169958, 
0.014607369899749756, 0.009619951248168945, 0.013304448597735212, 2.3329614155063033e-10, 0.00012909768013254967, 1.807128844694157e-06, 0.0021187740597551747, 2.3601215704557896e-08, -2.0589531857240218e-08, 2.4133452569685687e-08, -2.3946558792330926e-07, 1732834478.4816763, 
-0.011267006397247314, 0.020221412181854248, -0.007684190711660523, 4.164228839490188e-10, 0.000167018231059101, 2.4932780170666735e-06, 0.0021150109993671408, 2.359964868704721e-08, -2.0589531857240218e-08, 2.4133452569685687e-08, -2.3946831637192935e-07, 1732834478.5306554, 
-0.01474010944366455, -0.001728057861328125, -0.013709380540590652, -1.1798025755580451e-11, -0.00010065589080468984, 1.1721147824793527e-07, 0.0021417591656916284, 2.3616572313315444e-08, -2.0589531857240218e-08, 2.4133452569685687e-08, -2.3947377326916964e-07, 1732834478.6257133, 
0.008348047733306885, -0.01120060682296753, 0.005138272642624973, -3.25581092385418e-10, -0.0003322340798307807, 9.799750000097782e-07, 0.0021838458538832226, 2.3651664408443963e-08, -2.0589531857240218e-08, 2.4133452569685687e-08, -2.394855965465236e-07, 1732834478.8330874, 
-0.0006152987480163574, -0.0003966689109802246, 0.00022394495595738726, 3.9792263215626725e-12, 1.5574630004321142e-05, 2.5549411578051266e-07, 0.0021491073108867702, 2.362018896258979e-08, -2.0589531857240218e-08, 2.4133452569685687e-08, -2.3948741551227036e-07, 1732834478.8655632, 
0.015002906322479248, 0.024544119834899902, 0.012846256635198446, 1.1992893100990289e-11, 3.297247565409508e-05, 3.6372437504554826e-07, 0.002147168170659351, 2.3618385985523864e-08, -2.0589531857240218e-08, 2.4133452569685687e-08, -2.394965103410042e-07, 1732834479.024767, 
-0.0052034854888916016, -0.01695495843887329, -0.0025720697943927753, -6.72385052283571e-11, 0.00015840854160985253, -4.2446262395344894e-07, 0.002134623860707505, 2.36056477137676e-08, -2.0589531857240218e-08, 2.4133452569685687e-08, -2.395019672382444e-07, 1732834479.120889, 
0.012746989727020264, 0.011958897113800049, 0.010511782643346576, 2.181373312788261e-11, 1.4018843297847284e-05, 1.5560294572400492e-06, 0.0021490582615943123, 2.3620810185825455e-08, -2.0589531857240218e-08, 2.4133452569685687e-08, -2.395083336183581e-07, 1732834479.2328618, 
0.005127131938934326, -0.0013388395309448242, 0.0059108917010947115, 3.066901636933046e-11, 0.00014538807832141574, 2.109458816941588e-07, 0.0021359089006995915, 2.3607182124610696e-08, -2.0589531857240218e-08, 2.4133452569685687e-08, -2.3951379051559837e-07, 1732834479.329008, 
-0.020598411560058594, 1.2099742889404297e-05, -0.01673148289260817, 1.8740941017461016e-12, 5.8139471639192673e-05, 3.223445361486132e-08, 0.002144633492235025, 2.3617378087030432e-08, -2.0589531857240218e-08, 2.4133452569685687e-08, -2.3951924741283866e-07, 1732834479.4256446, 
-0.00043070316314697266, -0.0019741058349609375, -0.002806350345202803, 1.9156983527172756e-11, -0.000205171776894706, -9.337046165469487e-08, 0.002170971778124257, 2.364851427642855e-08, -2.0589531857240218e-08, 2.4133452569685687e-08, -2.3952470431007894e-07, 1732834479.5209448, 
0.023060977458953857, -0.009371578693389893, 0.019287262051666122, -3.7142647577058996e-11, -2.2806688273630795e-05, 1.6285857521893482e-06, 0.002152749292557106, 2.3626816391408262e-08, -2.0589531857240218e-08, 2.4133452569685687e-08, -2.3953016120731923e-07, 1732834479.6173282, 
-0.025602996349334717, -0.01301354169845581, -0.01905605319135082, 9.557149878349391e-11, 0.00019462408038307022, 4.910569061926183e-07, 0.0021309869959736617, 2.3600602056879936e-08, -2.0589531857240218e-08, 2.4133452569685687e-08, -2.3953652758743285e-07, 1732834479.729651, 
0.014004051685333252, 0.002843141555786133, 0.00918303499301159, -1.0256618850479526e-10, -0.000188467415843493, 5.442117834839325e-07, 0.0021693764580519624, 2.3652171596354497e-08, -2.0589531857240218e-08, 2.4133452569685687e-08, -2.3954198448467314e-07, 1732834479.82563, 
-0.011375665664672852, 0.022984206676483154, -0.008377041815948137, -2.456994387183733e-10, 6.78648687168922e-05, -3.6204216314532765e-06, 0.0021438372662239457, 2.3616592794258064e-08, -2.0589531857240218e-08, 2.4133452569685687e-08, -2.395474413819134e-07, 1732834479.921634, 
-0.00572890043258667, -0.017951369285583496, -0.00611389045376182, 1.6847345088303986e-10, -0.00010739128153638489, -1.5687814548144666e-06, 0.0021613885788572917, 2.364091065829328e-08, -2.0589531857240218e-08, 2.4133452569685687e-08, -2.395528982791537e-07, 1732834480.0168626, 
-0.010791242122650146, -0.015800774097442627, -0.010107318019914758, -1.4110311726233839e-10, -0.00011562329151705163, 1.2203693166919495e-06, 0.0021621932563436466, 2.3642283421380215e-08, -2.0589531857240218e-08, 2.4133452569685687e-08, -2.395592646592674e-07, 1732834480.129594, 
0.008102238178253174, 0.005755186080932617, 0.0054470771503540155, 4.980682861006531e-11, -0.0001275978508552335, -3.9034222188094523e-07, 0.002163423305682262, 2.3643692828795637e-08, -2.0589531857240218e-08, 2.4133452569685687e-08, -2.3956472155650767e-07, 1732834480.2266521, 
0.00850224494934082, -0.01786017417907715, 0.008055654280251047, 1.2561565162357363e-10, 6.648317450992235e-05, 1.8894352225137201e-06, 0.002144028174790265, 2.3623578284545775e-08, -2.0589531857240218e-08, 2.4133452569685687e-08, -2.395701784537479e-07, 1732834480.3216395, 
-0.0022589564323425293, 0.03249555826187134, -0.0007554424653748379, 2.2892848265598214e-10, 0.00010794291453159019, 2.1208291776204054e-06, 0.0021398924290769506, 2.3619306511209195e-08, -2.0589531857240218e-08, 2.4133452569685687e-08, -2.395756353509882e-07, 1732834480.4171312, 
-0.011133372783660889, -0.03225409984588623, -0.009619062046195155, 3.9000796738862676e-11, -1.4638493328175204e-05, -2.6642630402267234e-06, 0.002152161708637336, 2.3634151895229152e-08, -2.0589531857240218e-08, 2.4133452569685687e-08, -2.3958200173110186e-07, 1732834480.5288012, 
0.005314171314239502, 0.001998722553253174, 0.0031368892179398367, 4.7350862367267206e-11, -0.00011444486304536803, -4.137438859837375e-07, 0.002162130947253342, 2.364751758955628e-08, -2.0589531857240218e-08, 2.4133452569685687e-08, -2.3958745862834215e-07, 1732834480.6266465, 
0.017846643924713135, -0.008902132511138916, 0.015699793338898718, 4.567309885931194e-11, 5.640374504629035e-05, 8.097529485290062e-07, 0.0021450313585893344, 2.3627889962903983e-08, -2.0589531857240218e-08, 2.4133452569685687e-08, -2.3959291552558244e-07, 1732834480.7216287, 
-0.010989248752593994, 0.005711674690246582, -0.00709773813787095, 7.365352498892317e-11, 0.00018729275178732633, 3.932534723637241e-07, 0.0021319538017495285, 2.36132696999674e-08, -2.0589531857240218e-08, 2.4133452569685687e-08, -2.395992819056961e-07, 1732834480.8333206, 
-0.009457111358642578, 0.014461159706115723, -0.009111857240394351, -1.9085542313660872e-10, -8.050796471265997e-05, 2.3706402691682564e-06, 0.0021587322132110938, 2.3645020051212195e-08, -2.0589531857240218e-08, 2.4133452569685687e-08, -2.3960473880293634e-07, 1732834480.9296257, 
0.017613232135772705, 0.012327730655670166, 0.013715384299509734, 4.9378112625367475e-11, -9.839171208968558e-05, -5.018523570395701e-07, 0.002160568304393522, 2.364731733371649e-08, -2.0589531857240218e-08, 2.4133452569685687e-08, -2.3961019570017663e-07, 1732834481.0256143, 
0.0027463436126708984, 0.003672361373901367, 0.0043447824847097916, -6.023576997876187e-11, 0.0001577355020719155, -3.818783291493813e-07, 0.0021358602420736054, 2.361180398834725e-08, -2.0589531857240218e-08, 2.4133452569685687e-08, -2.396156525974169e-07, 1732834481.1217382, 
0.014902353286743164, -0.0074765682220458984, 0.013360669706055418, -1.1265728239378317e-10, 0.00010597858416218787, -1.0630193192746785e-06, 0.0021410966582856654, 2.3619139847897377e-08, -2.0589531857240218e-08, 2.4133452569685687e-08, -2.396211094946572e-07, 1732834481.2172558, 
-0.02504289150238037, -0.0015816092491149902, -0.019441636974222427, -4.1442559577858397e-11, 0.00013892972064269166, -2.9829873252565607e-07, 0.002137801416060758, 2.361463354655053e-08, -2.0589531857240218e-08, 2.4133452569685687e-08, -2.396274758747709e-07, 1732834481.3290973, 
-0.020378291606903076, -0.007375180721282959, -0.02023827019834809, 2.430318950769776e-10, -0.0002645372363111636, -9.187058066604649e-07, 0.002178112336700517, 2.366599791374908e-08, -2.0589531857240218e-08, 2.4133452569685687e-08, -2.3963293277201116e-07, 1732834481.4249768, 
0.0027642250061035156, 0.009584784507751465, -0.0005881068164171818, 6.684761723983081e-10, -0.0002906816288141124, -2.2996849684841656e-06, 0.0021807233342219234, 2.3669467419505357e-08, -2.0589531857240218e-08, 2.4133452569685687e-08, -2.396383896692514e-07, 1732834481.5219126, 
-0.004226326942443848, -0.00791943073272705, -0.0036947699374114793, -9.434116218013173e-11, -5.7856448719130764e-05, 1.630607551426449e-06, 0.0021571348457749043, 2.3643094533843377e-08, -2.0589531857240218e-08, 2.4133452569685687e-08, -2.3964475604936507e-07, 1732834481.6344113, 
-0.020514190196990967, -0.020331978797912598, -0.018059094261869333, -1.1508417099096387e-10, -9.261802930474948e-05, 1.24256769286563e-06, 0.002160608490007402, 2.364672777988804e-08, -2.0589531857240218e-08, 2.4133452569685687e-08, -2.3965021294660536e-07, 1732834481.729264, 
0.015738189220428467, 0.006589114665985107, 0.01080995073377047, 7.290536318658663e-11, -0.00021443402846791498, -3.399897101569176e-07, 0.0021727944534551524, 2.3659855102193322e-08, -2.0589531857240218e-08, 2.4133452569685687e-08, -2.3965566984384564e-07, 1732834481.8250802, 
0.0016291141510009766, -0.010906755924224854, 0.002962327468799106, 4.846514917264316e-10, 0.000248806254196862, 1.947907191042564e-06, 0.0020836602744391695, 2.355333780898477e-08, -2.0589531857240218e-08, 2.4133452569685687e-08, -2.396665836383262e-07, 1732834482.0169702, 
-0.005739033222198486, -0.007853388786315918, -0.004470321844646012, -8.712046478135562e-11, 6.291461876452645e-05, -1.3847412015230601e-06, 0.0021018195477289074, 2.3574825454747705e-08, -2.0589531857240218e-08, 2.4133452569685687e-08, -2.3967295001843984e-07, 1732834482.1304424, 
-0.011418640613555908, 0.013946235179901123, -0.01040401364196731, -3.770121053132662e-11, -6.888174859556436e-05, 5.473323674270719e-07, 0.0021151845567853656, 2.3592498482240183e-08, -2.0589531857240218e-08, 2.4133452569685687e-08, -2.396784069156801e-07, 1732834482.2256448, 
-0.020502984523773193, -0.01506727933883667, -0.019027265238349786, -1.7421422734407462e-10, -0.00018029934863492516, 9.662498986439942e-07, 0.002126385921423413, 2.360647502373379e-08, -2.0589531857240218e-08, 2.4133452569685687e-08, -2.396838638129204e-07, 1732834482.3237045, 
0.003014683723449707, 0.01341933012008667, -0.00019786102953102402, 5.057141554873636e-10, -0.0002626313772224505, -1.9255663997033393e-06, 0.0021346206521179185, 2.3617057488321463e-08, -2.0589531857240218e-08, 2.4133452569685687e-08, -2.396893207101607e-07, 1732834482.41873, 
0.011568069458007812, 0.019926011562347412, 0.009851683276773734, 9.192805082329886e-11, -1.93505686951705e-05, -4.750664038429123e-06, 0.002110276883434317, 2.3584744708091718e-08, -2.0589531857240218e-08, 2.4133452569685687e-08, -2.3969568709027437e-07, 1732834482.5296583, 
-0.0012930631637573242, -0.0022766590118408203, 0.0003314112384166807, -7.869548176654599e-11, 0.00012004879946427764, -6.555291024793883e-07, 0.002096340525731849, 2.3569081983047443e-08, -2.0589531857240218e-08, 2.4133452569685687e-08, -2.3970114398751466e-07, 1732834482.6256511, 
-0.022862136363983154, -0.013978123664855957, -0.01947796764170715, 3.1661187255565364e-11, -2.0708249519467593e-05, -1.5289166390332043e-06, 0.0021104199964008695, 2.3579200771071737e-08, -2.0589531857240218e-08, 2.4133452569685687e-08, -2.397066008847549e-07, 1732834482.7226765, 
0.01660621166229248, 0.019756197929382324, 0.011344385067052116, 1.2599188982046225e-10, -0.00022005861467520025, -5.725378668152683e-07, 0.0021303617310731446, 2.3591607920459217e-08, -2.0589531857240218e-08, 2.4133452569685687e-08, -2.397120577819952e-07, 1732834482.817284, 
-0.02126932144165039, -0.018051445484161377, -0.016511981981628874, 2.448938345613143e-10, 7.40031094888647e-05, 3.309237088181594e-06, 0.0021006107582737855, 2.3577320578853627e-08, -2.0589531857240218e-08, 2.4133452569685687e-08, -2.3971842416210885e-07, 1732834482.9297402, 
-0.006655335426330566, -0.01928049325942993, -0.008090783352015818, 1.5356793166514668e-10, -0.0002086861140430489, -7.358799715512832e-07, 0.0021285671434987216, 2.359078241305771e-08, -2.0589531857240218e-08, 2.4133452569685687e-08, -2.3972388105934914e-07, 1732834483.025675, 
0.025764167308807373, 0.006707429885864258, 0.020825868721586663, 1.1145891071973188e-10, -8.554455063708227e-05, -1.3029340839323566e-06, 0.0021162419730221546, 2.358159820917048e-08, -2.0589531857240218e-08, 2.4133452569685687e-08, -2.3972933795658943e-07, 1732834483.1226485, 
-0.006809830665588379, 0.012657523155212402, -0.002780876894734073, -2.673929699070728e-10, 0.00023982634898364152, -1.114944087837953e-06, 0.002083695177543841, 2.3560062904980672e-08, -2.0589531857240218e-08, 2.4133452569685687e-08, -2.397347948538297e-07, 1732834483.2172813, 
-0.027755796909332275, 0.011272192001342773, -0.024111331681022016, -1.1141471202461722e-10, -5.191157438732729e-05, 2.1462402814701742e-06, 0.0021128636018091576, 2.3575885993626754e-08, -2.0589531857240218e-08, 2.4133452569685687e-08, -2.3974116123394333e-07, 1732834483.329691, 
-0.02860283851623535, -0.008476018905639648, -0.027942860254609347, -2.529851582074568e-10, -0.00036720924356381567, 6.889400597659291e-07, 0.0021443854789972247, 2.359124414743871e-08, -2.0589531857240218e-08, 2.4133452569685687e-08, -2.397425254582534e-07, 1732834483.4256537, 
0.011777400970458984, 0.029221177101135254, 0.005987237258563698, 3.520342084248313e-09, -0.0003883768598738017, -9.06424261577326e-06, 0.0021464932702933183, 2.3592712511710963e-08, -2.0589531857240218e-08, 2.4133452569685687e-08, -2.397425254582534e-07, 1732834483.5209253, 
0.00732654333114624, -0.008747100830078125, 0.007130723780829222, 5.197332503403272e-11, 3.291379468187879e-05, 1.5790742312264425e-06, 0.0021045062127724684, 2.3567755867544897e-08, -2.0589531857240218e-08, 2.4133452569685687e-08, -2.397425254582534e-07, 1732834483.6171913, 
-0.008613348007202148, -0.0019428730010986328, -0.006317331652303428, 1.4032113061500848e-11, 7.983391071443092e-05, 1.7576632455967585e-07, 0.0020997983887222917, 2.3567968111098105e-08, -2.0589531857240218e-08, 2.4133452569685687e-08, -2.397425254582534e-07, 1732834483.7302444, 
0.0003064870834350586, -0.007369399070739746, -0.0006590579609999031, 3.234727978940448e-11, -6.783560704904821e-05, -4.768480919764739e-07, 0.0021145153286289855, 2.3567590235167982e-08, -2.0589531857240218e-08, 2.4133452569685687e-08, -2.397425254582534e-07, 1732834483.8256824, 
-0.021792948246002197, 0.011032164096832275, -0.018708797453409594, 4.159875475895797e-11, -5.8692423196570614e-05, -7.087585158928755e-07, 0.0021135976144039774, 2.356759931930408e-08, -2.0589531857240218e-08, 2.4133452569685687e-08, -2.397425254582534e-07, 1732834483.92274, 
0.017124056816101074, 0.013233661651611328, 0.011898825456566686, 1.6454064859183599e-10, -0.000214580681596619, -7.668008479027431e-07, 0.002129175477903573, 2.356666118045278e-08, -2.0589531857240218e-08, 2.4133452569685687e-08, -2.397425254582534e-07, 1732834484.033344, 
-0.017151594161987305, -0.007986962795257568, -0.012914314314609546, 1.1995964125032123e-10, 8.87323988563516e-05, 1.3519260472662668e-06, 0.0020987223235117017, 2.3570741640562545e-08, -2.0589531857240218e-08, 2.4133452569685687e-08, -2.397425254582534e-07, 1732834484.130677, 
0.028362393379211426, -0.016850531101226807, 0.022341427155827594, 1.0608097492446919e-10, -9.824134761285343e-05, -1.0797996719518744e-06, 0.002117345019496218, 2.356736340147865e-08, -2.0589531857240218e-08, 2.4133452569685687e-08, -2.397425254582534e-07, 1732834484.2256882, 
-0.0006734728813171387, -0.009223699569702148, 0.002680950844212892, 1.654920583100016e-10, 0.00026848043207591734, 6.16402681679259e-07, 0.0020806950980395322, 2.3570780914816454e-08, -2.0589531857240218e-08, 2.4133452569685687e-08, -2.397425254582534e-07, 1732834484.3217874, 
-0.015185296535491943, 0.0008766055107116699, -0.012579211110109649, 1.3108002224316077e-11, 4.505303077909247e-05, 2.9094606950170024e-07, 0.0021030589210735656, 2.3567043116039903e-08, -2.0589531857240218e-08, 2.4133452569685687e-08, -2.397425254582534e-07, 1732834484.433097, 
-0.015490531921386719, -0.007524251937866211, -0.015063458705423282, 4.497343605829955e-11, -0.00018201688520892408, -2.470838681074988e-07, 0.0021257531161465284, 2.3564424851279422e-08, -2.0589531857240218e-08, 2.4133452569685687e-08, -2.397425254582534e-07, 1732834484.530237, 
0.0241166353225708, -0.013323009014129639, 0.018402523315397698, -3.527740448202658e-10, -0.00017333980203738963, 2.035158922958571e-06, 0.0021248849329282083, 2.356437282936508e-08, -2.0589531857240218e-08, 2.4133452569685687e-08, -2.397425254582534e-07, 1732834484.6256976, 
-0.011467516422271729, 0.020556390285491943, -0.007111907496279012, -5.149831870666903e-10, 0.00018750901464676686, -2.746444953789692e-06, 0.002088808296594575, 2.3567351510287026e-08, -2.0589531857240218e-08, 2.4133452569685687e-08, -2.397425254582534e-07, 1732834484.720777, 
-0.013690054416656494, 8.940696716308594e-06, -0.012729185084084887, 3.534794228454088e-11, -8.853161243382624e-05, -3.9926915722857773e-07, 0.0021164147799675975, 2.3568549305087417e-08, -2.0589531857240218e-08, 2.4133452569685687e-08, -2.397425254582534e-07, 1732834484.8192773, 
0.0023388266563415527, -0.014698207378387451, 0.00014259477305221535, -1.7946341802441226e-10, -0.0001704058808225772, 1.053152726643663e-06, 0.0021246016008468643, 2.3567443572791546e-08, -2.0589531857240218e-08, 2.4133452569685687e-08, -2.397425254582534e-07, 1732834484.9306836, 
0.005883216857910156, -0.010647475719451904, 0.005045822516410165, -2.06283144146869e-11, -1.211058666746842e-05, 1.703329077368224e-06, 0.002108766949661518, 2.3570625731704335e-08, -2.0589531857240218e-08, 2.4133452569685687e-08, -2.397425254582534e-07, 1732834485.0256689, 
0.004466414451599121, -0.0007741451263427734, 0.004550049490003308, 1.8130855441819372e-11, 7.068012087311338e-05, 2.565198703376344e-07, 0.0021004886527369554, 2.357146758691671e-08, -2.0589531857240218e-08, 2.4133452569685687e-08, -2.397425254582534e-07, 1732834485.1207855, 
0.016778409481048584, 0.008461475372314453, 0.01499304153433154, 5.4515535570861934e-11, 9.943946953766222e-05, 5.482283425719044e-07, 0.0020976113319615113, 2.3571594558875965e-08, -2.0589531857240218e-08, 2.4133452569685687e-08, -2.397425254582534e-07, 1732834485.2184427, 
-0.001603543758392334, 0.0009589195251464844, 0.0008152876162687162, 3.2713475856457616e-11, 0.00020265075133192936, 1.614278537900655e-07, 0.0020872675381402046, 2.357078013217801e-08, -2.0589531857240218e-08, 2.4133452569685687e-08, -2.397425254582534e-07, 1732834485.3292127, 
-0.013116717338562012, 0.014957427978515625, -0.011084256470091548, 4.0126848480111225e-11, 1.5359856462358336e-05, 2.6124494443322546e-06, 0.0021062804290552803, 2.357352723365912e-08, -2.0589531857240218e-08, 2.4133452569685687e-08, -2.397425254582534e-07, 1732834485.4257047, 
0.002507448196411133, -0.002727508544921875, 0.0005260805124620484, -4.5397806966080445e-11, -0.00013144711166939316, 3.453693762420731e-07, 0.00212072918473731, 2.3576243828888952e-08, -2.0589531857240218e-08, 2.4133452569685687e-08, -2.397425254582534e-07, 1732834485.5207775, 
0.007780253887176514, 0.019130706787109375, 0.006721854600891245, -4.293073831596658e-12, 2.046854003860034e-06, -2.097401096268038e-06, 0.0021073345625677695, 2.357081359613483e-08, -2.0589531857240218e-08, 2.4133452569685687e-08, -2.397425254582534e-07, 1732834485.6171122, 
-0.010411381721496582, 0.017045319080352783, -0.007912513375236897, -1.834600644538243e-11, 6.64210549674053e-05, -2.762076942979201e-07, 0.002100893302624596, 2.3568176632042465e-08, -2.0589531857240218e-08, 2.4133452569685687e-08, -2.397425254582534e-07, 1732834485.7300618, 
-0.0015658736228942871, 0.007971644401550293, -0.0024906536623950787, -3.850063348167265e-11, -9.346264833767532e-05, 4.1193604254152967e-07, 0.002116825370827107, 2.357204884347123e-08, -2.0589531857240218e-08, 2.4133452569685687e-08, -2.397425254582534e-07, 1732834485.8256717, 
-0.013997137546539307, 0.009287476539611816, -0.01231745112553678, 4.854723826915938e-11, -7.125809910062044e-05, -6.812873046277582e-07, 0.002114601203624917, 2.357166006536383e-08, -2.0589531857240218e-08, 2.4133452569685687e-08, -2.397425254582534e-07, 1732834485.9207928, 
-0.01562047004699707, -0.00109022855758667, -0.015136066460337116, 6.480321470843314e-12, -0.00019610401561926468, -3.304532775822825e-08, 0.0021270890950779555, 2.357454520077728e-08, -2.0589531857240218e-08, 2.4133452569685687e-08, -2.397425254582534e-07, 1732834486.0173297, 
-0.008071541786193848, 0.014349579811096191, -0.009099236102624291, 5.688500479274948e-10, -0.00023620664556468882, -2.4082728348627537e-06, 0.0021311010772367936, 2.3575564015895975e-08, -2.0589531857240218e-08, 2.4133452569685687e-08, -2.397425254582534e-07, 1732834486.129747, 
-0.002202153205871582, 0.00464397668838501, -0.00320646771416498, 1.9853164217052842e-10, -0.0001541084502755508, -1.2882592863373003e-06, 0.002122902617915666, 2.3574488487932274e-08, -2.0589531857240218e-08, 2.4133452569685687e-08, -2.397425254582534e-07, 1732834486.2267122, 
0.00010013580322265625, -0.014554917812347412, -0.0003814898555266214, -1.0892568664910985e-10, -6.304201866677014e-05, 1.7278267567044975e-06, 0.002113795340507002, 2.3575320099981814e-08, -2.0589531857240218e-08, 2.4133452569685687e-08, -2.397425254582534e-07, 1732834486.3227267, 
-0.004860222339630127, -0.033863842487335205, -0.004206488503434234, -4.794586508958249e-11, -2.3101299423037682e-05, 2.0754618262628403e-06, 0.0021097969771423663, 2.357602196510905e-08, -2.0589531857240218e-08, 2.4133452569685687e-08, -2.397425254582534e-07, 1732834486.4174943, 
0.009621620178222656, -0.004492044448852539, 0.007604617696520631, -1.5300934650272068e-11, -3.90890651201189e-05, 3.914377231395276e-07, 0.0021113974643470006, 2.3576021410762003e-08, -2.0589531857240218e-08, 2.4133452569685687e-08, -2.397425254582534e-07, 1732834486.5296798, 
0.0024678707122802734, 0.015320658683776855, 0.003216097239396921, -4.3444579014820997e-11, 9.561156374102023e-05, -4.5438624069048633e-07, 0.0020979244069691547, 2.357366894923829e-08, -2.0589531857240218e-08, 2.4133452569685687e-08, -2.397425254582534e-07, 1732834486.626695, 
0.0009070634841918945, -0.018379628658294678, 0.001243231498995577, -8.843096712708497e-11, 5.642566674874598e-05, -1.5672117357665124e-06, 0.002101832759936517, 2.3574537978192153e-08, -2.0589531857240218e-08, 2.4133452569685687e-08, -2.397425254582534e-07, 1732834486.7218087, 
-0.024009883403778076, 0.01697450876235962, -0.020325229102497747, -1.2116030999312218e-11, -2.0556410698494606e-05, 5.894040149820271e-07, 0.0021095322155608117, 2.3575810241136745e-08, -2.0589531857240218e-08, 2.4133452569685687e-08, -2.397425254582534e-07, 1732834486.816935, 
-0.006009340286254883, 0.014142334461212158, -0.008094536191972498, 4.425155396242382e-11, -0.00027263954222083884, -1.6230790883070047e-07, 0.002134744273066864, 2.3577135191389086e-08, -2.0589531857240218e-08, 2.4133452569685687e-08, -2.397425254582534e-07, 1732834486.9297168, 
0.029997944831848145, -0.0020282864570617676, 0.024441413778631196, -3.902211265881381e-11, -8.698054799658188e-05, 4.4863033813430657e-07, 0.002116192342849745, 2.3575574066186663e-08, -2.0589531857240218e-08, 2.4133452569685687e-08, -2.397425254582534e-07, 1732834487.0248706, 
-0.004467785358428955, 0.02795863151550293, -0.0002536673345813825, -5.83262397190702e-10, 0.0002899495480336075, -2.011599608091464e-06, 0.002078494996943121, 2.3572829974915156e-08, -2.0589531857240218e-08, 2.4133452569685687e-08, -2.397425254582534e-07, 1732834487.1217968, 
0.0027835965156555176, -0.016188085079193115, 0.0023399016671939187, -1.9025242020964127e-10, 4.4219959856864826e-05, -4.302410513837361e-06, 0.002103065932511113, 2.3574581466256264e-08, -2.0589531857240218e-08, 2.4133452569685687e-08, -2.397425254582534e-07, 1732834487.233981, 
-0.014943063259124756, 0.004586756229400635, -0.01242161200600318, -3.847345145911149e-12, 8.465396772975242e-06, -4.544790101502784e-07, 0.002106645307127525, 2.3574161833906923e-08, -2.0589531857240218e-08, 2.4133452569685687e-08, -2.397425254582534e-07, 1732834487.32912, 
0.016287565231323242, -0.008362650871276855, 0.01210054389131648, 1.6013767444904212e-11, -0.00012631926908521782, -1.267721667555008e-07, 0.0021201072337288557, 2.356745427161532e-08, -2.0589531857240218e-08, 2.4133452569685687e-08, -2.397425254582534e-07, 1732834487.4249763, 
-0.013598144054412842, 0.0039275288581848145, -0.00985014831925236, -4.8791946818649006e-11, 0.00011033034176166959, -4.422350736848715e-07, 0.002096429720625926, 2.3580861115136067e-08, -2.0589531857240218e-08, 2.4133452569685687e-08, -2.397425254582534e-07, 1732834487.522238, 
0.0065604448318481445, 0.016900360584259033, 0.004167400083303189, -1.4837507020266589e-10, -9.710051049235621e-05, 1.5280565411069187e-06, 0.0021171856248509255, 2.3568768690920976e-08, -2.0589531857240218e-08, 2.4133452569685687e-08, -2.397425254582534e-07, 1732834487.6344738, 
-0.016797780990600586, -0.010167300701141357, -0.013739095243082748, 8.542847132658143e-12, 8.01278016055346e-06, 1.0661526912611653e-06, 0.002106506506324835, 2.3575158706458567e-08, -2.0589531857240218e-08, 2.4133452569685687e-08, -2.397425254582534e-07, 1732834487.7291589, 
0.01740717887878418, 1.0907649993896484e-05, 0.012864720794088961, -2.1602757897569146e-11, -0.00013881358545706456, 1.5562423394251237e-07, 0.002120976946659149, 2.3568484863043897e-08, -2.0589531857240218e-08, 2.4133452569685687e-08, -2.397425254582534e-07, 1732834487.8249075, 
0.00273740291595459, -0.011039257049560547, 0.0042130715224530865, 1.9783211611014278e-10, 0.00014857502079801584, 1.3315301256399673e-06, 0.0020922449272001067, 2.357898358143669e-08, -2.0589531857240218e-08, 2.4133452569685687e-08, -2.397425254582534e-07, 1732834487.922281, 
0.0006361007690429688, 0.005559980869293213, 0.0011570033743816457, 6.874436327128554e-11, 7.6397966271386e-05, 8.998192835014375e-07, 0.002099461534363794, 2.357668099450208e-08, -2.0589531857240218e-08, 2.4133452569685687e-08, -2.397425254582534e-07, 1732834488.017664, 
0.012700140476226807, 0.01635730266571045, 0.011015382224071951, 5.933362847698595e-11, 4.950149742370067e-05, 1.1986229016291896e-06, 0.002102160992538367, 2.3576293183895885e-08, -2.0589531857240218e-08, 2.4133452569685687e-08, -2.397425254582534e-07, 1732834488.129022, 
-0.00928950309753418, -0.024934768676757812, -0.006328700513163003, -1.1416887059414397e-10, 0.00012983347441671098, -8.793484970425253e-07, 0.0020941334763973016, 2.3577230591005536e-08, -2.0589531857240218e-08, 2.4133452569685687e-08, -2.397425254582534e-07, 1732834488.2257035, 
-0.002124965190887451, 0.009792208671569824, -0.002737451120612395, -6.269136617940608e-11, -6.546903300446696e-05, 9.575728142361388e-07, 0.0021136516493178957, 2.3576842372502574e-08, -2.0589531857240218e-08, 2.4133452569685687e-08, -2.397425254582534e-07, 1732834488.3237133, 
0.023204326629638672, 0.0195997953414917, 0.019419475517206124, 1.2254130844833493e-12, -1.2814666634406954e-06, -9.562582620707089e-07, 0.0021072311567545687, 2.357733220326163e-08, -2.0589531857240218e-08, 2.4133452569685687e-08, -2.397425254582534e-07, 1732834488.4172132, 
0.013456463813781738, -0.009601891040802002, 0.014322960899677559, -3.525155602041526e-11, 0.00027325325598955355, -1.2900690201386995e-07, 0.0020796461727650814, 2.3577889324705765e-08, -2.0589531857240218e-08, 2.4133452569685687e-08, -2.397425254582534e-07, 1732834488.5296502, 
0.0023267269134521484, 0.010057806968688965, 0.004074109549160843, 5.243347046689413e-10, 0.00022517834439959058, 2.32853077442688e-06, 0.0020843930430255423, 2.3577387067343716e-08, -2.0589531857240218e-08, 2.4133452569685687e-08, -2.397425254582534e-07, 1732834488.6257093, 
-0.017514824867248535, 0.0016751885414123535, -0.014365694088571497, 3.450551883343831e-11, 5.2130290790758285e-05, 6.619091954030589e-07, 0.0021016918953104635, 2.3576156362561987e-08, -2.0589531857240218e-08, 2.4133452569685687e-08, -2.397425254582534e-07, 1732834488.7218919, 
-0.0013151168823242188, 0.009167790412902832, -0.0032169128860193383, -8.969261039791642e-11, -0.00017769241663034797, 5.047632988441099e-07, 0.002124690343943529, 2.357888785914171e-08, -2.0589531857240218e-08, 2.4133452569685687e-08, -2.397425254582534e-07, 1732834488.8343337, 
-0.00131988525390625, 0.027467846870422363, -0.0015957783679207205, 2.833924438529956e-10, -6.920313890724274e-05, -4.0950807770850404e-06, 0.0021138542213037024, 2.357679354737053e-08, -2.0589531857240218e-08, 2.4133452569685687e-08, -2.397425254582534e-07, 1732834488.9288375, 
0.007294714450836182, 0.002251148223876953, 0.0059978189288200515, 1.2311805471555592e-11, -1.6853439723774695e-05, -7.305218206695016e-07, 0.002108618040009568, 2.35758063932233e-08, -2.0589531857240218e-08, 2.4133452569685687e-08, -2.397425254582534e-07, 1732834489.0257385, 
0.012766242027282715, -0.015087306499481201, 0.011777497561354912, 1.0784545318478361e-11, 9.751528578607097e-05, 1.1059338268399782e-07, 0.002097182510928266, 2.3577263562061455e-08, -2.0589531857240218e-08, 2.4133452569685687e-08, -2.397425254582534e-07, 1732834489.122692, 
0.003705322742462158, -0.025561392307281494, 0.004880860573134692, -3.614335282514171e-10, 0.00017106673558440057, -2.112821800314847e-06, 0.0020898205235815566, 2.357871245106998e-08, -2.0589531857240218e-08, 2.4133452569685687e-08, -2.397425254582534e-07, 1732834489.2168243, 
0.007081747055053711, -0.0021038055419921875, 0.006759368475983361, -6.159986355161617e-11, 0.00010005820716502654, -6.156402887573149e-07, 0.002096910202433649, 2.3576848517126804e-08, -2.0589531857240218e-08, 2.4133452569685687e-08, -2.397425254582534e-07, 1732834489.3313131, 
0.01285862922668457, -0.011116445064544678, 0.011967172655958074, -1.2934351379664707e-10, 0.0001243889629433853, -1.0398311131150502e-06, 0.0020944794665647506, 2.3577545735787662e-08, -2.0589531857240218e-08, 2.4133452569685687e-08, -2.397425254582534e-07, 1732834489.4267166, 
-0.017627179622650146, 0.0071291327476501465, -0.013311171489682139, 8.363614080785748e-11, 0.0001380827357143888, 6.056958560036861e-07, 0.002093108983147297, 2.3578220464260805e-08, -2.0589531857240218e-08, 2.4133452569685687e-08, -2.397425254582534e-07, 1732834489.5219338, 
-0.011839032173156738, 0.005299925804138184, -0.012051652620551752, -1.2159565518477682e-10, -0.00017043910596406856, 7.134257980114684e-07, 0.0021238675953726884, 2.3560183270996187e-08, -2.0589531857240218e-08, 2.4133452569685687e-08, -2.397425254582534e-07, 1732834489.618194, 
-0.015114963054656982, -0.013080418109893799, -0.014665380264012996, -4.1593382600980866e-10, -0.000207114130671692, 2.0082349024708905e-06, 0.002127529250718274, 2.3558039302980566e-08, -2.0589531857240218e-08, 2.4133452569685687e-08, -2.397425254582534e-07, 1732834489.7307348, 
0.0010195374488830566, 0.006496071815490723, -0.0012661569822539666, 1.8317044070593196e-10, -0.00021395032473166828, -8.561353713094862e-07, 0.002128234803295427, 2.355762311208759e-08, -2.0589531857240218e-08, 2.4133452569685687e-08, -2.397425254582534e-07, 1732834489.8267224, 
-0.005743563175201416, -0.010241925716400146, -0.0050895787738795065, -1.0117286003375095e-10, -5.7923821111043126e-05, 1.7466537616673642e-06, 0.002112633366921269, 2.3561770721658666e-08, -2.0589531857240218e-08, 2.4133452569685687e-08, -2.397425254582534e-07, 1732834489.922731, 
0.03370851278305054, -0.005481302738189697, 0.028048062758523472, -5.593014453062472e-12, -1.0632925028325317e-05, 5.260090180418934e-07, 0.0021079066898880127, 2.3563360142832313e-08, -2.0589531857240218e-08, 2.4133452569685687e-08, -2.397425254582534e-07, 1732834490.0177646, 
-0.015302002429962158, 0.007947981357574463, -0.008981451864465508, 1.4912717164782003e-12, 0.0003267985794203625, 4.5632747826604555e-09, 0.002074163252224533, 2.3569771118018042e-08, -2.0589531857240218e-08, 2.4133452569685687e-08, -2.397425254582534e-07, 1732834490.130154, 
0.00245058536529541, 0.010725259780883789, 0.0007834584901393552, -1.859115565547373e-10, -6.208864038308398e-05, 2.9942926017975552e-06, 0.0021130651197333113, 2.356491515347594e-08, -2.0589531857240218e-08, 2.4133452569685687e-08, -2.397425254582534e-07, 1732834490.2257555, 
0.018143177032470703, 0.006672382354736328, 0.01560997977526567, 2.8698075268688923e-12, 3.456567104242195e-05, 8.302478847718069e-08, 0.0021034073487054225, 2.3565751032687932e-08, -2.0589531857240218e-08, 2.4133452569685687e-08, -2.397425254582534e-07, 1732834490.3227024, 
0.0005012750625610352, 0.0010665059089660645, 0.0027030099127139297, 8.915157338230452e-12, 0.00020447991153595222, 4.359918424878115e-08, 0.002086417935933295, 2.356350648453896e-08, -2.0589531857240218e-08, 2.4133452569685687e-08, -2.397425254582534e-07, 1732834490.4178743, 
-0.047971248626708984, -0.02898430824279785, -0.04057763147113152, 1.2562326439391742e-10, -2.4848081755527753e-05, -5.055652409304031e-06, 0.0021093574477404073, 2.3567203057414134e-08, -2.0589531857240218e-08, 2.4133452569685687e-08, -2.397425254582534e-07, 1732834490.530195, 
-0.004633128643035889, 0.005822539329528809, -0.009870653594121544, 4.549583461035994e-10, -0.0005282963034593945, -8.61180256466754e-07, 0.0021597018988186553, 2.357255253761808e-08, -2.0589531857240218e-08, 2.4133452569685687e-08, -2.397425254582534e-07, 1732834490.626724, 
0.004979252815246582, 0.010859191417694092, 0.0028151355996564997, 9.716444918068554e-10, -0.00019334223532469982, -5.025515972622698e-06, 0.0021261888419426872, 2.3585503736778094e-08, -2.0589531857240218e-08, 2.4133452569685687e-08, -2.397425254582534e-07, 1732834490.7218237, 
0.010084688663482666, 0.016658484935760498, 0.009023735315020709, -9.16302325872931e-11, 2.6299579628047938e-05, -3.484094950687783e-06, 0.002104202516706672, 2.3596152178913966e-08, -2.0589531857240218e-08, 2.4133452569685687e-08, -2.397425254582534e-07, 1732834490.8189726, 
-0.011864125728607178, 0.01426762342453003, -0.008817844492246759, -1.8115835703702833e-11, 9.644507692612217e-05, -1.878357743193023e-07, 0.0020971885460029597, 2.360255592552699e-08, -2.0589531857240218e-08, 2.4133452569685687e-08, -2.397425254582534e-07, 1732834490.9300299, 
-0.01768392324447632, -0.020305752754211426, -0.01638870982908902, 2.2245068029705071e-10, -0.00013084799106487688, -1.700069511856361e-06, 0.0021199103228050696, 2.3574607132101192e-08, -2.0589531857240218e-08, 2.4133452569685687e-08, -2.397425254582534e-07, 1732834491.0257602, 
0.015054702758789062, 0.004642844200134277, 0.01046751396597597, 6.114136900060105e-11, -7.972435149645877e-05, -7.669095809868941e-07, 0.0021183759853173746, 2.3576582531881173e-08, -2.0589531857240218e-08, 2.4133452569685687e-08, -2.397425254582534e-07, 1732834491.07472, 
-0.0008186101913452148, 0.0011001825332641602, 0.0008164781736912825, -6.391498857976679e-11, 0.0003421480948421684, -1.8680504010770693e-07, 0.0020156184196606954, 2.3716078482045422e-08, -2.0589531857240218e-08, 2.4133452569685687e-08, -2.397425254582534e-07, 1732834491.3307471, 
0.008143842220306396, -0.0019736886024475098, 0.007072259552289343, -6.023815961974083e-11, 9.972805689093634e-05, -6.040241983819851e-07, 0.0020624097073224266, 2.3642869491187057e-08, -2.0589531857240218e-08, 2.4133452569685687e-08, -2.397425254582534e-07, 1732834491.522712, 
0.02729898691177368, -0.02170085906982422, 0.024345880627684686, -3.0189733339893007e-10, 0.00015589359877845666, -1.9365601651672823e-06, 0.0020533116631639634, 2.3656576365152603e-08, -2.0589531857240218e-08, 2.4133452569685687e-08, -2.397425254582534e-07, 1732834491.5698676, 
-0.000377655029296875, 0.034367918968200684, 0.0032252459914381797, 1.4242587534964455e-09, 0.00033172327560647896, 4.2935146799467694e-06, 0.0020353132892754126, 2.3686752114655898e-08, -2.0589531857240218e-08, 2.4133452569685687e-08, -2.397425254582534e-07, 1732834491.6819963, 
0.00763016939163208, 0.015882134437561035, 0.006986181155718002, 5.307286769215559e-10, 0.0001035319904960964, 5.12622885330855e-06, 0.0020580770045216593, 2.36464691435121e-08, -2.0589531857240218e-08, 2.4133452569685687e-08, -2.397425254582534e-07, 1732834491.8267581, 
0.4500986337661743, 0.1073870062828064, 0.38543713547224523, 9.656347360271045e-09, 0.0009426524999780325, 1.0243803904934295e-05, 0.0019737931155109755, 2.376894796632063e-08, -2.0589531857240218e-08, 2.4133452569685687e-08, -2.397425254582534e-07, 1732834491.9227214, 
0.5324462056159973, -0.120128333568573, 0.5110634725785406, 0.0238498506638178, 0.07156241780321944, 0.3332734051747599, 0.0025840087347799583, 1.0351770455096931e-07, 0.00512098241597414, 0.00024538638535887003, 0.029050565856211095, 1732834492.018203, 
-0.17329609394073486, 0.028382956981658936, -0.07348042421826173, 0.049216088708204174, 0.09949620878205731, 0.4946529049766123, 0.009493090227510955, 4.232833255479835e-05, 0.016393201425671577, 0.0008254838758148253, 0.08670512814509754, 1732834492.129755, 
-0.2029750943183899, -0.09061664342880249, -0.18417512287959323, 0.020778796218110615, 0.04823556217515703, 0.43077752763939814, 0.018784242399161714, 0.00043219599602878567, 0.02572295255959034, 0.0016639361856505275, 0.1302477661511316, 1732834492.2267478, 
0.06325894594192505, -0.003931581974029541, 0.027238779789077183, 0.03425495121318784, 0.06875737246328963, 0.498200410893784, 0.024058789828640622, 0.0009070350807139864, 0.03462618216872215, 0.003020175965502858, 0.17814928560188595, 1732834492.3217645, 
-0.1882317066192627, -0.10377341508865356, -0.1568590441156722, 0.01922407039518885, 0.03976753800300461, 0.48341112778307743, 0.030459640647365276, 0.0017741815672242473, 0.043609172105789185, 0.00478055514395237, 0.22555331398842146, 1732834492.4181392, 
-0.07348304986953735, 0.008295595645904541, -0.0855432532526791, 0.03587694283704453, 0.07197964784613428, 0.4984317638471376, 0.03501684681333076, 0.002617564164183486, 0.05385686457157135, 0.007341417483985424, 0.2802393722240923, 1732834492.5297694, 
0.19154632091522217, 0.030241787433624268, 0.15115714334647795, 0.04333608794679877, 0.08395465908635832, 0.5161844311966289, 0.042245581902692064, 0.004328653537734504, 0.06254950165748596, 0.009813711978495121, 0.32963433982767615, 1732834492.6257784, 
-0.07487785816192627, -0.03047335147857666, -0.041963803200551486, 0.03386853654668629, 0.0673821995828178, 0.5026332882627156, 0.04992370089777322, 0.006560730228488274, 0.07107727229595184, 0.013034925796091557, 0.3777508261182614, 1732834492.7218118, 
0.24707311391830444, -0.05134260654449463, 0.2048711400786128, 0.026461490802132514, 0.052508278491562775, 0.5039489307649735, 0.05609970392178421, 0.008706127262722371, 0.07905973494052887, 0.016478532925248146, 0.42575135058050184, 1732834492.8180518, 
-0.09692156314849854, 0.13296455144882202, -0.05277580172677443, 0.06091771854313576, 0.12075814426408556, 0.5044605389920122, 0.061635006535821255, 0.01093886397574256, 0.08846552670001984, 0.021133989095687866, 0.48300752769712546, 1732834492.9307516, 
-0.02450627088546753, -0.1078612208366394, -0.0287917819864699, 0.021569387392650935, 0.04343414162019163, 0.4965998311020788, 0.07167195239419884, 0.015606702751184191, 0.09651047736406326, 0.025521008297801018, 0.5321686079992625, 1732834493.0258949, 
-0.16145628690719604, 0.05763512849807739, -0.1419787574767074, 0.048575999054588946, 0.09357209598347149, 0.5191291115587426, 0.07618458439613428, 0.01797919371094108, 0.10437268763780594, 0.03038962557911873, 0.5818017044272633, 1732834493.121811, 
-0.09038048982620239, -0.09453964233398438, -0.09799488136107862, 0.02044331213296028, 0.04124730248512527, 0.49562785688428007, 0.08377111639468823, 0.022479910653678076, 0.11186522990465164, 0.0355200469493866, 0.6310522242139468, 1732834493.218514, 
0.1436188817024231, 0.11505651473999023, 0.10854050599165332, 0.05613752531205184, 0.11211465328569215, 0.5007153272730676, 0.08810390577273762, 0.025350957303897803, 0.1203886941075325, 0.04215017706155777, 0.6875519732915158, 1732834493.3307257, 
-0.027557730674743652, -0.19183319807052612, -0.007935910098407495, 0.0074230524925851865, 0.015619619467421852, 0.4752390100199043, 0.09592881733574958, 0.031142570235297026, 0.12732304632663727, 0.048052139580249786, 0.7354592297175638, 1732834493.4265687, 
-0.1832064986228943, -0.0865018367767334, -0.15757923998151643, 0.018665612665734098, 0.037464581585045065, 0.4982202356474455, 0.09739872004025442, 0.03234254069290152, 0.1336117684841156, 0.054062582552433014, 0.7831956652732985, 1732834493.5219011, 
-0.08714640140533447, 0.1487337350845337, -0.09720451889619455, 0.061244984874031724, 0.12101739961197697, 0.506084125674523, 0.10121949338236282, 0.03577560367473571, 0.13998369872570038, 0.06069240719079971, 0.8315709479577992, 1732834493.6182177, 
0.08092153072357178, -0.10664242506027222, 0.05477867528635971, 0.020211226036613798, 0.04411663307763097, 0.45813165299918945, 0.10910731969029983, 0.0436437728224558, 0.14688804745674133, 0.0685543492436409, 0.886607502655812, 1732834493.7300692, 
-0.007188260555267334, -0.14931660890579224, 0.0017998970746530146, 0.008749817671506082, 0.025727530941759683, 0.340095506689443, 0.11190930009094238, 0.04672847081800944, 0.15262262523174286, 0.07569914311170578, 0.9199213188131002, 1732834493.825905, 
-0.028844237327575684, 0.22177904844284058, -0.024131711196398956, 0.04445008489112203, 0.1345647041219695, 0.3303249925837347, 0.11456516860015616, 0.04990811416868699, 0.15790805220603943, 0.08297888189554214, 0.9496687784759552, 1732834493.922829, 
-0.1642666459083557, 0.07065457105636597, -0.1438612044357956, 0.03771328441384455, 0.11214969189350132, 0.33627630871832914, 0.12264029901720296, 0.060322662316893275, 0.16313230991363525, 0.09060215204954147, 0.9814572712252887, 1732834494.0179734, 
-0.02758258581161499, -0.07241684198379517, -0.044602057685660446, 0.021788736861845515, 0.0745624771676533, 0.2922212041433879, 0.12899853209916654, 0.06910822936755262, 0.1689881682395935, 0.09987877309322357, 1.0156485746044632, 1732834494.1301255, 
0.08949816226959229, -0.24629753828048706, 0.06983895096566893, 0.006945742893271017, 0.029201925237136106, 0.23785222504570044, 0.13281920047308, 0.07477346703788916, 0.17358770966529846, 0.1078992709517479, 1.0399514747442098, 1732834494.2258008, 
-0.12907373905181885, -0.23284828662872314, -0.10004650016998508, 0.006759838245680945, 0.03660323135711304, 0.18467872903705584, 0.13442875415773534, 0.07730872333070345, 0.17809027433395386, 0.11606056243181229, 1.059947905607925, 1732834494.3227577, 
0.3006131649017334, -0.1420280933380127, 0.2422215283430285, 0.00963064017235529, 0.06110788583601181, 0.15760061145299528, 0.13656144665073788, 0.08084507064107212, 0.1822090893983841, 0.12400718778371811, 1.0766666214304499, 1732834494.4180682, 
0.13292694091796875, -0.021012604236602783, 0.14888159128411665, 0.011473874110595693, 0.08806860587235124, 0.1302833625778771, 0.13967271508523704, 0.08622385916228278, 0.18709038197994232, 0.13384614884853363, 1.0907578955906558, 1732834494.5306447, 
-0.0895078182220459, -0.3022223114967346, -0.054817027882581054, 0.003909003143872325, 0.05841556737580945, 0.06691714759396633, 0.14360756897336582, 0.09327668290702079, 0.19093315303325653, 0.14175239205360413, 1.100100913421323, 1732834494.6257684, 
0.07225459814071655, -0.11632949113845825, 0.05378073910176141, 0.001899545560895347, 0.08494899996626928, 0.022361011449806352, 0.14662826308574275, 0.09884149888203496, 0.1949518322944641, 0.14994575083255768, 1.1052475064919463, 1732834494.7217999, 
0.23307329416275024, -0.129877507686615, 0.20690935318967502, -0.009650072314397701, 0.09017480512953754, -0.10701517237032249, 0.15062185049683274, 0.10630221901832924, 0.1994849294424057, 0.15796636044979095, 1.0969817778724105, 1732834494.818094, 
-0.1003616452217102, -0.029041171073913574, -0.055565997616328966, -0.011630171891203035, 0.09105451666769537, -0.1277275671414247, 0.1547588389817727, 0.11403695920492009, 0.20445942878723145, 0.1663687378168106, 1.082235215021976, 1732834494.9301956, 
0.017593681812286377, 0.18170082569122314, 0.006883357685560171, -0.0047223483948947145, 0.06969178392709993, -0.06776047517788407, 0.15899155607504856, 0.1217473816296787, 0.20880959928035736, 0.17403480410575867, 1.07302731986174, 1732834495.0257757, 
0.15518850088119507, 0.10989648103713989, 0.13356880247162284, -0.005309750893201926, 0.08045434861110205, -0.06599706522848192, 0.16248523247467028, 0.12793721278857897, 0.21304047107696533, 0.18163253366947174, 1.0670982937304783, 1732834495.1217754, 
-0.12871021032333374, -0.0017897486686706543, -0.09044074510079234, -0.0073791062815426476, 0.09202231399930559, -0.08018822784219848, 0.16650986886619287, 0.1349557161441452, 0.2176051139831543, 0.18917886912822723, 1.0595301030005473, 1732834495.2182355, 
-0.18365180492401123, -0.10190868377685547, -0.1700163710400093, -0.011023796704895455, 0.09835339893757208, -0.11208353573924372, 0.17128661459753297, 0.14315454885274864, 0.22308950126171112, 0.19834959506988525, 1.0477935477327893, 1732834495.3308363, 
0.09764748811721802, 0.16752773523330688, 0.05856155563051202, -0.0037207490271613953, 0.06908071947114325, -0.053860889921907164, 0.17615845474060443, 0.15135755398667797, 0.22748547792434692, 0.20557332038879395, 1.0404569038360936, 1732834495.4257972, 
0.11995929479598999, 0.44965243339538574, 0.11098726817374635, -0.002697460283430133, 0.06926048743983922, -0.038946596871314125, 0.17970431332340464, 0.15719033682533817, 0.23218777775764465, 0.21293918788433075, 1.0346208945453264, 1732834495.5217578, 
-0.13419878482818604, 0.4336017370223999, -0.0984214316382307, -0.0009483507922626005, 0.07956052366505216, -0.011919866141846099, 0.1833419278994886, 0.163106183606616, 0.2371079921722412, 0.22086617350578308, 1.0290770616967215, 1732834495.6182199, 
0.24119484424591064, -0.183685302734375, 0.19167917102493442, -0.007469873343676038, 0.08949025292041733, -0.0834713625216694, 0.18769491108197423, 0.17012709505587673, 0.24266405403614044, 0.2294449657201767, 1.0207453297104168, 1732834495.7304242, 
0.0449485182762146, -0.0009247660636901855, 0.06632636945597914, -0.01140524248605136, 0.09283942946575047, -0.12284912296083084, 0.1922785908744267, 0.1774812293734926, 0.24748432636260986, 0.23694033920764923, 1.0093269602713308, 1732834495.8258095, 
0.19372963905334473, 0.014185070991516113, 0.17510807713458648, -0.015022586639887738, 0.0855834637225344, -0.17553141677686318, 0.19711592629160077, 0.18508821000713033, 0.25229376554489136, 0.2439095377922058, 0.9920340080864255, 1732834495.9217587, 
0.1345391869544983, 0.049076855182647705, 0.14042184107223918, -0.008887615251613055, 0.08598131867352632, -0.10336681721944274, 0.20165314670982362, 0.19202510175359827, 0.25741639733314514, 0.2511184811592102, 0.9828994890832763, 1732834496.0179994, 
-0.04894977807998657, 0.2977689504623413, -0.02138445978038339, -0.004502936945495208, 0.06841096479475467, -0.06582185997529544, 0.2062075047859096, 0.19874338759547489, 0.25991255044937134, 0.25495031476020813, 0.978773174433816, 1732834496.066351, 
0.09834390878677368, 0.08982676267623901, 0.08090315445251312, -0.00737605898193362, 0.08039463533514399, -0.09174814900502726, 0.2102182734218343, 0.20453794518885704, 0.26836422085762024, 0.2667948603630066, 0.9640880225296419, 1732834496.2257829, 
-0.07247012853622437, -0.2988486886024475, -0.05003478807043374, -0.014291251860200156, 0.11338508786983602, -0.12604172319914103, 0.21510184675715896, 0.21148890874670268, 0.27358877658843994, 0.27390480041503906, 0.9542847463027985, 1732834496.3218083, 
-0.04927629232406616, -0.13262265920639038, -0.0493925141539445, -0.01103715164163229, 0.10584930677414325, -0.10427230917234909, 0.22169211492950397, 0.22067856189106427, 0.2762402296066284, 0.2773422300815582, 0.9501091915050173, 1732834496.3699687, 
0.0024566650390625, 0.25744181871414185, -0.005172486424669533, -0.0034145929527876653, 0.07206526740859204, -0.04738195077287062, 0.2276833407886496, 0.22882079138400435, 0.2850361168384552, 0.28894487023353577, 0.937723417111133, 1732834496.5298154, 
0.012694001197814941, -0.2835467457771301, 0.010149813912071167, -0.008880057961478829, 0.10052594233466261, -0.08833598328196793, 0.23228837685099038, 0.2349553134867954, 0.29043999314308167, 0.29593896865844727, 0.9299579382029595, 1732834496.6258883, 
-0.24308490753173828, 0.09069621562957764, -0.20616715096617158, -0.006261032386891741, 0.0850620453169327, -0.07360547660903001, 0.23823415923329547, 0.242787826889157, 0.29567572474479675, 0.3029598295688629, 0.9224320696652425, 1732834496.7218587, 
0.044311344623565674, -0.11208313703536987, 0.007829861259845139, -0.009536030708042272, 0.09623825700889638, -0.09908773292891983, 0.24377210370076052, 0.24995401150377594, 0.3021446764469147, 0.31135937571525574, 0.9143647331746659, 1732834496.8339133, 
-0.012902796268463135, -0.026510417461395264, -0.0098779574061077, -0.007291371272832076, 0.09675867600182933, -0.07535625304230315, 0.2496814435179064, 0.2574791536587892, 0.3077218532562256, 0.3184630572795868, 0.9076808014899037, 1732834496.9297986, 
-0.7455134391784668, 0.060562074184417725, -0.6382023236377005, -0.004734320955206908, 0.07856690059142885, -0.06025846660067169, 0.25570149935983544, 0.2649976210558776, 0.312947154045105, 0.3249678611755371, 0.9012496051990593, 1732834497.0258415, 
-0.10539573431015015, -0.10954374074935913, -0.18308930586777, -0.0014853056170564597, 0.04174725003957452, -0.035578525906459865, 0.2608139400037909, 0.2712880518778769, 0.31408536434173584, 0.3264329135417938, 0.900153773667298, 1732834497.0739963, 
1.9765475988388062, -0.16270720958709717, 1.661396943151171, -0.0006651871394927018, 0.02205208075614088, -0.030164370738913877, 0.26315685766286917, 0.2741363418032742, 0.3144152760505676, 0.3269751965999603, 0.8980712436721866, 1732834497.2345872, 
0.2884262800216675, -0.23336946964263916, 0.4886257465426367, -0.01033702332322284, 0.11765614752549985, -0.08785791087526876, 0.263986752930626, 0.2751373697235371, 0.32010748982429504, 0.33343812823295593, 0.8905072824375814, 1732834497.3305547, 
0.2882210612297058, -0.1558009386062622, 0.317367756468792, -0.010959108826436225, 0.12156981124192158, -0.09014663027343038, 0.27106274943878544, 0.2836132519707576, 0.3268508315086365, 0.3415236473083496, 0.8822883596913296, 1732834497.4258249, 
-0.06892901659011841, -0.40396398305892944, -0.012623680223545042, -0.015267688413178038, 0.12314228056623014, -0.12398412911450468, 0.27865685258601414, 0.29254659340785005, 0.3324451148509979, 0.34791627526283264, 0.8757342631845357, 1732834497.5219507, 
-0.11538279056549072, 0.05802720785140991, -0.10045099756384257, -0.004012869016221758, 0.09277672700423435, -0.04325297028465565, 0.28641658544885357, 0.3015051594664491, 0.3381195366382599, 0.3541202247142792, 0.8697384132856847, 1732834497.6177554, 
0.03666454553604126, -0.05906546115875244, 0.016678166192223065, -0.005946554305496954, 0.09295527476695672, -0.06397220943518533, 0.2926720383732974, 0.3085648780160441, 0.3448871970176697, 0.3615678548812866, 0.8620990112598158, 1732834497.7297933, 
0.2003980278968811, -0.15644317865371704, 0.1736003507733893, -0.00828352774752185, 0.10007489453263654, -0.08277328481041184, 0.2988978042214643, 0.3155249875377567, 0.3508240580558777, 0.3680737614631653, 0.8552240445732214, 1732834497.8268125, 
-0.034796059131622314, 0.11789184808731079, -0.004444788351178175, -0.00608368563831685, 0.09018527311440147, -0.06745763945959998, 0.30533915321585137, 0.32263039194266263, 0.3569418489933014, 0.3748456537723541, 0.8483581723362041, 1732834497.9218214, 
0.03200739622116089, 0.12053108215332031, 0.0266754172060367, -0.0015884015616368795, 0.08397034098512403, -0.018916221406297215, 0.3113870122371719, 0.32919681444666504, 0.3630192279815674, 0.38137680292129517, 0.8441950218640512, 1732834498.0183234, 
3.159046173095703e-05, -0.37012141942977905, 0.003942797429007369, -0.002830693787676394, 0.09724598120026445, -0.029108594028651708, 0.3172737238059897, 0.335511013599549, 0.36961570382118225, 0.38888299465179443, 0.8426107116313276, 1732834498.1298234, 
0.018381118774414062, -0.48814380168914795, 0.016289805272921738, -0.00657438438775952, 0.10486652147262789, -0.06269288134512555, 0.3239549384649043, 0.34264646225912915, 0.3756471872329712, 0.39556100964546204, 0.8405164465874702, 1732834498.225833, 
-0.10067576169967651, -0.25243473052978516, -0.08360427600486009, -0.0058972367570296206, 0.10794667080751763, -0.05463102023354781, 0.331183030574089, 0.35031444960291924, 0.3817049562931061, 0.4021240472793579, 0.8369457750044533, 1732834498.321809, 
0.0918152928352356, 0.40072745084762573, 0.06616339924640943, 0.0002476768773557515, 0.07496397847528556, 0.0033039452066622454, 0.3383218838015703, 0.3577967948256738, 0.38787710666656494, 0.40859687328338623, 0.8336173624713195, 1732834498.4185688, 
0.15205508470535278, 0.2637651562690735, 0.1395415940382061, -0.0008318528629377244, 0.0909427071790827, -0.009146999124400982, 0.3436135134699913, 0.36329181581749115, 0.39490652084350586, 0.41612905263900757, 0.8290356012806334, 1732834498.5299037, 
-0.08885544538497925, 0.4852389097213745, -0.05554797136501363, 0.0034274473666703973, 0.09494539685857485, 0.03609914203398111, 0.34984081038016995, 0.369762014681685, 0.40098509192466736, 0.4227454364299774, 0.8275960920083084, 1732834498.625818, 
-0.1898546814918518, -0.06374210119247437, -0.1702534797481725, -0.0014782964765290513, 0.09046369620551606, -0.01634132296751005, 0.3564581312379637, 0.37663161559892083, 0.4070226550102234, 0.4294394552707672, 0.8257992738981198, 1732834498.7218099, 
0.26238709688186646, -0.06351107358932495, 0.1992858506650248, -0.0027260352494953583, 0.08834175478058028, -0.030857834511734294, 0.3628252296803855, 0.3832789130797476, 0.41380736231803894, 0.4367479681968689, 0.8239847695604993, 1732834498.8350897, 
-0.18373358249664307, -0.4430992603302002, -0.12784039981221185, -0.005307697043619172, 0.1085594746890018, -0.04889206638871933, 0.36901460772017425, 0.3897163528624949, 0.41998210549354553, 0.44339999556541443, 0.8215155389435982, 1732834498.9298334, 
-0.05984002351760864, 0.2673354744911194, -0.06979132994899001, 0.007277405262760218, 0.08280023151707874, 0.08789112215536678, 0.3763981396392255, 0.39735034174326883, 0.4258301854133606, 0.4500986635684967, 0.825538043941837, 1732834499.0259874, 
-0.508115828037262, 0.42406898736953735, -0.44404565057840867, 0.041933402874157755, 0.1252793134685616, 0.3347192901458611, 0.38283363199664244, 0.4039744516540109, 0.42913272976875305, 0.4537171423435211, 0.8423884743337934, 1732834499.0749104, 
0.5826187133789062, -0.14416784048080444, 0.4327364140734364, 0.01318601625446983, 0.05100652262220855, 0.25851627549941153, 0.3909582817868526, 0.4125435403247663, 0.4373002350330353, 0.4635489583015442, 0.8915911735627401, 1732834499.2184665, 
-0.03711545467376709, 0.05653613805770874, 0.031459803234834494, 0.02024309978755335, 0.09970574827907033, 0.2030284124732121, 0.394485370270138, 0.4165088486750564, 0.4435717463493347, 0.47212985157966614, 0.9113647444021911, 1732834499.3301704, 
-0.035437941551208496, 0.3313896656036377, -0.02558244449926747, 0.031242377078581192, 0.14551028294712612, 0.21470906691820327, 0.40137208133646957, 0.42465435158596876, 0.4487501084804535, 0.4794554114341736, 0.9295523542085233, 1732834499.4261308, 
-0.11923885345458984, 0.39119160175323486, -0.10552101990928364, 0.04276452037191166, 0.16617338526388148, 0.2573487944775397, 0.4107850838840008, 0.4362684775217058, 0.4538576602935791, 0.4868294596672058, 0.9493626664153952, 1732834499.5229306, 
0.05103534460067749, 0.012871325016021729, 0.028074167228837016, 0.022870881431203652, 0.10280163961114318, 0.22247584297015982, 0.42041218480067205, 0.44870350715821666, 0.4571952819824219, 0.49190211296081543, 0.9632126187926188, 1732834499.5865436, 
-0.10155695676803589, 0.046048104763031006, -0.08265148952996089, 0.022565665753374268, 0.1005133896392438, 0.2245040768634458, 0.42647119367150393, 0.45694868935502075, 0.4647308886051178, 0.5032843947410583, 0.9961661389814677, 1732834499.730592, 
0.27816981077194214, -0.023489832878112793, 0.22550433411258708, 0.01964207315819713, 0.08667472172792112, 0.22661824308885772, 0.4321403861377978, 0.46503673355153524, 0.4697328805923462, 0.5109660625457764, 1.018072761258314, 1732834499.8259602, 
-0.03357285261154175, 0.28722143173217773, 0.004318490405304659, 0.04874845316431405, 0.1479079881178031, 0.32958634475838966, 0.4373344858068151, 0.47281164079891, 0.4744025468826294, 0.5194000005722046, 1.0447926643067849, 1732834499.9231715, 
0.18233472108840942, -0.20974189043045044, 0.15611421976526474, 0.013276881147913084, 0.03659809666159955, 0.3627751811979833, 0.4442203589515916, 0.4837025776074723, 0.4788658320903778, 0.5272631049156189, 1.0843055644851882, 1732834500.01852, 
0.15360045433044434, -0.11545729637145996, 0.15395451592730236, 0.014780553436998524, 0.046583001374168966, 0.31729500034307756, 0.4460410593132859, 0.4868018167133633, 0.48350968956947327, 0.5366304516792297, 1.119276136948226, 1732834500.1305852, 
-0.23288607597351074, -0.020309150218963623, -0.17640304864249196, 0.025302361350312497, 0.07682511229618995, 0.32935013817828596, 0.44840342310473263, 0.49116795015870346, 0.48737257719039917, 0.5448717474937439, 1.1514245680730335, 1732834500.2258265, 
0.011593461036682129, -0.13095438480377197, -0.01586815760855856, 0.015746296586089323, 0.04643320461134992, 0.339117162338616, 0.4517283627120564, 0.49782217436364323, 0.49086448550224304, 0.5530752539634705, 1.1845337086550112, 1732834500.322824, 
0.06470799446105957, 0.2318233847618103, 0.05315990459260746, 0.05701538532856961, 0.13984087128347905, 0.4077161762886232, 0.45428819561144584, 0.5033810118326544, 0.4941037595272064, 0.5614416003227234, 1.2215449628833648, 1732834500.4181428, 
0.12946301698684692, -0.14011305570602417, 0.11810059754443905, 0.01988712390164468, 0.041113830881454316, 0.4837088511402957, 0.4590153017810088, 0.5147420022342805, 0.49731889367103577, 0.5714596509933472, 1.2801595456921993, 1732834500.5304255, 
0.13133984804153442, -0.16586816310882568, 0.1293221828803719, 0.00659216730957865, 0.013971473594026854, 0.4718304955603941, 0.46022992179108785, 0.5180459876401178, 0.4996732473373413, 0.5798466801643372, 1.3281477481703805, 1732834500.625829, 
-0.038881897926330566, -0.038209736347198486, -0.014266059808493464, 0.024623962588737797, 0.05871260309487199, 0.4193982431497485, 0.46080483469974537, 0.5198559846431431, 0.5016869306564331, 0.5887548327445984, 1.369083762431966, 1732834500.7218542, 
0.09152460098266602, -0.17162907123565674, 0.07601583459219642, 0.009091552492018387, 0.02527730763209264, 0.3596725024810612, 0.46218618991731536, 0.5250789234356519, 0.5035277605056763, 0.599001407623291, 1.4109188868724165, 1732834500.8339162, 
0.11286497116088867, -0.04139512777328491, 0.1075605707024276, 0.023650265762766586, 0.06587781400220712, 0.35900198148612256, 0.46283897163832743, 0.5280122326981588, 0.5047544240951538, 0.6082417964935303, 1.444460355540094, 1732834500.9300754, 
-0.058014631271362305, 0.2027910351753235, -0.033712340292632884, 0.04972942185956114, 0.14043341059120973, 0.35411389391032777, 0.46422073318740176, 0.5354840057741796, 0.5058760643005371, 0.6173970103263855, 1.4792706097505641, 1732834501.0258586, 
-0.0385206937789917, -0.0005089044570922852, -0.03792209614484619, 0.03032779229211092, 0.0902496762804208, 0.3360432252175333, 0.46616050143637183, 0.5486720935250914, 0.5065894722938538, 0.6265245079994202, 1.5112284265677742, 1732834501.1218112, 
0.01871544122695923, -0.11387217044830322, 0.010396970334181278, 0.01907811573261067, 0.06224525451740841, 0.30649911998150814, 0.4671198280260374, 0.5572770425819927, 0.5070510506629944, 0.6359307765960693, 1.5431011532739034, 1732834501.217888, 
0.1555355191230774, -0.30489659309387207, 0.13424648816282614, 0.0031711194167688534, 0.013704649075007229, 0.23139004869171964, 0.4675431903205175, 0.5627220356966559, 0.5070704221725464, 0.6470536589622498, 1.571206380302758, 1732834501.3308697, 
-0.16799437999725342, -0.12977051734924316, -0.12382836610529091, 0.008577136188750872, 0.05510789218563243, 0.15564261031538923, 0.4676386973078166, 0.5646143776387904, 0.5069809556007385, 0.656002402305603, 1.5861129001668806, 1732834501.4258661, 
0.03584951162338257, 0.08455133438110352, 0.012665566214588225, 0.016356428391192848, 0.09646379645314297, 0.16956028056741412, 0.46781112111779694, 0.5709529529960716, 0.5066743493080139, 0.664808988571167, 1.6019465626439604, 1732834501.5219362, 
0.08706635236740112, -0.253434419631958, 0.07612842371891526, 0.0076747505509080554, 0.060628012968345295, 0.1265875323163757, 0.4679096681256771, 0.5799726578850515, 0.5059734582901001, 0.6740196347236633, 1.6159329477281534, 1732834501.6178625, 
0.17279881238937378, -0.013681530952453613, 0.15873078614351302, 0.008705439778557842, 0.08605192918819676, 0.10116495772592064, 0.4678776010334512, 0.5863232185921928, 0.5054329037666321, 0.6846517324447632, 1.6283816359258587, 1732834501.730976, 
-0.11012548208236694, -0.07126414775848389, -0.0709203523799011, 0.007083134863310157, 0.08902582515049479, 0.0795626982545389, 0.4677304529708933, 0.5947617503391598, 0.504857063293457, 0.6934964060783386, 1.6380207853695814, 1732834501.8258276, 
0.23663783073425293, 0.1305379867553711, 0.19179546168687547, 0.0049721029085145535, 0.09965701038023943, 0.04989215399442136, 0.4674830797184001, 0.6038882964177648, 0.5041628479957581, 0.702237606048584, 1.6434308643441131, 1732834501.921849, 
-0.15627413988113403, -0.12339931726455688, -0.10554324102375753, 0.002861660470646927, 0.09054264691403727, 0.03160566394048361, 0.46715159031597453, 0.613452028136073, 0.5034515857696533, 0.7110986113548279, 1.6481609131132786, 1732834502.018506, 
0.016361355781555176, -0.3728361129760742, -0.0014182785240196283, -4.3525198485324945e-05, 0.08432923720693189, -0.0005161341419289769, 0.4667936798354274, 0.6225671487175576, 0.5025901198387146, 0.7217003107070923, 1.6499722855248928, 1732834502.1316695, 
-0.07484012842178345, -0.310125470161438, -0.06410794199228727, -0.002060596531500614, 0.09251162310290141, -0.022273920426286287, 0.4664347365212605, 0.6311310296200615, 0.5016645193099976, 0.7307344675064087, 1.6517000547428242, 1732834502.2258716, 
0.06121402978897095, -0.28917497396469116, 0.04294153032774596, -0.002412745047603789, 0.09312830080244774, -0.025907753355469503, 0.46604683553406223, 0.6404655054850862, 0.5008817315101624, 0.7394494414329529, 1.6535521371775428, 1732834502.3218675, 
0.01951354742050171, 0.32089102268218994, 0.022911669211139317, 0.004511372098137227, 0.08799600708905397, 0.05126791825419551, 0.4656838055966149, 0.6496577035265139, 0.5003030300140381, 0.74867844581604, 1.6552393977532638, 1732834502.419265, 
-0.041585445404052734, 0.2305206060409546, -0.03214975084302742, 0.0024913129670162326, 0.10128872740165752, 0.024596152315518812, 0.4653434122018571, 0.658636123823078, 0.49946147203445435, 0.7588371634483337, 1.655745541030064, 1732834502.5311842, 
-0.04687696695327759, 0.6047494411468506, -0.04470882474232034, 0.005920696996477042, 0.10686507484093782, 0.055403479624092714, 0.46490574159085907, 0.6688781364968411, 0.4987086355686188, 0.7678391933441162, 1.6560201033014639, 1732834502.6258457, 
-0.03884613513946533, -0.04505777359008789, -0.03973422115272471, 0.0003531854595653557, 0.08742348893965805, 0.004039937822764468, 0.4644311508946084, 0.6793087934134598, 0.4982064366340637, 0.7765070199966431, 1.6560201033014639, 1732834502.7218568, 
-0.11156576871871948, 0.19345319271087646, -0.10106753784630312, -0.001196924772775173, 0.09088221104743477, -0.013170066605778925, 0.46398509184323894, 0.6881840631296195, 0.49775561690330505, 0.7808765769004822, 1.654425858717323, 1732834502.7698486, 
-0.05270957946777344, -0.38673603534698486, -0.0597280513860831, -0.002717670580217147, 0.09837475478240959, -0.02762569102437137, 0.46351312640795383, 0.6975501658074172, 0.4965306222438812, 0.7960137128829956, 1.6545102841347739, 1732834502.9304545, 
-0.0944223403930664, -0.49481910467147827, -0.08933114431977951, -0.004768082195480663, 0.10545789213895625, -0.04521313766823648, 0.46302182851406354, 0.7076126784826728, 0.4956393241882324, 0.8050607442855835, 1.6545102841347739, 1732834503.0258794, 
0.029835283756256104, -0.5903688669204712, 0.012484746994119736, -0.006767450445303506, 0.11437215048261207, -0.059170439803283736, 0.4625250336098882, 0.7184664504087648, 0.49497562646865845, 0.8138135671615601, 1.6562225395833898, 1732834503.12187, 
-0.19146418571472168, -0.3360929489135742, -0.1617057541559192, -0.008006784826024932, 0.11420816628600045, -0.07010693793974694, 0.4620564829506673, 0.7298978812010782, 0.4945564866065979, 0.8227843642234802, 1.653738397851496, 1732834503.2178142, 
0.11030197143554688, 0.07357841730117798, 0.070591263117841, -0.0007687699474922908, 0.0899627047171461, -0.008545429463347048, 0.4616643850338717, 0.7410785948025584, 0.4937414228916168, 0.8334147930145264, 1.6514538625853776, 1732834503.3301241, 
-0.07903212308883667, -0.0784044861793518, -0.05720425029699153, -0.0021467352686154414, 0.09421630832888761, -0.022785177074882607, 0.46140423922025575, 0.7500750303262245, 0.49314695596694946, 0.8425565958023071, 1.6498456654343376, 1732834503.4278944, 
0.04221034049987793, 0.24736309051513672, 0.027701495453107183, -0.0008387966940628089, 0.08774347811660357, -0.009559647190508221, 0.461143133511059, 0.7594354292606198, 0.4926603436470032, 0.8511515855789185, 1.6467018012212185, 1732834503.5228612, 
-0.12229055166244507, 0.2426825761795044, -0.10039815493717608, 0.00012481132761446744, 0.09264654501209114, 0.0013471773566750764, 0.4609146221235434, 0.7682775427545624, 0.492160826921463, 0.8601052165031433, 1.64423901016606, 1732834503.6180024, 
-0.12138915061950684, 0.06583017110824585, -0.1183048061099359, -0.0012972690039900633, 0.09236148585438515, -0.014045562303266815, 0.46067874329636194, 0.7777140743348754, 0.4914727509021759, 0.870464563369751, 1.6409193986483903, 1732834503.7299461, 
0.01607370376586914, -0.004530549049377441, -0.0035083151287000347, -0.00022298581523072872, 0.09308854070373954, -0.002395416380415672, 0.4604435387595326, 0.7871435318529474, 0.491031289100647, 0.8795840740203857, 1.6399812222926733, 1732834503.82688, 
0.055962324142456055, 0.06309819221496582, 0.047276065087577736, -0.0012770770882600856, 0.08913201331740944, -0.014327928212641915, 0.4602227656230429, 0.7964727613369729, 0.4909040033817291, 0.8882062435150146, 1.6380404877340984, 1732834503.922843, 
0.05679124593734741, 0.025297224521636963, 0.055405808800696094, -1.5153430370899602e-05, 0.09523468510134529, -0.00015911671629694445, 0.4600171018836045, 0.8053010740728331, 0.49040454626083374, 0.8972508311271667, 1.637097511748767, 1732834504.0186663, 
0.26188594102859497, 0.1251438856124878, 0.23173600620343338, -0.0004144529601247046, 0.09196901518177483, -0.004506441210722405, 0.45981157658395283, 0.8146182958519597, 0.48985522985458374, 0.9075532555580139, 1.6346378407420643, 1732834504.1298866, 
0.03833204507827759, 0.04737246036529541, 0.0665139093622073, 0.00029311301803161083, 0.09635616243436651, 0.0030419748008464562, 0.4596152549156312, 0.8235389223567758, 0.4892493486404419, 0.9164432883262634, 1.6339553661503914, 1732834504.2258754, 
-0.07653158903121948, -0.2366466522216797, -0.0556879364014604, -0.005431924621554551, 0.08898835737591326, -0.061040846035717765, 0.459412900867048, 0.832961726568363, 0.4889078438282013, 0.9252926707267761, 1.631000143053866, 1732834504.3228455, 
-0.03318285942077637, -0.2583465576171875, -0.036431569934602254, -0.004525245424553415, 0.09970557061404556, -0.045386084214595945, 0.4592210039550775, 0.8421310518084806, 0.48862889409065247, 0.93365877866745, 1.62901810717855, 1732834504.4184587, 
0.08912390470504761, -0.19778317213058472, 0.0708034564028531, -0.004021253193562485, 0.09670072075492522, -0.041584521419998535, 0.45907100031104126, 0.8520998924696063, 0.4878980219364166, 0.944104015827179, 1.6279779157565124, 1732834504.529974, 
0.04194784164428711, 0.2015114426612854, 0.04612559068595408, -0.002036854198708159, 0.08856289195726064, -0.0229989576186279, 0.45897132448769323, 0.8615098283620874, 0.4878526031970978, 0.952917218208313, 1.6260443214944627, 1732834504.626897, 
0.112210214138031, 0.0953378677368164, 0.10255845636272667, -0.0013024920029090265, 0.0893695707377488, -0.014574222435633418, 0.458912204949945, 0.8702889979039031, 0.4877720773220062, 0.9573667049407959, 1.624978826716449, 1732834504.6758754, 
-0.03374987840652466, 0.5479956269264221, -0.013894566224880972, 0.0011687321086549403, 0.08323012437317841, 0.01404217664525771, 0.45887193866688103, 0.8789804042479309, 0.4873586595058441, 0.9705588221549988, 1.619514860099083, 1732834504.818367, 
-0.06750667095184326, 0.023514091968536377, -0.059668979702903184, 0.00032669795249464867, 0.08841784047767137, 0.0036949325015142327, 0.45884188669610687, 0.8874235774598176, 0.48710769414901733, 0.9806037545204163, 1.618664869552781, 1732834504.929849, 
-0.029279768466949463, 0.3606919050216675, -0.03369430945941136, 0.00119088707031914, 0.0916753008941459, 0.012990271738450179, 0.4587983782005469, 0.8964171870162245, 0.4867769181728363, 0.9893932342529297, 1.615966105216561, 1732834505.0260398, 
0.06359893083572388, -0.46713030338287354, 0.049399991199877605, -0.006080726214254544, 0.08770754439118174, -0.06932956858459156, 0.4587517524769999, 0.9055498898949119, 0.4862363934516907, 0.9983584880828857, 1.6123873349655702, 1732834505.1219313, 
-0.1132994294166565, -0.471422016620636, -0.0895038603450125, -0.006880738497092809, 0.11724088081428916, -0.058688901425024045, 0.45870306917489345, 0.9147832228446401, 0.48578619956970215, 1.0072802305221558, 1.6116109671954053, 1732834505.218017, 
-0.023854553699493408, 0.2176816463470459, -0.033494316006643376, 0.0018981315105595247, 0.08080263821928563, 0.023490959607139247, 0.458717913411229, 0.9260217953006485, 0.4851372241973877, 1.0172722339630127, 1.6124210720013852, 1732834505.3302922, 
0.1003301739692688, 0.04847896099090576, 0.08083181830125816, 0.0006140481448767951, 0.09131922015134046, 0.006724193919518284, 0.4587677805137169, 0.934304633142141, 0.48529309034347534, 1.0216716527938843, 1.6124210720013852, 1732834505.3778567, 
-0.048475027084350586, 0.5889147520065308, -0.029610740876255162, 0.004522826838414885, 0.09710982278137452, 0.04657434962678518, 0.45880252483082745, 0.9434284131430617, 0.484905481338501, 1.034986138343811, 1.6124210720013852, 1732834505.5228999, 
-0.13804954290390015, 0.4207080006599426, -0.12219367536778418, 0.0027794370615784043, 0.1085828630453417, 0.025597382345847478, 0.4588291255101625, 0.9535162728256013, 0.48461833596229553, 1.039292335510254, 1.6115478830625563, 1732834505.5698802, 
0.005691111087799072, 0.004202485084533691, -0.012978786482601173, -0.00046264343114896077, 0.0926720723309315, -0.004992263791154507, 0.4588110346704756, 0.9641903115757143, 0.4844684898853302, 1.0537775754928589, 1.6108640272838413, 1732834505.73059, 
0.012478828430175781, 0.053626179695129395, 0.008768910560536882, 0.000326881354590578, 0.09368653224535044, 0.003489096530273173, 0.4587755611909715, 0.9734723744845235, 0.48411819338798523, 1.0582472085952759, 1.6108640272838413, 1732834505.7781034, 
-0.014338791370391846, -0.16444122791290283, -0.01096442809643199, -0.0012006065195959246, 0.0956426064852653, -0.012553051027325252, 0.45874366916346004, 0.9828603306816857, 0.4837965965270996, 1.0673317909240723, 1.6098320775240484, 1732834505.87514, 
-0.08642411231994629, -0.08585166931152344, -0.07542153947993972, -0.0007940113418694902, 0.09041449441327293, -0.008781903244851067, 0.4587101052843618, 0.9923659105879976, 0.48323625326156616, 1.0805695056915283, 1.6098320775240484, 1732834506.0196497, 
-0.16542589664459229, -0.37848961353302, -0.15226165958070925, -0.003248008733919447, 0.09675039895789823, -0.033571011271311096, 0.4586890108337897, 1.001680907584013, 0.4827825427055359, 1.0896432399749756, 1.6096537422805937, 1732834506.1148028, 
0.07234358787536621, -0.4380571246147156, 0.039616585679815824, -0.005472791784896961, 0.10401523925709227, -0.05261528814417257, 0.45867918504674154, 1.0116810690838365, 0.4825105667114258, 1.0998948812484741, 1.608787531133179, 1732834506.2260234, 
-0.1475657820701599, -0.2026602029800415, -0.12025688966728593, -0.004768852323970813, 0.10525305236399571, -0.04530844680379181, 0.4587064584786654, 1.0220703787504914, 0.4823397397994995, 1.1089684963226318, 1.606989113887754, 1732834506.3230088, 
-0.00941234827041626, 0.2191489338874817, -0.025614118182548773, 0.0010414225361537184, 0.08099999367655347, 0.012857069351292702, 0.45878516802235797, 1.0323827042915736, 0.48224231600761414, 1.1176700592041016, 1.606989113887754, 1732834506.4196632, 
0.047594666481018066, -0.028348565101623535, 0.03694722550219172, -0.0009445978673952324, 0.09484995108058306, -0.009958865098335334, 0.45888023915857984, 1.0407351870922443, 0.4817278981208801, 1.1281769275665283, 1.6054717688438918, 1732834506.5308104, 
-0.024132847785949707, 0.4466305375099182, -0.015247990132470537, 0.0009286095026029574, 0.085489619076536, 0.010862248687429573, 0.4589763907183998, 1.0500032769122702, 0.4814760088920593, 1.1366981267929077, 1.6039159114135881, 1732834506.6258972, 
0.030318498611450195, 0.2975419759750366, 0.02369544977216885, 0.0022242105545803286, 0.09605934228647978, 0.023154546987704944, 0.45907305183729546, 1.0587583514041128, 0.48120778799057007, 1.1458183526992798, 1.6029294759372534, 1732834506.7230315, 
0.00043845176696777344, -0.1744098663330078, 0.0038218830182391132, -0.0010148556198509614, 0.09365160433536097, -0.010836500101128244, 0.4591671153613025, 1.0682817571211005, 0.48082390427589417, 1.1547826528549194, 1.6023768300936965, 1732834506.8184931, 
0.11214959621429443, -0.3805922269821167, 0.09634350527803458, -0.003014389575341468, 0.0948482920603597, -0.03178116874706786, 0.4592428911735626, 1.0776332902413903, 0.4804723262786865, 1.1653163433074951, 1.6023768300936965, 1732834506.9325323, 
-0.146837055683136, -0.16578024625778198, -0.11135301147786149, -0.0018517159160033345, 0.10339411201972125, -0.017909297539594332, 0.45933278618552753, 1.0871552077626214, 0.48018336296081543, 1.1744924783706665, 1.6026188566981678, 1732834507.026926, 
0.1029583215713501, -0.3600473999977112, 0.0717032404040734, -0.0018076082676753583, 0.10078325829052297, -0.01793560059811377, 0.4594626340367363, 1.0976069663725823, 0.4798431694507599, 1.1833350658416748, 1.6041114183708238, 1732834507.1219773, 
-0.16575241088867188, -0.341235876083374, -0.13111630186809153, -0.0021554107053913863, 0.101086667148469, -0.021322403499817344, 0.45960492983110274, 1.107606574457118, 0.47970014810562134, 1.1922444105148315, 1.6046862551300878, 1732834507.2179806, 
0.12489962577819824, -0.04989570379257202, 0.08755107517506758, -0.0006855108490173352, 0.09298949852842163, -0.007371916827875068, 0.4597674067132321, 1.117742345904394, 0.4795125126838684, 1.2028332948684692, 1.6046862551300878, 1732834507.3312309, 
-0.02806079387664795, 0.4011983275413513, -0.011211676580846486, 0.002803726523082626, 0.09176069214825222, 0.030554766506695634, 0.45993076928564375, 1.1268903599886801, 0.479308158159256, 1.2117509841918945, 1.6046862551300878, 1732834507.4268966, 
0.07211291790008545, 0.11075758934020996, 0.05996858891448062, 0.0012707938110626399, 0.09750069449123104, 0.01303368983876245, 0.46009881155564786, 1.1361693345830537, 0.4790284335613251, 1.2208364009857178, 1.6046862551300878, 1732834507.5229213, 
-0.06746786832809448, 0.5035015344619751, -0.048878547038536696, 0.004358615087255065, 0.10026637607172637, 0.04347035624521918, 0.46024665806514387, 1.1458882940970874, 0.47878286242485046, 1.229792833328247, 1.6046862551300878, 1732834507.6179082, 
0.09833031892776489, 0.07314354181289673, 0.07685858603973356, 0.0030897631370460027, 0.0999340084346367, 0.030918034665515366, 0.4603828688606282, 1.1559660307480766, 0.47859036922454834, 1.2406255006790161, 1.6065741967890508, 1732834507.730909, 
-0.20205938816070557, 0.2966963052749634, -0.16136381536433198, 0.004527903077524771, 0.1049462654803584, 0.04314496620532159, 0.4604769733309103, 1.1660717619757033, 0.4782809913158417, 1.2496144771575928, 1.6083577142550083, 1732834507.8269286, 
0.035959064960479736, -0.24738961458206177, 0.007151551318829247, 0.00023695802842871837, 0.08292543252246803, 0.0028574831776067774, 0.46053965770826505, 1.1763179228373437, 0.4778134822845459, 1.2583975791931152, 1.6114176477170268, 1732834507.922895, 
0.12861120700836182, -0.22081661224365234, 0.11089998566959787, -0.0003387746476949816, 0.08959411075431992, -0.003781215582617377, 0.4605600716998157, 1.1846849892694156, 0.4773828983306885, 1.267142653465271, 1.6126389481577226, 1732834508.0185544, 
-0.07715851068496704, -0.3725631833076477, -0.04972233597169749, -0.0018837618686907344, 0.09770882667625613, -0.019279341823766886, 0.4605805757154517, 1.1936447595697819, 0.4770451784133911, 1.2778102159500122, 1.6140617756732487, 1732834508.1311154, 
0.008480846881866455, -0.1168401837348938, -3.1800672655526996e-06, 0.002209802426470214, 0.0970494780902482, 0.02276985378958221, 0.4606077358011045, 1.2034638571058813, 0.4767288267612457, 1.2866700887680054, 1.6159777939924946, 1732834508.2259288, 
0.16145622730255127, 0.36109620332717896, 0.1379003272560676, 0.005612021032846819, 0.0994760432001186, 0.05641580477378827, 0.46064659341956665, 1.2131732408833686, 0.47645407915115356, 1.295445442199707, 1.618279751253034, 1732834508.3229053, 
-0.03301197290420532, 0.38497394323349, -0.008063380207423115, 0.004738835307008114, 0.11696301606830695, 0.04051567295631819, 0.4606596850332305, 1.2232301235046639, 0.47601208090782166, 1.3001000881195068, 1.618279751252827, 1732834508.3712895, 
0.10804057121276855, 0.5468282103538513, 0.0911012787994243, 0.0070406249073718735, 0.1176715191693212, 0.059832871684446426, 0.46061080766583684, 1.234920078489491, 0.475719690322876, 1.3151612281799316, 1.6173519408536359, 1732834508.5310676, 
0.026233673095703125, -0.59641033411026, 0.0355671719605116, -0.0033120791994605313, 0.06588176098650562, -0.05027308241106268, 0.46052233838666656, 1.2456692683337522, 0.4751903712749481, 1.3239086866378784, 1.6170364357651121, 1732834508.627009, 
0.08794206380844116, -0.6097531914710999, 0.08038594602048327, -0.0036399867255100886, 0.10933650180086932, -0.03329159672713388, 0.4604308038991107, 1.2529261474361981, 0.4748435616493225, 1.3280068635940552, 1.6174938846525833, 1732834508.6750212, 
-0.145402193069458, -0.5406160354614258, -0.11246420234680546, -0.0061656120528435065, 0.11256991879636602, -0.05477140002203275, 0.4603455772601258, 1.2638201809515788, 0.4742351770401001, 1.3417383432388306, 1.6175549852255657, 1732834508.819717, 
0.03790640830993652, -0.24440789222717285, 0.01596462131241755, -0.0033894302110833423, 0.10189290100881038, -0.03326463549006489, 0.4602978333189677, 1.2750595901338824, 0.47370004653930664, 1.3517462015151978, 1.6161914044404213, 1732834508.9305997, 
-0.014378130435943604, 0.443973183631897, -0.00999843734041608, 0.002721014347994066, 0.08144073006734903, 0.03341097686309871, 0.4603052763280627, 1.2849082856445988, 0.47340041399002075, 1.3605419397354126, 1.6163175537058372, 1732834509.0269432, 
0.06695961952209473, 0.2334766387939453, 0.05576502359779917, 0.0023261972047430137, 0.09687144314180608, 0.024013239911557734, 0.4603316503251921, 1.293290272173022, 0.4733022451400757, 1.3693495988845825, 1.6164790544565912, 1732834509.122967, 
0.08730638027191162, -0.15742981433868408, 0.08267888818754818, -0.0008587269700489359, 0.09106207438960824, -0.009430127479579265, 0.4603320944382096, 1.302785392926369, 0.4732372462749481, 1.378219485282898, 1.616186016132564, 1732834509.2191334, 
-0.21331214904785156, 0.5946751832962036, -0.17014752222995053, 0.0038449936062777495, 0.08631137246535228, 0.04454793727004207, 0.46031386608252306, 1.3117243822310698, 0.47281381487846375, 1.3885058164596558, 1.6142887152105205, 1732834509.330797, 
-0.07510024309158325, -0.5893868207931519, -0.08896473416094683, -0.008533589418025242, 0.07171833435760944, -0.11898755728868672, 0.46030192375936285, 1.320401518998024, 0.4726472496986389, 1.3977869749069214, 1.609454820585944, 1732834509.4279463, 
-0.008536756038665771, 0.06626003980636597, -0.020258123340195514, -0.041532490646264235, 0.07003840584528485, -0.5929959447964833, 0.4602862913242007, 1.3276809998884986, 0.47296324372291565, 1.4069095849990845, 1.5516992636190035, 1732834509.5229006, 
-0.1311435103416443, 0.02505958080291748, -0.11499328209711603, -0.029587490741473793, 0.05386201819810696, -0.5493201281958959, 0.46039705554901006, 1.3344723321669845, 0.47324463725090027, 1.415230393409729, 1.4927302867234724, 1732834509.6191244, 
0.04841238260269165, -0.2647410035133362, 0.024838790279762754, -0.06254083706349667, 0.1639184297560688, -0.38153633582608915, 0.4609111891366925, 1.3415580569869312, 0.4744986891746521, 1.4245392084121704, 1.453645417608173, 1732834509.7309146, 
-0.06997263431549072, -0.24247503280639648, -0.05615061730581618, -0.07153995127421775, 0.16015242776107091, -0.44669913703054925, 0.4629747443057496, 1.357672403918138, 0.476207971572876, 1.4333497285842896, 1.4151042929866509, 1732834509.8269317, 
0.808912456035614, -0.14466190338134766, 0.6826362862214516, -0.06611627439872211, 0.13590459821251327, -0.4864903415213109, 0.4655515633253906, 1.372991713158164, 0.47820600867271423, 1.4423483610153198, 1.3698151653823107, 1732834509.9232066, 
-0.06139653921127319, -0.461447536945343, 0.0473376147707284, -0.2559209252236009, 0.2734602939057782, -0.9358613697379388, 0.46858185456673646, 1.3870333456443715, 0.4817339777946472, 1.455165147781372, 1.2879555335958561, 1732834510.0178761, 
-1.88065505027771, 0.7239790558815002, -1.6004568889457587, 0.22696690571287997, -0.2388312306748553, -0.9503233939361666, 0.4740147897391408, 1.406619317900624, 0.4873422086238861, 1.4722568988800049, 1.1638858769783111, 1732834510.1310122, 
0.011546969413757324, 0.35074037313461304, -0.22321594550358448, 0.12056269646431457, -0.187452609217641, -0.6431636079513612, 0.4664594030647103, 1.3867157232129297, 0.4906228482723236, 1.4804425239562988, 1.100423740244953, 1732834510.2269888, 
0.3102944493293762, -0.1503753662109375, 0.23311477850819545, -0.03547771563541928, 0.08095771129948981, -0.43822527917291626, 0.45935785225964676, 1.3721105202354427, 0.49423229694366455, 1.4876439571380615, 1.0593265813807595, 1732834510.3229594, 
-0.9980067014694214, 0.3709784150123596, -0.8186515156939214, 0.01063525274564708, -0.02947205657500164, -0.3608588602760745, 0.4625719512195293, 1.3778031163268067, 0.49918416142463684, 1.4963345527648926, 1.0205484248162524, 1732834510.4196393, 
-0.06936711072921753, -0.12178492546081543, -0.17825558161184973, -0.017865377769789585, 0.09320779827202472, -0.19167256496768553, 0.46249486587833216, 1.3777009734294297, 0.5047833323478699, 1.5058931112289429, 0.9994302307909522, 1732834510.5309284, 
0.06753391027450562, 0.18465620279312134, 0.03163230426142433, -0.013023839788918499, 0.05977521707186308, -0.21788025919271783, 0.4675120302537717, 1.3852159391903767, 0.5098047852516174, 1.5134464502334595, 0.979326250395116, 1732834510.626956, 
-0.3263438940048218, 0.16309618949890137, -0.27410736728740387, -0.013588498303898595, 0.06219308761306942, -0.21848888398078295, 0.4709622084175591, 1.3901739685735306, 0.5151932835578918, 1.521440029144287, 0.9556576993342563, 1732834510.7229085, 
-0.20914167165756226, 0.16676127910614014, -0.21856771253668203, -0.0054052407610370575, 0.05974653274043738, -0.09046953041642711, 0.4748718338042366, 1.3955444766238267, 0.5206729769706726, 1.529404640197754, 0.94289744469346, 1732834510.819284, 
0.04989808797836304, 0.31009989976882935, 0.010782545530678589, 0.006909529912803214, 0.06601749541635668, 0.10466210311715779, 0.4787446173221604, 1.4006519663093264, 0.5269620418548584, 1.5385137796401978, 0.9505931748790554, 1732834510.931179, 
0.16384226083755493, 0.03254342079162598, 0.14157864468364847, 0.009893853657208096, 0.10011357349521374, 0.09882629609341738, 0.48308678839543795, 1.4063031522514533, 0.5326505899429321, 1.5463588237762451, 0.9616786565516605, 1732834511.0271032, 
-0.23371011018753052, 0.22510570287704468, -0.1789330796765107, 0.012108768572880731, 0.12004448213076294, 0.1008690142016757, 0.4892167217261507, 1.4144530709132737, 0.538080096244812, 1.5543349981307983, 0.9675502114983658, 1732834511.1229808, 
0.00023955106735229492, 0.02268582582473755, -0.025910594021446576, 0.008931133428360709, 0.10024940200432184, 0.08908914417240793, 0.49629680418129485, 1.4240634465627828, 0.5434122085571289, 1.5621753931045532, 0.9760074143110189, 1732834511.2194703, 
0.06114727258682251, 0.17003250122070312, 0.0484695341464214, 0.013215756712411958, 0.1097266171597186, 0.12044257860583671, 0.5022581850811845, 1.4323266155242362, 0.5495405793190002, 1.5712884664535522, 0.987129561537763, 1732834511.33131, 
0.1628631353378296, 0.04512143135070801, 0.1461477216437334, 0.0125715066059271, 0.10427619571842071, 0.12055969743923353, 0.5084800278601451, 1.4411237818529696, 0.5548596978187561, 1.579240083694458, 0.9985287686545216, 1732834511.4271617, 
-0.3515092134475708, 0.10719788074493408, -0.2788986652426022, 0.014963524881060581, 0.11398262303105762, 0.1312790009840655, 0.5144155013199792, 1.449733765880051, 0.5602595210075378, 1.587753415107727, 1.0096312878702511, 1732834511.5241163, 
-0.15745162963867188, -0.08914655447006226, -0.17517885754951718, 0.009439691927702994, 0.08385996206956668, 0.11256494392249097, 0.5207355025518722, 1.45914525058433, 0.5650279521942139, 1.5954734086990356, 1.0214602514890756, 1732834511.6193094, 
0.11088281869888306, -0.2621196508407593, 0.06914040802877733, 0.0054141066904788045, 0.06707906746683903, 0.0807123130200834, 0.5252988767774821, 1.4661321046155518, 0.5705453753471375, 1.6046826839447021, 1.0323905817617582, 1732834511.7311842, 
-0.2974068522453308, 0.16623109579086304, -0.24383535163989714, -0.0019773971712913315, 0.11209674184215276, -0.017640094964363653, 0.5293046502145001, 1.4724056246615222, 0.575847327709198, 1.6132698059082031, 1.0312512573735155, 1732834511.8272212, 
-0.074249267578125, 0.12014436721801758, -0.09898613428515787, -0.0016178789322447782, 0.09239972601178507, -0.017509564173798814, 0.5352954270691127, 1.4819315957720411, 0.5807608962059021, 1.6213034391403198, 1.0256836449074345, 1732834511.9234123, 
-0.012701809406280518, 0.5967723727226257, -0.025282600014204973, 0.002335191872248592, 0.08727675868748919, 0.026756170913841845, 0.5402605284716556, 1.489798115324253, 0.5856531858444214, 1.6293182373046875, 1.0233812830651943, 1732834512.0194237, 
0.08961832523345947, 0.07425278425216675, 0.07288368066030927, -0.0038693442634863064, 0.09966794083278793, -0.03882235582631202, 0.5450476459700051, 1.4973606110817022, 0.5914310216903687, 1.6389414072036743, 1.015925622821525, 1732834512.1310697, 
-0.015446603298187256, 0.1555335521697998, -0.0025847850567589092, -0.006032453596821945, 0.09412042542991278, -0.06409292743065681, 0.5502570441904037, 1.5056208146563905, 0.5963927507400513, 1.6470202207565308, 1.0078500413281564, 1732834512.2273912, 
-0.8027250170707703, 0.3958563804626465, -0.686008937799478, 0.00034735295602956757, 0.07301391104349164, 0.004757353099776596, 0.555217153776737, 1.5134157559980974, 0.6013701558113098, 1.654973030090332, 1.0034825468963693, 1732834512.3229296, 
0.2607317566871643, -0.3630329966545105, 0.12274709157817953, 0.018076183468140064, 0.08266079720012771, 0.2186790362591874, 0.5597828243808267, 1.5205154291411134, 0.6059836745262146, 1.6627620458602905, 1.0258934318674373, 1732834512.4193342, 
-0.05523043870925903, -0.12228161096572876, -0.029297550950490442, 0.01285120413414451, 0.07717581721610664, 0.1665185364757298, 0.5640979569879642, 1.5272746602285485, 0.6110063791275024, 1.6710551977157593, 1.0461870710874932, 1732834512.5149846, 
-0.09530919790267944, 0.34466874599456787, -0.08553298012758162, 0.01945705322016172, 0.14012670198678145, 0.13885328737699942, 0.5686821072072046, 1.5347939968369708, 0.6164258718490601, 1.6807557344436646, 1.0565943083291514, 1732834512.626991, 
0.20162731409072876, 0.12275451421737671, 0.15968921644660367, 0.014968220955957205, 0.11606110822506008, 0.12896844761236947, 0.5756257807493753, 1.5466224547384848, 0.6210586428642273, 1.6889969110488892, 1.067615140411787, 1732834512.722976, 
0.06598168611526489, -0.3430984616279602, 0.0795262279084862, 0.0030028705158303397, 0.07241755506814772, 0.04146605768455622, 0.5808820898168336, 1.5558625273510356, 0.6257140040397644, 1.697681188583374, 1.0767810328292677, 1732834512.8190897, 
0.19373220205307007, -0.03143233060836792, 0.17709803388557538, -0.006129655065181703, 0.09501105743030336, -0.06451517571708108, 0.5845138150876794, 1.562414980740039, 0.631232738494873, 1.7077463865280151, 1.0690260236950542, 1732834512.93242, 
0.10819011926651001, -0.09709680080413818, 0.11822427516129488, -0.007590564621943838, 0.10292978044163573, -0.07374507736609733, 0.5890271477463371, 1.5706106246803493, 0.635558545589447, 1.7157790660858154, 1.0614304996952553, 1732834513.0269537, 
0.07694733142852783, -0.0002180933952331543, 0.08292839199132596, -0.0028657983754788686, 0.0953159173334068, -0.030066314794564217, 0.5938978903286697, 1.5793209320694253, 0.6394544243812561, 1.723015308380127, 1.0592092750669237, 1732834513.1229527, 
-0.022295892238616943, -0.316963255405426, -0.006934983574987841, -0.00822832771369468, 0.10629431327449063, -0.07741079894317715, 0.5986338420827433, 1.58765533596429, 0.644182026386261, 1.7312018871307373, 1.0557842687731582, 1732834513.219121, 
-0.022480010986328125, -0.11576461791992188, -0.02019789891296763, -0.0044583231469838575, 0.1119141359913467, -0.03983699742210027, 0.6039742622991219, 1.5969759962550258, 0.6499918699264526, 1.7413307428359985, 1.0507885962067545, 1732834513.3311021, 
-0.160039484500885, -0.08208823204040527, -0.13964228347462165, -0.007703841630193248, 0.10554699049212357, -0.07298968539295439, 0.6096484660219349, 1.60671341339115, 0.6547545194625854, 1.7499586343765259, 1.0436641658488766, 1732834513.4269848, 
0.056328535079956055, -0.2757561206817627, 0.027778452286606525, -0.01865900715559406, 0.11348093233103515, -0.1644241615953937, 0.6151294159622387, 1.616017619404035, 0.6594721078872681, 1.7579914331436157, 1.0328681569219806, 1732834513.5230706, 
-0.03832900524139404, 0.11826765537261963, -0.028759318049045392, -0.0192923190172006, 0.08053474084563651, -0.2395527546823401, 0.6206405949745764, 1.625186663837972, 0.6644805073738098, 1.765870213508606, 1.00741427455146, 1732834513.6191857, 
-0.03260207176208496, 0.057752907276153564, -0.03203948538475118, -0.015297814056036514, 0.07857455746283176, -0.19469169855996785, 0.6249348613254919, 1.6320607145565365, 0.670301616191864, 1.7752625942230225, 0.9836107632098883, 1732834513.7320638, 
0.18034851551055908, -0.2515494227409363, 0.1494777200556346, -0.020054197714269455, 0.13153912789783417, -0.15245804069679902, 0.6297217543054024, 1.6393460011367402, 0.6751935482025146, 1.7828567028045654, 0.9709209488683012, 1732834513.826988, 
0.03784304857254028, -0.09272897243499756, 0.05406496078860547, -0.018499740806704183, 0.11503776925630907, -0.1608144953287991, 0.6368728203691091, 1.6497845703837506, 0.6804908514022827, 1.7905546426773071, 0.9573440436394751, 1732834513.9229882, 
0.007559597492218018, -0.12189000844955444, 0.014333138220817596, -0.02271268441058406, 0.11449032654113961, -0.19838081606329205, 0.6434688472318748, 1.659102298219305, 0.685994565486908, 1.7985566854476929, 0.9394492831409514, 1732834514.0201366, 
0.025271177291870117, 0.01565760374069214, 0.023620442870479638, -0.019262534952419277, 0.09095944214395559, -0.21177059245739124, 0.6500213109961586, 1.6680372788023268, 0.6912468075752258, 1.805968999862671, 0.9177396668854094, 1732834514.1153302, 
0.054054439067840576, 0.21205955743789673, 0.04954006174589233, -0.010108088363444198, 0.05962620480223702, -0.1695242619745768, 0.6551822634754675, 1.674786041913497, 0.6981446743011475, 1.8147518634796143, 0.8962295654410055, 1732834514.2269936, 
-0.06576061248779297, 0.12956005334854126, -0.0489158094206195, -0.01033813388045604, 0.07353351638425484, -0.14059077259998495, 0.6590095065778514, 1.6795879088015644, 0.7040533423423767, 1.8222302198410034, 0.8806510977064698, 1732834514.3232126, 
-0.1872735619544983, 0.17642462253570557, -0.1670797585833294, -0.009468980434875396, 0.07033253855712976, -0.13463157493147965, 0.6637471670701379, 1.6853336064736812, 0.7099319696426392, 1.8296009302139282, 0.8659236840595809, 1732834514.4194007, 
-0.03135085105895996, -0.12818729877471924, -0.05104619260459836, -0.014827589777581418, 0.10487581083053632, -0.14138236129149545, 0.668813151094342, 1.6913070283009146, 0.7170532941818237, 1.8379147052764893, 0.8517903885407118, 1732834514.5316148, 
-0.19090485572814941, 0.24743914604187012, -0.17056219438015247, -0.007494416851462146, 0.0694649634489804, -0.10788772467960103, 0.6754479595495412, 1.698915651897542, 0.720220148563385, 1.8415299654006958, 0.8456267261887884, 1732834514.5794535, 
0.06193411350250244, 0.13860368728637695, 0.028060844678768543, -0.007657653545641825, 0.07755309193405115, -0.09874078975669554, 0.680291395552846, 1.7043203775119309, 0.7296759486198425, 1.8520900011062622, 0.8269797197694386, 1732834514.7235446, 
-0.11283814907073975, -0.08770757913589478, -0.09222978712283729, -0.012641364876405208, 0.10206804614212961, -0.12385232552411285, 0.6858229080754222, 1.7103622912834826, 0.736032247543335, 1.8591597080230713, 0.8153797618580624, 1732834514.818823, 
0.06301957368850708, -0.0196688175201416, 0.04037547093620285, -0.012236660649873455, 0.09774322639262248, -0.1251919043547867, 0.6928902029155253, 1.7179226033051003, 0.7435306906700134, 1.8671244382858276, 0.8020799908391515, 1732834514.9312897, 
0.07251137495040894, 0.00847017765045166, 0.0678105272917817, -0.01068638653635151, 0.09643200361042908, -0.11081784196378328, 0.6994951044655469, 1.7248135837444818, 0.7501922845840454, 1.873971700668335, 0.7912619631084806, 1732834515.0273998, 
0.21093517541885376, 0.36384522914886475, 0.18996475908614377, -0.005036716839866286, 0.06424114613644105, -0.07840328423108858, 0.7057712397588559, 1.73120380594471, 0.7567897439002991, 1.880573034286499, 0.7810252770322783, 1732834515.1229541, 
-0.01852130889892578, 0.06252604722976685, 0.011925269189797472, -0.004190895045624372, 0.09384898295076616, -0.044655732154529004, 0.7104810783785511, 1.7359015452781386, 0.7636843919754028, 1.887325644493103, 0.774804097239345, 1732834515.2196167, 
0.02761399745941162, 0.05351686477661133, 0.025330747594237837, -0.00745915011520218, 0.09784825087369026, -0.0762318186436567, 0.717223169106944, 1.7425258601763507, 0.771695613861084, 1.895233392715454, 0.7652877301382329, 1732834515.330918, 
0.3709060549736023, -0.21328675746917725, 0.3205071628728875, -0.009414089260842255, 0.11399491649215193, -0.08258341293219312, 0.7243809136458135, 1.7494893510793215, 0.7752132415771484, 1.898533821105957, 0.7622105163999249, 1732834515.379144, 
-0.058641910552978516, 0.35575664043426514, -0.0034553207754531856, -0.024427530842540585, 0.08047633620629065, -0.30353681584017167, 0.7318216639417194, 1.756605128083207, 0.7860333323478699, 1.9083809852600098, 0.7254302163425365, 1732834515.523007, 
0.026737213134765625, -0.08087712526321411, 0.02238530259183803, -0.03335158223782145, 0.10481067473385015, -0.3182078764640379, 0.7380346546843731, 1.7624161825322933, 0.7929143309593201, 1.9148057699203491, 0.6912995491662532, 1732834515.6196485, 
0.4253542423248291, -0.08779507875442505, 0.3665577168337396, -0.02566465474740191, 0.11051144607395141, -0.23223526303535819, 0.7458399848955004, 1.7692808510207356, 0.8010875582695007, 1.92135488986969, 0.6662708689364021, 1732834515.731162, 
0.04671454429626465, -0.19612163305282593, 0.09336978783502481, -0.03446490398786867, 0.13875883382558105, -0.2483798907620601, 0.7542985121919741, 1.7762761417223807, 0.8086006045341492, 1.927242636680603, 0.6449629366966398, 1732834515.8274434, 
-0.05730164051055908, -0.1648668646812439, -0.03534709036800884, -0.034452853274078654, 0.13340053646009234, -0.2582662273204985, 0.7651130290601943, 1.784799488711584, 0.8162292242050171, 1.933068871498108, 0.6217091854226525, 1732834515.9229863, 
-0.023541390895843506, 0.08039069175720215, -0.02537634651161682, -0.018716621125672146, 0.07836674798849924, -0.23883370952714428, 0.7750790973607021, 1.792252665507021, 0.8238203525543213, 1.9383306503295898, 0.5984601037527032, 1732834516.0193799, 
0.10491383075714111, 0.08811092376708984, 0.08589947998791375, -0.018024010151364133, 0.07509972607531815, -0.24000101056677228, 0.7814267159543761, 1.7967547961138812, 0.833099365234375, 1.9444365501403809, 0.5706031289986813, 1732834516.131001, 
-0.4502434730529785, 0.20262807607650757, -0.37206209161418335, -0.009467189450082847, 0.05821789655265265, -0.16261648068168622, 0.7874214881219086, 1.8007970363284882, 0.8413471579551697, 1.949729323387146, 0.5504872300934036, 1732834516.2269924, 
-0.17074930667877197, 0.32364243268966675, -0.20009041260340973, 0.0011964486116944068, 0.03776096175888663, 0.03168480239814961, 0.7925527781622009, 1.804094360717728, 0.849051833152771, 1.9546144008636475, 0.5524727685318148, 1732834516.3229957, 
0.24270284175872803, 0.16662538051605225, 0.1782501961813577, 0.002468990488886989, 0.09231795962400094, 0.0267444222006516, 0.7967288435367352, 1.8067005712132456, 0.8569670915603638, 1.9594427347183228, 0.5566456567566145, 1732834516.4196358, 
-0.12288248538970947, 0.4179133176803589, -0.07894105127471004, 0.0011835480679085236, 0.10936168773323324, 0.010822328115450825, 0.8045966476763837, 1.8116389121718537, 0.8667417764663696, 1.9654383659362793, 0.5518827711704494, 1732834516.5310898, 
0.06421226263046265, -0.15375232696533203, 0.04331579268795491, -0.0012437874937434273, 0.09841308134559784, -0.012638436646197581, 0.8137681559378623, 1.8174260513336329, 0.8746617436408997, 1.970468521118164, 0.5505126481637465, 1732834516.6270182, 
-0.08778464794158936, -0.5512953400611877, -0.06865034839576346, -0.005695827958691734, 0.10427491334499703, -0.054623185730655055, 0.8221318439828705, 1.8227107589752631, 0.8826517462730408, 1.9755691289901733, 0.5501394294918588, 1732834516.7229662, 
-0.04567158222198486, -0.02333122491836548, -0.04901871972709569, -0.00037377601730755625, 0.10021032974897377, -0.0037299150521095253, 0.830992412447519, 1.8282883032034203, 0.8922560214996338, 1.9816808700561523, 0.5506292544811244, 1732834516.8376684, 
0.18591731786727905, -0.5308628678321838, 0.15165954773535273, -0.01004767522067863, 0.10701827579086247, -0.09388747058786505, 0.8396185558683373, 1.8336583154868014, 0.9006678462028503, 1.9868494272232056, 0.5489341933039222, 1732834516.9309912, 
-0.1676034927368164, 0.1349271535873413, -0.12109082102910818, -0.02200189504961621, 0.08712082167085802, -0.25254462283125895, 0.848267984091729, 1.8390171678214866, 0.9089937210083008, 1.9914590120315552, 0.5236527051192756, 1732834517.026997, 
0.24564224481582642, 0.13404160737991333, 0.1920896661205767, -0.015350414360028547, 0.058167437763997604, -0.26390047335950556, 0.855417800088449, 1.8433317944276322, 0.9128398299217224, 1.9938690662384033, 0.5099592728694913, 1732834517.0761354, 
-0.15424776077270508, 0.042370378971099854, -0.1036937984432344, -0.017416372451619946, 0.0840010669590145, -0.20733513373249984, 0.860640811136069, 1.846308263979346, 0.9252344369888306, 2.000621795654297, 0.48065612975589367, 1732834517.2188451, 
-0.2611768841743469, -0.08813685178756714, -0.2381230242115677, -0.021090524850325434, 0.10698281954895122, -0.19713936255601508, 0.8685465373406417, 1.8505506307438444, 0.9351707100868225, 2.0057318210601807, 0.45910091461195757, 1732834517.3309493, 
-0.1330985426902771, 0.3059489130973816, -0.14851322133609654, -0.006764336464566863, 0.04250711181257906, -0.15913422898248064, 0.8774630840210796, 1.8550970592069063, 0.9432175755500793, 2.009781837463379, 0.4418804811173206, 1732834517.4268498, 
0.06419223546981812, -0.2211395502090454, 0.03335367190284308, -0.03243788258368058, 0.11941168630180687, -0.2716474709325811, 0.8825777943032054, 1.8575871024936985, 0.952155351638794, 2.01400089263916, 0.4184618432137312, 1732834517.5240364, 
-0.34854042530059814, 0.0014663338661193848, -0.2928757248450382, -0.03766785687437561, 0.09347229240554954, -0.4029841988997719, 0.89305787639315, 1.8624485724914217, 0.9629465341567993, 2.018354654312134, 0.3726575043006777, 1732834517.6351895, 
-0.18353933095932007, -0.17232745885849, -0.19934565747510624, -0.0527684484188121, 0.1324906527352734, -0.3982805377542184, 0.9026061969418587, 1.8665508565919828, 0.971290647983551, 2.021677017211914, 0.3343182785157666, 1732834517.7311904, 
-0.025718629360198975, 0.22143232822418213, -0.05124627082073671, -0.007167145077185023, 0.027046886692370056, -0.26498965144135717, 0.913893036793087, 1.8708637711330258, 0.9801392555236816, 2.0246694087982178, 0.3069671337252079, 1732834517.8270664, 
-0.04171687364578247, -0.1827334761619568, -0.04288883456813802, -0.02999624566492102, 0.12171795143883758, -0.24644060559952755, 0.9178597992323809, 1.8722203476789288, 0.9893798828125, 2.027528762817383, 0.2834457651948095, 1732834517.9241183, 
-0.03809088468551636, 0.16684240102767944, -0.038911692088290234, -0.015933931441221683, 0.06231961734913799, -0.2556808292315691, 0.9286527853285864, 1.875570974572483, 0.9984738826751709, 2.0298891067504883, 0.25750822698529063, 1732834518.0196517, 
-0.1831226944923401, 0.5393633246421814, -0.1622482435872687, 0.0027024517480682257, -0.01909499763494686, -0.1415266867130851, 0.9334969386537586, 1.876943481538841, 1.0094150304794312, 2.0328662395477295, 0.23437146611084608, 1732834518.1311743, 
-0.18668603897094727, 0.22295397520065308, -0.18294514626990105, 0.009097618379659249, 0.04513145057593945, 0.2015804558364757, 0.9329914151991182, 1.8768182033758392, 1.0182746648788452, 2.035269260406494, 0.25558477901682464, 1732834518.2270045, 
0.09356069564819336, -0.060471534729003906, 0.053325377478786046, 0.014221507514627247, 0.07924468481223647, 0.1794632352734306, 0.9381630052874405, 1.8781102763879438, 1.0273387432098389, 2.0376830101013184, 0.2775239541859839, 1732834518.3229856, 
-0.24928444623947144, 0.23648321628570557, -0.20502590696653347, 0.013884446990092607, 0.1304203368390676, 0.10645921737823255, 0.9466097204124972, 1.8803934307512822, 1.036907434463501, 2.0404911041259766, 0.28437409177523404, 1732834518.4194584, 
0.03786128759384155, 0.00045567750930786133, 0.002393840904739347, 0.013260183266878497, 0.09894848206532453, 0.13401098218085136, 0.9589040889288672, 1.883945495591564, 1.0473148822784424, 2.0437023639678955, 0.300112969028259, 1732834518.5310256, 
-0.02041715383529663, 0.10097092390060425, -0.017060332923551712, 0.01845482069724074, 0.11205628212707258, 0.16469242372607767, 0.9685900059640997, 1.886859942489607, 1.056579828262329, 2.0465645790100098, 0.31534177769557803, 1732834518.6270375, 
0.0722925066947937, 0.3667336106300354, 0.059341068737168705, 0.03087525327823075, 0.1504609607302986, 0.20520441401125084, 0.9799018297375158, 1.890435343056691, 1.065654993057251, 2.0495822429656982, 0.3321366231590622, 1732834518.7230098, 
-0.14665132761001587, 0.18874675035476685, -0.11663916265040444, 0.028766307794048148, 0.13452892491965182, 0.21382990915320993, 0.9938458147908302, 1.8951088393257556, 1.0745238065719604, 2.0527992248535156, 0.3502081608007087, 1732834518.8190143, 
0.4455108046531677, 0.0938255786895752, 0.36348243474180875, 0.014953611417951453, 0.1250448093013386, 0.11958602281455417, 1.0064698724322092, 1.8996274738723997, 1.0853792428970337, 2.0569632053375244, 0.3648545761722724, 1732834518.9320672, 
-0.1391316056251526, 0.44506919384002686, -0.06580384928595306, -0.0069303512809626225, 0.15420706788149324, -0.04494185238181518, 1.0182229909418672, 1.9040948905000765, 1.0947123765945435, 2.0602526664733887, 0.35601301298716775, 1732834519.0270424, 
-0.0966423749923706, 0.46694397926330566, -0.09228215853253004, -0.0014497812030118762, 0.08326110739980672, -0.017412466015498153, 1.0315762949181122, 1.9093232557336248, 1.102964997291565, 2.0633959770202637, 0.34529828775300486, 1732834519.1230261, 
-0.1686488389968872, -0.1549624800682068, -0.1574559662570901, -0.0044661747971003534, 0.09654733049724239, -0.04625891543658908, 1.0397155356602026, 1.9124697106258826, 1.111824631690979, 2.0667340755462646, 0.34249363999226157, 1732834519.2193675, 
0.0014165639877319336, -0.12417900562286377, -0.021723804073557035, -0.007082114928681136, 0.10073324467338077, -0.07030563694879788, 1.0490124036408883, 1.916040120794176, 1.122316837310791, 2.0704851150512695, 0.3369878354221906, 1732834519.3326683, 
-0.675147294998169, 0.448849081993103, -0.5798509388351304, 0.005872388315593886, 0.07319831170790658, 0.08022573442714492, 1.0581697669640213, 1.919509246075352, 1.1314201354980469, 2.073803424835205, 0.3387099751850775, 1732834519.427018, 
0.15599048137664795, -0.11847007274627686, 0.048740098189791636, 0.01987017704317291, 0.07443898685329464, 0.2669323950140982, 1.0658278894302369, 1.9223724878436064, 1.1398531198501587, 2.0771806240081787, 0.36840381310502435, 1732834519.5230453, 
-0.252879798412323, -0.13564658164978027, -0.20889448121395754, 0.011523825225592624, 0.06605837275020074, 0.17444912349218603, 1.072631134625634, 1.9249967183452297, 1.148619294166565, 2.080631732940674, 0.3903895538127005, 1732834519.6190207, 
0.14102602005004883, -0.16030538082122803, 0.09001189809571586, 0.006970427196685202, 0.0674040109473181, 0.10341264709207257, 1.0790306144097186, 1.9276511731797077, 1.1588858366012573, 2.0849568843841553, 0.4019625428967852, 1732834519.7320426, 
-0.17344295978546143, 0.11977124214172363, -0.1349257056308656, -0.005587302689623399, 0.10949506327632719, -0.05102789589264864, 1.0858521759721442, 1.9306088618486654, 1.168234944343567, 2.088897228240967, 0.40030727842173225, 1732834519.827051, 
-0.020466327667236328, -0.07349938154220581, -0.03717735681833996, -0.00882809738369684, 0.0922561684467702, -0.0956911340707853, 1.0956649205658515, 1.934961203754691, 1.176161289215088, 2.0923306941986084, 0.3892958234309158, 1732834519.923052, 
-0.16386300325393677, -0.23895776271820068, -0.14530788893352514, -0.003873947377072068, 0.11972003245368024, -0.03235838896527948, 1.1047100512434145, 1.938913937013026, 1.1850519180297852, 2.0962111949920654, 0.3899756183623251, 1732834520.0199635, 
-0.004814088344573975, 0.11332786083221436, -0.025332988775396206, 0.0015748814303517265, 0.09736875847693488, 0.016174401881942357, 1.115476346094447, 1.9435081349954004, 1.195257544517517, 2.1005561351776123, 0.39069445104259976, 1732834520.1316247, 
-0.2627943754196167, 0.013988912105560303, -0.22813027688601606, -0.0012269121970312782, 0.10031653766913418, -0.012230408121519327, 1.1246744138009845, 1.9474051441431368, 1.204155683517456, 2.1041324138641357, 0.3903552960954226, 1732834520.2270389, 
-0.3603907823562622, -0.03629082441329956, -0.34105030845654777, -0.004281800923433543, 0.09649613595877901, -0.044372770794289966, 1.1341240968125241, 1.9514213619973062, 1.2128082513809204, 2.1076650619506836, 0.3865101673310334, 1732834520.323027, 
-0.3501325845718384, 0.19861555099487305, -0.34875151417984357, 0.0008600855383406017, 0.08795610191431882, 0.009778577263217528, 1.143431607914648, 1.9553606988499634, 1.221856713294983, 2.11163592338562, 0.3830146401753544, 1732834520.4206586, 
-0.12929707765579224, 0.23344111442565918, -0.1612384459932856, 0.022553093586864994, 0.0914075528516389, 0.2467311823068965, 1.1520969999550585, 1.958997569709064, 1.2322748899459839, 2.1159753799438477, 0.41024931772193907, 1732834520.531124, 
0.175881028175354, 0.11571300029754639, 0.12676909620706353, 0.032454367946377564, 0.11323997721695239, 0.28659814973469494, 1.1610558556013142, 1.962803863512104, 1.2405649423599243, 2.1197869777679443, 0.43744430657176503, 1732834520.627175, 
-0.32708263397216797, 0.14185333251953125, -0.2608477305968816, 0.03402375788623936, 0.12870576899886543, 0.2643530134732289, 1.1714739575863171, 1.9675433156773672, 1.2491397857666016, 2.123812675476074, 0.4615174976856696, 1732834520.7230577, 
-0.09358429908752441, 0.055043041706085205, -0.11797582240230009, 0.02374327516922989, 0.10993459020211453, 0.21597638309814887, 1.1833064236883566, 1.9733341673362723, 1.2577637434005737, 2.1281354427337646, 0.48343479510520326, 1732834520.8191535, 
0.4079974293708801, -0.1771652102470398, 0.33116502536167625, 0.009508272493689202, 0.06196651663406013, 0.15344210083390333, 1.1923927818986475, 1.9780810357940093, 1.2660539150238037, 2.1326382160186768, 0.4987449790777713, 1732834520.9150996, 
-0.2361162304878235, -0.4124239683151245, -0.15342851889374876, 0.004303191045730431, 0.051955316038570246, 0.0828248459221354, 1.197299498751811, 1.9807724268604574, 1.2763079404830933, 2.1384170055389404, 0.5142333819224543, 1732834521.0280411, 
-0.05134981870651245, 0.4708368182182312, -0.06606148995584785, -0.010368097230748666, 0.12146969417750442, -0.08535542384421996, 1.2030553883870267, 1.9840285451489343, 1.284757137298584, 2.142930030822754, 0.5041523255708817, 1732834521.123034, 
0.0772407054901123, 0.28644245862960815, 0.05624647453325454, -0.005496086545360537, 0.07681679299866595, -0.07154798229413177, 1.2130033390662316, 1.9897412826397627, 1.2926844358444214, 2.1471707820892334, 0.49216479158327336, 1732834521.2194276, 
0.021302998065948486, 0.23464900255203247, 0.026394388393859172, -0.003590663428730114, 0.07890369100194697, -0.04550691334124678, 1.219664028070363, 1.9934928096522302, 1.3022140264511108, 2.1523704528808594, 0.48657878597892273, 1732834521.3316164, 
-0.20016425848007202, 0.12735897302627563, -0.1670872351613122, -0.006335071845583648, 0.08898669913059, -0.07119122191830923, 1.2267060305207738, 1.9973958775326766, 1.3106458187103271, 2.1568350791931152, 0.477815925695345, 1732834521.4280636, 
-0.06715261936187744, -0.31881552934646606, -0.08164713860799434, -0.021220727856856757, 0.11284824824091122, -0.18804658634624283, 1.2351157180970926, 2.002000147466252, 1.3187389373779297, 2.161074638366699, 0.46529561091903415, 1732834521.5230546, 
-0.018407166004180908, 0.07068413496017456, -0.02768117518741279, -0.026879888835687375, 0.0836367113040349, -0.3213886392301344, 1.2447587926440795, 2.0071635091457187, 1.3230434656143188, 2.163088321685791, 0.4482225231834939, 1732834521.5710366, 
-0.2895285487174988, -0.10009747743606567, -0.25125898142289327, -0.03896739237795354, 0.10813773845977079, -0.36034961460240006, 1.2526075491129798, 2.0111602740248435, 1.337377667427063, 2.1696252822875977, 0.385991625546054, 1732834521.7310514, 
0.07996129989624023, -0.04900562763214111, 0.03165973708349834, -0.026504527122013462, 0.09795632691072202, -0.2705749384230163, 1.262575791127398, 2.0158364718745516, 1.3454781770706177, 2.172825574874878, 0.3619736457609831, 1732834521.8270695, 
-0.43471014499664307, -0.02081817388534546, -0.36668144691048726, -0.02575458024518097, 0.08876220728297055, -0.2901525438982871, 1.2714910460040405, 2.0196452616872427, 1.3534575700759888, 2.17577862739563, 0.3348058100924402, 1732834521.9230227, 
-0.042672932147979736, -0.18306589126586914, -0.08981133082387482, -0.03247983619218626, 0.11743232534867651, -0.276583437275453, 1.2806599636186422, 2.0232740381324836, 1.360899567604065, 2.178276777267456, 0.30987003962098547, 1732834522.0188115, 
-0.2276831865310669, 0.09876501560211182, -0.20767729850543343, -0.016000372273020303, 0.056710401534306724, -0.2821417560117423, 1.2909448148856968, 2.026996754279713, 1.3700491189956665, 2.1811580657958984, 0.27719835476839894, 1732834522.1311748, 
-0.38467806577682495, 0.033685266971588135, -0.35880691388306263, -0.012418426256377372, 0.055297478706334266, -0.2245749091441823, 1.2966860499353203, 2.0289017630562505, 1.3766756057739258, 2.1830034255981445, 0.25352098698747866, 1732834522.227075, 
0.05561792850494385, -0.3998684287071228, -0.004642292130589476, 0.018541500328283583, 0.11848781828083428, 0.15648444369477196, 1.3034984764117776, 2.0309683258708793, 1.381309986114502, 2.1848182678222656, 0.26812452462873876, 1732834522.3230512, 
-0.012158632278442383, -0.3809865117073059, -0.011301790554703213, 0.0011205263004642862, 0.0080728593542196, 0.13880166262014695, 1.3131718128590941, 2.0337093487615427, 1.3856456279754639, 2.185838460922241, 0.2905335633214495, 1732834522.4194753, 
-0.20950472354888916, 0.012598037719726562, -0.18051921908430854, 0.0019429241153803428, 0.03577470726172956, 0.05430999340304345, 1.3144610451776368, 2.0340952950692612, 1.3903738260269165, 2.187225818634033, 0.29432065904860144, 1732834522.531043, 
0.3375126123428345, 0.0103415846824646, 0.2619665989991181, 0.005936506693728273, 0.03996894935221482, 0.14852796458106823, 1.3181181534141815, 2.0352451314073923, 1.3939807415008545, 2.188358783721924, 0.3062290097193827, 1732834522.627047, 
-0.6980509161949158, 0.20753002166748047, -0.5579390443615607, 0.013818290031612585, 0.0754334906183547, 0.18318508023875374, 1.3222691502061183, 2.0365812602606566, 1.3962841033935547, 2.1892309188842773, 0.3151206464598485, 1732834522.676086, 
0.10533684492111206, -0.08038383722305298, 0.008501175880782696, -0.00028255178146969177, -0.0016334463143843209, 0.17297892130369236, 1.3289447477245062, 2.038846409661202, 1.3992531299591064, 2.1901438236236572, 0.33864477626597256, 1732834522.8188877, 
0.7535494565963745, 0.0011479854583740234, 0.644912871235036, 0.011106717968093514, 0.038167262856072796, 0.2910011653174213, 1.3292321074013922, 2.0389490833247605, 1.4029054641723633, 2.1917428970336914, 0.37089761146624034, 1732834522.9313648, 
-0.28330957889556885, -0.03412991762161255, -0.1479735006334233, 0.014921536649413305, 0.048756608249829296, 0.30604131798822465, 1.33212735599575, 2.0400556917738464, 1.4084649085998535, 2.193803548812866, 0.4013585335437574, 1732834523.0271747, 
1.2414610385894775, 0.6837037205696106, 1.039035970833145, 0.0287066189747952, 0.18428924383779524, 0.15576936763635393, 1.3386365311466504, 2.0427478122066307, 1.410185694694519, 2.1943001747131348, 0.41264736760561854, 1732834523.1250496, 
-0.49930065870285034, 0.22597533464431763, -0.27522230244358004, 0.023397166386306473, 0.10566659150480279, 0.22142444506921583, 1.353223384899746, 2.0493085460347884, 1.4120991230010986, 2.1953377723693848, 0.42176705737913966, 1732834523.1715198, 
0.1127578616142273, 0.24793636798858643, 0.05620347774443668, 0.021863827428554427, 0.1072925687437787, 0.2037776491377199, 1.3630311960262267, 2.0539087928107422, 1.4179502725601196, 2.197978973388672, 0.44082691456859857, 1732834523.2674851, 
-0.18838393688201904, -0.18049687147140503, -0.15289381669926752, 0.0023310586940122964, 0.020511305672083466, 0.11364750402920185, 1.3713370890435355, 2.058029082055331, 1.4240914583206177, 2.2010459899902344, 0.4652553025951512, 1732834523.4271693, 
0.03653264045715332, 0.06229037046432495, 0.008969634591384945, 0.003246248205291044, 0.04163062994656246, 0.07797739811907636, 1.3736658252204736, 2.0592365241712156, 1.4277434349060059, 2.202655076980591, 0.472136912794644, 1732834523.5245125, 
-0.2400931715965271, -0.00022429227828979492, -0.20374488872886812, 0.00567234155120501, 0.04408261781812999, 0.12867524280448084, 1.3774214553775919, 2.0612395223419324, 1.4316132068634033, 2.2046821117401123, 0.4848275166954325, 1732834523.6195173, 
-0.24175316095352173, -0.03219425678253174, -0.23618672546965847, 0.0035136880246926993, 0.0330300964437019, 0.10637837617827121, 1.3814264605185698, 2.063419397674156, 1.4357062578201294, 2.206833600997925, 0.49724058036634056, 1732834523.731715, 
-0.2720755934715271, 0.08384209871292114, -0.2667833494936903, 0.001348908612868704, 0.034836735107724934, 0.038720867747723806, 1.3846893018153095, 2.065247020393015, 1.4384441375732422, 2.2083985805511475, 0.5013165938418287, 1732834523.8273308, 
-2.1130967140197754, 0.23367393016815186, -1.843646011196867, 0.0006145799458760376, 0.01970365852159514, 0.031191159002398473, 1.3882272860126954, 2.0672730205939365, 1.4391850233078003, 2.208759307861328, 0.5023926619054497, 1732834523.8767238, 
1.5119141340255737, -0.3516905903816223, 1.022456584533594, -0.0005915956337116116, -0.07195509084786156, 0.008221734233682693, 1.3907271804109196, 2.0687182460732796, 1.4335612058639526, 2.2054762840270996, 0.5021659676588258, 1732834524.0190415, 
-0.35982590913772583, 0.235862135887146, -0.1581772744485661, -6.198284513514616e-06, 0.00022802444503237582, -0.027182544014675965, 1.3844227665191222, 2.065050423697222, 1.43343186378479, 2.205345630645752, 0.5014005274754075, 1732834524.067598, 
-0.07573354244232178, 0.1318764090538025, -0.08772023715547698, 5.881274296315418e-05, 0.0046003534434669174, 0.012784396609063962, 1.384725590871923, 2.0652265708074133, 1.4344561100006104, 2.2060532569885254, 0.5006810524754093, 1732834524.1791127, 
0.23281323909759521, -0.0038526058197021484, 0.18604754511152477, -4.4726771900138876e-07, -0.0002417255909629547, 0.0018503118235004504, 1.3851215644687804, 2.0654559831518666, 1.433915376663208, 2.205519676208496, 0.5006810524754093, 1732834524.323151, 
-0.08734315633773804, -0.01484137773513794, -0.04748412165552804, 4.885075692272205e-07, 0.0017891635774273731, 0.0002730368398900912, 1.384908682380748, 2.065332346738704, 1.4338937997817993, 2.2054965496063232, 0.5006810524754093, 1732834524.420203, 
0.04591566324234009, 0.02137279510498047, 0.032292081491578584, -1.84015460617815e-08, -0.0002538264654406452, 7.249656189253645e-05, 1.3850861085708388, 2.065435449675966, 1.4338937997817993, 2.2054965496063232, 0.5006810524754093, 1732834524.532957, 
-0.09887397289276123, 0.04126828908920288, -0.07973944347385317, 3.1369250497296176e-10, 0.0001923993632306823, 1.6304238210853737e-06, 1.3850478506512738, 2.065413216319812, 1.4338937997817993, 2.2054965496063232, 0.5006810524754093, 1732834524.6281345, 
-0.008781194686889648, 0.0048272013664245605, -0.019121135968749994, -1.033661778519047e-09, -0.0010024606708343283, 1.031124520484929e-06, 1.3851511555439304, 2.065473251237075, 1.4338937997817993, 2.2054965496063232, 0.5006810524754093, 1732834524.7240999, 
0.009260237216949463, 0.03416556119918823, 0.005124171480485645, 1.0825844391833187e-08, -0.00037199385551793095, -2.9102212929727697e-05, 1.3850966624043326, 2.0654415828195685, 1.4338937997817993, 2.2054965496063232, 0.5006810524754093, 1732834524.818911, 
-0.01776862144470215, 0.007603108882904053, -0.014428318194674553, 1.4529435161940223e-10, -2.181065210619235e-05, -6.6616234540805465e-06, 1.3850660015365828, 2.065423764421444, 1.4338937997817993, 2.2054965496063232, 0.5006810524754093, 1732834524.9326959, 
0.020098328590393066, -0.002360522747039795, 0.015062839049155577, 1.384560925116636e-10, -0.00014920723451692188, -9.279449013309139e-07, 1.385077019852274, 2.0654301676207907, 1.4338937997817993, 2.2054965496063232, 0.5006810524754093, 1732834525.0280912, 
0.0026345252990722656, -0.0077784061431884766, 0.0044456244477262714, 1.477082916118888e-10, 0.0001725804811418129, 8.55880633978033e-07, 1.3850494792211165, 2.0654141626477656, 1.4338937997817993, 2.2054965496063232, 0.5006810524754093, 1732834525.1230757, 
-0.00579988956451416, -0.005208492279052734, -0.004305988205546929, -1.027162968573852e-10, 7.096697218894404e-05, -1.4473817000943912e-06, 1.3850582790714334, 2.0654192765944996, 1.4338115453720093, 2.2055280208587646, 0.5000189224573345, 1732834525.2353585, 
0.026712238788604736, -0.0019121766090393066, 0.022186659058072697, -1.681778467170718e-12, 5.141906028148188e-06, -3.270729682658934e-07, 1.385063974247331, 2.0654225862906173, 1.4338115453720093, 2.2055280208587646, 0.5000189224573345, 1732834525.3323534, 
-0.0014739632606506348, -0.005781114101409912, 0.001974522974881838, -2.0474793178378286e-11, 0.00028006115349344524, -7.310829410997728e-08, 1.3850402124166976, 2.0654087773371845, 1.4338115453720093, 2.2055280208587646, 0.5000189224573345, 1732834525.4271076, 
-0.029483377933502197, -0.027356266975402832, -0.02489385892430704, -7.369678555753279e-11, 1.1244025131028812e-05, -6.554306371493288e-06, 1.385063438498368, 2.0654222749435673, 1.43377685546875, 2.2055413722991943, 0.4997396783255649, 1732834525.5231209, 
-0.019742310047149658, 0.01636272668838501, -0.02048942588621956, 2.814005203545838e-10, -0.00035213788011835946, -7.99120277148259e-07, 1.385094880501007, 2.065440547147197, 1.43377685546875, 2.2055413722991943, 0.4997396783255649, 1732834525.623505, 
-0.0351567268371582, 0.01169651746749878, -0.03301200267136281, 1.3686226612995113e-09, -0.00037656902395046075, -3.6344536439607935e-06, 1.3850970023240299, 2.065441780225881, 1.4337608814239502, 2.205547571182251, 0.4996113336705605, 1732834525.7319093, 
-0.01448744535446167, 0.008036315441131592, -0.017183767585228375, 1.562276500813334e-09, -0.0005015388679905841, -3.114965958815109e-06, 1.3851077959979243, 2.065448052852285, 1.4337608814239502, 2.205547571182251, 0.4996113336705605, 1732834525.82711, 
0.018120229244232178, -0.003098130226135254, 0.012972716938946933, -2.2528135204278212e-10, -0.00025815371220834146, 8.72663616244922e-07, 1.3850867329994907, 2.06543581233298, 1.4337608814239502, 2.205547571182251, 0.4996113336705605, 1732834525.923062, 
0.010946929454803467, -0.006859898567199707, 0.01124032315550692, -2.2593121772171952e-08, 1.7221137629496114e-05, -0.0013119413048226722, 1.3850496942517656, 2.0654142878299084, 1.4337501525878906, 2.2055516242980957, 0.499525134021765, 1732834526.0200346, 
0.005051970481872559, -0.004290521144866943, 0.005952883463502011, -3.0550550817920725e-08, 0.0001595555959674705, -0.00019147276303708733, 1.3850378791419498, 2.065407421907294, 1.4337501525878906, 2.2055516242980957, 0.4995251664300733, 1732834526.1311781, 
0.011432230472564697, 0.028349637985229492, 0.010631259420390084, -2.783031082374076e-09, 0.00011561229018387765, -2.407210408121623e-05, 1.3850412143858026, 2.065409359297989, 1.4337501525878906, 2.2055516242980957, 0.4995251664300733, 1732834526.2271159, 
0.007306575775146484, -0.002493560314178467, 0.007789434767997017, -4.9745064974645787e-08, 0.00011911685778541892, -0.0004176156582660886, 1.3850362122004596, 2.0654064532379466, 1.433746337890625, 2.2055530548095703, 0.499494115061189, 1732834526.324069, 
0.02520829439163208, 0.026149749755859375, 0.022664812580101532, -8.960116456238443e-09, 0.0001537719021087032, -5.8268879641642395e-05, 1.3850322729117814, 2.0654041647728496, 1.433746337890625, 2.2055530548095703, 0.499494115061189, 1732834526.4356432, 
-0.04488086700439453, -0.011564433574676514, -0.03502894387563672, -2.2840605855476904e-09, 0.00022794669583008553, -1.0020152199311804e-05, 1.3850259183748117, 2.0654004735138227, 1.433746337890625, 2.2055530548095703, 0.499494115061189, 1732834526.5314221, 
0.0008505582809448242, 0.010309398174285889, -0.00437897818142487, -2.2401072994965578e-10, -0.00041086864664168117, 5.452125193310642e-07, 1.3850811585833005, 2.0654325609589947, 1.433746337890625, 2.2055530548095703, 0.499494115061189, 1732834526.6280868, 
0.012400388717651367, -0.0214347243309021, 0.009953481925111557, -7.036663031535241e-10, -9.256943047646592e-05, 7.6014975951744505e-06, 1.3850536327797487, 2.0654165720708866, 1.433746337890625, 2.2055530548095703, 0.499494115061189, 1732834526.7241068, 
-0.014383792877197266, 0.016620516777038574, -0.010834126424794682, -1.779746608407794e-11, 8.680149082250412e-05, -2.0503641026708928e-07, 1.3850380906530968, 2.065407544127, 1.433746337890625, 2.2055530548095703, 0.499494115061189, 1732834526.8192933, 
-0.01439356803894043, 0.0033885836601257324, -0.01387232830691638, -3.350349832652773e-11, -0.00015138983982066942, 2.2130612177286587e-07, 1.3850586409039372, 2.065419481153039, 1.4337455034255981, 2.2055532932281494, 0.4994869665192239, 1732834526.9154162, 
0.001489877700805664, 0.00543588399887085, -0.0007489523832396646, 1.312897574133605e-10, -0.00019578406554224335, -6.70584488322584e-07, 1.3850624760012002, 2.065421708846417, 1.4337455034255981, 2.2055532932281494, 0.4994869665192239, 1732834527.0281243, 
0.01955026388168335, 0.006589114665985107, 0.016588660535399175, 2.157155926877449e-12, -1.7981307708265257e-06, -1.1996657650688523e-06, 1.3850457086521815, 2.0654119691937964, 1.4337455034255981, 2.2055532932281494, 0.4994869665192239, 1732834527.1240838, 
0.012575089931488037, 0.022534310817718506, 0.013157685179922812, -4.905103879440246e-11, 0.0002339810773984354, -2.0963677635724257e-07, 1.3850253217727564, 2.0654001270657023, 1.4337455034255981, 2.2055532932281494, 0.4994869665192239, 1732834527.2193644, 
-0.01997774839401245, 0.0007058978080749512, -0.01514543272840365, 1.817265041956926e-11, 0.00016448274643807615, 1.1048362708614446e-07, 1.3850313380655053, 2.065403621749017, 1.4337455034255981, 2.2055532932281494, 0.4994869665192239, 1732834527.3313515, 
0.012113571166992188, -0.02865356206893921, 0.008138381371619336, 5.857491262664285e-10, -0.00014609843235619674, -4.009277285319099e-06, 1.3850581842749352, 2.06541921590375, 1.4337455034255981, 2.2055532932281494, 0.4994869665192239, 1732834527.4281075, 
0.015112221240997314, 0.029507040977478027, 0.01409334282677369, -4.702579493724787e-10, 0.00011021012214267067, -4.266921587871159e-06, 1.385036001274077, 2.065406330467939, 1.4337455034255981, 2.2055532932281494, 0.4994869665192239, 1732834527.5241277, 
-0.006701409816741943, -0.02830672264099121, -0.0036698152429324726, -6.016286376221809e-10, 0.00018302904339132214, -3.287066503078853e-06, 1.3850297125153017, 2.0654026775202063, 1.4337455034255981, 2.2055532932281494, 0.4994869665192239, 1732834527.619522, 
-0.02300238609313965, -0.0012367963790893555, -0.02018099529122494, 4.2136442118161093e-11, -6.2617367258224e-05, -6.729194145834518e-07, 1.3850509420066837, 2.0654150090688232, 1.4337455034255981, 2.2055532932281494, 0.4994869665192239, 1732834527.7311325, 
0.03166508674621582, 0.01187831163406372, 0.024103455798831393, 1.5188797453561988e-10, -0.00020708732885207828, -7.334489047570501e-07, 1.385063435763654, 2.065422266297327, 1.4337455034255981, 2.2055532932281494, 0.4994869665192239, 1732834527.827129, 
0.0012715458869934082, 0.021382153034210205, 0.004599139162369266, -1.0839716973450638e-09, 0.0002787312650893196, -3.888949081466352e-06, 1.38502142132654, 2.0653978614442456, 1.4337455034255981, 2.2055532932281494, 0.4994869665192239, 1732834527.9241228, 
-0.01386559009552002, 0.005473196506500244, -0.011172556647048647, 5.413809346426476e-11, 7.359860825834129e-05, 7.355858316536716e-07, 1.3850392852188802, 2.06540823800946, 1.4337455034255981, 2.2055532932281494, 0.4994869665192239, 1732834528.0192227, 
0.009497761726379395, -0.01409924030303955, 0.006483428502908357, 8.821761314152505e-11, -0.00011324937270428882, -7.789677861781587e-07, 1.3850553871957063, 2.0654175911275625, 1.4337455034255981, 2.2055532932281494, 0.4994869665192239, 1732834528.1311004, 
0.05093449354171753, 0.021680176258087158, 0.0444471234250195, -3.5300016826783246e-10, 0.00015967817295146604, -2.2106976911310627e-06, 1.3850318801732864, 2.0654039366567116, 1.4337455034255981, 2.2055532932281494, 0.4994869665192239, 1732834528.2271345, 
-0.014113068580627441, -0.003183126449584961, -0.0055763795298829424, -4.254726380459888e-10, 0.0005623068074478163, -7.566556769552783e-07, 1.3849970916934766, 2.065383729155367, 1.4337455034255981, 2.2055532932281494, 0.4994869665192239, 1732834528.3240993, 
-0.0015044808387756348, -0.012141823768615723, -0.0020986693782962143, -4.8771851117769774e-11, 8.20837984129765e-06, -5.941714694097235e-06, 1.3850450284173725, 2.0654115740314367, 1.4337455034255981, 2.2055532932281494, 0.4994869665192239, 1732834528.4191525, 
0.004185318946838379, -0.00800997018814087, 0.0032687197887555524, 1.6319353520825183e-11, -1.7679992179135608e-05, -9.230407658258959e-07, 1.3850472703083203, 2.06541287627231, 1.4337455034255981, 2.2055532932281494, 0.4994869665192239, 1732834528.531126, 
-0.0004857778549194336, -0.006946265697479248, 6.151067761002308e-05, -1.137217788569936e-12, 3.819033011657715e-05, -2.9777637037924097e-08, 1.385042429756365, 2.0654100645578763, 1.4337455034255981, 2.2055532932281494, 0.4994869665192239, 1732834528.6271212, 
-0.0037674307823181152, -0.006306946277618408, -0.003208785623674554, 1.345156044871909e-13, -6.403455191233095e-07, -2.1006722225737573e-07, 1.3850457865304435, 2.0654120143949477, 1.4337455034255981, 2.2055532932281494, 0.4994869665192239, 1732834528.7241201, 
-0.002230226993560791, 0.005712449550628662, -0.002372425817580597, 1.518504270724798e-12, -4.496254469179488e-05, -3.377264968283494e-08, 1.3850496133062058, 2.0654142372401334, 1.4337455034255981, 2.2055532932281494, 0.4994869665192239, 1732834528.8202636, 
0.038784921169281006, 0.025665581226348877, 0.03277967592219053, -3.488348292813651e-11, 3.5216193001833885e-05, -9.905523554553426e-07, 1.38504268418213, 2.0654102123454354, 1.4337455034255981, 2.2055532932281494, 0.4994869665192239, 1732834528.9321086, 
-0.009189426898956299, -0.02301865816116333, -0.0030713599794436677, -3.3919998760758577e-10, 0.00040531501981453397, -8.368798860767571e-07, 1.385010662262601, 2.0653916118922795, 1.4337455034255981, 2.2055532932281494, 0.4994869665192239, 1732834529.0282447, 
-0.023082375526428223, -0.0058945417404174805, -0.02016250551152151, 4.952275493909771e-11, -2.289885867105178e-05, -2.162673504846041e-06, 1.3850477278676987, 2.0654131420473156, 1.4337455034255981, 2.2055532932281494, 0.4994869665192239, 1732834529.125144, 
-0.002047121524810791, -0.004941403865814209, -0.004686785521373332, 5.7588196277187e-11, -0.00026309673366850354, -2.188860176034984e-07, 1.3850684710720729, 2.065425191069971, 1.4337455034255981, 2.2055532932281494, 0.4994869665192239, 1732834529.2201972, 
0.0178605318069458, 0.008564472198486328, 0.014571736291623907, 1.26809343173429e-10, -6.481538513997576e-05, -1.9564697933919647e-06, 1.3850513216352691, 2.065415229549576, 1.4337455034255981, 2.2055532932281494, 0.4994869665192239, 1732834529.3314006, 
-0.0347597599029541, -0.009746313095092773, -0.027563784354269386, 2.8306626819490164e-11, 0.00011139932625290347, 2.5410052081668123e-07, 1.385036085187647, 2.065406379219907, 1.4337455034255981, 2.2055532932281494, 0.4994869665192239, 1732834529.4282362, 
0.005230307579040527, 0.002825438976287842, 0.0004498330178619829, -9.933578179779844e-11, -0.0003247296010432097, 3.0590306974996236e-07, 1.385073810373204, 2.0654282924785328, 1.4337455034255981, 2.2055532932281494, 0.4994869665192239, 1732834529.5237827, 
0.04896503686904907, 0.0027233362197875977, 0.04188610188536983, -3.5375523869948744e-11, 4.9776131259494016e-05, -7.106925141596137e-07, 1.3850412548868127, 2.065409382119323, 1.4337455034255981, 2.2055532932281494, 0.4994869665192239, 1732834529.5711007, 
0.0016991496086120605, 0.024073004722595215, 0.007555472617206245, 4.987625202659371e-10, 0.0005422814313801767, 9.197484763520699e-07, 1.3849986909972298, 2.065384658223173, 1.4337455034255981, 2.2055532932281494, 0.4994869665192239, 1732834529.7317958, 
-0.011243939399719238, -0.012238383293151855, -0.00850308436387083, -8.518649526638457e-10, 0.00015392785938815536, -5.5341830650403765e-06, 1.3850321264117118, 2.0654040796998965, 1.4337455034255981, 2.2055532932281494, 0.4994869665192239, 1732834529.828355, 
0.0011025071144104004, -0.007234930992126465, -0.00029786969512415364, 1.4705791327931613e-10, -8.362197901907878e-05, -1.7586035992494762e-06, 1.3850526666485807, 2.0654160108140545, 1.4337455034255981, 2.2055532932281494, 0.4994869665192239, 1732834529.9243073, 
-0.013332009315490723, 0.03391551971435547, -0.011429828824390966, 1.0921642513276734e-10, -4.076942391377584e-05, -2.6788807554345525e-06, 1.3850489539896742, 2.0654138542617577, 1.4337455034255981, 2.2055532932281494, 0.4994869665192239, 1732834530.0358627, 
-0.025657296180725098, 0.02143949270248413, -0.023579000919142452, 2.2611758901189826e-10, -0.0001988033501901642, -1.1373932521539842e-06, 1.3850626063477542, 2.0654217844334255, 1.4337455034255981, 2.2055532932281494, 0.4994869665192239, 1732834530.1317525, 
-0.022749781608581543, -0.00017333030700683594, -0.022866037895247916, 5.0661057652970145e-11, -0.000371110087317183, -1.365122085988215e-07, 1.3850775047905368, 2.0654304384073674, 1.4337455034255981, 2.2055532932281494, 0.4994869665192239, 1732834530.2283683, 
-0.0024132132530212402, -0.010455667972564697, -0.005392802940092329, -1.1508203817435197e-09, -0.0003493503722338501, 3.29417247900677e-06, 1.3850756237662951, 2.065429345788234, 1.4337455034255981, 2.2055532932281494, 0.4994869665192239, 1732834530.3241384, 
-0.0003375411033630371, 0.020715057849884033, -0.001073566008042805, 6.845616287618365e-10, -0.00012009089970161735, -5.7003622294672265e-06, 1.3850557963530605, 2.0654178287557983, 1.4337455034255981, 2.2055532932281494, 0.4994869665192239, 1732834530.4201562, 
-0.02949237823486328, 0.0012214183807373047, -0.02534502271545436, 8.214159624629494e-11, -8.583666022509852e-05, -9.569523794482029e-07, 1.38505283732708, 2.0654161099623405, 1.4337455034255981, 2.2055532932281494, 0.4994869665192239, 1732834530.5332854, 
4.792213439941406e-05, 0.0033676624298095703, -0.003652607579252575, 1.2941839905885306e-10, -0.00033483687513860766, -3.865117872853149e-07, 1.3850743713213065, 2.065428618280724, 1.4337455034255981, 2.2055532932281494, 0.4994869665192239, 1732834530.628133, 
0.016164064407348633, 0.00041621923446655273, 0.013273672264894842, 1.144968273745649e-11, -6.526872913178452e-05, -1.7542371193314277e-07, 1.3850510457740295, 2.065415069319094, 1.4337455034255981, 2.2055532932281494, 0.4994869665192239, 1732834530.7241583, 
-0.008429229259490967, 0.0010503530502319336, -0.005264634084172454, -1.2080160994502833e-11, 0.00014356001718581683, -8.414711304239316e-08, 1.3850329978958889, 2.0654045859641736, 1.4337455034255981, 2.2055532932281494, 0.4994869665192239, 1732834530.8202028, 
-0.028339028358459473, -0.01176983118057251, -0.02497124725204302, 1.4383813709942953e-10, -9.882838378395267e-05, -1.455433465489753e-06, 1.3850539921758322, 2.065416780776036, 1.4337455034255981, 2.2055532932281494, 0.4994869665192239, 1732834530.9327247, 
0.009415149688720703, -0.015935838222503662, 0.004402220569836603, -3.5589203691920105e-10, -0.0003141725762235885, 1.1327915415059075e-06, 1.3850726041669505, 2.0654275918024423, 1.4337455034255981, 2.2055532932281494, 0.4994869665192239, 1732834531.0281625, 
0.011361002922058105, -0.0008519887924194336, 0.010345330281453395, 1.228010561856507e-11, 3.117641384127134e-05, 3.938908971726782e-07, 1.38504278098702, 2.065410268609761, 1.4337455034255981, 2.2055532932281494, 0.4994869665192239, 1732834531.124181, 
0.006138145923614502, 0.011340081691741943, 0.006750088121960414, 5.3045635775577306e-11, 0.0001475827675765717, 3.594297399800093e-07, 1.3850327131620586, 2.0654044205779174, 1.4337455034255981, 2.2055532932281494, 0.4994869665192239, 1732834531.2202117, 
0.015809297561645508, -0.016060471534729004, 0.014485803059777487, -2.7157619968356246e-10, 0.00013771654020857814, -1.9719940631114285e-06, 1.3850335906398241, 2.0654049302728064, 1.4337455034255981, 2.2055532932281494, 0.4994869665192239, 1732834531.3317962, 
0.012096285820007324, 0.0011965632438659668, 0.012442075614671755, -3.3043122457445654e-11, 0.0002248358878871625, -1.469655167952052e-07, 1.3850260792450577, 2.0654005671774964, 1.4337455034255981, 2.2055532932281494, 0.4994869665192239, 1732834531.4281652, 
0.014362752437591553, -0.021812796592712402, 0.014079759271908318, -9.161562622235324e-10, 0.00021760327160632188, -4.210213639990677e-06, 1.3850267227303457, 2.065400940953607, 1.4337455034255981, 2.2055532932281494, 0.4994869665192239, 1732834531.5241206, 
-0.026695966720581055, 0.009045898914337158, -0.0207489092138438, 1.723362976809355e-10, 0.00016151979885696945, 1.0669670151926352e-06, 1.3850315838398568, 2.0654037645935643, 1.4337455034255981, 2.2055532932281494, 0.4994869665192239, 1732834531.6216137, 
-0.020845651626586914, -0.020702004432678223, -0.020827999479924086, 7.518046626630413e-10, -0.0002784189898732269, -2.7002635955448374e-06, 1.3850695602748722, 2.065425823692256, 1.4337455034255981, 2.2055532932281494, 0.4994869665192239, 1732834531.731933, 
0.013450264930725098, 0.021409034729003906, 0.008452688127062818, 1.5390509510805116e-09, -0.00028059306404332966, -5.48499285371804e-06, 1.3850697384464357, 2.065425927185667, 1.4337455034255981, 2.2055532932281494, 0.4994869665192239, 1732834531.828167, 
0.009102880954742432, 0.011124372482299805, 0.009006955208028413, -2.893047487448262e-10, 8.346302653028967e-05, -3.4662623771477335e-06, 1.3850382482840708, 2.065407635733657, 1.4337455034255981, 2.2055532932281494, 0.4994869665192239, 1732834531.9241517, 
-0.007657647132873535, 0.005043923854827881, -0.005227737577753798, -1.643753958959399e-11, 0.00011246262990218328, -1.4616001425443173e-07, 1.385035739352922, 2.065406178390899, 1.4337455034255981, 2.2055532932281494, 0.4994869665192239, 1732834532.0202482, 
0.01736515760421753, 0.0017472505569458008, 0.01406911452371804, -2.6183781782396635e-12, -1.78720455548599e-05, 1.465069104822002e-07, 1.3850470079748367, 2.065412723897379, 1.4337455034255981, 2.2055532932281494, 0.4994869665192239, 1732834532.1325855, 
0.024621129035949707, 0.01606881618499756, 0.023078779587698016, -4.9703325306190384e-11, 0.00022198085161827556, -2.2390816569918203e-07, 1.3850262700410447, 2.0654006780336136, 1.4337455034255981, 2.2055532932281494, 0.4994869665192239, 1732834532.2281601, 
-0.03289926052093506, -0.02690225839614868, -0.02473551658043762, -1.3592343652861997e-09, 0.0002647937265392872, -5.133181903705454e-06, 1.3850225688802937, 2.0653985281721905, 1.4337455034255981, 2.2055532932281494, 0.4994869665192239, 1732834532.3241727, 
-0.03303641080856323, -0.028568565845489502, -0.031821023973798386, 2.4321126500691194e-09, -0.0003373243399009303, -7.210012330516716e-06, 1.3850746682372896, 2.065428790666817, 1.4337455034255981, 2.2055532932281494, 0.4994869665192239, 1732834532.4206314, 
0.007802367210388184, 0.0016114115715026855, 0.0020269658210980077, 6.661762200227973e-10, -0.00043937544817284355, -1.5161889968889063e-06, 1.3850834934612657, 2.0654339168933555, 1.4337455034255981, 2.2055532932281494, 0.4994869665192239, 1732834532.5321746, 
-0.007402896881103516, -0.0024247169494628906, -0.006026431699668856, -3.580135814055107e-11, -5.198263393316058e-05, 6.887176626445008e-07, 1.3850499933921514, 2.065414458056646, 1.4337455034255981, 2.2055532932281494, 0.4994869665192239, 1732834532.6291814, 
-0.0168190598487854, -0.015381872653961182, -0.015242963467385224, -9.037406977857567e-11, -0.00011535925136411246, 7.834141493630608e-07, 1.3850554702927913, 2.0654176393667387, 1.4337455034255981, 2.2055532932281494, 0.4994869665192239, 1732834532.7241697, 
0.0043808817863464355, 0.020649075508117676, 0.0015203725657683426, 3.890846574291651e-10, -0.00020262449864149072, -1.9202251457144065e-06, 1.38506301936567, 2.0654220243178316, 1.4337455034255981, 2.2055532932281494, 0.4994869665192239, 1732834532.820008, 
-0.006271958351135254, -0.0102308988571167, -0.0051347906552136145, -3.251300365295543e-11, -2.1814622791030344e-05, 1.4904224549013982e-06, 1.3850473898628, 2.065412945770805, 1.4337455034255981, 2.2055532932281494, 0.4994869665192239, 1732834532.931775, 
0.009489715099334717, 0.02192014455795288, 0.007356668393892405, 9.70741556529487e-12, -5.0833611969441775e-05, -1.909645053578016e-07, 1.3850499013466866, 2.0654144045899616, 1.4337455034255981, 2.2055532932281494, 0.4994869665192239, 1732834533.0281494, 
-0.02155935764312744, 0.001401364803314209, -0.017341138651952717, -4.09234823315204e-12, 4.6134604837008144e-05, -8.870452554238093e-08, 1.3850415188516663, 2.0654095355374094, 1.4337455034255981, 2.2055532932281494, 0.4994869665192239, 1732834533.1241562, 
-0.012893736362457275, -0.013072311878204346, -0.013539574787522149, 1.2562594449484684e-10, -0.00023791048486451294, -5.280387056770081e-07, 1.3850660953874838, 2.065423811053169, 1.4337455034255981, 2.2055532932281494, 0.4994869665192239, 1732834533.2203958, 
0.017260849475860596, 0.0037925243377685547, 0.012769338428481726, 1.482107221603326e-10, -0.00017484277123841767, -8.476800105063006e-07, 1.3850606423111687, 2.0654206435818416, 1.4337455034255981, 2.2055532932281494, 0.4994869665192239, 1732834533.3321319, 
-0.02243119478225708, 0.03828078508377075, -0.017296700082602062, -5.560417649740581e-10, 9.5208059124574e-05, -5.840280435152145e-06, 1.3850372994524187, 2.0654070846618087, 1.4337455034255981, 2.2055532932281494, 0.4994869665192239, 1732834533.4281855, 
-0.0034737586975097656, -0.008451521396636963, -0.005487798474941867, 3.2718701990843467e-10, -0.00021255002583912505, -1.539341237982611e-06, 1.3850639202468493, 2.065422547596647, 1.4337455034255981, 2.2055532932281494, 0.4994869665192239, 1732834533.524192, 
0.025469183921813965, -0.006170034408569336, 0.02095328583784152, -4.789949392267548e-11, -5.348806745311425e-05, 8.955173780518895e-07, 1.3850501755602183, 2.0654145638777126, 1.4337455034255981, 2.2055532932281494, 0.4994869665192239, 1732834533.6205304, 
0.018121182918548584, -0.003907263278961182, 0.018530656483398477, 9.042386965857709e-11, 0.0002924874551125242, 3.0915469391256356e-07, 1.3850202436224905, 2.0653971776593996, 1.4337455034255981, 2.2055532932281494, 0.4994869665192239, 1732834533.7321644, 
0.005733966827392578, -0.012926220893859863, 0.00759730555583713, -9.200796849586197e-10, 0.00028896547743377087, -3.1840470810894576e-06, 1.3850205468585253, 2.0653973537965946, 1.4337455034255981, 2.2055532932281494, 0.4994869665192239, 1732834533.8281894, 
-0.026586174964904785, 0.011733412742614746, -0.02159999430617334, 2.173705190456954e-10, 8.940395866684301e-05, 2.4313299129819293e-06, 1.3850378120130962, 2.0654073824083263, 1.4337455034255981, 2.2055532932281494, 0.4994869665192239, 1732834533.9242136, 
0.0062427520751953125, -0.0013677477836608887, 0.002183728345508007, -6.268027771726088e-11, -0.0002504356237267064, 2.502849905477592e-07, 1.3850672349190687, 2.0654244729442754, 1.4337455034255981, 2.2055532932281494, 0.4994869665192239, 1732834534.0204725, 
-0.026127874851226807, -0.003646373748779297, -0.021996527431599876, -4.6659556716960534e-11, -5.714815846624577e-05, 8.164664963704777e-07, 1.3850505734220644, 2.065414794972714, 1.4337455034255981, 2.2055532932281494, 0.4994869665192239, 1732834534.1322937, 
-0.008607566356658936, -0.0034349560737609863, -0.010557120537067793, -8.725105904670876e-11, -0.0003042414666310422, 2.8678227203170605e-07, 1.3850719435591674, 2.0654272079980402, 1.4337455034255981, 2.2055532932281494, 0.4994869665192239, 1732834534.228194, 
0.017401814460754395, 0.004167497158050537, 0.013324507191669846, 1.5225227503660173e-10, -0.00014624222370618746, -1.0410965532258928e-06, 1.385058291455487, 2.065419278056377, 1.4337455034255981, 2.2055532932281494, 0.4994869665192239, 1732834534.3242116, 
-0.015913665294647217, 0.009631812572479248, -0.011649381044769282, -1.6143550332554107e-10, 0.0001191438528985009, -1.354962924214551e-06, 1.3850352589103327, 2.065405899404562, 1.4337455034255981, 2.2055532932281494, 0.4994869665192239, 1732834534.4205544, 
0.0022261738777160645, -0.007823348045349121, 0.00020334954570282518, 1.252873483190937e-10, -0.0001260692089673982, -9.9379816328897e-07, 1.3850563879577737, 2.0654181723904803, 1.4337455034255981, 2.2055532932281494, 0.4994869665192239, 1732834534.5321205, 
0.0004153251647949219, -0.01333540678024292, 0.00038458957579909315, -1.936360732242375e-11, -1.4999972871942318e-05, 1.2909094894860563e-06, 1.3850467728503695, 2.0654125873757243, 1.4337455034255981, 2.2055532932281494, 0.4994869665192239, 1732834534.6281796, 
-0.010149061679840088, -0.0052373409271240234, -0.008612011989602117, -4.1202470202683636e-12, -1.613003827326758e-05, 2.55439382750683e-07, 1.3850468701563772, 2.0654126438967824, 1.4337455034255981, 2.2055532932281494, 0.4994869665192239, 1732834534.7241528, 
0.03654038906097412, -0.0018967986106872559, 0.02995327984922215, -2.7929217105443616e-12, -4.405258454681844e-05, 6.339972419952081e-08, 1.3850492827842673, 2.0654140452918717, 1.4337455034255981, 2.2055532932281494, 0.4994869665192239, 1732834534.8366942, 
-0.017787456512451172, -0.006074309349060059, -0.0108265065728132, 8.126977022993204e-11, 0.0003417593876015976, 2.377982088517534e-07, 1.3850159014578813, 2.0653946554690203, 1.4337455034255981, 2.2055532932281494, 0.4994869665192239, 1732834534.9324603, 
0.002051234245300293, 0.002381622791290283, 0.00017346805683518887, -6.161600968796182e-11, -8.441894598936481e-05, 7.298836649266418e-07, 1.3850528463634528, 2.065416115227317, 1.4337455034255981, 2.2055532932281494, 0.4994869665192239, 1732834535.0283394, 
-0.006357789039611816, 0.01679331064224243, -0.005404610155669372, 2.4144088499488652e-11, -2.1862730294365286e-05, -1.1043491903530157e-06, 1.3850474513473992, 2.0654129814867592, 1.4337455034255981, 2.2055532932281494, 0.4994869665192239, 1732834535.1257308, 
-0.006251156330108643, -0.005947768688201904, -0.006126584923326627, 4.177214742310107e-12, -8.34446893372828e-05, -5.005968355188953e-08, 1.385052771844759, 2.065416071942724, 1.4337455034255981, 2.2055532932281494, 0.4994869665192239, 1732834535.2206364, 
-0.0056119561195373535, -0.020027637481689453, -0.0056857382641969005, -1.4385845552620702e-10, -0.00010130366511163034, 1.420071577545432e-06, 1.3850543176492864, 2.065416969836318, 1.4337455034255981, 2.2055532932281494, 0.4994869665192239, 1732834535.3324368, 
0.027544915676116943, -0.023867785930633545, 0.022697070023850803, -8.18350400285307e-11, -3.6013969193647534e-05, 2.2723138232418297e-06, 1.3850486602480792, 2.065413683687328, 1.4337455034255981, 2.2055532932281494, 0.4994869665192239, 1732834535.428277, 
0.0006486177444458008, 0.004908502101898193, 0.0038618564386647958, 5.1203344952798935e-11, 0.0002836081594483203, 1.8054256637891028e-07, 1.3850211016865244, 2.0653976760605492, 1.4337455034255981, 2.2055532932281494, 0.4994869665192239, 1732834535.5255609, 
-0.013906538486480713, -0.029259562492370605, -0.011314979827408863, -4.566329295020211e-10, 6.466779357752576e-05, -7.061210909486116e-06, 1.385040057710372, 2.0654086868343686, 1.4337455034255981, 2.2055532932281494, 0.4994869665192239, 1732834535.6206582, 
0.02392899990081787, -0.009304344654083252, 0.018788084610862097, 1.3791409747713117e-10, -8.931550463441246e-05, -1.5441226922653931e-06, 1.3850532878958672, 2.0654163717031206, 1.4337455034255981, 2.2055532932281494, 0.4994869665192239, 1732834535.7319858, 
-0.006789028644561768, -0.006351113319396973, -0.003060100858923928, 5.551191655061673e-11, 0.00021416031608809442, 2.592072964992357e-07, 1.3850269727426048, 2.0654010863366863, 1.4337455034255981, 2.2055532932281494, 0.4994869665192239, 1732834535.828669, 
0.01265263557434082, 0.024179577827453613, 0.010359969300682673, 7.059304334520187e-11, 1.5825840056540313e-05, 4.460619031469867e-06, 1.3850440666389323, 2.06541101545862, 1.4337455034255981, 2.2055532932281494, 0.4994869665192239, 1732834535.87582, 
-0.020682215690612793, 0.029602766036987305, -0.01615442251764809, 1.0061919293085408e-10, 9.574276374993407e-05, 1.0509326134939714e-06, 1.3850371732436362, 2.065407011375788, 1.4337455034255981, 2.2055532932281494, 0.4994869665192239, 1732834536.019898, 
0.025616824626922607, 0.009516298770904541, 0.01952433366808601, -1.3565727652104412e-10, -0.000145630705450132, 9.315156175460328e-07, 1.385058255819751, 2.065419257366408, 1.4337455034255981, 2.2055532932281494, 0.4994869665192239, 1732834536.116221, 
-0.010699927806854248, 0.011740565299987793, -0.0062929116488498645, -2.7562434113171385e-10, 0.0002081085391442731, -1.324425909023535e-06, 1.3850275397284086, 2.0654014156634224, 1.4337455034255981, 2.2055532932281494, 0.4994869665192239, 1732834536.228354, 
0.01776987314224243, -0.006333589553833008, 0.014259352570805017, 2.142306168083262e-11, -1.6241886870636563e-05, -1.3190007941480627e-06, 1.3850467403504765, 2.065412568509856, 1.4337455034255981, 2.2055532932281494, 0.4994869665192239, 1732834536.324356, 
-0.006102919578552246, -0.0009241700172424316, -0.003134217969431332, -3.0043255447771314e-11, 0.0001672606985611317, -1.7961933500349982e-07, 1.3850309203156743, 2.0654033793091635, 1.4337455034255981, 2.2055532932281494, 0.4994869665192239, 1732834536.3735008, 
0.013626039028167725, 0.0059182047843933105, 0.01118061703378497, 8.05694330237109e-12, 9.83447629005659e-06, 8.19254941975637e-07, 1.3850444971542346, 2.065411265528079, 1.4337455034255981, 2.2055532932281494, 0.4994869665192239, 1732834536.5165417, 
-0.0022875070571899414, 0.018565058708190918, -0.00032429958775505134, 3.837472042616164e-11, 0.00013930756611916736, 2.75467596593676e-07, 1.3850333127448884, 2.0654047689713897, 1.4337455034255981, 2.2055532932281494, 0.4994869665192239, 1732834536.6283438, 
-0.011329948902130127, 0.009597361087799072, -0.009724179096776454, -5.714766138340758e-12, -4.834370694935727e-06, 1.1821116953913555e-06, 1.3850457730724521, 2.065412006656912, 1.4337455034255981, 2.2055532932281494, 0.4994869665192239, 1732834536.7241895, 
-0.00393223762512207, -0.0010085701942443848, -0.004775597981126897, -2.3251100780675632e-11, -0.0001316356832218071, 1.766322034542667e-07, 1.3850567346466698, 2.0654183737795244, 1.4337455034255981, 2.2055532932281494, 0.4994869665192239, 1732834536.8202662, 
0.003581702709197998, 0.029692649841308594, 0.002363319678914781, 2.429421213249294e-10, -7.333917868106805e-05, -3.3125830653410774e-06, 1.3850516862924016, 2.0654154413997663, 1.4337455034255981, 2.2055532932281494, 0.4994869665192239, 1732834536.931889, 
-0.009460687637329102, -0.026200532913208008, -0.007735604949617125, 2.1771706877237056e-12, 1.8803087057783633e-06, 1.1578793849292182e-06, 1.3850451940028423, 2.0654116702980567, 1.4337455034255981, 2.2055532932281494, 0.4994869665192239, 1732834537.0281992, 
-0.013417959213256836, 0.00297468900680542, -0.01258734785850029, -2.1352929005994042e-11, -0.00012292313723775451, 1.7370960004619635e-07, 1.3850559801765263, 2.0654179355356637, 1.4337455034255981, 2.2055532932281494, 0.4994869665192239, 1732834537.1242087, 
0.017070412635803223, -0.012901902198791504, 0.012745259236027467, -2.0231723340441962e-10, -0.00014661728312783924, 1.379900302940508e-06, 1.3850580301839015, 2.0654191262992785, 1.4337455034255981, 2.2055532932281494, 0.4994869665192239, 1732834537.2203116, 
-0.002147376537322998, -0.006926357746124268, 2.3664949139258137e-05, 1.4754637454299104e-10, 0.00013806340584942385, 1.068685605973748e-06, 1.3850332141816208, 2.065404711717357, 1.4337455034255981, 2.2055532932281494, 0.4994869665192239, 1732834537.33214, 
0.0073659420013427734, 0.0043746232986450195, 0.006294286424907857, 2.2809357712519463e-11, 3.395382969361757e-05, 6.717757000709416e-07, 1.3850421140940463, 2.065409881307457, 1.4337455034255981, 2.2055532932281494, 0.4994869665192239, 1732834537.428259, 
-0.011778473854064941, -0.019266188144683838, -0.00914249446968339, -2.919527554459851e-11, 6.337027181971754e-05, -4.6070933114594056e-07, 1.385039564722047, 2.0654084004826934, 1.4337455034255981, 2.2055532932281494, 0.4994869665192239, 1732834537.5242143, 
0.024080932140350342, -0.0019066929817199707, 0.019234482075042355, 1.0667979913718268e-11, -6.259973944895073e-05, -1.7041572389319392e-07, 1.3850504958381047, 2.0654147499168123, 1.4337455034255981, 2.2055532932281494, 0.4994869665192239, 1732834537.621225, 
0.02716648578643799, 0.022738933563232422, 0.026005629338521175, -3.521045995324155e-10, 0.0002838097811098661, -1.2406358870207918e-06, 1.3850207145911135, 2.0653974512212776, 1.4337455034255981, 2.2055532932281494, 0.4994869665192239, 1732834537.7325926, 
-0.020052552223205566, 0.013179242610931396, -0.013337083613719772, 1.0192217081110052e-09, 0.00033819897667045247, 3.0136747252909467e-06, 1.385016012354269, 2.0653947198866547, 1.4337455034255981, 2.2055532932281494, 0.4994869665192239, 1732834537.828181, 
-0.014968156814575195, 0.006967365741729736, -0.01472834578786132, -3.579772262388109e-10, -0.00014597863473365111, 2.4522576669659023e-06, 1.385057470684611, 2.0654188013123522, 1.4337455034255981, 2.2055532932281494, 0.4994869665192239, 1732834537.9242094, 
-0.0019055604934692383, 0.01705193519592285, -0.003773689743038591, 3.7477432207837287e-10, -0.0002119444662751675, -1.7682666061769378e-06, 1.3850631565729783, 2.0654221040106386, 1.4337455034255981, 2.2055532932281494, 0.4994869665192239, 1732834538.0208201, 
-0.01394110918045044, -0.013731718063354492, -0.012456365098355912, -2.3320959132869675e-10, -0.00010468349786711087, 2.227758873941542e-06, 1.3850538866256912, 2.0654167194760684, 1.4337455034255981, 2.2055532932281494, 0.4994869665192239, 1732834538.132071, 
-0.004788577556610107, -0.02454155683517456, -0.005904947478525493, -4.624166407919066e-10, -0.0001835499773271004, 2.5192955484153724e-06, 1.3850607266719857, 2.065420692578884, 1.4337455034255981, 2.2055532932281494, 0.4994869665192239, 1732834538.2282374, 
0.0010597705841064453, 0.0061782002449035645, 4.488881481315692e-05, 5.979004954892302e-11, -9.948451022524785e-05, -6.00998581724425e-07, 1.385053507413614, 2.065416499205182, 1.4337455034255981, 2.2055532932281494, 0.4994869665192239, 1732834538.3242254, 
0.012806236743927002, 0.011475622653961182, 0.010944249097288875, -1.0466542764508559e-11, 9.848387095998489e-06, -1.0627671985762251e-06, 1.385044044960879, 2.065411002848906, 1.4337455034255981, 2.2055532932281494, 0.4994869665192239, 1732834538.4200501, 
-0.00838160514831543, -0.009931802749633789, -0.005563580333754231, -2.9814086174399954e-11, 0.0001249556897586039, -2.3859726781546643e-07, 1.3850341004659377, 2.0654052264944602, 1.4337455034255981, 2.2055532932281494, 0.4994869665192239, 1732834538.531796, 
0.005921423435211182, 0.024363815784454346, 0.0042463089775549735, -1.0684652552208319e-10, -4.164882862045202e-05, 2.5654149002792188e-06, 1.3850485260573255, 2.0654136057346313, 1.4337455034255981, 2.2055532932281494, 0.4994869665192239, 1732834538.629237, 
-0.0010941624641418457, 0.011130273342132568, -0.00031559245235374036, -1.0053832126195554e-12, 4.6457463537969475e-05, -2.1640940681099824e-08, 1.3850408364752396, 2.0654091391685445, 1.4337455034255981, 2.2055532932281494, 0.4994869665192239, 1732834538.724194, 
0.009526848793029785, 0.014673948287963867, 0.008090593509192667, 1.1781014045625855e-11, 2.034379258359319e-05, 5.790962524424761e-07, 1.385043071385608, 2.0654104373380533, 1.4337455034255981, 2.2055532932281494, 0.4994869665192239, 1732834538.8206682, 
-0.0072557926177978516, -0.020282089710235596, -0.005017943613769784, -2.4649351590551963e-11, 9.200060952431867e-05, -2.6792595959960853e-07, 1.385036901961469, 2.065406853768172, 1.4337449073791504, 2.2055535316467285, 0.4994825115546831, 1732834538.932298, 
-0.014673709869384766, 0.014282166957855225, -0.013263955304878006, -8.427984326163866e-11, -7.780830651584744e-05, 1.0831728260847465e-06, 1.3850516057370776, 2.06541539459978, 1.4337449073791504, 2.2055535316467285, 0.4994825115546831, 1732834539.0292423, 
0.010570704936981201, -0.019577383995056152, 0.007095310610109814, -2.343949799612561e-10, -0.00016064663200826578, 1.4590718587190534e-06, 1.385058777303526, 2.065419560274143, 1.4337449073791504, 2.2055535316467285, 0.4994825115546831, 1732834539.124198, 
-4.649162292480469e-05, 0.023791968822479248, 0.0009946436631862775, -2.0286232754701257e-10, 6.647764821338299e-05, -3.0515870070471777e-06, 1.3850392004643712, 2.0654081888733544, 1.4337449073791504, 2.2055535316467285, 0.4994825115546831, 1732834539.2362857, 
0.0014977455139160156, 0.002045154571533203, 0.0014240185918877903, -8.316713281417161e-12, 2.5271132165102344e-05, -3.2909935443659926e-07, 1.3850428046337893, 2.0654102823912948, 1.4337449073791504, 2.2055535316467285, 0.4994825115546831, 1732834539.3323557, 
0.004583597183227539, -0.013991892337799072, 0.004122237211395705, -1.0556851336427613e-11, 3.016090850903918e-05, -3.5001768375988206e-07, 1.385042378278019, 2.065410034738277, 1.4337449073791504, 2.2055535316467285, 0.4994825115546831, 1732834539.4282165, 
0.019097208976745605, 0.007710158824920654, 0.016911212148718668, 1.358780031442905e-11, 9.208909665896849e-05, 1.4755058750058597e-07, 1.3850370344043368, 2.0654069306977316, 1.4337449073791504, 2.2055535316467285, 0.4994825115546831, 1732834539.5242493, 
-0.02428227663040161, 0.004685401916503906, -0.018274536157973597, 7.146477197182148e-11, 0.00018321928261574665, 3.9005049551307154e-07, 1.3850291655504432, 2.0654023599985507, 1.4337449073791504, 2.2055535316467285, 0.4994825115546831, 1732834539.6202388, 
-0.0007433891296386719, -0.020345687866210938, -0.003298523778857738, 6.472755960323721e-10, -0.00020699920458909613, -3.126947262030532e-06, 1.3850628916957093, 2.06542195015362, 1.4337449073791504, 2.2055535316467285, 0.4994825115546831, 1732834539.7324886, 
0.026003718376159668, -0.03081190586090088, 0.021728867555473555, -1.1876375675732848e-10, -2.379424488447191e-05, 4.991280762804687e-06, 1.3850470806109068, 2.0654127661332162, 1.4337449073791504, 2.2055535316467285, 0.4994825115546831, 1732834539.828297, 
0.00762331485748291, -0.007331252098083496, 0.00967757918648676, 2.5387857550792355e-10, 0.0002894162833358225, 8.772090242529202e-07, 1.3850197990194062, 2.065396919365225, 1.4337449073791504, 2.2055535316467285, 0.4994825115546831, 1732834539.9242454, 
-0.009134173393249512, 0.0028870105743408203, -0.006391465771835839, 1.251350436424973e-10, 0.0001486824621615907, 8.416261193367806e-07, 1.3850320068825563, 2.065404010424431, 1.4337449073791504, 2.2055535316467285, 0.4994825115546831, 1732834540.0202787, 
0.01457679271697998, -0.0011572837829589844, 0.011517957307243155, 7.732846287901168e-13, -3.1991146598611e-05, -2.417183224135178e-08, 1.3850474642088222, 2.0654129889675414, 1.4337449073791504, 2.2055535316467285, 0.4994825115546831, 1732834540.1322255, 
0.012816846370697021, 0.0025467872619628906, 0.012625236905764805, -1.2094555391277183e-11, 0.00016541989144302604, -7.311427474514329e-08, 1.385030427151965, 2.06540309282076, 1.4337449073791504, 2.2055535316467285, 0.4994825115546831, 1732834540.2282255, 
-0.019301533699035645, 0.029876768589019775, -0.014645366958226949, 6.279080642645868e-10, 0.00014912961079378948, 4.210485502660054e-06, 1.3850318429474555, 2.0654039152001054, 1.4337449073791504, 2.2055535316467285, 0.4994825115546831, 1732834540.3242111, 
-0.006825387477874756, -0.00293046236038208, -0.007964068184195858, -4.258027521383477e-11, -0.0001766499838120419, 2.4104318774883553e-07, 1.3850599441886013, 2.0654202380926248, 1.4337449073791504, 2.2055535316467285, 0.4994825115546831, 1732834540.4207292, 
0.011394739151000977, -0.013106703758239746, 0.008571664707730447, -2.1307582861038976e-10, -0.00010586729254393281, 2.0126691019510823e-06, 1.3850538231121343, 2.0654166825994684, 1.4337449073791504, 2.2055535316467285, 0.4994825115546831, 1732834540.5323875, 
-0.011722564697265625, 0.008814811706542969, -0.008762589542914971, -3.636420888392012e-11, 7.2236678829721e-05, -5.034036651884176e-07, 1.3850383578623955, 2.0654076994429316, 1.4337449073791504, 2.2055535316467285, 0.4994825115546831, 1732834540.6282613, 
0.008039891719818115, 0.01240074634552002, 0.005589529034699234, -5.948269642873603e-11, -8.600123786050011e-05, 6.916493053881506e-07, 1.3850520436946239, 2.065415649008569, 1.4337449073791504, 2.2055535316467285, 0.4994825115546831, 1732834540.7262576, 
-0.02466493844985962, -0.009234130382537842, -0.020251018465362633, 9.962992099836967e-12, 1.27863041702802e-05, 7.791924833912846e-07, 1.3850435008156519, 2.0654106867839284, 1.4337449073791504, 2.2055535316467285, 0.4994825115546831, 1732834540.8369641, 
-0.00996929407119751, 0.010955274105072021, -0.011465882820616696, -6.405520686476647e-11, -0.000274534360743721, 2.3332309548152434e-07, 1.3850683755527595, 2.0654251355488795, 1.4337449073791504, 2.2055535316467285, 0.4994825115546831, 1732834540.9323719, 
-0.0009434819221496582, -0.015968024730682373, -0.002476317790402506, -7.059260216886262e-10, -0.00018684045561865865, 3.7782289673357527e-06, 1.385060843165593, 2.065420760277572, 1.4337449073791504, 2.2055535316467285, 0.4994825115546831, 1732834541.0282955, 
-0.025656700134277344, -0.018298685550689697, -0.022273322559163186, -3.739394048017103e-10, -0.00010772145274179086, 3.471355011318367e-06, 1.3850538376521953, 2.0654166910462357, 1.4337449073791504, 2.2055535316467285, 0.4994825115546831, 1732834541.1256866, 
-0.003895580768585205, -0.043447792530059814, -0.006573048412873102, -1.3654313952047258e-09, -0.00030316763383457556, 4.503882482223607e-06, 1.385070628210468, 2.0654264440371937, 1.4337449073791504, 2.2055535316467285, 0.4994825115546831, 1732834541.1726973, 
0.01384037733078003, -0.004934072494506836, 0.010863392171846502, -1.9781179728260177e-10, -0.00010224327044426249, 1.9347170373470994e-06, 1.3850532069305115, 2.0654163246737305, 1.4337449073791504, 2.2055535316467285, 0.4994825115546831, 1732834541.3165796, 
0.00933605432510376, 0.011669635772705078, 0.009557131710256898, -1.026413639770691e-10, 0.0001393082303364205, -7.36793251405152e-07, 1.3850324795049245, 2.0654042848852554, 1.4337449073791504, 2.2055535316467285, 0.4994825115546831, 1732834541.4283051, 
-0.01341027021408081, -0.0002339482307434082, -0.010060867369991608, -1.5920472067420228e-11, 0.00011763954747834489, -1.3533265308038414e-07, 1.3850343798764244, 2.065405388740899, 1.4337449073791504, 2.2055535316467285, 0.4994825115546831, 1732834541.5248091, 
0.009958624839782715, 0.003687560558319092, 0.007038992004042614, -3.248308994714797e-11, -9.260584088868762e-05, 3.5076718310017505e-07, 1.3850526088913144, 2.065415977298917, 1.4337449073791504, 2.2055535316467285, 0.4994825115546831, 1732834541.6367671, 
0.015693485736846924, -0.0022965669631958008, 0.014429494512946995, 2.4228212379289474e-11, 0.00010406287600693565, 2.328228212496712e-07, 1.3850357397221722, 2.065406178624983, 1.4337449073791504, 2.2055535316467285, 0.4994825115546831, 1732834541.7320497, 
-0.00921696424484253, -0.008866071701049805, -0.005769284771255188, -1.367163387413878e-10, 0.0001813091939148082, -7.540507780627315e-07, 1.385029081733988, 2.065402311246647, 1.4337449073791504, 2.2055535316467285, 0.4994825115546831, 1732834541.8285673, 
0.01624208688735962, -0.0005013346672058105, 0.013030878134356695, 3.2010884825473906e-12, -1.7058870719735704e-05, -1.8764949539385368e-07, 1.3850463322622648, 2.0654123314388664, 1.4337449073791504, 2.2055535316467285, 0.4994825115546831, 1732834541.9245968, 
-0.0010146498680114746, -0.00537717342376709, 0.0010325011956248652, 8.257609764646162e-12, 0.00016201620288032394, 5.096780209536072e-08, 1.3850307837419684, 2.0654032998812335, 1.4337449073791504, 2.2055535316467285, 0.4994825115546831, 1732834542.0203576, 
-0.0055086612701416016, 0.014792263507843018, -0.004554653732326266, 5.449839879000415e-11, 2.6528096957848272e-05, 2.0543651840763093e-06, 1.385042528625807, 2.0654101220475445, 1.4337449073791504, 2.2055535316467285, 0.4994825115546831, 1732834542.1166263, 
-0.008014082908630371, -0.013723373413085938, -0.0075084938803925, 7.665844959411194e-13, -6.837039633904443e-05, -1.12122283471881e-08, 1.385050676543354, 2.0654148548701747, 1.4337449073791504, 2.2055535316467285, 0.4994825115546831, 1732834542.2284586, 
