imu_ax, imu_ay, kf_ax, kf_ay, kf_vx, kf_w, kf_x, kf_y, odom_x, odom_y, odom_th, stamp, 
-0.006712675094604492, -0.016873419284820557, -0.006267553408076401, -5.4580912284503436e-15, -0.00015096245852502156, 3.615528841924419e-11, 0.0026348803224853774, 9.97661104741933e-13, 0.0, 0.0, 3.7863621213766514e-10, 1732834812.7219918, 
0.02367866039276123, -0.0330389142036438, 0.02116944347769809, -1.2103640847184367e-10, -2.6482635767102465e-05, 4.570406417861124e-06, 0.0016579719184861299, -2.3431721724309023e-12, 0.0, 0.0, 3.8181940614609097e-10, 1732834812.7706032, 
0.012661397457122803, 0.006605625152587891, 0.013374110988707631, 3.738855403918867e-11, 0.00016740655787308555, 2.2333984112816968e-07, 0.0016572048936703975, -8.595530071392173e-12, 0.0, 0.0, 3.854573421557205e-10, 1732834812.833873, 
0.017618894577026367, -0.011313199996948242, 0.01726167252040871, -2.2135233851471395e-10, 0.00012897895299794474, -1.7161896058982675e-06, 0.0016597668179428396, -5.258385835659821e-12, 0.0, 0.0, 3.877310521617389e-10, 1732834812.8819013, 
-0.03458935022354126, 0.005002081394195557, -0.030238945506514032, 5.456144755842055e-11, 0.00012204539832874747, 4.47058621673315e-07, 0.0016614653278108247, -4.6876997892925305e-12, 0.0, 0.0, 3.9091424617016473e-10, 1732834812.929982, 
-0.0005322694778442383, 0.00567173957824707, -0.0030235340794436717, -1.5015553388098287e-10, -0.0002235550743129081, 6.716713290560852e-07, 0.0016959104002004278, 1.6495253778059966e-11, 0.0, 0.0, 3.9318795617618316e-10, 1732834812.9779556, 
-0.003697633743286133, -0.022504806518554688, -0.0036407181528409307, -2.0789046834539028e-10, -4.456116933139329e-05, 4.665283058425751e-06, 0.0016780037611578522, 4.718431127494623e-12, 0.0, 0.0, 3.96371150184609e-10, 1732834813.0259912, 
0.0038858652114868164, 0.001194298267364502, 0.003254460405257614, -1.008006081114383e-11, -2.9405670531134015e-05, 3.4279309497368223e-07, 0.0016764867126661516, 3.568842028773554e-12, 0.0, 0.0, 3.986448601906274e-10, 1732834813.0740476, 
0.016667664051055908, -0.021932601928710938, 0.015540956307090532, 4.292303409160855e-11, 6.927254184849478e-05, 6.196255102849416e-07, 0.0016574140343583342, -1.873863039971528e-11, 0.0, 0.0, 4.0410176420507166e-10, 1732834813.1700807, 
0.005134940147399902, -0.013056933879852295, 0.0060072104788288574, -1.0032408369828039e-10, 0.00012919647837289906, -7.765233616408302e-07, 0.00165053614145768, -2.723453937205053e-11, 0.0, 0.0, 4.1092289422312695e-10, 1732834813.283083, 
-0.011347174644470215, 0.006877779960632324, -0.009891177076904723, 3.740516895562016e-11, 4.994618296601488e-05, 7.48909460830509e-07, 0.0016584518269209874, -1.6860956780063765e-11, 0.0, 0.0, 4.163797982375712e-10, 1732834813.3779576, 
0.008300840854644775, -0.0040662288665771484, 0.006776292439459642, 1.6989594443667203e-11, -0.00013797193481534576, -1.2313804591060614e-07, 0.001695008277200335, 2.8613071001412053e-11, 0.0, 0.0, 4.272936062664597e-10, 1732834813.5704393, 
0.024473488330841064, -0.005577027797698975, 0.022987890677978073, 3.945344231641952e-11, 5.679939829433914e-05, 6.946102159739184e-07, 0.0016749341045884302, 1.1221598178788042e-12, 0.0, 0.0, 4.3320525228210764e-10, 1732834813.682989, 
-0.01562356948852539, 0.0036304593086242676, -0.012384619639236559, 4.2613599343747413e-11, 0.0001723645876044815, 2.4722943347000734e-07, 0.00166332119528681, -1.4809013320582445e-11, 0.0, 0.0, 4.386621562965519e-10, 1732834813.7780044, 
0.01692754030227661, 0.0147475004196167, 0.014468211057512028, -1.6694693777022996e-10, -7.10583544420568e-05, 2.349434335780513e-06, 0.0016878578888365732, 2.0476577483339353e-11, 0.0, 0.0, 4.418453503049777e-10, 1732834813.826011, 
-0.002230226993560791, 0.0058623552322387695, -0.0008296859540547798, -1.911296271239364e-11, 0.00010365803062166337, -1.8438477557183345e-07, 0.0016705150922821468, -5.182740124859552e-12, 0.0, 0.0, 4.4730225431942196e-10, 1732834813.921978, 
0.007542729377746582, 0.018652498722076416, 0.006840058680839281, 1.2585950349504799e-11, 7.168233503911349e-06, 1.7557952517363266e-06, 0.00168015921449915, 1.1176230845615751e-11, 0.0, 0.0, 4.5321390033506986e-10, 1732834814.0341227, 
0.0009201765060424805, 0.013318061828613281, 0.0014165550987373194, 1.2720555009253404e-11, 5.4167629809196804e-05, 2.348368398997893e-07, 0.0016754597805815276, 3.2309369097519935e-12, 0.0, 0.0, 4.586708043495141e-10, 1732834814.1299448, 
-0.007696747779846191, 0.011336028575897217, -0.006932038410637943, 6.117374345435133e-12, 1.0506309206592673e-05, 5.822572156544281e-07, 0.0016798255316735934, 1.1330255755700622e-11, 0.0, 0.0, 4.6412770836395836e-10, 1732834814.2260048, 
0.015407562255859375, -0.021414875984191895, 0.013533148479286328, 6.723470304807366e-12, -4.2771620799313364e-05, -1.571946580269715e-07, 0.0016851536481230277, 2.1339038752502e-11, 0.0, 0.0, 4.709488383820137e-10, 1732834814.3379643, 
-0.011417269706726074, -0.010260403156280518, -0.009324148366799168, 3.6403278027276556e-11, 9.36107598732824e-05, 3.8887920658431144e-07, 0.0016715277860988695, -4.947275323528728e-12, 0.0, 0.0, 4.786794524024764e-10, 1732834814.4818947, 
0.004055321216583252, 0.0063934326171875, 0.002932990651617987, -3.584009849446786e-11, -6.169089742693874e-05, 5.809625080736378e-07, 0.001687066109308344, 2.4904383434935446e-11, 0.0, 0.0, 4.818626464109021e-10, 1732834814.53103, 
0.012761712074279785, 0.004532992839813232, 0.011936683426339814, -5.352484672308605e-12, 2.5812344819845504e-05, -2.0736142762951982e-07, 0.0016783142877500547, 7.751370631822836e-12, 0.0, 0.0, 4.873195504253464e-10, 1732834814.6261005, 
-0.013690054416656494, -0.011645495891571045, -0.011540113885007641, -2.5044257176807284e-11, 8.555470580600788e-05, -2.927279912994407e-07, 0.0016723449624312164, -4.230789923398447e-12, 0.0, 0.0, 4.932311964409943e-10, 1732834814.7386837, 
0.010279595851898193, 0.006265580654144287, 0.00844906511258343, -3.522001219375856e-11, -7.548902196420409e-05, 4.6655806734997087e-07, 0.0016884588645712272, 2.7865314856776746e-11, 0.0, 0.0, 5.018712944638645e-10, 1732834814.8830929, 
-0.012493550777435303, 0.02225327491760254, -0.010736440798633843, -7.693688050655252e-11, 5.130197307199973e-05, -1.4996865792778672e-06, 0.001675701467217823, 2.7540696553555425e-12, 0.0, 0.0, 5.073281984783086e-10, 1732834814.978011, 
-0.010070383548736572, 0.002230226993560791, -0.010125618768826885, 1.791935913667486e-12, -8.53056692024963e-05, -2.100605892222517e-08, 0.001689366398964511, 3.0034915156019665e-11, 0.0, 0.0, 5.096019084843271e-10, 1732834815.0260823, 
-0.007681906223297119, 0.0021842122077941895, -0.007886287871245158, 1.5544639095368317e-11, -9.015714083308608e-05, -1.7241717019561594e-07, 0.0016898529158231482, 3.104092749260034e-11, 0.0, 0.0, 5.150588124987713e-10, 1732834815.121933, 
-0.016224205493927002, 0.006029248237609863, -0.015523874090696048, 4.0496424363386466e-11, -7.903498040879719e-05, -5.123860871973964e-07, 0.0016887400099236238, 2.898708669385664e-11, 0.0, 0.0, 5.241536525228451e-10, 1732834815.2818856, 
-0.012642741203308105, -0.015567600727081299, -0.012883478579246198, -1.465177246189246e-10, -0.00013514018607121785, 1.0841906384656808e-06, 0.0016943572380352897, 3.932043714817608e-11, 0.0, 0.0, 5.273368465312709e-10, 1732834815.3310165, 
0.0029649734497070312, 0.0006036162376403809, 0.0016358109947453275, -1.7794986770071446e-12, -0.00010902671459794388, 1.632167568810428e-08, 0.0016917490847618668, 3.4667771061197375e-11, 0.0, 0.0, 5.327937505457151e-10, 1732834815.4259837, 
0.02931314706802368, -0.005082547664642334, 0.026990283615738832, 1.1471161035842435e-11, 2.2535111821079618e-05, 5.090350173062896e-07, 0.0016785968118442714, 9.717393380387665e-12, 0.0, 0.0, 5.405243645661778e-10, 1732834815.5703099, 
-0.014754712581634521, 0.00967174768447876, -0.011253016544573759, 4.872235373638975e-11, 0.00020096468499569567, 2.424423661173768e-07, 0.001660768403884799, -2.4231736809404505e-11, 0.0, 0.0, 5.473454945842331e-10, 1732834815.6819286, 
-0.025061488151550293, -0.00428926944732666, -0.023902010505576173, 6.640140822729015e-11, -8.63171368242501e-05, -7.69272599512768e-07, 0.0016894516152929587, 3.1750624286338604e-11, 0.0, 0.0, 5.496192045902515e-10, 1732834815.7299533, 
-0.012987196445465088, -0.013732314109802246, -0.013901618883271854, -2.047705145184593e-10, -0.000200487343641087, 1.0213637968341784e-06, 0.0017008623610367246, 5.4173957252636916e-11, 0.0, 0.0, 5.582593026131215e-10, 1732834815.874007, 
0.008996725082397461, -0.016125977039337158, 0.007076009221532306, -3.614895889918174e-10, -0.0001186183215532619, 3.047502141812904e-06, 0.001692666262549107, 3.855396560552184e-11, 0.0, 0.0, 5.637162066275658e-10, 1732834815.9700027, 
-0.006910145282745361, 0.005520164966583252, -0.0057367350477192, -1.3857336231896175e-11, 4.027587747219429e-05, -3.44060442667277e-07, 0.0016767940794131945, 6.416584454339031e-12, 0.0, 0.0, 5.696278526432137e-10, 1732834816.0818918, 
0.011493146419525146, 0.020459294319152832, 0.010047470563543767, -2.4381431433545156e-11, -3.358086185009082e-05, 7.260513902944756e-07, 0.0016841848221949378, 2.3382673074925903e-11, 0.0, 0.0, 5.728110466516396e-10, 1732834816.1300192, 
0.02048581838607788, 0.009311020374298096, 0.019609145160903847, -1.99107678379854e-11, 8.831899643873728e-05, -2.2544150908458927e-07, 0.0016719831699236005, -4.4061126851022114e-12, 0.0, 0.0, 5.782679506660839e-10, 1732834816.2260275, 
-0.001492321491241455, 0.01605355739593506, 0.00027729582078891285, 2.023124114515182e-10, 0.0001580604122242324, 1.2799688967311288e-06, 0.001665010638466899, -2.0646349728445104e-11, 0.0, 0.0, 5.859985646865465e-10, 1732834816.3702536, 
0.017583608627319336, 0.015468716621398926, 0.016131051236813663, 6.295224171201839e-11, 2.6819189381774858e-05, 2.3472835370183847e-06, 0.0016781214643136195, 9.95298742857212e-12, 0.0, 0.0, 5.928196947046018e-10, 1732834816.4821138, 
-0.008158981800079346, -0.017015159130096436, -0.00612149855624123, -2.6895544996863744e-11, 0.00012170382515326594, -2.2099178035688878e-07, 0.001668630869987233, -1.3379995525102053e-11, 0.0, 0.0, 5.982765987190461e-10, 1732834816.5779889, 
-0.0014927387237548828, -0.026579558849334717, -0.0018808857937846054, 1.1462170597002525e-10, -3.8439791261248555e-05, -2.9818503745512338e-06, 0.0016847505298554265, 2.975565868672966e-11, 0.0, 0.0, 6.037335027334902e-10, 1732834816.6740093, 
-0.0030323266983032227, 0.0024265646934509277, -0.0029355462738933184, 6.596213539142221e-12, -1.9652966774171292e-05, -3.3563449299732326e-07, 0.0016828843258358493, 2.4839271054888262e-11, 0.0, 0.0, 6.073714387431197e-10, 1732834816.7382436, 
0.00260317325592041, 0.013926804065704346, 0.0021385378476431764, 6.319970533605147e-12, -2.2663148773624303e-05, -2.788655096753554e-07, 0.0016831839886301556, 2.559057457567996e-11, 0.0, 0.0, 6.151020527635824e-10, 1732834816.8825738, 
-0.002270936965942383, 0.005203545093536377, -0.0019009946534252259, -1.729688157188397e-12, 1.3166155527324339e-05, -1.3137382082405864e-07, 0.0016796016271276853, 1.7243799664685785e-11, 0.0, 0.0, 6.182852467720082e-10, 1732834816.9305782, 
0.001686394214630127, -0.008209407329559326, 0.0013854370119211821, 1.3795421075629863e-12, -1.2543411811019806e-05, -1.0998140923277449e-07, 0.001682179247901114, 2.318046235764183e-11, 0.0, 0.0, 6.237421507864524e-10, 1732834817.0276368, 
0.027087867259979248, 0.02929830551147461, 0.024930701897774726, -9.42209607873683e-12, 2.7245019951729397e-05, -3.4582819522357354e-07, 0.0016782000178441848, 1.4065266409419946e-11, 0.0, 0.0, 6.291990548008967e-10, 1732834817.1219366, 
0.019977867603302002, -0.001461803913116455, 0.02039190648312473, -1.3594263162542513e-11, 0.00020767216479410967, -6.546020828559348e-08, 0.0016601942798445625, -2.6940526039529126e-11, 0.0, 0.0, 6.351107008165446e-10, 1732834817.234112, 
-0.009103596210479736, -0.021289050579071045, -0.006629637022184474, -6.865791624542887e-10, 0.00016929253915356135, -4.0555783845353554e-06, 0.0016640357095591065, -1.8425684287015863e-11, 0.0, 0.0, 6.405676048309889e-10, 1732834817.3300364, 
-0.006797671318054199, 0.009300708770751953, -0.006783248328373193, -4.579770871018909e-11, -4.155518833612586e-05, 1.102093638458498e-06, 0.0016851213688063866, 2.807378820678945e-11, 0.0, 0.0, 6.460245088454331e-10, 1732834817.4271789, 
-0.014613747596740723, -0.02453714609146118, -0.01395610324416224, -6.722849951360311e-11, -6.548660259558814e-05, 1.0265992867086424e-06, 0.0016875121883831886, 3.2693640260953944e-11, 0.0, 0.0, 6.514814128598774e-10, 1732834817.5226667, 
-0.004115641117095947, -0.012993276119232178, -0.004940555926593142, -1.0055274372061119e-10, -0.00011615646526264359, 8.656663535107536e-07, 0.001692578223196126, 4.2509560786752866e-11, 0.0, 0.0, 6.60576252883951e-10, 1732834817.6821456, 
0.024871230125427246, 0.01393139362335205, 0.022369488836127063, 2.795759728009662e-11, -1.9832128146494835e-05, -1.4097124158124148e-06, 0.0016881456758957153, 3.341868504962542e-11, 0.0, 0.0, 6.637594468923769e-10, 1732834817.73027, 
0.014222800731658936, 0.008599817752838135, 0.014897507126581062, -1.2602699342590624e-10, 0.0004591000710818605, -2.7450876478613054e-07, 0.001574423555557383, -2.0333578737959848e-10, 0.0, 0.0, 6.769469649272838e-10, 1732834817.970486, 
0.0020655393600463867, -0.023366987705230713, 0.0031423931427955083, -3.9703392804070066e-10, 4.0305975373904556e-05, -9.85049795613565e-06, 0.0015747291464086586, -2.0294082137165367e-10, 0.0, 0.0, 6.805849009369132e-10, 1732834818.0358143, 
0.014209330081939697, 0.0019802451133728027, 0.01328031447041622, -2.7406222501783976e-11, 3.6373094070961604e-05, -7.534751497443734e-07, 0.0015753231280148238, -2.01937970020856e-10, 0.0, 0.0, 6.837680949453391e-10, 1732834818.0819337, 
-0.011288762092590332, -0.0015718936920166016, -0.009227722674464029, -1.1681713241094049e-11, 0.00010107558352983313, -1.1557403710309635e-07, 0.00156875772954276, -2.0801338724251228e-10, 0.0, 0.0, 6.860418049513575e-10, 1732834818.1305275, 
-0.0097198486328125, 0.007497847080230713, -0.009678043872193851, -4.5934359511942106e-11, -6.70979895688945e-05, 6.845862269059176e-07, 0.0015851394453278568, -1.953984333076236e-10, 0.0, 0.0, 6.914987089658017e-10, 1732834818.2270548, 
-0.01126086711883545, 0.009053409099578857, -0.0111273563110568, 4.382059297857267e-11, -8.781668985247918e-05, -4.990007372423815e-07, 0.0015871945357045208, -1.9381801325969746e-10, 0.0, 0.0, 6.96955612980246e-10, 1732834818.3221176, 
-0.0091361403465271, -0.016726970672607422, -0.009302474062704041, -1.2958269539768752e-10, -9.938760832801648e-05, 1.303811386325103e-06, 0.0015883509715191538, -1.9293072724085983e-10, 0.0, 0.0, 7.037767429983013e-10, 1732834818.435097, 
0.013697981834411621, 0.026260793209075928, 0.011769195220344489, 1.615653016383156e-05, 0.001149035123346161, 0.014060954130611206, 0.0015967222833089291, -3.0210371165854485e-10, 6.377259705914184e-05, -7.469404226867482e-05, 0.0007381094249354493, 1732834818.5780506, 
0.886873185634613, 0.04828178882598877, 0.8134466641154803, 0.005270395493277657, 0.026624918867695378, 0.19794972970499258, 0.0018722465149984564, 5.0446127398551334e-08, 0.001386762596666813, -2.7884962037205696e-06, 0.011059722468916575, 1732834818.6260607, 
-0.41447126865386963, 0.2743193507194519, -0.3113948761729237, 0.06482005315227957, 0.139654418786072, 0.4641460951663364, 0.004909959066588033, 1.0270754397214572e-05, 0.00939022097736597, 0.0002929774927906692, 0.054509183952419445, 1732834818.7219667, 
0.06173563003540039, -0.01237499713897705, 0.0303916143039068, 0.03655143936581548, 0.06801568572809677, 0.5373972044027537, 0.01848095263457391, 0.000357179142940038, 0.024412766098976135, 0.0023057579528540373, 0.13837199872138944, 1732834818.8820925, 
-0.013585925102233887, 0.031646549701690674, -0.009886303327222047, 0.041513319617906684, 0.08342842112163296, 0.49759205627759745, 0.025378422045676332, 0.0008575323560594229, 0.0328240767121315, 0.004006474278867245, 0.18801880585952355, 1732834818.9780533, 
-0.056188225746154785, -0.2097618579864502, -0.05236548296443567, -0.002527316191091708, -0.005191792531448677, 0.4867906750477384, 0.033033572131268285, 0.0018288765332452452, 0.03698326647281647, 0.005086023360490799, 0.21216470572873844, 1732834819.0260587, 
0.04051792621612549, 0.0023404359817504883, 0.032780786802681934, 0.03338436597846759, 0.0705608773008772, 0.4731285558725977, 0.03311512141476356, 0.0018411175418769688, 0.04951255023479462, 0.008693649433553219, 0.2835218797344817, 1732834819.1701229, 
-0.06641340255737305, 0.3487698435783386, -0.058000889976547294, 0.1039039181879961, 0.19565092009567436, 0.5310678740339505, 0.040894239024228986, 0.0036112334090483357, 0.05885075032711029, 0.012197989039123058, 0.3395177901501502, 1732834819.2829354, 
0.03937655687332153, 0.017388999462127686, 0.031128987035521798, 0.04344879407726097, 0.08654622321094878, 0.5020299264978711, 0.05920646660693141, 0.008720589211975431, 0.06703463196754456, 0.01537326816469431, 0.3882642405585307, 1732834819.3780205, 
-0.19950121641159058, 0.11906874179840088, -0.18012496546666387, 0.05922157142297127, 0.11836872895036524, 0.5003143308888977, 0.06752355938799597, 0.01152633374585929, 0.07107739895582199, 0.01705116406083107, 0.4120200830216714, 1732834819.4260201, 
0.07244277000427246, 0.02659398317337036, 0.05123349566786131, 0.041933378833554864, 0.08322775839262236, 0.5038388590947801, 0.07846827753409136, 0.01583597327902099, 0.08295504748821259, 0.023262811824679375, 0.4851546371623795, 1732834819.5706875, 
-0.2311214804649353, 0.07456392049789429, -0.2074159666955875, 0.05074680631385806, 0.10044690201366756, 0.5052102682763981, 0.08609077044819713, 0.019289169332395138, 0.09183990210294724, 0.028583629056811333, 0.5427603568648586, 1732834819.6830587, 
-0.043403804302215576, 0.04418528079986572, -0.057161287904477, 0.04538865747576129, 0.08974508424646233, 0.5057509038724923, 0.09514610082709563, 0.02395102759752868, 0.09884858131408691, 0.03351327031850815, 0.5900010399940383, 1732834819.7780576, 
0.18339955806732178, -0.09126955270767212, 0.16318044134287674, 0.02078422948695367, 0.04228093439829783, 0.491574507109058, 0.10257510659996878, 0.028268782243887583, 0.1025649756193161, 0.0361197367310524, 0.6140186742969792, 1732834819.8260567, 
0.2370365858078003, 0.09729069471359253, 0.23087449510458324, 0.05534067535430395, 0.10906893855973157, 0.5073917110140084, 0.10642957853624462, 0.03077305715007353, 0.1094510555267334, 0.04146468639373779, 0.6619103662962563, 1732834819.9219131, 
0.07636284828186035, 0.0025682449340820312, 0.08929389028737447, 0.039073915537596315, 0.08140066000934436, 0.4800196402966615, 0.11496636853864438, 0.03694346461037537, 0.11762679368257523, 0.048519592732191086, 0.7169913922634703, 1732834820.0347168, 
0.19991379976272583, -0.1839161515235901, 0.19056982005494355, 0.003319577613330212, 0.006750259045814139, 0.4917704032986252, 0.12082392237685238, 0.04164705887655136, 0.12641191482543945, 0.057765740901231766, 0.7879658215299712, 1732834820.1780014, 
0.0623207688331604, -0.01261216402053833, 0.07311262556128918, 0.03357552751898396, 0.06537358477032618, 0.5135947131695963, 0.12155451703546419, 0.04229212069800997, 0.12946097552776337, 0.060916412621736526, 0.8127558253411479, 1732834820.2260556, 
-0.09475624561309814, -0.026876866817474365, -0.08067646425030207, 0.030497891124569975, 0.06051814754854506, 0.5039462105165377, 0.12617380530961445, 0.04680506138148139, 0.13564911484718323, 0.06883299350738525, 0.8694735760518225, 1732834820.3384898, 
0.14276951551437378, 0.14878243207931519, 0.12406825990338853, 0.06357906461886403, 0.12417221544949256, 0.5120232766139622, 0.13063196136991553, 0.05162837803180966, 0.14045117795467377, 0.07568605989217758, 0.9182066776598345, 1732834820.4339347, 
0.23052740097045898, -0.12724506855010986, 0.22151560314950092, 0.013237469597023445, 0.02936318145375716, 0.4508186423147158, 0.13807450260444, 0.06055246623430645, 0.14511045813560486, 0.08290457725524902, 0.9639232169640057, 1732834820.5311127, 
0.1981392502784729, -0.10773360729217529, 0.20009090167431556, 0.015841966238731495, 0.037464373009330906, 0.42285416693843725, 0.1397871541715044, 0.06283071343142807, 0.14987331628799438, 0.0900823101401329, 1.0040564420301277, 1732834820.6260636, 
0.12132728099822998, -0.09781503677368164, 0.1279279187631134, 0.017265013159257422, 0.04401265691113057, 0.392273822371564, 0.14184689888825366, 0.06584315438435653, 0.15433214604854584, 0.09770210087299347, 1.0428145940651183, 1732834820.7219906, 
0.10719537734985352, -0.00790107250213623, 0.10895093544325592, 0.029402104388640715, 0.07855081472299959, 0.37430680372092706, 0.1442670882790953, 0.06972118449686714, 0.16167929768562317, 0.11120001971721649, 1.1006021875762806, 1732834820.8819969, 
-0.01192319393157959, -0.10830658674240112, -0.0018069341641669262, 0.018203984839569823, 0.050301411321686175, 0.3618980931400157, 0.14802930823831606, 0.07631252353285797, 0.16574935615062714, 0.11948894709348679, 1.1368406528511719, 1732834820.9790757, 
-0.1397935152053833, -0.037307918071746826, -0.12820111903729137, 0.02578532489165086, 0.06659151103285951, 0.3872163957794428, 0.15041306330966286, 0.08087660997961583, 0.16755083203315735, 0.12347695976495743, 1.1557448814263105, 1732834821.027214, 
0.5527207255363464, -0.027075886726379395, 0.49558580147452647, 0.02456291831628673, 0.07059719111997614, 0.347930532739516, 0.15331897818691978, 0.0869695859029575, 0.1710672229528427, 0.1317923665046692, 1.1896847281518, 1732834821.12219, 
0.16692906618118286, 0.15864264965057373, 0.1945278052909411, 0.041845819995831576, 0.1425450690481111, 0.293562031119491, 0.15619413483087077, 0.09364310412016703, 0.1728600710630417, 0.13682259619235992, 1.203869182838351, 1732834821.1727374, 
0.3221919536590576, 0.27426862716674805, 0.31148676525871455, -0.006865162857559672, 0.1753155903683253, -0.0391588839482927, 0.1614551124886498, 0.1070998415082048, 0.17880797386169434, 0.15101505815982819, 1.1930530139095337, 1732834821.3310637, 
0.244886577129364, 0.20185428857803345, 0.25039680050391205, 0.0020090482781501898, 0.09522182466163166, 0.021098611429567662, 0.1670780119184276, 0.12270619244588347, 0.18210779130458832, 0.15886636078357697, 1.1905733879011418, 1732834821.4260442, 
-0.07258206605911255, -0.526146650314331, -0.04550094407856653, -0.006625827804706597, 0.08464469131730265, -0.07827812591186305, 0.1702266309482689, 0.1313470396911689, 0.18542584776878357, 0.16695834696292877, 1.1859059862657952, 1732834821.5220315, 
0.027503252029418945, -0.15822547674179077, 0.02139547012719205, -0.010943744293821918, 0.10708102350534099, -0.10220059479797619, 0.17320049676564805, 0.13954111485448215, 0.19133488833904266, 0.18179497122764587, 1.1723782197581538, 1732834821.6819584, 
0.014374613761901855, -0.24073666334152222, 0.014971469544867739, -0.014673976311297854, 0.11997633635010874, -0.12230725456124127, 0.17696407527771046, 0.14965667351168147, 0.19334185123443604, 0.1861630380153656, 1.1674719488205698, 1732834821.7310665, 
0.0691763162612915, 0.15063631534576416, 0.06459531071709868, -0.010283728068660316, 0.0766045896672897, -0.13424428109757877, 0.18111822308730535, 0.16047555468570854, 0.19694089889526367, 0.1939241588115692, 1.1531871566341092, 1732834821.8261504, 
0.006065964698791504, -0.11727625131607056, 0.01099605560287397, -0.022680935225975894, 0.10832474339574923, -0.20937908103889324, 0.18403423514605985, 0.1677986800743552, 0.2005988508462906, 0.20243503153324127, 1.1348140551534536, 1732834821.9227424, 
-0.05201911926269531, 0.017186403274536133, -0.04674883413647059, -0.020260606883933583, 0.08357914012672424, -0.24241224369159667, 0.18809212081675503, 0.17758504061571972, 0.2078886330127716, 0.21494005620479584, 1.0944529114054986, 1732834822.0819926, 
-0.00653076171875, -0.19780701398849487, -0.009872778171438869, -0.03373081085491386, 0.12572683505061583, -0.2682864866624084, 0.1916195458555001, 0.18560911456827023, 0.21022659540176392, 0.21870213747024536, 1.0818458842245853, 1732834822.1310718, 
-0.1070217490196228, -0.21501612663269043, -0.09885621207794862, -0.05145316758733089, 0.14178067729132565, -0.36290676959884205, 0.19702734022184917, 0.19713284907424544, 0.21544495224952698, 0.22629040479660034, 1.0517920689201419, 1732834822.226044, 
-0.04257678985595703, -0.12447947263717651, -0.047307572046223864, -0.041618738153934465, 0.12142109670295763, -0.34276364885543564, 0.20335489739803217, 0.20970018546580937, 0.22306106984615326, 0.2373972237110138, 1.001386922924148, 1732834822.3702638, 
-0.040037453174591064, -0.302981972694397, -0.04060921986329615, -0.056752512966558574, 0.17044043433204148, -0.33297564154287973, 0.20941542658141074, 0.22073135305650923, 0.22936445474624634, 0.24527998268604279, 0.968068248027669, 1732834822.4821324, 
0.30215340852737427, 0.09810000658035278, 0.2733108760186328, -0.017827910983942548, 0.060129672292250386, -0.29649107178387596, 0.21767478172208737, 0.2346105039228852, 0.2348971962928772, 0.25185123085975647, 0.9380707639658927, 1732834822.5784938, 
0.0010700225830078125, 0.037931978702545166, 0.02390568834794174, -0.01896558762063217, 0.07057448643228063, -0.2687315002827615, 0.22088310759772403, 0.2396195235389173, 0.23780745267868042, 0.2551279664039612, 0.9244123490020547, 1732834822.6291497, 
-0.1068611741065979, 0.08463943004608154, -0.09589207871316, -0.016358245434788542, 0.06504319092089537, -0.25149819993738026, 0.22480062041401455, 0.24535422140244062, 0.2464243620634079, 0.26533371210098267, 0.8886932912791491, 1732834822.7710915, 
-0.0015759468078613281, 0.034953773021698, -0.00947494554479665, -0.020262884097912912, 0.07869597126274927, -0.25748311854820893, 0.22872252110337266, 0.25078148270062417, 0.2535112798213959, 0.2730402648448944, 0.861306456781855, 1732834822.8819835, 
-0.05216789245605469, -0.3853870630264282, -0.04852078777077817, -0.04429486372072882, 0.16765119903115824, -0.26420845169438095, 0.2339683289461878, 0.25767030293778065, 0.2595254182815552, 0.2789124846458435, 0.8371324014126323, 1732834822.9786572, 
0.025077223777770996, -0.07497000694274902, 0.018863979137257486, -0.02903732466843686, 0.11156852286234648, -0.260264489691803, 0.2441909544733324, 0.2703922315834189, 0.26280421018600464, 0.2821680009365082, 0.824834816814913, 1732834823.02742, 
0.090065598487854, 0.2668437361717224, 0.0840318365488821, -0.006068773716024311, 0.032109651626579125, -0.18900154341758152, 0.2509714196466293, 0.27838825249389954, 0.269098162651062, 0.28819897770881653, 0.8031979252673809, 1732834823.1220546, 
-0.06533455848693848, -0.2157343029975891, -0.05274596930406611, -0.020946057187652665, 0.1149826773674083, -0.18216706783338305, 0.2535381951253316, 0.2812663610398617, 0.2764408588409424, 0.29467320442199707, 0.7823626691132688, 1732834823.2342403, 
0.08698302507400513, 0.13519752025604248, 0.07522488844225123, -0.006587953861100719, 0.06575155370725601, -0.10019464924634482, 0.26109301346323766, 0.28941760416722795, 0.2825712263584137, 0.30043041706085205, 0.7719504322592604, 1732834823.3303943, 
-0.176186203956604, 0.12455534934997559, -0.1550862704498233, -0.00914610834849666, 0.07334881341514636, -0.12469333752859335, 0.2656722887062901, 0.2941881114255983, 0.28913119435310364, 0.30581048130989075, 0.7586639913943388, 1732834823.427243, 
0.10276424884796143, -0.2994846701622009, 0.08116363646200866, -0.011443521899588789, 0.11345532939047405, -0.10086367878060748, 0.27117528916189554, 0.2998052541551462, 0.2985968589782715, 0.3138498365879059, 0.7435171305887617, 1732834823.5713413, 
0.2420746088027954, -0.17889702320098877, 0.2285657503117348, -0.010559102992344646, 0.11537802132368306, -0.09151745602155888, 0.2790915173410284, 0.30768788684991466, 0.3020005226135254, 0.31690025329589844, 0.7401717210930897, 1732834823.6181064, 
-0.09802716970443726, -0.05881321430206299, -0.07063914068646002, -0.007688638569420568, 0.1080496392054407, -0.0711583918832134, 0.28719466787389014, 0.31559833090792366, 0.31309837102890015, 0.3262667953968048, 0.7292483655144447, 1732834823.7782452, 
0.04878807067871094, -0.04395705461502075, 0.03876665870784668, -0.007250745232055044, 0.10327299934786772, -0.0702094959751428, 0.2949792173461861, 0.3230621716612974, 0.316828191280365, 0.32964766025543213, 0.7259440686909632, 1732834823.828193, 
-0.007809460163116455, 0.15763509273529053, -0.003912789044605361, -0.002605844847224116, 0.08987043987488066, -0.028995572413487936, 0.3023732152701399, 0.33005200496166043, 0.3274446725845337, 0.33896613121032715, 0.7172487524730463, 1732834823.9705508, 
-0.007418990135192871, 0.29933661222457886, -0.007122282430069503, -0.0007162025993921914, 0.09294245265680794, -0.007705871525004675, 0.3089683067862056, 0.33620403351661937, 0.3323175609111786, 0.3434750735759735, 0.7151196208879762, 1732834824.0356343, 
-0.16113489866256714, 0.43426668643951416, -0.14820774679915794, 0.002088437657798932, 0.09438487930456972, 0.02212682447852448, 0.3158159592336519, 0.34255716488295435, 0.3432985246181488, 0.3529666066169739, 0.7143697903887243, 1732834824.1791031, 
0.01262742280960083, -0.3873921036720276, -0.0008621945066824843, -0.0028744051959995157, 0.09161671305500563, -0.03137424494015361, 0.3228314040897887, 0.3490585453583068, 0.3468082845211029, 0.35616955161094666, 0.7143697903895004, 1732834824.22608, 
0.033397018909454346, -0.29817456007003784, 0.030535199961819304, -0.0014808780928471234, 0.11043080485440651, -0.01341000905317618, 0.32967205983867426, 0.35542070223866684, 0.3573552668094635, 0.3656822741031647, 0.7156482476559626, 1732834824.370861, 
0.02367621660232544, -0.188584566116333, 0.024245776607565286, -0.0005932813589203194, 0.10483456374278456, -0.005659215221956348, 0.33767757734710424, 0.36282179474086845, 0.3659060299396515, 0.37326133251190186, 0.7179144632805243, 1732834824.4819899, 
-0.23503267765045166, -0.4349207282066345, -0.21327552205087452, -0.004309675452191297, 0.10305188459885842, -0.04182044286688415, 0.3453750653587394, 0.3699196063631151, 0.3732874393463135, 0.3799891769886017, 0.7183229572695381, 1732834824.5790672, 
0.21298682689666748, -0.2823633551597595, 0.17723252444196025, 0.0010768815807814724, 0.11004904957621736, 0.009785469160600517, 0.35312771849824753, 0.3770565161404677, 0.37696799635887146, 0.38296204805374146, 0.7203792753160247, 1732834824.6261084, 
0.09644907712936401, 0.3461582064628601, 0.10321581913814724, 0.003861152724653914, 0.10931863270157612, 0.035320170306138904, 0.3611271566074671, 0.3843655038280465, 0.38765648007392883, 0.39260804653167725, 0.7232287140299603, 1732834824.7708726, 
0.09982633590698242, 0.08995985984802246, 0.1001031531992734, 0.002828821596519089, 0.10884888663503788, 0.025988521187211726, 0.3691159224981664, 0.3916821315743703, 0.396138459444046, 0.40010353922843933, 0.7247264565996789, 1732834824.8830218, 
-0.03355652093887329, 0.24473536014556885, -0.022346898301320875, 0.0038757419767152094, 0.10776719238368633, 0.035964024774036096, 0.3770524754485077, 0.3990016687623858, 0.40330371260643005, 0.406649649143219, 0.7252377497057015, 1732834824.979074, 
0.09543365240097046, 0.043698906898498535, 0.08554375960674541, 0.0024580431256304106, 0.09837653104132311, 0.024986072385474827, 0.3849006594928603, 0.4062786215744959, 0.4066191613674164, 0.4097224175930023, 0.7261543663053854, 1732834825.0260766, 
0.18888604640960693, 0.033111572265625, 0.18021084223251907, 0.004215977180693528, 0.1039190985971597, 0.040569801293568554, 0.39206103729881, 0.41296483662224437, 0.4173072576522827, 0.4192258417606354, 0.7306906669750941, 1732834825.1712534, 
0.10702848434448242, 0.03393423557281494, 0.11315597487659534, 0.0036562436340962894, 0.10163314806098421, 0.035974912750930316, 0.39950631350626464, 0.4199537537264162, 0.4255877435207367, 0.4268513321876526, 0.7337636548642099, 1732834825.2830937, 
0.34427082538604736, -0.07967334985733032, 0.32486685320122577, 0.0013623719608267476, 0.10248378465446481, 0.013293536781649237, 0.4068340044616523, 0.4268876524648098, 0.42924797534942627, 0.4302591383457184, 0.734694654197274, 1732834825.3310494, 
-0.20918869972229004, -0.07099854946136475, -0.1643919314252667, 0.0029345945225241394, 0.10054790657919213, 0.029186033030064482, 0.4140263024166388, 0.43374048502134277, 0.4363238513469696, 0.43658447265625, 0.7389857099733452, 1732834825.4270842, 
0.06003683805465698, -0.3335656523704529, 0.041205952417381314, -0.00011363090950015384, 0.09042003089215347, -0.0012567006268299624, 0.4213233025777085, 0.44071290782440553, 0.4482291340827942, 0.447513222694397, 0.7428146561186896, 1732834825.58745, 
-0.12237495183944702, -0.3655405640602112, -0.10864120239594716, -0.0007475594073710075, 0.10173431620523748, -0.007348153850691746, 0.4279060016859207, 0.4470363752516731, 0.45062947273254395, 0.4497631788253784, 0.743622583771202, 1732834825.6196878, 
0.12868452072143555, 0.05945909023284912, 0.1087710040548665, 0.002074074896247365, 0.09683373398798815, 0.021418929239108406, 0.43526615341905206, 0.4541045489201768, 0.4586130380630493, 0.4573013186454773, 0.7452323223507759, 1732834825.7311242, 
-0.05205434560775757, 0.3972035050392151, -0.03855730863364945, 0.005852193157427922, 0.10722599436544046, 0.05457811971864647, 0.44226377937660843, 0.46081827306119644, 0.4656635522842407, 0.46402326226234436, 0.7473139786368364, 1732834825.8271184, 
0.011103570461273193, 0.11223000288009644, 0.006937663686962928, 0.003320007156152298, 0.10608249080336653, 0.03129646684396043, 0.44999780485282764, 0.46827421635827515, 0.4725472331047058, 0.4706701338291168, 0.7492438436570246, 1732834825.9222536, 
-0.06406444311141968, 0.4011650085449219, -0.05810285288977249, 0.0062279087406187875, 0.11055292588971455, 0.05633418284045805, 0.45762748717535057, 0.47570774522410786, 0.4842732548713684, 0.4817564785480499, 0.7520989450771897, 1732834826.0820282, 
-0.31348955631256104, 0.10598176717758179, -0.292054929698656, 0.002830062112666514, 0.10631583449561148, 0.026619384836633474, 0.4655426846896487, 0.4834707400670299, 0.48778003454208374, 0.4853912889957428, 0.7527203431683962, 1732834826.132058, 
-0.2013598084449768, 0.24368071556091309, -0.2089518281647374, 0.00269398753666696, 0.1048095561389505, 0.025703644170531795, 0.47326815394202637, 0.4911295908361795, 0.4946683943271637, 0.4921463131904602, 0.7546368654007899, 1732834826.22612, 
0.18746328353881836, -0.3053814172744751, 0.15420059237813183, -8.801706887831662e-05, 0.09344968795971749, -0.0009418658403253025, 0.4807281193502973, 0.49856439846035655, 0.5031732320785522, 0.5002203583717346, 0.7584229064800856, 1732834826.339715, 
-0.10158646106719971, -0.34601497650146484, -0.08012615506005091, -0.002093853611251963, 0.0992689538915143, -0.021092733721564373, 0.4872848294117915, 0.5051295678683374, 0.5136329531669617, 0.510177731513977, 0.7608756303168689, 1732834826.4836075, 
0.31841325759887695, 0.054332196712493896, 0.28497093744321034, 0.003735056726473218, 0.0988726272806692, 0.03777644864104331, 0.49432757067098976, 0.5121783920884493, 0.5206133127212524, 0.516849935054779, 0.7632636036251632, 1732834826.579242, 
-0.1414395570755005, -0.16566526889801025, -0.10567427729355455, -0.0001594785181874283, 0.09710734133816008, -0.0016422910563689622, 0.5011692770253257, 0.5190033347347773, 0.5241847038269043, 0.5201264023780823, 0.7637953013059374, 1732834826.627274, 
0.2258935570716858, 0.2638464570045471, 0.19807327194698976, 0.0022238075887757052, 0.0961365713087573, 0.023131754737056382, 0.5080549881987979, 0.5259201978561026, 0.5310678482055664, 0.5268346071243286, 0.7647348690031488, 1732834826.7228637, 
-0.15274524688720703, -0.050063490867614746, -0.12331404056132861, -0.000639522281298029, 0.09971223238051735, -0.006413679305238226, 0.514748404625685, 0.5326441240095824, 0.5427592992782593, 0.5379002690315247, 0.7648293430321031, 1732834826.882033, 
-0.1690157651901245, 0.43169379234313965, -0.16517148269698279, 0.005366218436350359, 0.09969552356121789, 0.0538260720708813, 0.5218478793762675, 0.539806201127774, 0.5495996475219727, 0.544672429561615, 0.7652305550286852, 1732834826.9791336, 
-0.09265464544296265, 0.3424094319343567, -0.09871894421504916, 0.0040289469203311674, 0.1138165611656094, 0.035398599984661515, 0.5290651030639122, 0.5470847897887616, 0.552772045135498, 0.5480392575263977, 0.7652305550286852, 1732834827.0261018, 
0.07215338945388794, 0.40101945400238037, 0.05782021948387757, 0.005062692439150187, 0.1143988080136005, 0.04425476564885449, 0.5370976747122921, 0.5552709704415225, 0.5634360909461975, 0.5582129955291748, 0.7660328978231343, 1732834827.17154, 
-0.09060293436050415, -0.03335064649581909, -0.07816154244417477, -3.0427161548014907e-05, 0.0988340551034968, -0.0003078611063378131, 0.5449494355124767, 0.5633304755753165, 0.5712907910346985, 0.565909743309021, 0.7659986593788516, 1732834827.2820256, 
0.03975552320480347, 0.15068858861923218, 0.029866507625340682, 0.001366481159479384, 0.10125583039899073, 0.013495333099287925, 0.5518771182923818, 0.5704994751574368, 0.5782428979873657, 0.572847306728363, 0.7659986593788516, 1732834827.380074, 
0.05902665853500366, -0.3073328733444214, 0.05657514893820316, -0.0026649433068259482, 0.09828576731644924, -0.027114234131638507, 0.5588746661934106, 0.5777415267533861, 0.5816254615783691, 0.5762403011322021, 0.7659986593788516, 1732834827.4271142, 
0.06887489557266235, -0.3803107738494873, 0.06784685702808597, -0.004244643385751192, 0.10990846266431695, -0.03861980490724545, 0.5657443647275652, 0.5848655678222243, 0.5917794704437256, 0.5861655473709106, 0.7658722406821659, 1732834827.5712547, 
-0.06289100646972656, 0.19073545932769775, -0.05193418475436434, 0.001491792658124285, 0.09484599642051217, 0.015728578057319642, 0.5732472032530705, 0.5926032003800671, 0.5963980555534363, 0.5904508829116821, 0.7658723821083557, 1732834827.6341147, 
0.18165236711502075, 0.11497056484222412, 0.16205522956968715, 0.0009100981161893327, 0.0992306682263995, 0.009171540738926603, 0.5799195355843758, 0.5994375975644087, 0.6032488942146301, 0.5971782803535461, 0.7657746561285704, 1732834827.731133, 
-0.08757150173187256, 0.4468107223510742, -0.06662780910384211, 0.0035806271570360563, 0.10640067628584915, 0.03365229697804341, 0.5868012402088291, 0.6065081680732092, 0.6101400852203369, 0.6039409637451172, 0.7643317506814946, 1732834827.8261063, 
-0.03281658887863159, 0.25226545333862305, -0.0356506138550557, 0.001805179303702354, 0.10482778486507971, 0.017220427828611842, 0.5942450612270206, 0.6141732251352324, 0.6207969784736633, 0.6138374209403992, 0.7612530048654425, 1732834827.9714491, 
-0.11076414585113525, 0.3528823256492615, -0.10445830081287852, 0.0036337263807463683, 0.10386805197242326, 0.034984062103245325, 0.6015952474450545, 0.6217911501238538, 0.628688633441925, 0.6214190721511841, 0.7594531050405529, 1732834828.0830138, 
0.10787844657897949, -0.20813560485839844, 0.09005719911136731, -0.0021461792113728266, 0.09245077382014616, -0.023214291483898294, 0.6087196415067304, 0.6292022238920154, 0.6353930830955505, 0.6280533075332642, 0.7591083362774689, 1732834828.1791291, 
0.0002574920654296875, -0.08519208431243896, 0.007796344894655902, -0.004274735848898446, 0.10477593997762152, -0.040798830817566155, 0.6151392500249686, 0.6359200833266445, 0.6389356255531311, 0.6315186023712158, 0.7574330550640791, 1732834828.2271166, 
0.0015281438827514648, -0.4499117136001587, 0.002061178358485684, -0.00531967758408866, 0.11538891831553266, -0.04610215315080713, 0.62246086145972, 0.6435440530132329, 0.6491612792015076, 0.641476035118103, 0.7565267609930066, 1732834828.3717227, 
-0.03244185447692871, -0.1498563289642334, -0.02955178263525208, -0.003823265612132142, 0.10765787309172145, -0.03551310742387441, 0.6304284011167027, 0.6517725043431788, 0.6570927500724792, 0.6490941643714905, 0.7547642352516026, 1732834828.4832075, 
0.050545334815979004, -0.2626723647117615, 0.04382679637897204, -0.0031398171022275468, 0.10987942890240002, -0.028575113045194996, 0.637987750554916, 0.6595093036634009, 0.6641039252281189, 0.655644953250885, 0.7541400077256988, 1732834828.5796518, 
0.07546597719192505, 0.20624536275863647, 0.07279551766020637, -0.00042556035160617165, 0.09293929083021851, -0.004578906809000569, 0.6455565855175789, 0.667202004030592, 0.6676031947135925, 0.6588488221168518, 0.75292314666437, 1732834828.6286328, 
0.11885583400726318, 0.33052486181259155, 0.11498768885826116, 0.0016353931288070303, 0.09669811363114637, 0.016912358136015094, 0.6520680695260375, 0.6737852245237509, 0.6779776215553284, 0.6686532497406006, 0.7496345218487681, 1732834828.771747, 
0.014115452766418457, 0.37793076038360596, 0.022578430879381453, 0.0011047593569357772, 0.10423339379183406, 0.010598900378722267, 0.6588428164143271, 0.6806306976159201, 0.6860416531562805, 0.6762329936027527, 0.747299436596123, 1732834828.8836594, 
-0.0530204176902771, 0.004441022872924805, -0.04667654592359251, -0.003056293382996267, 0.10534233735772193, -0.02901296344524513, 0.6661600108100844, 0.688048055145112, 0.6894749402999878, 0.6798173785209656, 0.7457302062397421, 1732834828.9307525, 
-0.030979812145233154, -0.28222161531448364, -0.03229028183399527, -0.005265290193647949, 0.11036840449469432, -0.04770649913581984, 0.6736303897967433, 0.6956315592047049, 0.6967542171478271, 0.6863734126091003, 0.7447663924351584, 1732834829.0274856, 
0.013713419437408447, 0.2768729329109192, 0.009839073168346278, 0.00208132681575052, 0.08814005176011971, 0.023613859694739225, 0.6812594667425438, 0.7033297340894238, 0.7038959264755249, 0.6930220127105713, 0.7441663120725497, 1732834829.1228566, 
-0.09795629978179932, -0.32225871086120605, -0.08890951922399057, -0.0021258033659899162, 0.08906968720763991, -0.023866743362803415, 0.6874959910905577, 0.7095699798756937, 0.7119452953338623, 0.7004444003105164, 0.7441663120725497, 1732834829.2354162, 
0.08383744955062866, 0.11638003587722778, 0.06935073538349193, 0.0007150704834559119, 0.09597423828466255, 0.007450650260281209, 0.6938749321303864, 0.715978244815932, 0.7225287556648254, 0.7103372812271118, 0.743216614661281, 1732834829.379322, 
0.052545785903930664, 0.15427422523498535, 0.053956184005781546, -0.00048031528026187603, 0.10295629085232091, -0.004665234890317034, 0.7006674053340676, 0.7227728486190791, 0.7261989712715149, 0.713720977306366, 0.7422054054733354, 1732834829.4283526, 
-0.06577718257904053, 0.21320384740829468, -0.05573841692512574, 0.0004576992480894864, 0.09432022044590546, 0.004852610033412572, 0.7078578866587051, 0.7299749957079881, 0.7365053296089172, 0.7233719825744629, 0.7398924957970678, 1732834829.5715122, 
-0.13430488109588623, -0.023318111896514893, -0.12770210175824864, -0.00016209740537884325, 0.10149619540476562, -0.0015970786366168773, 0.7146084613645748, 0.7367312058239621, 0.7446832060813904, 0.7308005094528198, 0.7391889705881413, 1732834829.683514, 
-0.17539161443710327, 0.11231690645217896, -0.1713815199068463, -0.00014309936939496678, 0.09961759785469516, -0.0014364868504829365, 0.7218512789491162, 0.7439863255741397, 0.7517198920249939, 0.7374118566513062, 0.736700849148545, 1732834829.779263, 
0.23646020889282227, 0.03899729251861572, 0.2022446002373009, -0.0009037437675906962, 0.10058573199103926, -0.008984810764922472, 0.7289794662516901, 0.7511242775746335, 0.7553001642227173, 0.7407330870628357, 0.7360482022806402, 1732834829.8271353, 
-0.17955005168914795, -0.10712897777557373, -0.1475217250451209, -0.001062629722502025, 0.10093931976241534, -0.010527411171416416, 0.7359761680315294, 0.7581276579645557, 0.7622497081756592, 0.7471471428871155, 0.7353233886959974, 1732834829.923312, 
-0.05052673816680908, -0.06496280431747437, -0.05865632404735546, -0.0006923269706792471, 0.10141832479584484, -0.006826448495110739, 0.7432090734878926, 0.7653543521987687, 0.7741539478302002, 0.7578814029693604, 0.7356760676344493, 1732834830.0830467, 
-0.027625977993011475, -0.015599608421325684, -0.030227008283383802, -0.00020055118348016654, 0.1000524509862532, -0.002004460475513203, 0.7504451215294958, 0.7725694735479288, 0.781298041343689, 0.7644656896591187, 0.735278867397968, 1732834830.1791656, 
0.22558605670928955, 0.08148282766342163, 0.2041199102145858, -0.0006663402309620724, 0.10148560855810895, -0.006565859341332492, 0.7575398977807444, 0.779634551711094, 0.7848868370056152, 0.7677823305130005, 0.7345462260128478, 1732834830.2271314, 
-0.0272408127784729, 0.10740071535110474, -0.007838969163646903, 0.0009602959595012858, 0.10029361737402936, 0.00957484618308274, 0.7645953306945972, 0.7866572951921499, 0.7917696237564087, 0.7741636037826538, 0.7335681920624743, 1732834830.323003, 
-0.0815247893333435, 0.0379905104637146, -0.0753395681657108, -0.001157465507660663, 0.10104082585486236, -0.011455424061193603, 0.771716524456941, 0.7937378474549892, 0.8039343953132629, 0.7850841879844666, 0.732744211610016, 1732834830.4831238, 
0.11966812610626221, -0.13480019569396973, 0.10330780255150201, -0.0013547025212410125, 0.10175561090818858, -0.013313295543607174, 0.7789162554535267, 0.8009076871103429, 0.811011552810669, 0.7915836572647095, 0.7321507508297977, 1732834830.5791626, 
0.12611782550811768, 0.049477577209472656, 0.12419666730006315, 0.00035485482709259796, 0.10250643157539271, 0.0034617810964534933, 0.7860813029543953, 0.8080266376449721, 0.8146629929542542, 0.7948657274246216, 0.7321507508297977, 1732834830.6271732, 
-0.13346117734909058, -0.09013652801513672, -0.1118444502900274, -0.0008464712825981002, 0.1045579162173719, -0.008095716835426587, 0.7933345415670178, 0.8152158766192676, 0.8257513046264648, 0.8048478960990906, 0.7316942770450178, 1732834830.7710235, 
-0.01901257038116455, -0.004815936088562012, -0.026799101757745913, -0.0012054042739317718, 0.09972273073715762, -0.012087557821785829, 0.8007642841039493, 0.8225837312843194, 0.83409583568573, 0.8123904466629028, 0.7311016292901773, 1732834830.8840542, 
-0.23301303386688232, -0.1436343789100647, -0.21570325869378504, -0.0023046723425714107, 0.1014492826808098, -0.022717482880806647, 0.8078855671059728, 0.8296337391957743, 0.8412121534347534, 0.8188343644142151, 0.7306464471671361, 1732834830.9791403, 
-0.26034462451934814, 0.28442084789276123, -0.25659092923708904, 0.0021815461786303387, 0.08988577346608062, 0.02427020533403508, 0.815187001728675, 0.8368439496475933, 0.8446362614631653, 0.82201087474823, 0.7306464471671361, 1732834831.027168, 
-0.06487226486206055, -0.0962378978729248, -0.08093825786212341, -0.0005765226862618986, 0.09840141475646719, -0.005858886152081549, 0.8217930782575578, 0.8433426464994088, 0.8555279970169067, 0.8318417072296143, 0.7314891712151337, 1732834831.1712952, 
0.2935776710510254, -0.365347683429718, 0.262160620774999, -0.013296098642254128, 0.11074323880191383, -0.12006239645958727, 0.8289112202207823, 0.8503742007989765, 0.8644487857818604, 0.8395954370498657, 0.7259358733261366, 1732834831.2830546, 
0.02855294942855835, 0.07114040851593018, 0.04812434121929693, -0.028907257039621926, 0.08850932705563477, -0.3266012521081709, 0.8364945280028065, 0.8578396719049395, 0.871796727180481, 0.8459757566452026, 0.6928136363375782, 1732834831.379173, 
-0.17279398441314697, 0.03127157688140869, -0.15426371674590691, -0.027378544161349848, 0.07855462931707907, -0.3485287168861645, 0.8428029088740777, 0.8638817633349283, 0.8753320574760437, 0.8489702343940735, 0.6757469517456525, 1732834831.4271402, 
0.2503156065940857, 0.09715509414672852, 0.21635657751257345, -0.013046846350847312, 0.057191985396116696, -0.22812368307348857, 0.8486107649227518, 0.8690905502091488, 0.8824012279510498, 0.8545316457748413, 0.6493569011651312, 1732834831.5236104, 
0.052357017993927, 0.018758058547973633, 0.06612661345160187, -0.018015082232065643, 0.08700328165821536, -0.20706210028762234, 0.8530624647384767, 0.8728197907658841, 0.8951441049575806, 0.8636144399642944, 0.6153595494993153, 1732834831.6830685, 
-0.049393296241760254, 0.055005669593811035, -0.03970467526585611, -0.020703003127570254, 0.08448709166211588, -0.24504338734213416, 0.859802322419358, 0.8782096790483152, 0.903064489364624, 0.8688329458236694, 0.5920605682559342, 1732834831.7791798, 
0.27880173921585083, 0.0214424729347229, 0.25207505078898473, -0.02166655383843343, 0.08642896898590503, -0.2506862466676751, 0.8665248195134275, 0.8833577772357184, 0.9069471955299377, 0.8714287877082825, 0.5798267464479846, 1732834831.827179, 
0.28765684366226196, -0.4048663377761841, 0.284721658460605, -0.05101198490804515, 0.1833599748783629, -0.27820676209126566, 0.8740070214372614, 0.8888032913220293, 0.9151291847229004, 0.8764765858650208, 0.5558407192616981, 1732834831.923358, 
-0.10277074575424194, 0.37143802642822266, -0.07039778405873753, -0.0019935456962304936, 0.004289523407419921, -0.46474759708318725, 0.887631689647488, 0.8981908798186462, 0.929196834564209, 0.8846242427825928, 0.4798789642257163, 1732834832.0830562, 
6.854534149169922e-05, 0.06164121627807617, -0.0058075028587181304, -0.02117425991556322, 0.05058640815680229, -0.41857606987887996, 0.8883855956080127, 0.898680048727943, 0.9371170401573181, 0.8887060880661011, 0.43518210610762587, 1732834832.1791255, 
0.5133004188537598, -0.48331713676452637, 0.4698709819011532, -0.07552752736021706, 0.24086508840219367, -0.31356776468203684, 0.8940042751923275, 0.9019646799163242, 0.941265344619751, 0.8907114267349243, 0.42150945669018763, 1732834832.2271771, 
-0.3523399233818054, 0.01456749439239502, -0.28346749304617114, -0.03334556946494569, 0.10548442853189754, -0.3161184065652144, 0.9142755856296594, 0.912698534947594, 0.9517481923103333, 0.8951951861381531, 0.3870143583533845, 1732834832.3397167, 
-0.037729620933532715, 0.12906360626220703, -0.0583686819426644, -0.017127736170774868, 0.055732665750367824, -0.30731952150811714, 0.9234640382886649, 0.9171982314980195, 0.960671603679657, 0.8988843560218811, 0.3553113087017795, 1732834832.4356227, 
0.056384503841400146, -0.0999596118927002, 0.04679814207456366, -0.03713353896023409, 0.11207158731858854, -0.3313376730774206, 0.9290051945183087, 0.9197024074255024, 0.9697631001472473, 0.902121901512146, 0.32436261597610566, 1732834832.5332344, 
0.03884255886077881, -0.10856252908706665, 0.03951259793695035, -0.03893019076418295, 0.12007074638886873, -0.3242271072264444, 0.939391022065661, 0.9240121421266514, 0.9785164594650269, 0.9050949215888977, 0.2949464922626282, 1732834832.6272683, 
0.2169831395149231, 0.02483808994293213, 0.2020617856085306, -0.028365227912973214, 0.08612704241488135, -0.3293417156522742, 0.9503078627186617, 0.9281231021488956, 0.9880075454711914, 0.9079041481018066, 0.26326686761662754, 1732834832.7232387, 
-0.12366527318954468, 0.11308354139328003, -0.09636072570964138, -0.02068700341695811, 0.061017251536615184, -0.339035320274042, 0.9581269885582347, 0.9307810018812176, 1.0035878419876099, 0.9118571281433105, 0.21030233048642802, 1732834832.8831265, 
-0.15103071928024292, -0.1460285186767578, -0.14638389946336802, -0.044518259535636366, 0.1335375712508886, -0.33337628592926893, 0.9646216086676573, 0.932754656638035, 1.013410210609436, 0.9139517545700073, 0.17798879377481824, 1732834832.9791546, 
-0.055588722229003906, -0.0923999547958374, -0.06320810240881329, -0.03828206455465585, 0.1198547145444267, -0.31940391081124964, 0.9775363032248228, 0.9362030305978225, 1.018248200416565, 0.9147488474845886, 0.1630088552118328, 1732834833.0273285, 
-0.05242544412612915, -0.012443602085113525, -0.05334437435488027, -0.03365101166669948, 0.09381281414739423, -0.35870378660455293, 0.989028319215584, 0.9388647753457645, 1.0277621746063232, 0.9163931012153625, 0.12964083300387688, 1732834833.1232176, 
0.05792593955993652, 0.17213034629821777, 0.04854747180406483, -0.011016812711332969, 0.03244978874060718, -0.33950337240706574, 0.9977737830511383, 0.9405946623644912, 1.0437161922454834, 0.9182060360908508, 0.0729808754409404, 1732834833.2831786, 
0.23330241441726685, 0.3114829659461975, 0.21777019111550355, -0.00011308298373550157, 0.0003561981642526135, -0.3174721126729441, 1.000680207122283, 0.9410618645824351, 1.0486111640930176, 0.9185729622840881, 0.057371189357014594, 1732834833.331138, 
-0.00020873546600341797, -0.12095427513122559, 0.018156504892317377, -0.04073606662599831, 0.12196827644124, -0.3339890323499283, 1.00154546988089, 0.941173707829761, 1.0584558248519897, 0.9189843535423279, 0.025885221642343626, 1732834833.4271607, 
0.07238006591796875, 0.01229625940322876, 0.06780477866061793, -0.02247461936541757, 0.08946038993074659, -0.25122425000400406, 1.013420840432445, 0.9422932881069576, 1.0725315809249878, 0.9190699458122253, -0.015117824091926023, 1732834833.5715659, 
-0.09225451946258545, -0.18843144178390503, -0.0787949333557651, -0.0350628989229746, 0.1333924950047328, -0.2628551098150654, 1.0226439458006078, 0.9428601754975691, 1.0788055658340454, 0.9188868403434753, -0.03109393614148353, 1732834833.635426, 
-0.009169161319732666, 0.181108295917511, -0.015061605098300235, -0.013735078020213549, 0.056583339028030075, -0.24274067695809734, 1.0353702722331217, 0.9433192188742794, 1.0884628295898438, 0.9183996319770813, -0.05615097743856669, 1732834833.7311866, 
-0.1352163553237915, 0.06946134567260742, -0.1251167493523936, -0.018783795657235747, 0.07685978570504691, -0.2443904245234232, 1.0412289145451394, 0.9433785175463726, 1.0983173847198486, 0.9177272319793701, -0.08125683631525939, 1732834833.8271995, 
0.09078067541122437, -0.0554085373878479, 0.07269117444557835, -0.015613178148357313, 0.10619879939006621, -0.14701840546247985, 1.0493068181957452, 0.9432647121568875, 1.1119358539581299, 0.9162880182266235, -0.10270213014594697, 1732834833.9715772, 
-0.07198721170425415, 0.4162275791168213, -0.05989507486239959, -0.003461871722148779, 0.04268985712001756, -0.0810935420190358, 1.0592655369938266, 0.9428864593668074, 1.1229305267333984, 0.9149035811424255, -0.11817104314625397, 1732834834.083096, 
-0.13634783029556274, -0.12339842319488525, -0.12988548039040665, -0.01031970489275233, 0.10140957851730281, -0.10176262482928622, 1.064114538324543, 0.9426351096422657, 1.1276172399520874, 0.914356529712677, -0.12291961664712098, 1732834834.1311808, 
-0.11300283670425415, 0.16070884466171265, -0.1144214016407221, -0.009446075799223824, 0.086058130609393, -0.10976389717432243, 1.074210549322638, 0.9420262609171175, 1.1372116804122925, 0.9128708243370056, -0.133706635118187, 1732834834.2271712, 
0.054805219173431396, 0.4279146194458008, 0.040586472665813875, -0.0028954433491877574, 0.051711531819187966, -0.055992217738043894, 1.0825850188055444, 0.9414353096664925, 1.1464189291000366, 0.9115009307861328, -0.14422900497371027, 1732834834.3235426, 
0.16185933351516724, -0.05608677864074707, 0.15170787653961382, 0.05486604644130107, 0.09350212397373911, 0.5867893060558782, 1.08812149605136, 0.9409893826760292, 1.1620211601257324, 0.90997314453125, -0.08250395539714771, 1732834834.4832346, 
0.3734484910964966, 0.07547569274902344, 0.35484449339151625, 0.05207560940256081, 0.11674914713483679, 0.44604702201736224, 1.0974929642529554, 0.9402302630645016, 1.171857476234436, 0.9092754125595093, -0.033378408208847, 1732834834.5797348, 
0.49845391511917114, 0.18447649478912354, 0.4864050874018218, 0.05341959666322982, 0.1576935648907211, 0.33875571714196884, 1.1092312722483941, 0.9399550434086404, 1.1768285036087036, 0.9092248678207397, -0.018007502931393665, 1732834834.6286669, 
-0.2087501883506775, 0.060441672801971436, -0.15047180042475355, 0.04215775699603789, 0.11835577469137265, 0.3561951844425797, 1.1243568437143294, 0.9402643159497949, 1.1909555196762085, 0.9094293713569641, 0.03141518859920656, 1732834834.770925, 
-0.18107759952545166, -0.09284889698028564, -0.17853990938927525, 0.022740818227172298, 0.05989945820777563, 0.37964981499983386, 1.1358050785753835, 0.9408885894433312, 1.2018232345581055, 0.9101051688194275, 0.07472558566850764, 1732834834.8830876, 
-0.08355367183685303, -0.12400579452514648, -0.09152131301449293, 0.018821332619152805, 0.04766461233578604, 0.39487014992508324, 1.1418482411617736, 0.9414351643208719, 1.2114338874816895, 0.9110354781150818, 0.11339276826012504, 1732834834.9789062, 
0.12523812055587769, -0.1654401421546936, 0.10703828950066366, 0.011476097714149475, 0.02708456321352133, 0.42371359743473, 1.1464431777566038, 0.9420297359987698, 1.2161140441894531, 0.9115336537361145, 0.13471807687889722, 1732834835.027949, 
0.21137762069702148, 0.1317330002784729, 0.20268623020733503, 0.026885392208637303, 0.12949029808328524, 0.20762476113341885, 1.1498579684885049, 0.9426062279049431, 1.2304832935333252, 0.9137106537818909, 0.1730991559633185, 1732834835.1717207, 
-0.057996928691864014, -0.1300445795059204, -0.036173627567803485, 0.013590833689705031, 0.07332093303638972, 0.18536089390678923, 1.1619479913389812, 0.9451653596512221, 1.2412103414535522, 0.9158815145492554, 0.192640225305406, 1732834835.2837417, 
-0.08225071430206299, 0.17697924375534058, -0.07834554474588956, 0.025590764159099038, 0.12325253073386642, 0.2076287116112529, 1.169546597937397, 0.9469359493930904, 1.2505335807800293, 0.9179186224937439, 0.21149728925013056, 1732834835.3795147, 
-0.17070025205612183, 0.5272402763366699, -0.1628937512924103, 0.05161871407062739, 0.1936450559753808, 0.26656355263307097, 1.182157225954119, 0.9501252165935111, 1.255380630493164, 0.9189823269844055, 0.2219245767809169, 1732834835.428511, 
0.26744455099105835, -0.20984238386154175, 0.23122923594336897, 0.01854789507068681, 0.037882935663801215, 0.48961081673536, 1.1995662345028146, 0.9549313547757055, 1.2695260047912598, 0.9227086305618286, 0.28907661633720944, 1732834835.5713909, 
0.1435590386390686, -0.07976031303405762, 0.15090665242640788, 0.023440742236199234, 0.04679315375799929, 0.5009438422857326, 1.203082808836183, 0.9560107609934053, 1.2756829261779785, 0.9243369102478027, 0.32261933810454685, 1732834835.6376836, 
0.07053208351135254, 0.11142373085021973, 0.07732260637522931, 0.05599864692445751, 0.12473306113558483, 0.44894790855478955, 1.207930051131945, 0.9577609389930352, 1.2897083759307861, 0.9296141862869263, 0.38695212810591745, 1732834835.7791836, 
-0.013786613941192627, 0.02034449577331543, -0.006162574740775806, 0.03297160126700126, 0.10154102252793046, 0.3247121256626296, 1.2192544382061428, 0.9625003879297058, 1.2942978143692017, 0.9314958453178406, 0.40208619983728316, 1732834835.8272998, 
0.21755772829055786, -0.04894387722015381, 0.1987634237176405, 0.016005394822026033, 0.07563137774330728, 0.21162373739042947, 1.22828462495316, 0.9667534173582861, 1.3027952909469604, 0.9350793957710266, 0.42291402431447755, 1732834835.9232194, 
-0.01700836420059204, 0.060942769050598145, 0.0011107152262141984, 0.031996188092571425, 0.10972239098404933, 0.2916103796646466, 1.235123554636197, 0.9702418121029612, 1.317284345626831, 0.9420632719993591, 0.47020488858580395, 1732834836.083103, 
-0.0702672004699707, 0.2888304591178894, -0.06423968276440867, 0.06032390324487678, 0.16191835114941056, 0.37255754407486985, 1.245177087316255, 0.9756498817937249, 1.3257533311843872, 0.946476399898529, 0.5017266905031085, 1732834836.1791854, 
-0.03456634283065796, -0.12021028995513916, -0.037124532738866886, 0.023547099780631034, 0.06042285430970008, 0.38970518770826856, 1.258516188225556, 0.9833506419074938, 1.3301385641098022, 0.9490505456924438, 0.5216446369726174, 1732834836.227201, 
0.1757047176361084, -0.03911811113357544, 0.1578521916150304, 0.023197495283687718, 0.07000345263883545, 0.3313764451500577, 1.2637283183983192, 0.9866241634928258, 1.342386245727539, 0.9567237496376038, 0.5768084284065456, 1732834836.3714712, 
-0.2367735505104065, -0.04875755310058594, -0.2036600953777707, 0.01565244232954644, 0.0778427284401641, 0.2010777710801608, 1.269496303754269, 0.9905632004536534, 1.3520349264144897, 0.9630588293075562, 0.6010051912150046, 1732834836.4835267, 
0.07469499111175537, 0.10290539264678955, 0.05137152586591032, 0.02339148418742289, 0.11026086608442325, 0.21214674814464793, 1.2761203764273135, 0.9954043710832251, 1.3595463037490845, 0.9682473540306091, 0.618898025869308, 1732834836.5792286, 
0.15877163410186768, -0.22718745470046997, 0.1497162561172631, 0.010900960096577948, 0.05668371133031253, 0.1923120388687126, 1.2844741913769249, 1.0017751001756856, 1.3633750677108765, 0.971263587474823, 0.6292873346729618, 1732834836.6271942, 
-0.06970882415771484, 0.13778942823410034, -0.051261267859431664, 0.026017793625408497, 0.11679403545513012, 0.22276645827007152, 1.289230351778018, 1.0055617416905676, 1.3724720478057861, 0.9779472947120667, 0.6538834734254199, 1732834836.7392879, 
0.006732583045959473, -0.049505770206451416, 0.0018352797343809332, 0.013365517002051014, 0.08593103816352049, 0.15553771125885169, 1.306929826920852, 1.0202284671431707, 1.3910847902297974, 0.993061363697052, 0.7006826608250881, 1732834836.979539, 
0.02695298194885254, -0.1439700722694397, 0.02483763068430498, 0.008283092870250064, 0.07600536004342939, 0.1089803780354058, 1.3132674610462856, 1.025961383157174, 1.3946588039398193, 0.9961230754852295, 0.7062997833969115, 1732834837.0272381, 
0.00956583023071289, 0.49499040842056274, 0.010897817074124268, 0.02051938009550516, 0.1495697059796901, 0.1371894125291084, 1.3192687692292506, 1.0315567283920377, 1.4019596576690674, 1.0027260780334473, 0.7163513313674044, 1732834837.1240807, 
-0.11856895685195923, 0.5073817372322083, -0.10769442498916243, 0.02921563571970181, 0.16323887906197945, 0.17897473866265065, 1.330176406529573, 1.0419582927466402, 1.413913607597351, 1.0134116411209106, 0.7312962884163591, 1732834837.2830994, 
0.03457844257354736, 0.21376961469650269, 0.02262311429090419, 0.018520569389389736, 0.13146073670906272, 0.14088289669620385, 1.3417272669873583, 1.0532874464167958, 1.417151689529419, 1.0165990591049194, 0.7363665848188033, 1732834837.3312461, 
0.09737801551818848, 0.014981210231781006, 0.09108328697536137, 0.010973701208315517, 0.1043307884522274, 0.10518181038515131, 1.3507445748206628, 1.0624490828953355, 1.4242171049118042, 1.0232501029968262, 0.746218440330394, 1732834837.4272058, 
-0.040975213050842285, 0.23504847288131714, -0.029881634954465677, 0.01433727762665151, 0.12811636937087037, 0.11190824167946922, 1.3581233280319838, 1.0701546924071392, 1.4347693920135498, 1.0337471961975098, 0.7594746939616841, 1732834837.5716672, 
-0.0403103232383728, 0.2218824028968811, -0.03943256236049796, 0.0095627890968367, 0.1287528783836322, 0.07427242961002709, 1.3668645869113736, 1.0794799995741207, 1.4429394006729126, 1.0419080257415771, 0.7647278581333544, 1732834837.6830962, 
-0.019393324851989746, 0.38666099309921265, -0.02107416330361815, 0.008364493123937044, 0.1262064990196471, 0.06627624717356995, 1.37553729803188, 1.0889351444880053, 1.449942708015442, 1.0485413074493408, 0.7665327451034935, 1732834837.7792325, 
0.07199233770370483, 0.39815860986709595, 0.06418014331054185, 0.008025838063107183, 0.1219597860925433, 0.06580724942414348, 1.3840031208342332, 1.0983016659601221, 1.4531161785125732, 1.0518760681152344, 0.7673272741836518, 1732834837.8272185, 
0.23327672481536865, 0.21839028596878052, 0.21907900014713583, 0.004785326461039017, 0.11966279168546848, 0.03999009544769073, 1.3920482683648807, 1.1073221252093983, 1.460024356842041, 1.0586000680923462, 0.7691835477588772, 1732834837.9227965, 
0.03591048717498779, -0.3685262203216553, 0.051249881225301275, -0.0034550202795449645, 0.09479979007182623, -0.03644544230453702, 1.3996823494464048, 1.1159911838247114, 1.4671903848648071, 1.0653151273727417, 0.7691835477588772, 1732834838.0192306, 
-0.11532151699066162, -0.4543687105178833, -0.10133350179368392, -0.009836604118256943, 0.11177660961629284, -0.08800234818379332, 1.4060041129860592, 1.123218049828508, 1.4752843379974365, 1.0732289552688599, 0.765138269466624, 1732834838.1321833, 
-0.005652010440826416, 0.05657660961151123, -0.013688374081028742, -0.0010182355029408955, 0.09288030025714733, -0.010962879104845918, 1.4133399554887127, 1.1315367448160816, 1.4819775819778442, 1.079528570175171, 0.7627333874771026, 1732834838.2273285, 
-0.1553139090538025, -0.06863003969192505, -0.14342159859021406, -0.005939131365614544, 0.10029838861195707, -0.059214623961630734, 1.4196179743570845, 1.1385393918440143, 1.4923133850097656, 1.0898492336273193, 0.756396642624589, 1732834838.373588, 
-0.03193897008895874, 0.12118399143218994, -0.04129014452402416, -0.0035635209207599363, 0.09320097554494075, -0.03823480280033802, 1.426341341415042, 1.14601639599849, 1.5004898309707642, 1.0974369049072266, 0.7515981496992277, 1732834838.4837453, 
0.15254682302474976, 0.33954405784606934, 0.1362753170397687, 0.004642177308871494, 0.08403862129100474, 0.05523861812055191, 1.4325743134317401, 1.1528696751060963, 1.5072988271713257, 1.103851556777954, 0.7510766127727665, 1732834838.5795636, 
0.040393829345703125, 0.13393110036849976, 0.048449482381792724, 0.026051254304505896, 0.11002714039765236, 0.23677116582647956, 1.438333116831183, 1.1591648790608422, 1.5109397172927856, 1.107452392578125, 0.7629644515341463, 1732834838.6283116, 
0.17272919416427612, 0.1841309666633606, 0.16230976588221974, 0.04135320131698563, 0.13014138707282866, 0.3177559594769333, 1.4457835272165431, 1.1674259550038932, 1.5185291767120361, 1.1152079105377197, 0.7963631604002633, 1732834838.7387786, 
-0.06743639707565308, 0.05999624729156494, -0.04817565824415873, 0.026181103718089974, 0.11718816197069158, 0.22341082305427568, 1.454119570842414, 1.1771331816363677, 1.5283730030059814, 1.1256972551345825, 0.833072287261623, 1732834838.8831093, 
0.030428171157836914, -0.03792464733123779, 0.023813711574069987, 0.01632937701611319, 0.08783226894948237, 0.18591546377454052, 1.4613486320490763, 1.1860991284534357, 1.531577467918396, 1.1292468309402466, 0.8423379888918981, 1732834838.932217, 
0.11442667245864868, -0.20587807893753052, 0.10680186969148432, 0.0110187444991199, 0.06211666523489796, 0.17738789513976397, 1.4665690273101988, 1.1928741387682995, 1.5376466512680054, 1.1363792419433594, 0.8602944975154968, 1732834839.027252, 
-0.08844548463821411, -0.13907474279403687, -0.07205649148277325, 0.015813012935965858, 0.07657263294635076, 0.20650998049192015, 1.4702855060164146, 1.1978867306015066, 1.5468584299087524, 1.1473994255065918, 0.8906222813917543, 1732834839.1717823, 
0.11365032196044922, 0.043760597705841064, 0.09809005247844983, 0.034339020650039756, 0.10491037947398724, 0.32731766696692, 1.474904967769517, 1.2043573797083793, 1.5538547039031982, 1.1563308238983154, 0.9218807470086152, 1732834839.283191, 
-0.2531183958053589, -0.19860762357711792, -0.22370321771473856, 0.014057887334698876, 0.02977421327626517, 0.47214974932369647, 1.4803924470062333, 1.2124126197783278, 1.5592824220657349, 1.1642098426818848, 0.9703444965253349, 1732834839.3802338, 
0.3545278310775757, -0.4978192448616028, 0.3059193454005322, -0.050906080631357604, -0.10463001787819357, 0.48653418649531915, 1.4814594794115525, 1.2141043333310122, 1.5618778467178345, 1.1679354906082153, 0.9939144046457029, 1732834839.427259, 
0.061696767807006836, 0.24812883138656616, 0.08235868718830114, 0.050617850204890714, 0.15636234724420675, 0.3237214783290234, 1.4771826168408315, 1.2065670542927642, 1.5679184198379517, 1.177648901939392, 1.035032836622575, 1732834839.5406137, 
0.02316361665725708, 0.09503763914108276, 0.028097946144171902, 0.04181089683660742, 0.11782211924903854, 0.35486457978431424, 1.4841023311769452, 1.2202040239475274, 1.5745145082473755, 1.1900628805160522, 1.0840380016298878, 1732834839.683119, 
-0.16543841361999512, 0.0033105015754699707, -0.14921453428584538, 0.03282475071427313, 0.09430082998461167, 0.34808549107817593, 1.4890043033539362, 1.2306979281144208, 1.5766843557357788, 1.194493293762207, 1.100926571558798, 1732834839.7312593, 
0.22472459077835083, -0.07896846532821655, 0.19333194993758698, 0.023343058255045783, 0.06606744931388299, 0.3533216205176037, 1.492648017096231, 1.2392792880657644, 1.5807100534439087, 1.2031960487365723, 1.1363621030713373, 1732834839.827231, 
0.09846973419189453, 0.04091966152191162, 0.10644497924181076, 0.037742495659267246, 0.10479724886829285, 0.360147771691042, 1.495066518649643, 1.2455763215658586, 1.5865780115127563, 1.2170116901397705, 1.1847048508121005, 1732834839.9727378, 
0.010953128337860107, 0.22274333238601685, 0.01899530205833462, 0.06114521941205782, 0.15450184563830227, 0.39575721027438276, 1.4985816606207578, 1.2557908784297132, 1.590543508529663, 1.2274575233459473, 1.2304237664641506, 1732834840.0831983, 
0.24464166164398193, -0.12336313724517822, 0.22563169664129384, 0.01728338451545989, 0.05529694507384317, 0.3125558652902032, 1.5028364666838332, 1.2697962597060226, 1.5933921337127686, 1.2363957166671753, 1.2639390127310983, 1732834840.179257, 
0.29685020446777344, 0.39292997121810913, 0.29095960811540045, 0.020946125471392085, 0.19950609869867147, 0.10498990059962296, 1.504510718695051, 1.2761699241530557, 1.594994068145752, 1.2413325309753418, 1.2672910015758543, 1732834840.2292967, 
-0.18653947114944458, -0.03058069944381714, -0.14655158875073288, 0.02794284943868429, 0.10720784184953262, 0.2606418425799708, 1.508771428534452, 1.2946517914405338, 1.5991116762161255, 1.255030870437622, 1.2916080445814175, 1732834840.3708615, 
0.19670885801315308, -0.2972590923309326, 0.1678499303457739, 0.005676273832185463, 0.021363189013869605, 0.26570348783134673, 1.5109173094361892, 1.304487601757316, 1.6017168760299683, 1.265395164489746, 1.327017257571031, 1732834840.4828942, 
-0.14713424444198608, 0.19765615463256836, -0.12063378503732969, 0.031211383495365924, 0.12996862825277794, 0.2401455175372201, 1.5114726706660078, 1.307384557894076, 1.602853536605835, 1.2698532342910767, 1.3383468800132312, 1732834840.5312452, 
0.008399426937103271, -0.03793436288833618, -0.0024520051853403196, 0.01708323597342492, 0.08669700227897689, 0.19704529019877567, 1.5135289696719807, 1.3199289891329817, 1.6048609018325806, 1.2794564962387085, 1.3581091344504463, 1732834840.6293046, 
-0.0921369194984436, -0.07518845796585083, -0.08461581415782878, 0.017204572754805213, 0.07830981600980613, 0.21969880190563618, 1.5147218584726974, 1.328464660170577, 1.607727289199829, 1.2935761213302612, 1.390459686450904, 1732834840.7709143, 
-0.022766292095184326, 0.1653425097465515, -0.02791644697164121, 0.02408299643517721, 0.12709388132924296, 0.1894898179463811, 1.5157112436793276, 1.3367348024838273, 1.6095101833343506, 1.30473792552948, 1.4124470107364235, 1732834840.8835678, 
0.17197436094284058, 0.07155460119247437, 0.15518800370588237, 0.018595021959862557, 0.10974795582242211, 0.16943387984328626, 1.516932573701478, 1.3492524966582937, 1.610105276107788, 1.3094099760055542, 1.4201607724133005, 1732834840.9315221, 
0.15634411573410034, -0.04138076305389404, 0.15622302941103672, 0.014379222687548366, 0.09133107547577318, 0.15744063685489668, 1.5177677815690018, 1.3598767108940681, 1.6114656925201416, 1.3190057277679443, 1.435900586391523, 1732834841.0287097, 
-0.08408784866333008, 0.13201016187667847, -0.06391099848076232, 0.022923807862191118, 0.11899064075422311, 0.19265219278498194, 1.5183390743813543, 1.3691284670587378, 1.6125880479812622, 1.328413724899292, 1.4539679384872681, 1732834841.123344, 
0.07736510038375854, 0.14930224418640137, 0.0655154323854713, 0.023493031425107485, 0.12249042724717192, 0.19179483616055307, 1.518885754808218, 1.381109844682377, 1.6136373281478882, 1.3395323753356934, 1.4735709184867591, 1732834841.2357259, 
0.04398047924041748, -0.186656653881073, 0.04574362088386101, 0.008132021444063744, 0.0668732348087721, 0.1216035304306384, 1.5191932593468465, 1.3928052842368401, 1.6146318912506104, 1.3535462617874146, 1.494918204869607, 1732834841.3792768, 
0.14247632026672363, -0.3289009928703308, 0.13435093473894555, 0.007027735720640822, 0.06155931681240162, 0.11416201615845464, 1.5192443170289234, 1.3993921883612597, 1.6149295568466187, 1.358526349067688, 1.50160327210407, 1732834841.428458, 
-0.09049797058105469, -0.06436705589294434, -0.07161896700707221, 0.010763542611697765, 0.08681811523675417, 0.12397807280595113, 1.5192173630832713, 1.4056673798807944, 1.6155180931091309, 1.3727350234985352, 1.5204193703597906, 1732834841.5716548, 
0.12976980209350586, -0.08834540843963623, 0.11287568372009668, 0.009309432361657096, 0.09035816088779108, 0.10302813016765326, 1.51907898467538, 1.4144320298856465, 1.6157169342041016, 1.3824785947799683, 1.5317679246068538, 1732834841.6682503, 
0.06770801544189453, -0.18433111906051636, 0.07148275496172701, 0.002664251304897301, 0.0791625907794669, 0.03365543343975992, 1.5188315561400951, 1.4232717493896225, 1.6158089637756348, 1.3935556411743164, 1.5397840210271376, 1732834841.779249, 
0.3271041512489319, -0.3586057424545288, 0.3056548497388586, 0.004117166894994054, 0.09182590443309627, 0.04483666042182894, 1.5185318205483742, 1.431218307695069, 1.6160669326782227, 1.3985594511032104, 1.5433622004285992, 1732834841.8272536, 
-0.05089986324310303, -0.31384867429733276, -0.020996670670983653, 0.00394673440435839, 0.09287450076697112, 0.04249534987284651, 1.5181639016521637, 1.4401500259920774, 1.6161283254623413, 1.4079914093017578, 1.5489038204051042, 1732834841.9232948, 
-0.323682963848114, -0.38933688402175903, -0.29828702815210884, 0.0009105597793231414, 0.08057464996574656, 0.011300822029139852, 1.5177438724475505, 1.449354417390834, 1.6160316467285156, 1.4174484014511108, 1.5534384557639167, 1732834842.0195494, 
0.13100665807724, 0.02874833345413208, 0.0950077452788941, 0.004165848477094628, 0.09290961487904358, 0.044837646593606374, 1.5173269430467142, 1.4577527755465203, 1.6159864664077759, 1.428561806678772, 1.5589977849509482, 1732834842.1322486, 
-0.12110477685928345, 0.4906269311904907, -0.10295390700905577, 0.005469010359378415, 0.12138185308307657, 0.045056243750334714, 1.516842320345381, 1.4672430688885958, 1.6159864664077759, 1.438087821006775, 1.5595230950828505, 1732834842.2272527, 
0.010262548923492432, 0.4688384532928467, 0.000767989293572427, 0.0047326405690828344, 0.1213230632921093, 0.03900858122653947, 1.5161661027323732, 1.4794118094175281, 1.6162365674972534, 1.4527969360351562, 1.5571164313965868, 1732834842.3714926, 
0.09708654880523682, 0.3177129626274109, 0.08899539780080322, 0.0031401801391373937, 0.11077503547815445, 0.02834736297382326, 1.5154444339430833, 1.4914347320427663, 1.6160774230957031, 1.459050178527832, 1.5564236074959734, 1732834842.4356277, 
0.05598163604736328, -0.27369141578674316, 0.05873679116077073, 0.00012769386351406056, 0.09771245833254971, 0.0013068329841776534, 1.5147520289241496, 1.5022810645269296, 1.6164213418960571, 1.4735171794891357, 1.5578227771728286, 1732834842.5792534, 
0.02558112144470215, 0.05414086580276489, 0.028363537139422527, 0.0005074787967261064, 0.1033131006748197, 0.004912046908004506, 1.5141032323765082, 1.5120438191191528, 1.6165156364440918, 1.4784761667251587, 1.5578227771711943, 1732834842.6272945, 
0.00979083776473999, -0.34782326221466064, 0.011343273654178383, -0.0031306726597886466, 0.09726511461839502, -0.03218700427251197, 1.5134225465418933, 1.5222663053329961, 1.616443157196045, 1.4883179664611816, 1.5578227771711943, 1732834842.7242682, 
-0.03874039649963379, -0.22877681255340576, -0.034531183968719584, -0.0032937453346617066, 0.10673624558432347, -0.030858733288118056, 1.5127697456629774, 1.532042645189991, 1.6166136264801025, 1.5042798519134521, 1.5565866831742927, 1732834842.8847122, 
-0.1251104474067688, -0.22275614738464355, -0.11750432152023864, -0.003920211719236018, 0.10920150953175838, -0.03589887846830476, 1.5120890448353084, 1.5427534783019157, 1.6166802644729614, 1.513891577720642, 1.5542947121021786, 1732834842.97929, 
-0.019207417964935303, 0.2915889024734497, -0.02746328384093813, 0.0007741181712134209, 0.08867796711994157, 0.00872954349716188, 1.511435578621017, 1.5535641229989154, 1.616946816444397, 1.5186975002288818, 1.5533728342980355, 1732834843.0282629, 
-0.15883266925811768, 0.48855167627334595, -0.14779691203273831, 0.0007526589885526917, 0.10070736621254679, 0.007473723292139085, 1.5109202970821514, 1.5625693057239711, 1.617139458656311, 1.533006191253662, 1.548753372467965, 1732834843.1713982, 
-0.0009760260581970215, 0.5080529451370239, -0.013289008068173874, -0.0006411378650733091, 0.09873800162986356, -0.0064933242975356645, 1.510330562874034, 1.5727248033504229, 1.6172651052474976, 1.5439202785491943, 1.543730323840845, 1732834843.283145, 
-0.10864430665969849, 0.15044516324996948, -0.1006402154710078, -0.0029347834480713867, 0.09928001372247376, -0.029560667228302844, 1.509750311421477, 1.5826123389330362, 1.6175260543823242, 1.5536460876464844, 1.5380717491554514, 1732834843.3792963, 
-0.06881576776504517, -0.35828447341918945, -0.07147258017459862, -0.010127277529332568, 0.10908516099035633, -0.09283826908618552, 1.5091673089775801, 1.5927002939172006, 1.6175583600997925, 1.5584720373153687, 1.534999924542237, 1732834843.4272666, 
-0.01976644992828369, -0.01574718952178955, -0.024108687466257148, -0.00495782163686069, 0.09804937095451004, -0.05056454303170257, 1.5085776244418598, 1.6035530377518472, 1.6180843114852905, 1.5680183172225952, 1.5286502434365887, 1732834843.5242941, 
0.03296315670013428, -0.0563199520111084, 0.02817834492432375, -0.005240991512441428, 0.10267104896067902, -0.05104643972663243, 1.508130524084825, 1.613404452889115, 1.6185674667358398, 1.5837303400039673, 1.5218109116229965, 1732834843.683245, 
-0.012062370777130127, 0.020448803901672363, -0.0086882901164861, -0.006069982074219135, 0.1010548013014656, -0.060066241247768416, 1.5077176701552581, 1.62364814975693, 1.6190621852874756, 1.593546986579895, 1.516141442949293, 1732834843.7792954, 
-0.02739936113357544, -0.018874049186706543, -0.02582884767268096, -0.006039780936189789, 0.10041790401745863, -0.06014645491046809, 1.5073599284010293, 1.6338382498314632, 1.619324803352356, 1.5983250141143799, 1.5133165107570428, 1732834843.8273005, 
0.008133471012115479, -0.05800670385360718, 0.005284665932359996, -0.004833378140296259, 0.10001169255322279, -0.04832813061056938, 1.5070709260386481, 1.6437860686406476, 1.6199209690093994, 1.6077808141708374, 1.5089807418923014, 1732834843.9233685, 
-0.09772396087646484, 0.15437662601470947, -0.08908469845511649, -0.004659160240428768, 0.09233877591213649, -0.0504572450133205, 1.5068406429503298, 1.6537171393179388, 1.620542049407959, 1.6186579465866089, 1.501291962508915, 1732834844.034971, 
-0.12452232837677002, -0.20634347200393677, -0.12152916292757744, -0.008884611151510662, 0.11027237296995793, -0.08056969222863412, 1.5066669144811993, 1.663196951837108, 1.6215415000915527, 1.6286382675170898, 1.4943328524472563, 1732834844.1334167, 
-0.09313315153121948, -0.11270564794540405, -0.09550875991397967, -0.007892426588971577, 0.10875511429180687, -0.0725706247505287, 1.506521904576739, 1.6743265355725943, 1.6223869323730469, 1.6381365060806274, 1.4881738121225336, 1732834844.2274287, 
0.05335789918899536, 0.2390243411064148, 0.040852305755902846, 0.001431669889962382, 0.08257259464026385, 0.017338317830505406, 1.5064671678780819, 1.6850744835661, 1.6231573820114136, 1.6475857496261597, 1.486682898705119, 1732834844.3233564, 
-0.06385087966918945, 0.025033414363861084, -0.055053961830117, -0.004608065493417698, 0.10023776558295619, -0.04597135088375538, 1.506479493139024, 1.6934295482747772, 1.6246435642242432, 1.6633094549179077, 1.4763416630109507, 1732834844.4829738, 
0.12467491626739502, 0.06698834896087646, 0.10959538133824355, -0.0036107798064038345, 0.10085751472593187, -0.03580080092411253, 1.5064821844788037, 1.7035006068310554, 1.6257356405258179, 1.673080325126648, 1.4713905355863188, 1732834844.5795925, 
-0.034217000007629395, 0.028898000717163086, -0.02215502390646444, -0.0066591729436438225, 0.10109689896323591, -0.06586921074666637, 1.5065302419690916, 1.7134922883766377, 1.626217007637024, 1.6779075860977173, 1.4679418624456178, 1732834844.627392, 
-0.050385117530822754, -0.10805463790893555, -0.04801121058025473, -0.0061153861689585195, 0.10547242776815716, -0.0579808988790983, 1.5066180439985406, 1.7236727078857865, 1.627816915512085, 1.6935501098632812, 1.46117216418094, 1732834844.7867959, 
0.10969811677932739, 0.11533176898956299, 0.09645547351603265, -0.00038604786898432486, 0.09113940423943781, -0.0042357953972369106, 1.5067758980066759, 1.7341154104545182, 1.6289561986923218, 1.7029927968978882, 1.4596850776500894, 1732834844.883281, 
0.10366714000701904, 0.011660575866699219, 0.10306061347138078, 6.094700945298063e-05, 0.09897978985055661, 0.0006157520595366055, 1.506962012543206, 1.7432118234287561, 1.6299959421157837, 1.712676763534546, 1.4596850776500894, 1732834844.9812653, 
0.0011183619499206543, 0.3511284589767456, 0.009667506964008837, 0.0031676235483416035, 0.10022767703820404, 0.03160427979523253, 1.5071666752719923, 1.7530428172659696, 1.6303739547729492, 1.7173336744308472, 1.4596850776500894, 1732834845.0283172, 
0.054699480533599854, -0.022521376609802246, 0.05091824423584264, -0.0013529840319252977, 0.09851978574189943, -0.01373311991836669, 1.5073718333208934, 1.7630324995303766, 1.631349802017212, 1.7267590761184692, 1.4589434153174012, 1732834845.1233585, 
0.04578012228012085, -0.2579086422920227, 0.04621197150178827, -0.0025295020155538914, 0.10449916727970848, -0.024205953802323425, 1.507546860222073, 1.772887857988148, 1.6331450939178467, 1.7426834106445312, 1.456929337931397, 1732834845.2832036, 
0.02359747886657715, -0.2848910689353943, 0.025493677576477372, -0.001222006429985903, 0.10666580130176906, -0.011456403224579123, 1.5077471100762636, 1.7833127817432741, 1.6338647603988647, 1.7521533966064453, 1.4578556618685017, 1732834845.3803165, 
-0.07124954462051392, -0.18194228410720825, -0.0631331889136556, -0.00039899972668378767, 0.10513762702571214, -0.003795023132738287, 1.5079759325207034, 1.793946540805227, 1.634452223777771, 1.756943702697754, 1.4586204438210029, 1732834845.427284, 
-0.09807240962982178, -0.30600112676620483, -0.09513634843540802, -0.0030709220744162434, 0.1041321510440489, -0.02949062363186192, 1.5082148027208824, 1.8045059295085368, 1.6359045505523682, 1.7717816829681396, 1.4591688585831273, 1732834845.5725644, 
0.005219459533691406, -0.17871856689453125, -0.003194259802456287, -0.0020653024846543095, 0.10687514777868264, -0.019324440972293615, 1.508459331623928, 1.8150437843721035, 1.63680899143219, 1.778119683265686, 1.4591688585831273, 1732834845.6348643, 
-0.09219080209732056, 0.36529678106307983, -0.08473010811527876, 0.005467097811925949, 0.09468242366862481, 0.05774142232628121, 1.5087339007266087, 1.8255974478010877, 1.6380863189697266, 1.792493462562561, 1.4600554673679658, 1732834845.7803197, 
0.17653530836105347, 0.17683851718902588, 0.15462424584511678, 0.003584323856038339, 0.10852335502576493, 0.033028133485067536, 1.5089978043252419, 1.8352546666864162, 1.6386054754257202, 1.7971833944320679, 1.4607349326591568, 1732834845.8273196, 
-0.016293585300445557, 0.27064043283462524, -0.0019559926426144514, 0.003356082846482874, 0.11437639350370965, 0.02934244334582926, 1.5092321631804504, 1.8460291337877968, 1.639670968055725, 1.8069281578063965, 1.4613520998622551, 1732834845.9233832, 
-0.05030781030654907, 0.0757485032081604, -0.046256670336523614, 0.002655393488935565, 0.10455639643762499, 0.025396757916381407, 1.5094419507360328, 1.8573806702671274, 1.6407196521759033, 1.8166805505752563, 1.4621516240995194, 1732834846.0203645, 
-0.14102774858474731, 0.11577999591827393, -0.13307475141505148, 0.0012959240712116114, 0.0988913474799343, 0.013104524351582558, 1.5096050413358089, 1.8678414938159864, 1.6418282985687256, 1.8276546001434326, 1.4621516240995194, 1732834846.1322663, 
0.21744751930236816, -0.18070989847183228, 0.18803948569107615, 0.0011687355843811962, 0.0993798229957717, 0.011760290460880798, 1.509736686538598, 1.8778508535086404, 1.6430065631866455, 1.8376137018203735, 1.4642160984090116, 1732834846.2293258, 
0.06886500120162964, -0.18736547231674194, 0.0788542143196866, -0.00016553248205663495, 0.10030521491160523, -0.001650287895823879, 1.5098523210042103, 1.8876025582011369, 1.6445037126541138, 1.8516887426376343, 1.4649678203204413, 1732834846.3722944, 
-0.08739632368087769, -0.06278330087661743, -0.07345010152381558, 0.001482992921980384, 0.09905334071159361, 0.014971659828196067, 1.5099597254500319, 1.8975630895993258, 1.6456222534179688, 1.8628754615783691, 1.4676586827094136, 1732834846.4833114, 
0.03877216577529907, -0.1058688759803772, 0.029358302593142024, -0.0008109036536626899, 0.09801901387129634, -0.00827292197335759, 1.5100675529938203, 1.907518946028206, 1.646480917930603, 1.872388482093811, 1.4682485528879516, 1732834846.579814, 
-0.26192599534988403, 0.306801438331604, -0.23748248717452325, 0.0025842865150848588, 0.09709055628948056, 0.026617279927613903, 1.5101608213862938, 1.9173406023131478, 1.6470284461975098, 1.877126932144165, 1.4682485528879516, 1732834846.6277697, 
0.03645479679107666, 0.1262417435646057, 0.013473863904034489, 0.0011609424287786956, 0.08682066425465362, 0.013371729400428637, 1.5102590007717336, 1.9271116150066587, 1.6477699279785156, 1.8857442140579224, 1.4694974765264197, 1732834846.7243955, 
-0.08424007892608643, 0.1925908923149109, -0.07604986286666968, 0.002397293207614937, 0.07350686719648533, 0.032613187026552554, 1.5103237455934317, 1.93575897255502, 1.6488724946975708, 1.8967995643615723, 1.4697351780447994, 1732834846.882893, 
-0.10795867443084717, 0.11725419759750366, -0.10527565328851786, 0.0021116115367305712, 0.07318470320482785, 0.028853181665854898, 1.5103676726865167, 1.9431015986574052, 1.649438738822937, 1.9037530422210693, 1.4707190168840076, 1732834846.980751, 
-0.05060309171676636, 0.03833162784576416, -0.05518777909736832, 0.002269623316448675, 0.06794731130871344, 0.03340269501079762, 1.5103881510931154, 1.9504630745012645, 1.6497443914413452, 1.9069576263427734, 1.4722115595589622, 1732834847.0285459, 
-0.11021143198013306, 0.03427177667617798, -0.10559410491409592, 0.00030374649049997156, 0.061615359590645805, 0.0049297203248990715, 1.5103873465834483, 1.9572645927788146, 1.6502444744110107, 1.9129561185836792, 1.4738145271486505, 1732834847.1243136, 
-0.10860377550125122, -0.09736478328704834, -0.10835025916875186, -0.00026509296737710374, 0.05237379166578526, -0.005061557678862568, 1.5103674894087817, 1.9634345545186886, 1.650651454925537, 1.9180876016616821, 1.4729699628806794, 1732834847.2197642, 
0.09661102294921875, 0.004609286785125732, 0.07941215099185296, -9.283035826760425e-06, 0.0452945128971377, -0.00020494835318887045, 1.510348406057575, 1.9686873962230833, 1.651114583015442, 1.9257135391235352, 1.4736012408518286, 1732834847.3803375, 
0.001995563507080078, -0.03463006019592285, 0.008489222852610875, 0.0006865829080897908, 0.04817612242094039, 0.01425151866916044, 1.510334136051567, 1.9731755678282794, 1.6513034105300903, 1.92799711227417, 1.4744240032466234, 1732834847.428309, 
0.11680114269256592, 0.027852892875671387, 0.10770539466958855, 9.93461820193311e-05, 0.041146548042394086, 0.002414447547749882, 1.5103186336796446, 1.977917687092389, 1.6515848636627197, 1.9320414066314697, 1.4752612126699856, 1732834847.524378, 
-0.024062275886535645, -0.0034962892532348633, -0.013008832731500705, 3.1368682354376234e-06, 0.04450573195687051, 7.048234233014055e-05, 1.5102999840793438, 1.9819750429694938, 1.6521697044372559, 1.9388365745544434, 1.4752604030942498, 1732834847.6843038, 
0.06524527072906494, 0.010260403156280518, 0.058675422185857015, 1.6912715140498025e-05, 0.03993716207198534, 0.00042348314860263345, 1.5102787200007095, 1.9863886683411436, 1.6524347066879272, 1.9426740407943726, 1.475667958482089, 1732834847.780305, 
0.012489497661590576, -0.006432473659515381, 0.016362123443342654, -8.1376957679629e-06, 0.04078823730763785, -0.00019951084687935426, 1.5102596299298638, 1.9903434879954451, 1.652642846107483, 1.9446028470993042, 1.475667958482089, 1732834847.8283646, 
0.08409583568572998, -0.06202179193496704, 0.07840905926227731, -9.173578399382657e-05, 0.03936075763878907, -0.002330640706555485, 1.5102399406902867, 1.9943927184930452, 1.6531041860580444, 1.9501638412475586, 1.475667958482089, 1732834847.972297, 
-0.05438709259033203, -0.05883681774139404, -0.043245534305481684, -9.853262359375134e-05, 0.04258940981833497, -0.0023135475230589486, 1.5102206415839763, 1.998392743436197, 1.6535502672195435, 1.9547419548034668, 1.475667958482089, 1732834848.0842927, 
-0.03131413459777832, 0.05260884761810303, -0.032313640252728815, 7.616806148448536e-05, 0.04105795656456069, 0.0018551352248794102, 1.5102015321777376, 2.002556358592968, 1.6539466381072998, 1.958912968635559, 1.475667958482089, 1732834848.1803076, 
0.1015615463256836, 0.11336010694503784, 0.09032812592094948, 0.00018029331152541646, 0.04085878694059272, 0.0044125957970205226, 1.5101833564729077, 2.006686820108292, 1.6541168689727783, 1.9608656167984009, 1.475667958482089, 1732834848.22831, 
-0.049987196922302246, 0.0329703688621521, -0.03821658805784027, -0.00023590545143103045, 0.042163060318736977, -0.005595074210640153, 1.5101648778352708, 2.010704623624947, 1.6544103622436523, 1.9647051095962524, 1.4748592870083839, 1732834848.3243277, 
-0.012376666069030762, -0.0239030122756958, -0.014547315110399955, -4.941451015916287e-05, 0.035498867676316964, -0.0013920024325770174, 1.5101441062020067, 2.0148922065559485, 1.655019760131836, 1.9708044528961182, 1.4748592870083839, 1732834848.4848719, 
-0.009791374206542969, 0.02794790267944336, -0.010192622487432176, 2.4579462082287567e-05, 0.031077835351710752, 0.0007909000676565633, 1.5101284739378007, 2.0184152712866537, 1.6551331281661987, 1.9736970663070679, 1.4748592870083839, 1732834848.5803502, 
-0.0824422836303711, 0.05130422115325928, -0.07637735183466304, 4.870307475247497e-05, 0.0319235033221965, 0.001525618108417681, 1.510114942998573, 2.021549574215058, 1.655224084854126, 1.9752355813980103, 1.4748592870083839, 1732834848.6283236, 
0.10165363550186157, -0.011879920959472656, 0.08671363644821009, -5.745990213751405e-06, 0.026246585192050982, -0.000218923344568711, 1.5101008897081993, 2.024742929439208, 1.6555756330490112, 1.9795787334442139, 1.4756336182035448, 1732834848.7720783, 
0.009544014930725098, 0.02183675765991211, 0.01601636891578885, 1.4706214633099948e-05, 0.029042875299302474, 0.0005063622138491621, 1.5100891945171209, 2.0273192539769784, 1.6558796167373657, 1.9827690124511719, 1.4762665161608017, 1732834848.8842967, 
0.01053541898727417, 0.07083803415298462, 0.010995209245464856, 5.845984583188787e-05, 0.030358189357422845, 0.0019256697144750473, 1.510076068116537, 2.0302203815371764, 1.656093716621399, 1.985601544380188, 1.4762665161608017, 1732834848.980322, 
-0.05477792024612427, 0.07086700201034546, -0.049257144805876917, 6.917532248217779e-05, 0.032468476143791836, 0.0021305380078764343, 1.5100620656099282, 2.0332729293439242, 1.656224250793457, 1.9871560335159302, 1.4762665161608017, 1732834849.0283616, 
0.18045449256896973, -0.04864579439163208, 0.16117803318640492, -3.893323513310803e-05, 0.030734537428638894, -0.0012667584545075815, 1.5100464991039588, 2.0365303145453577, 1.656646490097046, 1.9915155172348022, 1.4762665161608017, 1732834849.1721454, 
-0.1528124213218689, 0.02663111686706543, -0.12647238579530531, 0.00030709795032542273, 0.03013948549211269, 0.010189223382920332, 1.510031860758347, 2.03947320094099, 1.6569715738296509, 1.9947978258132935, 1.4769426091451274, 1732834849.2846076, 
0.10266470909118652, 0.030622541904449463, 0.08344278580020564, 5.0261647950079915e-05, 0.029576558549301513, 0.0016993744510977564, 1.5100165086475343, 2.0425842222211767, 1.6572105884552002, 1.997597575187683, 1.4769426091451274, 1732834849.3803465, 
-0.06043601036071777, 0.10510611534118652, -0.04836474902831503, 9.696535147008798e-05, 0.032452865685611135, 0.0029878825620345824, 1.509999340146076, 2.0455012471791774, 1.6573867797851562, 1.9991176128387451, 1.4769426091451274, 1732834849.4283419, 
-0.2322947382926941, 0.04754883050918579, -0.21686072994336048, 4.018714251149904e-05, 0.02415843725637777, 0.0016634827031657327, 1.5099797821032819, 2.0487263511823466, 1.6577115058898926, 2.003272533416748, 1.4767951760152485, 1732834849.573444, 
0.23688429594039917, -0.05135256052017212, 0.1988002606600882, 2.4145352450191282e-05, -0.0019800999992023536, -0.012194006595584964, 1.5099649110917173, 2.0510716382647907, 1.657698154449463, 2.002988576889038, 1.4766327819549732, 1732834849.6844034, 
-0.0433812141418457, -0.11867737770080566, -0.023066446263319607, -2.4739483887703793e-06, 0.0030610602681944796, -0.0008081998301293167, 1.5099669309686372, 2.0507554916966884, 1.6576532125473022, 2.0030431747436523, 1.4766327819549732, 1732834849.7803597, 
0.04273819923400879, 0.006873369216918945, 0.03721503280449355, -4.8947162889328e-09, 0.0001008049132916371, -4.855632656289256e-05, 1.5099653717936672, 2.0510511508917304, 1.6576532125473022, 2.0030431747436523, 1.4766327819549732, 1732834849.8283434, 
0.014394700527191162, 0.0014683008193969727, 0.016307419999311165, -1.204467220229538e-09, 0.0003057552293050051, -3.939318463881531e-06, 1.5099654789094785, 2.0510306420107387, 1.6576532125473022, 2.0030431747436523, 1.4766327819549732, 1732834849.9243598, 
0.006160736083984375, -0.01723802089691162, 0.007011041419584387, -8.043195561618291e-10, 0.00015590935261616183, -5.158892283659268e-06, 1.50996540096368, 2.051045637934619, 1.6576532125473022, 2.0030431747436523, 1.4766327819549732, 1732834850.0843112, 
-0.011720359325408936, 0.005580902099609375, -0.010148877211828063, 2.1722592320849754e-11, 5.965136863222563e-05, 3.6415916045075443e-07, 1.5099653509700948, 2.0510552542795852, 1.6576532125473022, 2.0030431747436523, 1.4766327819549732, 1732834850.18037, 
-0.000596165657043457, -0.010677158832550049, -0.0013972591159628692, 4.087542207497597e-11, -7.392948497178726e-05, -5.528974277390777e-07, 1.509965281514941, 2.051068615126002, 1.6576532125473022, 2.0030431747436523, 1.4766327819549732, 1732834850.228367, 
0.018239319324493408, 0.001179039478302002, 0.016591668602858455, 1.044405486518024e-06, 0.00029973094687041693, 0.0034844766528881427, 1.5099653027520865, 2.0510645332974495, 1.657673716545105, 2.0030577182769775, 1.476821711287368, 1732834850.3736444, 
0.01860523223876953, -0.012478291988372803, 0.018434943323304878, 3.63394284298947e-08, 0.00012574548186003475, 0.0002889919215574165, 1.5099652345168622, 2.051077584636669, 1.657673716545105, 2.0030577182769775, 1.476821711287368, 1732834850.4360392, 
-0.027029216289520264, -0.017436563968658447, -0.023214906129360675, 2.914473470594364e-09, 0.0001310246334650816, 2.2243706343747025e-05, 1.5099652399583103, 2.0510765530152524, 1.6576647758483887, 2.003068685531616, 1.476821711287368, 1732834850.582419, 
0.018053531646728516, -0.011056005954742432, 0.014591487911718673, -8.477085472649864e-11, -0.0001570833031726373, 5.396554122199352e-07, 1.5099650795394117, 2.0511053324130453, 1.6576647758483887, 2.003068685531616, 1.476821711287368, 1732834850.6283758, 
0.019479870796203613, -0.025213122367858887, 0.019068763960743612, 4.1336260193680614e-10, 0.00011252624042949982, 3.6734774072167366e-06, 1.5099652301251758, 2.0510783345490915, 1.6576647758483887, 2.003068685531616, 1.476821711287368, 1732834850.7243538, 
-0.00648874044418335, 0.016870856285095215, -0.004345128759778473, 3.1259217672908373e-10, 0.00015267929191945103, 2.0473776947694903e-06, 1.5099652524807172, 2.051074326654823, 1.6576647758483887, 2.003068685531616, 1.476821711287368, 1732834850.8367496, 
-0.004476010799407959, 0.02454608678817749, -0.0044648433345016265, -8.538153093308837e-11, -2.3684266480042946e-05, 3.6049894559763268e-06, 1.50996515404391, 2.0510919728398966, 1.6576647758483887, 2.003068685531616, 1.476821711287368, 1732834850.932331, 
0.0012339353561401367, -0.009389996528625488, 0.00075596877927418, -1.8096421518188054e-11, -3.574508411200431e-05, 5.06263223817977e-07, 1.5099651473365692, 2.051093175188814, 1.6576647758483887, 2.003068685531616, 1.476821711287368, 1732834851.0283523, 
0.013889968395233154, 0.0031658411026000977, 0.012787667295725818, -7.290805198797436e-13, 1.1916809043839348e-05, -6.11808511152285e-08, 1.5099651740048916, 2.051088394979894, 1.6576647758483887, 2.003068685531616, 1.476821711287368, 1732834851.1243997, 
0.0030321478843688965, 0.04290658235549927, 0.0038500487012051304, 4.708321686549253e-11, 0.00010163321680671435, 4.6326602999327677e-07, 1.5099652239501238, 2.0510794425456718, 1.6576764583587646, 2.0030767917633057, 1.4769292422825044, 1732834851.2843163, 
-0.0044983625411987305, 0.0024654269218444824, -0.003798035658907197, 9.498049601141766e-12, 3.538518400209771e-05, 2.684188275120655e-07, 1.5099651869943604, 2.051086066676163, 1.6576764583587646, 2.0030767917633057, 1.4769292422825044, 1732834851.3803444, 
0.01887613534927368, -0.00569230318069458, 0.016973424100189174, 2.308854085997265e-12, -1.4252717960513929e-05, -1.6199395037450187e-07, 1.5099651591577212, 2.051091056210844, 1.6576764583587646, 2.0030767917633057, 1.4769292422825044, 1732834851.4283779, 
-0.004202008247375488, 0.013513505458831787, -0.002425936857261699, -2.4083747353587068e-11, 0.00012673297610154687, -1.9003536486265082e-07, 1.509965237463052, 2.051077020548858, 1.6576764583587646, 2.0030767917633057, 1.4769292422825044, 1732834851.5724854, 
0.0029458999633789062, -0.008968532085418701, 0.0024951421212162025, 6.566614635728251e-12, -6.211490640685156e-06, -1.0571721049883e-06, 1.5099651633615716, 2.051090302737361, 1.6576764583587646, 2.0030767917633057, 1.4769292422825044, 1732834851.684315, 
-0.0030025839805603027, -0.01865166425704956, -0.00254134395267455, 2.937072909298948e-13, 1.686617924279919e-05, 1.741397898728543e-08, 1.509965176234753, 2.0510879952963523, 1.6576764583587646, 2.0030767917633057, 1.4769292422825044, 1732834851.7323895, 
0.0057833194732666016, -0.01705223321914673, 0.005084824645169919, 3.811847858300027e-12, -1.454855578919426e-05, -2.6200867725518325e-07, 1.5099651586488112, 2.0510911475251454, 1.6576764583587646, 2.0030767917633057, 1.4769292422825044, 1732834851.8283527, 
-0.030353069305419922, -0.0057228803634643555, -0.027379255003667204, 1.0001691075567748e-12, 1.8424528415612548e-05, 5.42846516879777e-08, 1.509965177052925, 2.051087848639274, 1.6576764583587646, 2.0030767917633057, 1.4769292422825044, 1732834851.9725661, 
-0.0009451508522033691, -0.005314946174621582, -0.0031618903825162623, 1.7871298646738902e-11, -0.00020987556656391817, -8.515187803577007e-08, 1.50996505025017, 2.051110577763992, 1.6576764583587646, 2.0030767917633057, 1.4769292422825044, 1732834852.0843163, 
0.0032466650009155273, -0.014266669750213623, 0.0027091667476252064, -1.0930572039111256e-10, -3.995379397267728e-05, 2.735803274799438e-06, 1.509965145052903, 2.051093584590916, 1.6576836109161377, 2.003081798553467, 1.4769950656618762, 1732834852.1803675, 
0.010454297065734863, 0.003661513328552246, 0.009804134870730981, 2.332760701449675e-12, 2.4407731152859392e-05, 9.55746638980981e-08, 1.5099651809546764, 2.0510871492941605, 1.6576836109161377, 2.003081798553467, 1.4769950656618762, 1732834852.2293885, 
0.0030747056007385254, 0.007170140743255615, 0.0036388217288783357, 1.3457332127999139e-11, 7.994095438561722e-05, 1.683408989975775e-07, 1.5099652119526192, 2.0510815932182638, 1.6576836109161377, 2.003081798553467, 1.4769950656618762, 1732834852.3243766, 
-0.016780853271484375, -0.0231320858001709, -0.015067414430904116, -4.0239402623673895e-11, 2.3953615860457147e-05, -1.679888450165116e-06, 1.50996518072658, 2.051087190141255, 1.6576836109161377, 2.003081798553467, 1.4769950656618762, 1732834852.484424, 
0.0014463067054748535, -0.017190098762512207, 6.137418911487079e-05, 5.965236382806457e-11, -0.0001151176188583119, -5.18186220490587e-07, 1.509965102165946, 2.0511012712630277, 1.6576836109161377, 2.003081798553467, 1.4769950656618762, 1732834852.5805368, 
-0.0056053996086120605, 0.004072606563568115, -0.005129744925004718, 6.043675151522174e-12, -1.2778113176715211e-05, -4.72970857899052e-07, 1.5099651584665505, 2.051091179712026, 1.6576836109161377, 2.003081798553467, 1.4769950656618762, 1732834852.6293824, 
0.0015938878059387207, -0.003912210464477539, 0.0010299463583734198, -2.4244302367362e-13, -3.9721164034871455e-05, 6.103623334421361e-09, 1.5099651434542534, 2.05109387059793, 1.6576836109161377, 2.003081798553467, 1.4769950656618762, 1732834852.7725327, 
-0.007278501987457275, -0.01627326011657715, -0.0065812542433398525, -5.05934280669405e-14, -8.536675353888496e-08, 5.926596241462428e-07, 1.5099651655869906, 2.051089903370291, 1.6576836109161377, 2.003081798553467, 1.4769950656618762, 1732834852.8838358, 
0.0323905348777771, 0.017992377281188965, 0.029120243582193655, -1.4431491370969642e-12, -2.9860891512017572e-05, 4.83290707015953e-08, 1.509965148982339, 2.051092879701819, 1.6576836109161377, 2.003081798553467, 1.4769950656618762, 1732834852.9807365, 
0.001787424087524414, -0.0002846717834472656, 0.004079467779982603, 2.651900023922082e-12, 0.0002239218466673601, 1.1842971391092208e-08, 1.5099652905410024, 2.0510675059882786, 1.6576836109161377, 2.003081798553467, 1.4769950656618762, 1732834853.0284586, 
-0.004421710968017578, 0.017413556575775146, -0.0037086577591375113, 1.6966875448637815e-10, 4.7485807308913185e-05, 3.5730413801879487e-06, 1.5099651920498451, 2.0510851600199245, 1.6576836109161377, 2.003081798553467, 1.4769950656618762, 1732834853.1244466, 
0.020351111888885498, 0.028002500534057617, 0.018332101677486046, -1.7611731397992377e-11, -1.1602074358668462e-05, 1.5179812552083684e-06, 1.509965158610914, 2.0510911537449137, 1.6576836109161377, 2.003081798553467, 1.4769950656618762, 1732834853.2844563, 
-0.010509908199310303, 0.0024452805519104004, -0.008090489610367457, 1.3407910573017437e-11, 0.00013222812707634475, 1.0139983730750487e-07, 1.509965237913774, 2.051076940007332, 1.6576836109161377, 2.003081798553467, 1.4769950656618762, 1732834853.3804715, 
0.005678117275238037, -0.0118255615234375, 0.004523023148265108, 6.815800280867737e-11, -4.786582823176693e-05, -1.4239386494819534e-06, 1.5099651373785241, 2.0510949587969947, 1.6576836109161377, 2.003081798553467, 1.4769950656618762, 1732834853.4287465, 
-0.01393890380859375, -0.004572451114654541, -0.01238974405413641, 1.7769841928131852e-12, 2.1938134168419476e-05, 8.099978690855127e-08, 1.509965176325904, 2.0510879783143214, 1.6576836109161377, 2.003081798553467, 1.4769950656618762, 1732834853.5245335, 
-0.0013304352760314941, 0.006479203701019287, -0.0022578015860317165, -1.2991355739449808e-11, -9.482007619973794e-05, 1.3701060218601378e-07, 1.5099651112201111, 2.0510996473852607, 1.6576836109161377, 2.003081798553467, 1.4769950656618762, 1732834853.6677837, 
-0.015145063400268555, -0.023905813694000244, -0.01406328818811267, -7.361632923137548e-11, -3.5256478061351034e-05, 2.0880227770701637e-06, 1.5099651444564541, 2.0510936903567973, 1.6576836109161377, 2.003081798553467, 1.4769950656618762, 1732834853.7803645, 
-0.01797628402709961, -0.005546212196350098, -0.01764694918912418, -4.373380254946476e-11, -0.00012341718631400157, 3.5435747528870054e-07, 1.509965095284401, 2.0511025035386043, 1.6576836109161377, 2.003081798553467, 1.4769950656618762, 1732834853.8283658, 
0.010883688926696777, 0.007005095481872559, 0.008490473535095109, 1.0659548534404915e-10, -0.00013984169395378173, -7.62258253102107e-07, 1.509965086119394, 2.051104146172641, 1.6576836109161377, 2.003081798553467, 1.4769950656618762, 1732834853.972676, 
0.00781261920928955, 0.011902332305908203, 0.00786904793906736, -9.37661648968293e-11, 5.9019541678678906e-05, -1.5887308208410363e-06, 1.5099651970712076, 2.0510842608934285, 1.6576836109161377, 2.003081798553467, 1.4769950656618762, 1732834854.0845566, 
-0.018855273723602295, -0.0008322596549987793, -0.01661297646115727, -9.552620410066398e-12, 5.35688717115862e-05, -1.7832409204915734e-07, 1.5099651940311747, 2.051084805753313, 1.6576836109161377, 2.003081798553467, 1.4769950656618762, 1732834854.180407, 
-0.013555586338043213, -0.019161522388458252, -0.01381111270201318, 1.2827969997130002e-10, -0.0001342841782914796, -9.552852882850715e-07, 1.5099650881809468, 2.0511037774497867, 1.6576836109161377, 2.003081798553467, 1.4769950656618762, 1732834854.228375, 
0.031004488468170166, -0.02301323413848877, 0.027244298439641833, -2.67438977438855e-10, -9.722205364010787e-05, 2.750805680662212e-06, 1.5099651086118147, 2.0511001155754656, 1.6576836109161377, 2.003081798553467, 1.4769950656618762, 1732834854.3727412, 
0.04284888505935669, 0.04004406929016113, 0.041537567351666096, -7.674488914190656e-10, 0.00023007801135459206, -3.3356029413705564e-06, 1.5099652907417418, 2.0510674716117294, 1.6576836109161377, 2.003081798553467, 1.4769950656618762, 1732834854.4847562, 
-0.03170669078826904, 0.01124662160873413, -0.025562494983275022, 6.694102895453226e-10, 0.0003202117545797424, 2.0905237861235955e-06, 1.509965341043295, 2.0510584560844105, 1.6576836109161377, 2.003081798553467, 1.4769950656618762, 1732834854.5804431, 
0.016676008701324463, -0.019217312335968018, 0.013132596647546478, 8.800515585355725e-10, -0.00016112969307156052, -5.461759044900099e-06, 1.5099650711079933, 2.051106838366055, 1.6576836109161377, 2.003081798553467, 1.4769950656618762, 1732834854.6284065, 
0.0038717985153198242, 0.01351630687713623, 0.004648271620278612, -2.210833340325442e-10, 9.011074519558299e-05, -2.4534624983145868e-06, 1.5099652107848411, 2.051081803776514, 1.6576836109161377, 2.003081798553467, 1.4769950656618762, 1732834854.72448, 
-0.021696388721466064, 0.00857388973236084, -0.01948576564866366, 1.4750213247597192e-11, 2.9390637887586842e-05, 5.018677479547648e-07, 1.5099651769557705, 2.051087867600798, 1.6576836109161377, 2.003081798553467, 1.4769950656618762, 1732834854.885604, 
0.005633056163787842, -0.01295328140258789, 0.0035261959230829185, 4.430921032620234e-11, -0.00014449936332334382, -3.0663948481940615e-07, 1.5099650800479383, 2.0511052388369317, 1.6576836109161377, 2.003081798553467, 1.4769950656618762, 1732834854.9804144, 
0.021757304668426514, -0.009658455848693848, 0.020227118558413252, 3.670621941467056e-11, 2.9299696610773695e-05, 1.252784965738295e-06, 1.5099651770169185, 2.05108785672641, 1.6576836109161377, 2.003081798553467, 1.4769950656618762, 1732834855.0283856, 
0.00034183263778686523, -0.00826406478881836, 0.0020093702794498278, -1.8632633047494888e-11, 0.00015968918275158098, -1.1668062123206287e-07, 1.5099652499844565, 2.051074776942065, 1.6576836109161377, 2.003081798553467, 1.4769950656618762, 1732834855.1244903, 
-0.019000589847564697, 0.011015534400939941, -0.01723755688500748, 2.6575380554003927e-11, 1.659251275859297e-05, 1.6016489449580808e-06, 1.5099651703280499, 2.051089055448498, 1.6576836109161377, 2.003081798553467, 1.4769950656618762, 1732834855.2843716, 
-0.002402365207672119, -0.01257699728012085, -0.003646304598827881, 7.579717679911502e-12, -0.00013353871404073766, -5.676045133697494e-08, 1.5099650866016163, 2.051104063508798, 1.6576836109161377, 2.003081798553467, 1.4769950656618762, 1732834855.3797803, 
0.005784213542938232, 0.00879436731338501, 0.004993079931602839, 3.863085732544215e-11, -3.574955420488127e-05, -1.080596896510879e-06, 1.5099651413761046, 2.051094245380014, 1.6576836109161377, 2.003081798553467, 1.4769950656618762, 1732834855.4283857, 
-0.013049483299255371, -0.006422460079193115, -0.011535555464073725, 3.2368845481342724e-12, 2.7053379286197312e-05, 1.1964806739636173e-07, 1.5099651762841069, 2.0510879882280855, 1.6576836109161377, 2.003081798553467, 1.4769950656618762, 1732834855.5245054, 
0.027337372303009033, 0.008495628833770752, 0.0240756814257711, -1.525729830522503e-11, -6.916633021321773e-05, 2.205885184047158e-07, 1.5099651226575896, 2.0510976007779558, 1.6576836109161377, 2.003081798553467, 1.4769950656618762, 1732834855.6214666, 
-0.013849079608917236, -0.01815742254257202, -0.01066775675328932, 2.0084014201714282e-10, 0.00017180505295591583, 1.169000204369293e-06, 1.5099652573247073, 2.0510734617445827, 1.6576836109161377, 2.003081798553467, 1.4769950656618762, 1732834855.7804122, 
-0.0011599063873291016, 0.014176785945892334, -0.0019572729450967018, -1.606307674583946e-10, -6.895958582721969e-05, 2.3293464647664766e-06, 1.5099651228420599, 2.0510975675784464, 1.6576836109161377, 2.003081798553467, 1.4769950656618762, 1732834855.828422, 
0.014659702777862549, -0.0035849809646606445, 0.013265289795190299, -4.807645025892996e-12, -1.1393835551046217e-05, 4.2195141437262047e-07, 1.5099651548402089, 2.0510918320831815, 1.6576836109161377, 2.003081798553467, 1.4769950656618762, 1732834855.924497, 
-0.004056692123413086, 0.016371309757232666, -0.0026037943703963867, -1.3422707821375835e-11, 9.90840103035893e-05, -1.3546795068396217e-07, 1.5099652164802768, 2.0510807838322913, 1.6576836109161377, 2.003081798553467, 1.4769950656618762, 1732834856.0837975, 
0.0028913021087646484, -0.012145519256591797, 0.0024302292915963078, 1.1086850533086252e-11, -9.954046121560733e-06, -1.1138034119685093e-06, 1.5099651556549394, 2.0510916859524397, 1.6576836109161377, 2.003081798553467, 1.4769950656618762, 1732834856.1335168, 
0.004739999771118164, 0.0024003982543945312, 0.0045460002802974195, -2.427678908949283e-12, 2.104453080287115e-05, -1.1535913685555154e-07, 1.5099651729524706, 2.0510885855921956, 1.6576836109161377, 2.003081798553467, 1.4769950656618762, 1732834856.2284062, 
-0.004806697368621826, -0.0007094740867614746, -0.004022078714019799, -7.902994485033158e-13, 3.3833429405304e-05, -2.3358538061158594e-08, 1.5099651800908545, 2.051087306109183, 1.6576836109161377, 2.003081798553467, 1.4769950656618762, 1732834856.3245125, 
-0.023211896419525146, -0.03294247388839722, -0.021601146835825803, 4.431925254907403e-11, -4.332353630042091e-05, -1.0229832634563455e-06, 1.5099651370665543, 2.0510950178185197, 1.6576836109161377, 2.003081798553467, 1.4769950656618762, 1732834856.4840107, 
0.008489251136779785, 0.0072553157806396484, 0.005965362815386271, 6.239261773119915e-11, -0.00016691595503604342, -3.7379660750661157e-07, 1.5099650674817293, 2.051107490282509, 1.6576836109161377, 2.003081798553467, 1.4769950656618762, 1732834856.5826457, 
0.009658753871917725, 0.009837746620178223, 0.009348506050064495, -5.90013806525843e-11, 3.842129990359931e-05, -1.5356424899891804e-06, 1.5099651820545625, 2.051086953757159, 1.6576836109161377, 2.003081798553467, 1.4769950656618762, 1732834856.6284866, 
-0.001791834831237793, 0.0019795894622802734, -0.0008575010932716006, -4.367634956745072e-12, 7.37827451259425e-05, -5.919588583062063e-08, 1.5099652016459069, 2.0510834420949524, 1.6576836109161377, 2.003081798553467, 1.4769950656618762, 1732834856.7245862, 
-0.008871078491210938, -0.0031440258026123047, -0.008198529089671143, 1.3481574702382128e-12, -6.199131847266664e-06, -2.1747520515032207e-07, 1.509965157054566, 2.051091435104649, 1.6576836109161377, 2.003081798553467, 1.4769950656618762, 1732834856.8842928, 
-0.009972691535949707, -0.003495931625366211, -0.00982325877428612, -1.1278628266135097e-13, -7.038244070319151e-05, 1.602477571600279e-09, 1.509965121271152, 2.051097849299327, 1.6576836109161377, 2.003081798553467, 1.4769950656618762, 1732834856.9813998, 
0.008452773094177246, 0.00043255090713500977, 0.006919634312302251, 2.1187955218303845e-12, -7.634022146249693e-05, -2.775464206468498e-08, 1.5099651179496718, 2.0510984446765654, 1.6576836109161377, 2.003081798553467, 1.4769950656618762, 1732834857.0284362, 
-0.001996457576751709, 0.0020723342895507812, -0.0012485716589342652, -6.7485901454581335e-12, 4.582919924008466e-05, -1.4725524899757482e-07, 1.5099651860923171, 2.0510862300261676, 1.6576836109161377, 2.003081798553467, 1.4769950656618762, 1732834857.1245213, 
0.016420364379882812, -0.003483712673187256, 0.014937545275639293, -7.685513297120072e-13, 4.84538539574609e-06, -1.5861510838472037e-07, 1.5099651632157571, 2.051090330679736, 1.6576836109161377, 2.003081798553467, 1.4769950656618762, 1732834857.2843099, 
0.009984910488128662, 0.03105950355529785, 0.010399589636017286, 1.524488961985529e-11, 0.00012239518125295727, 1.2455465536954664e-07, 1.5099652287703347, 2.051078579906911, 1.6576836109161377, 2.003081798553467, 1.4769950656618762, 1732834857.3804386, 
-0.011478304862976074, 0.014585793018341064, -0.009642952380678778, 1.3717941257635004e-10, 8.334783903439697e-05, 1.645866457554313e-06, 1.5099652069587968, 2.051082489672373, 1.6576836109161377, 2.003081798553467, 1.4769950656618762, 1732834857.4284396, 
-0.0075914859771728516, -0.008019626140594482, -0.007763085091657299, 3.4368302857091285e-11, -7.24758998028928e-05, -4.742031896197239e-07, 1.509965120118361, 2.051098055944818, 1.6576836109161377, 2.003081798553467, 1.4769950656618762, 1732834857.524544, 
0.021403610706329346, 0.023278355598449707, 0.018956338770285124, 8.284475571935913e-11, -5.225705392053492e-05, -1.5853315390748515e-06, 1.5099651314070939, 2.051096032482874, 1.6576836109161377, 2.003081798553467, 1.4769950656618762, 1732834857.6367197, 
-0.028915584087371826, 0.0029981136322021484, -0.024899117091758814, -3.4167809630696245e-11, 0.0001235430734906869, -2.7656596736094586e-07, 1.5099652295169712, 2.0510784464364655, 1.6576836109161377, 2.003081798553467, 1.4769950656618762, 1732834857.7804413, 
0.008823573589324951, -0.027491092681884766, 0.005994923182022285, 5.532526861453476e-10, -0.0001765030233319997, -3.1345224331069224e-06, 1.509965062158384, 2.0511084459804727, 1.6576836109161377, 2.003081798553467, 1.4769950656618762, 1732834857.8294413, 
0.01408851146697998, -0.03158104419708252, 0.013408979464275713, 1.9797299864486597e-10, 4.087550842085799e-05, 4.8433158703866824e-06, 1.509965183494189, 2.0510866959537077, 1.6576836109161377, 2.003081798553467, 1.4769950656618762, 1732834857.9244235, 
0.019735753536224365, -0.019031941890716553, 0.019203881423780815, -3.6686545180270774e-11, 0.000119811081504304, -3.0620327201497526e-07, 1.5099652275555338, 2.051078797444469, 1.6576836109161377, 2.003081798553467, 1.4769950656618762, 1732834858.0206034, 
-0.00504833459854126, -0.004245460033416748, -0.0030142854189604724, -7.638418457887747e-11, 0.00015535866105326635, -4.916635098489188e-07, 1.5099652473826193, 2.051075243377826, 1.6576836109161377, 2.003081798553467, 1.4769950656618762, 1732834858.1804483, 
-0.0011622905731201172, -0.03808993101119995, -0.0013176244925391808, 6.044876615509663e-11, -1.1066632544391003e-05, -5.462254747559536e-06, 1.5099651543866197, 2.0510919128974483, 1.6576836109161377, 2.003081798553467, 1.4769950656618762, 1732834858.229446, 
0.00989532470703125, -0.014464139938354492, 0.008954367439615614, 1.4390305346649547e-12, -4.615867453419827e-06, -3.117573347126331e-07, 1.5099651579330775, 2.0510912771851695, 1.6576836109161377, 2.003081798553467, 1.4769950656618762, 1732834858.3718894, 
0.006242573261260986, -0.011554956436157227, 0.006469578391420361, 1.662451420049227e-12, 7.324405924618172e-05, 2.269742334271147e-08, 1.509965201518587, 2.0510834637182254, 1.6576836109161377, 2.003081798553467, 1.4769950656618762, 1732834858.484384, 
0.01332104206085205, -0.01585555076599121, 0.012745566338761078, -6.867238859556144e-11, 6.466561133529249e-05, -1.0619614842809375e-06, 1.5099651967694572, 2.0510843151019404, 1.6576836109161377, 2.003081798553467, 1.4769950656618762, 1732834858.5805366, 
0.01328819990158081, 0.030941307544708252, 0.013241790628361089, 1.9630321416194872e-10, 0.00011257159374480192, 1.7438077194408841e-06, 1.509965223485613, 2.0510795256980194, 1.6576836109161377, 2.003081798553467, 1.4769950656618762, 1732834858.6295426, 
-0.006717860698699951, -0.04500049352645874, -0.005043677619828355, -4.838668874636733e-10, 0.00010766197903257159, -4.4943153730927265e-06, 1.5099652207728096, 2.0510800120508708, 1.6576836109161377, 2.003081798553467, 1.4769950656618762, 1732834858.7244344, 
0.032536327838897705, 0.0019026398658752441, 0.02938267246029815, 1.6742184220581875e-12, -8.834348538165658e-06, -1.8951238054796262e-07, 1.5099651559466978, 2.051091633337139, 1.6576836109161377, 2.003081798553467, 1.4769950656618762, 1732834858.8841124, 
-0.0026715993881225586, 0.021323204040527344, 1.666071115026188e-05, -4.239763692592199e-11, 0.00022495463971881902, -1.884719380712339e-07, 1.5099652863900577, 2.0510682473276947, 1.6576836109161377, 2.003081798553467, 1.4769950656618762, 1732834858.980062, 
0.003204524517059326, -0.03671759366989136, 0.0029368346788379803, -1.59872632824215e-10, 2.108457340794167e-05, -7.582445692925317e-06, 1.5099651724512804, 2.051088674581336, 1.6576836109161377, 2.003081798553467, 1.4769950656618762, 1732834859.029744, 
0.009966492652893066, 0.006286978721618652, 0.009376321416640488, -1.5945320167402987e-11, 3.096860933664194e-05, -5.148865418550308e-07, 1.5099651780006815, 2.0510876796563564, 1.6576836109161377, 2.003081798553467, 1.4769950656618762, 1732834859.124162, 
-0.002576589584350586, 0.018694400787353516, -0.0015740634684386894, 3.567228940819186e-11, 7.322718118009614e-05, 4.871454674796077e-07, 1.5099652015126297, 2.051083463853486, 1.6576836109161377, 2.003081798553467, 1.4769950656618762, 1732834859.2201123, 
-0.016724467277526855, -0.002982914447784424, -0.015452911180264041, 2.685318271200149e-12, -1.6865635019341698e-05, -1.5921833172131356e-07, 1.5099651513397008, 2.0510924603058163, 1.6576836109161377, 2.003081798553467, 1.4769950656618762, 1732834859.3325276, 
-0.005915641784667969, 0.003967404365539551, -0.006715044911575598, 9.321270568598251e-12, -0.00012485110616269066, -7.46590947816827e-08, 1.5099650911074343, 2.051103260415397, 1.6576836109161377, 2.003081798553467, 1.4769950656618762, 1732834859.4286113, 
-0.009442687034606934, 0.011082768440246582, -0.009213250823215946, 8.74054260571496e-11, -6.861563598098289e-05, -1.273841228861806e-06, 1.5099651225063528, 2.051097630331876, 1.6576836109161377, 2.003081798553467, 1.4769950656618762, 1732834859.5237575, 
0.000538170337677002, 0.027975618839263916, -0.0002795705646874997, 1.4393278748586276e-10, -7.71602177053899e-05, -1.8653756011345284e-06, 1.5099651177486908, 2.0510984834192967, 1.6576836109161377, 2.003081798553467, 1.4769950656618762, 1732834859.6206079, 
-0.013217270374298096, -0.027666985988616943, -0.012131403556623127, -3.074848715454498e-11, -1.7091078056481014e-05, 1.7990958237350635e-06, 1.509965150961906, 2.051092527857622, 1.6576836109161377, 2.003081798553467, 1.4769950656618762, 1732834859.7324545, 
0.01776522397994995, 0.015682876110076904, 0.015256939692611967, 7.916533768422331e-12, -8.371702773750465e-05, -9.456300566767231e-08, 1.509965113816678, 2.0510991886445225, 1.6576836109161377, 2.003081798553467, 1.4769950656618762, 1732834859.828588, 
0.015732169151306152, -0.003656923770904541, 0.015691348029015697, 3.305887347071146e-11, 0.00012130844971694737, 2.7251913240873753e-07, 1.5099652282150777, 2.0510786755391, 1.6576836109161377, 2.003081798553467, 1.4769950656618762, 1732834859.9255216, 
-0.007838606834411621, -0.008089125156402588, -0.005864946778680279, -1.1082850133330368e-10, 0.00012650786170129462, -8.760601898005957e-07, 1.5099652311180025, 2.051078155008433, 1.6576836109161377, 2.003081798553467, 1.4769950656618762, 1732834860.085903, 
0.013528823852539062, 0.01564103364944458, 0.011901494676584065, -4.5182842313220494e-11, -2.5979984947390984e-05, 1.739140434635161e-06, 1.509965146121509, 2.051093395920146, 1.6576836109161377, 2.003081798553467, 1.4769950656618762, 1732834860.1805067, 
0.006139516830444336, -0.003753483295440674, 0.006622337358779217, 2.2076116523010297e-11, 9.38287383728119e-05, 2.3528096941146912e-07, 1.5099652129043495, 2.051081420807271, 1.6576836109161377, 2.003081798553467, 1.4769950656618762, 1732834860.228581, 
0.008001565933227539, 0.013174951076507568, 0.00788532275830626, 7.409838659063467e-11, 6.431076381668702e-05, 1.1521926065416753e-06, 1.5099651964358771, 2.0510843737394433, 1.6576836109161377, 2.003081798553467, 1.4769950656618762, 1732834860.3257697, 
0.004065275192260742, -0.027902662754058838, 0.004385317765114434, -1.0698444871081547e-10, 6.914895178082288e-05, -1.5471593705413989e-06, 1.5099651991514793, 2.051083886808026, 1.6576836109161377, 2.003081798553467, 1.4769950656618762, 1732834860.4375596, 
-0.008107304573059082, -0.01145404577255249, -0.007059186852424394, -2.9467949500084293e-11, 3.444910238634618e-05, -8.554054375525281e-07, 1.50996517981351, 2.051087354203059, 1.6576836109161377, 2.003081798553467, 1.4769950656618762, 1732834860.5325167, 
-0.018549203872680664, 0.03556644916534424, -0.017584466012995553, -6.695983921709099e-11, -6.373335837554545e-05, 1.050624679505098e-06, 1.5099651251271453, 2.0510971600000922, 1.6576836109161377, 2.003081798553467, 1.4769950656618762, 1732834860.628463, 
-0.004346728324890137, -0.02439093589782715, -0.005456526695796158, -2.180619524986749e-10, -0.0001441989751966089, 1.5122295578131335e-06, 1.5099650802836608, 2.0511052009683963, 1.6576836109161377, 2.003081798553467, 1.4769950656618762, 1732834860.7255952, 
-0.022203803062438965, -0.010558664798736572, -0.0207978280938041, -1.0524056838400047e-10, -6.916065474928308e-05, 1.5216826498463911e-06, 1.509965122482881, 2.0510976342937166, 1.6576836109161377, 2.003081798553467, 1.4769950656618762, 1732834860.8838038, 
-0.0008655190467834473, 0.0076329708099365234, -0.00253696679788578, 5.910780293021454e-11, -0.00016607992834133736, -3.5589973767770815e-07, 1.5099650687172625, 2.0511072747078636, 1.6576836109161377, 2.003081798553467, 1.4769950656618762, 1732834860.9805665, 
0.013836324214935303, 0.01086658239364624, 0.012462463576468762, 4.135377394308887e-11, -2.4569481866179338e-05, -1.6831357766650193e-06, 1.5099651475995046, 2.051093131162369, 1.6576836109161377, 2.003081798553467, 1.4769950656618762, 1732834861.028578, 
0.011516809463500977, 0.010858356952667236, 0.01159537812231338, -3.9327134650568415e-11, 0.00010197762497873332, -3.8564473980218503e-07, 1.5099652182826997, 2.0510804575997077, 1.6576836109161377, 2.003081798553467, 1.4769950656618762, 1732834861.1238787, 
0.0058266520500183105, -0.027795612812042236, 0.006309976066770939, -2.681206512376673e-10, 0.00010198503619684974, -2.6290195232185387e-06, 1.5099652182905037, 2.0510804562270404, 1.6576836109161377, 2.003081798553467, 1.4769950656618762, 1732834861.2198565, 
0.02579820156097412, 0.01637876033782959, 0.02416217068793135, 9.702993270481351e-11, 7.409233811982597e-05, 1.3095811951283232e-06, 1.5099652027533712, 2.0510832421621967, 1.6576836109161377, 2.003081798553467, 1.4769950656618762, 1732834861.3804793, 
0.0023283958435058594, 0.009340524673461914, 0.004159185525438185, 1.447713348996194e-10, 0.00019461555017277754, 7.43883696709194e-07, 1.509965269942444, 2.05107119420062, 1.6576836109161377, 2.003081798553467, 1.4769950656618762, 1732834861.4284713, 
-0.02461189031600952, -0.012289583683013916, -0.022197666092367382, -6.919812657299381e-11, 3.250872877891286e-05, -2.128601430206644e-06, 1.509965179555513, 2.0510874015952845, 1.6576836109161377, 2.003081798553467, 1.4769950656618762, 1732834861.5245028, 
-0.002947509288787842, 0.009014546871185303, -0.0045616607259125995, -1.5374115386917856e-11, -0.00017115476817042763, 8.982580825098051e-08, 1.509965065856605, 2.051107788919616, 1.6576836109161377, 2.003081798553467, 1.4769950656618762, 1732834861.6845875, 
-0.006255388259887695, 0.0269089937210083, -0.006112835036918649, 2.2603298288818686e-10, -5.366964354149549e-05, -4.211561098098706e-06, 1.5099651313098306, 2.0510960520929813, 1.6576836109161377, 2.003081798553467, 1.4769950656618762, 1732834861.7336183, 
-0.006412327289581299, -0.011064529418945312, -0.006386760988570645, -1.0650030862508238e-11, -5.5888088764877424e-05, 1.9055994037143017e-07, 1.5099651300478747, 2.051096278383119, 1.6576836109161377, 2.003081798553467, 1.4769950656618762, 1732834861.828466, 
0.009852826595306396, 0.006322264671325684, 0.008490365623105161, 1.4677361331912182e-11, -4.770098405715393e-05, -3.0769514763733587e-07, 1.5099651346133276, 2.0510954596428497, 1.6576836109161377, 2.003081798553467, 1.4769950656618762, 1732834861.9245293, 
-0.0130842924118042, 0.012133181095123291, -0.011274153421288766, -2.957129437684567e-11, 5.318420634765127e-05, -5.560164644282898e-07, 1.5099651908674423, 2.0510853716708772, 1.6576836109161377, 2.003081798553467, 1.4769950656618762, 1732834862.0208316, 
0.018030226230621338, 0.004039466381072998, 0.015571546039454334, -1.0675462708737158e-11, -7.11006797648728e-05, 1.5014571933827498e-07, 1.5099651215290315, 2.0510978061022582, 1.6576836109161377, 2.003081798553467, 1.4769950656618762, 1732834862.1334853, 
-0.0086020827293396, 0.007429301738739014, -0.006574270015892118, -5.1367890207281015e-11, 0.00010899212535357781, -4.712990965231673e-07, 1.5099652220092505, 2.05107978686532, 1.6576836109161377, 2.003081798553467, 1.4769950656618762, 1732834862.2279146, 
0.0009815692901611328, -0.0160599946975708, 0.00034779904890241877, 6.744863415912949e-11, -4.1050385850780304e-05, -1.6430694319002948e-06, 1.5099651383838395, 2.051094783491948, 1.6576836109161377, 2.003081798553467, 1.4769950656618762, 1732834862.3245945, 
0.024717330932617188, -0.0140036940574646, 0.022672114790623695, 5.967008506738296e-12, 1.5350080031196155e-05, 3.8872816914383974e-07, 1.5099651698729561, 2.051089136463683, 1.6576836109161377, 2.003081798553467, 1.4769950656618762, 1732834862.4220521, 
0.002654552459716797, -0.011370360851287842, 0.004333048938968631, -2.2714675080353487e-11, 0.00017848089647608733, -1.272667020887402e-07, 1.5099652608812046, 2.051072815308824, 1.6576836109161377, 2.003081798553467, 1.4769950656618762, 1732834862.5825682, 
-0.013481557369232178, -0.010771989822387695, -0.01198685802569796, -7.034927432650495e-11, 3.970206039688115e-05, -1.7719300616456505e-06, 1.5099651836147598, 2.0510866719984393, 1.6576836109161377, 2.003081798553467, 1.4769950656618762, 1732834862.6295576, 
-0.002718031406402588, -0.030541419982910156, -0.003495169481783446, 1.1462811545278965e-10, -9.101081087284357e-05, -1.2594999907532212e-06, 1.5099651107873082, 2.0510997326733347, 1.6576836109161377, 2.003081798553467, 1.4769950656618762, 1732834862.7246566, 
-0.02198171615600586, -0.011917531490325928, -0.02042994152835913, -4.344697607540391e-11, -4.89320216792566e-05, 8.879047826838938e-07, 1.5099651342453173, 2.0510955256338534, 1.6576836109161377, 2.003081798553467, 1.4769950656618762, 1732834862.836742, 
-0.005608081817626953, -0.009568512439727783, -0.006850652522997991, -8.346864244524237e-11, -0.0001658006192773332, 5.034278087081516e-07, 1.5099650690919786, 2.0511072106131225, 1.6576836109161377, 2.003081798553467, 1.4769950656618762, 1732834862.9814956, 
0.017286956310272217, 0.021620750427246094, 0.015261752693172977, 1.8037925618797094e-10, -5.564419859038978e-05, -3.241654310016857e-06, 1.5099651304655355, 2.0510962036594336, 1.6576836109161377, 2.003081798553467, 1.4769950656618762, 1732834863.0284922, 
0.017093002796173096, -0.010372459888458252, 0.016938357114174022, 3.201469353414282e-11, 0.0001247208184451782, 2.5669085508940177e-07, 1.5099652311459433, 2.0510781473318738, 1.6576836109161377, 2.003081798553467, 1.4769950656618762, 1732834863.1733003, 
0.025444209575653076, 0.006448209285736084, 0.024729173086968533, 1.1981516186065054e-10, 0.00015800982294627577, 7.582766667701942e-07, 1.5099652497140177, 2.051074817173619, 1.6576836109161377, 2.003081798553467, 1.4769950656618762, 1732834863.284432, 
-0.004012346267700195, 0.008142948150634766, -0.0016019132433109928, 2.508279560372061e-10, 0.00020190233063896142, 1.2423232324431792e-06, 1.5099652741769947, 2.051070429700048, 1.6576836109161377, 2.003081798553467, 1.4769950656618762, 1732834863.3335748, 
-0.01003563404083252, -0.01931244134902954, -0.009327858784395371, 6.9267934761838136e-12, -1.997491166485225e-06, -3.4677467377100663e-06, 1.5099651605170068, 2.0510908145041356, 1.6576836109161377, 2.003081798553467, 1.4769950656618762, 1732834863.4285781, 
0.003694891929626465, -0.0002516508102416992, 0.0026025614960050025, 2.0331774374939868e-11, -6.997599133602944e-05, -2.905535739723259e-07, 1.5099651225932011, 2.0510976160038417, 1.6576836109161377, 2.003081798553467, 1.4769950656618762, 1732834863.5246193, 
-0.0033674240112304688, 0.004709899425506592, -0.0028665146314415958, -3.936005495522817e-12, 1.2062359098747639e-05, -3.263047852663803e-07, 1.509965168290687, 2.0510894198676257, 1.6576836109161377, 2.003081798553467, 1.4769950656618762, 1732834863.6844604, 
-0.002749621868133545, -0.013292551040649414, -0.0027592532630831726, 4.005624097231089e-12, -2.2985509079931094e-05, -1.7426736485590586e-07, 1.5099651487189418, 2.051092930203456, 1.6576836109161377, 2.003081798553467, 1.4769950656618762, 1732834863.7805033, 
-0.004188656806945801, -0.01658552885055542, -0.004068499877738043, -8.692208743445521e-12, -2.597716245249297e-05, 3.3460963103040334e-07, 1.5099651470478699, 2.0510932299229743, 1.6576836109161377, 2.003081798553467, 1.4769950656618762, 1732834863.8294787, 
0.009842872619628906, 0.005711734294891357, 0.008675638345318199, 2.9436444178741988e-12, -2.729577215086201e-05, -1.078425040187492e-07, 1.5099651463122303, 2.0510933618658957, 1.6576836109161377, 2.003081798553467, 1.4769950656618762, 1732834863.9246075, 
0.002152085304260254, -0.00021129846572875977, 0.0026990328682003637, -2.4893620747319003e-13, 6.608996706915563e-05, -3.766626290079803e-09, 1.5099651982816615, 2.051084040735798, 1.6576836109161377, 2.003081798553467, 1.4769950656618762, 1732834864.0844402, 
0.0038461685180664062, -0.017403483390808105, 0.0037496763972139514, -3.050061370541811e-11, 2.8938318721208388e-05, -1.0539870681244775e-06, 1.509965177549493, 2.0510877592215735, 1.6576836109161377, 2.003081798553467, 1.4769950656618762, 1732834864.1804845, 
-0.0029404163360595703, -0.004105687141418457, -0.002379214156209718, -5.868834664455686e-12, 2.974697652569075e-05, -1.9729180407249492e-07, 1.5099651779927388, 2.051087679721689, 1.6576836109161377, 2.003081798553467, 1.4769950656618762, 1732834864.2295074, 
-0.014002203941345215, 0.0188446044921875, -0.01302660914924458, -1.2324926515331471e-11, -2.480013793762533e-05, 4.969700792120518e-07, 1.5099651477912062, 2.051093096714447, 1.6576836109161377, 2.003081798553467, 1.4769950656618762, 1732834864.3731327, 
-0.010583162307739258, -0.016025006771087646, -0.01078736930875551, -4.448194800204823e-11, -0.00010962180996945442, 4.057764418818017e-07, 1.5099651005844739, 2.0511015638104246, 1.6576836109161377, 2.003081798553467, 1.4769950656618762, 1732834864.4217339, 
-0.018467247486114502, 0.011619091033935547, -0.017821412493006842, 5.201211501090614e-06, 0.0006214032446681405, 0.008370106763553051, 1.5099650658779677, 2.0511078017218365, 1.657731533050537, 2.00311541557312, 1.4774357077206393, 1732834864.5805137, 
-0.009770393371582031, 0.007127881050109863, -0.010445294075067028, -2.593471304481268e-08, -3.670967717231779e-05, 0.0007064816430575873, 1.5099646624983416, 2.0511792390997434, 1.657731533050537, 2.00311541557312, 1.4774357077206393, 1732834864.629623, 
0.011082768440246582, 0.008142709732055664, 0.009276724305938929, -4.210607075323923e-09, -7.134900885045039e-05, 5.901423359852803e-05, 1.5099646370315736, 2.0511832718783714, 1.657731533050537, 2.00311541557312, 1.4774357077206393, 1732834864.7721581, 
-0.005328238010406494, -0.004986286163330078, -0.004103068860465589, 3.276529527985928e-10, 6.207431309719559e-05, 5.278398365609874e-06, 1.5099647236439642, 2.051169898072844, 1.657731533050537, 2.00311541557312, 1.4774357077206393, 1732834864.8839881, 
0.013106167316436768, 0.002175569534301758, 0.011662103837128762, -1.0226281286425016e-11, -1.8046012216763594e-05, 5.666781759642972e-07, 1.5099646716139712, 2.051177920390738, 1.657731533050537, 2.00311541557312, 1.4774357077206393, 1732834864.9809108, 
0.01700723171234131, -0.0028238892555236816, 0.016557890932997487, 9.425032346828504e-12, 0.00010001187836031406, 9.423912940493749e-08, 1.509964748372371, 2.0511660857859697, 1.657731533050537, 2.00311541557312, 1.4774357077206393, 1732834865.028786, 
-0.014955401420593262, 0.015518426895141602, -0.012311772273964978, 1.8060681297101086e-10, 0.00012632593251079823, 1.4296891333501358e-06, 1.509964765409161, 2.0511634591138153, 1.657731533050537, 2.00311541557312, 1.4774357077206393, 1732834865.1241632, 
0.004816234111785889, 0.001061558723449707, 0.0033794793832752044, -1.9809070458482726e-11, -8.157643347118026e-05, 2.428283465650772e-07, 1.5099646305104482, 2.051184257101136, 1.657731533050537, 2.00311541557312, 1.4774357077206393, 1732834865.2216606, 
0.010512769222259521, 0.016604244709014893, 0.00991393946641816, -3.189281283302004e-11, 2.613167594851012e-05, -1.2204656485049666e-06, 1.5099647003637362, 2.0511734876969445, 1.657731533050537, 2.00311541557312, 1.4774357077206393, 1732834865.333656, 
0.0049530863761901855, 0.015726685523986816, 0.00536876690978329, 2.2493815912732145e-11, 8.207784303638642e-05, 2.74054666650539e-07, 1.5099647366583127, 2.0511678921085696, 1.657731533050537, 2.00311541557312, 1.4774357077206393, 1732834865.4294956, 
-0.009964466094970703, -0.001011192798614502, -0.008678022831980908, -2.227016359919148e-12, 4.199326010635479e-05, -5.303270939857646e-08, 1.5099647106247933, 2.0511719058046145, 1.657731533050537, 2.00311541557312, 1.4774357077206393, 1732834865.573218, 
0.009876906871795654, -0.004815220832824707, 0.008320214463256002, 1.0839433474604992e-11, -5.714345623613823e-05, -1.8968809709045915e-07, 1.509964646383357, 2.0511818101262955, 1.657731533050537, 2.00311541557312, 1.4774357077206393, 1732834865.6687222, 
0.011747121810913086, -0.004931449890136719, 0.011459012400976534, 1.6314704409519916e-11, 6.735137140717585e-05, 2.42232697993462e-07, 1.5099647272827226, 2.051169337584314, 1.657731533050537, 2.00311541557312, 1.4774357077206393, 1732834865.7815626, 
0.01585996150970459, 0.013175904750823975, 0.015489827029648962, 8.694593572252959e-11, 0.00010434287882338071, 8.332713904673973e-07, 1.5099647512360075, 2.051165644614401, 1.657731533050537, 2.00311541557312, 1.4774357077206393, 1732834865.8295329, 
0.008747756481170654, 0.004139900207519531, 0.009312510116276377, 6.261408727629807e-11, 0.0001344670062515816, 4.656464735977686e-07, 1.5099647707756914, 2.0511626321143654, 1.657731533050537, 2.00311541557312, 1.4774357077206393, 1732834865.9728138, 
0.008590936660766602, 0.004417121410369873, 0.00865080318062665, 5.184085655262999e-11, 8.889199904781259e-05, 5.831892308411942e-07, 1.5099647412248323, 2.051167187999244, 1.657731533050537, 2.00311541557312, 1.4774357077206393, 1732834866.0859723, 
0.017300903797149658, -0.022060930728912354, 0.01657432311692964, -1.495077013937472e-10, 8.555382646915119e-05, -1.7475279314088467e-06, 1.5099647390723572, 2.0511675198430237, 1.657731533050537, 2.00311541557312, 1.4774357077206393, 1732834866.1814926, 
-0.013158202171325684, 0.005554378032684326, -0.01066402160589075, 3.65868143171273e-11, 0.0001267441759146993, 2.8866663144940695e-07, 1.509964765773142, 2.0511634033939643, 1.657731533050537, 2.00311541557312, 1.4774357077206393, 1732834866.228523, 
0.010539412498474121, -0.0034112930297851562, 0.008760518690719876, 2.4189232258266863e-11, -6.505058071771283e-05, -3.718526720497101e-07, 1.509964641349386, 2.051182586168867, 1.657731533050537, 2.00311541557312, 1.4774357077206393, 1732834866.3727868, 
0.003692448139190674, 0.021764278411865234, 0.004117260559159642, -8.59724125890932e-11, 6.472985797194828e-05, -1.3281724274190546e-06, 1.5099647255524042, 2.0511696043810037, 1.657731533050537, 2.00311541557312, 1.4774357077206393, 1732834866.4685001, 
0.0091744065284729, 0.021504759788513184, 0.008749674458076964, 5.0309986987875475e-11, 4.323194204375151e-05, 1.1637225766300495e-06, 1.5099647116194075, 2.0511717524815483, 1.657731533050537, 2.00311541557312, 1.4774357077206393, 1732834866.5814958, 
-0.023177921772003174, 0.006768643856048584, -0.020498984689129054, 2.056383780090894e-11, 5.6227658397283364e-05, 3.657245986594825e-07, 1.50996472003811, 2.05117045452383, 1.657731533050537, 2.00311541557312, 1.4774357077206393, 1732834866.6284945, 
0.00033777952194213867, -0.028086423873901367, -0.0014096567801362286, 2.1764963538842597e-10, -0.00015370601221260504, -1.4160125050110244e-06, 1.509964583857152, 2.0511914500487562, 1.657731533050537, 2.00311541557312, 1.4774357077206393, 1732834866.7255123, 
0.009896397590637207, -0.003432333469390869, 0.008947726873660576, -6.346147993662338e-12, -1.7412259188587492e-05, 3.6446436530314174e-07, 1.5099646731679646, 2.0511776807277364, 1.657731533050537, 2.00311541557312, 1.4774357077206393, 1732834866.8851113, 
-0.011479556560516357, 0.0137900710105896, -0.009765750955105122, -1.1300526514990903e-11, 5.967125076978923e-05, -1.8937974936352786e-07, 1.5099647226895239, 2.05117004569392, 1.657731533050537, 2.00311541557312, 1.4774357077206393, 1732834866.9815354, 
-0.022539258003234863, -0.007491171360015869, -0.02146664247732019, 3.623933558983527e-11, -8.519137393866202e-05, -4.253873827170304e-07, 1.5099646287659587, 2.051184526396562, 1.657731533050537, 2.00311541557312, 1.4774357077206393, 1732834867.0294993, 
-0.015434682369232178, -0.011415541172027588, -0.015939467527373203, -1.566921316640197e-10, -0.00018322404549753505, 8.551941489913654e-07, 1.509964565190623, 2.0511943281759284, 1.657731533050537, 2.00311541557312, 1.4774357077206393, 1732834867.174336, 
-0.000988602638244629, 0.010760128498077393, -0.002242203002337531, 2.4175474762830814e-10, -0.00013939645570498695, -1.7342962301706447e-06, 1.5099645936345394, 2.0511899427783415, 1.657731533050537, 2.00311541557312, 1.4774357077206393, 1732834867.2214139, 
-0.008042395114898682, 0.007372856140136719, -0.007555376594751244, 3.7236665518168624e-11, -3.425499025511505e-05, -1.0870435297411402e-06, 1.5099646617887308, 2.0511794351010164, 1.657731533050537, 2.00311541557312, 1.4774357077206393, 1732834867.38086, 
0.015537619590759277, -0.01806873083114624, 0.01360004665858407, -2.438235987665674e-11, -5.124741757005582e-05, 4.757773373326718e-07, 1.509964650751095, 2.0511811368670405, 1.657731533050537, 2.00311541557312, 1.4774357077206393, 1732834867.4285471, 
-0.00973278284072876, -0.0030013322830200195, -0.00777541732376625, 1.7094671848212685e-11, 9.453446070301855e-05, 1.8083005626822008e-07, 1.509964745243414, 2.051166567923864, 1.657731533050537, 2.00311541557312, 1.4774357077206393, 1732834867.5255215, 
-0.011446237564086914, -0.004549384117126465, -0.011137718252245736, 2.2632481455541286e-11, -5.974682914831344e-05, -3.788064032546264e-07, 1.5099646450590491, 2.051182014381669, 1.657731533050537, 2.00311541557312, 1.4774357077206393, 1732834867.6696808, 
-0.015150666236877441, 0.013755559921264648, -0.014813118998807755, 7.914609174666993e-11, -0.00010086536155783131, -7.84670679054587e-07, 1.5099646184216724, 2.0511861213338096, 1.657731533050537, 2.00311541557312, 1.4774357077206393, 1732834867.733533, 
-0.007938385009765625, -0.007987141609191895, -0.008514320580093698, -8.622853199642922e-11, -0.00012828421862519823, 6.721678856567614e-07, 1.509964600637083, 2.0511888633744215, 1.657731533050537, 2.00311541557312, 1.4774357077206393, 1732834867.8291914, 
-0.004263877868652344, 0.029405534267425537, -0.0046199580755318555, 2.705070708339822e-10, -7.957756585656544e-05, -3.3992880772648613e-06, 1.5099646323145826, 2.0511839792443505, 1.657731533050537, 2.00311541557312, 1.4774357077206393, 1732834867.9255278, 
0.0017287135124206543, 0.0059236884117126465, 0.001196249305646822, 2.954960985586242e-11, -4.1206964241511735e-05, -7.1710232480786e-07, 1.5099646571262269, 2.0511801537443697, 1.657731533050537, 2.00311541557312, 1.4774357077206393, 1732834868.021542, 
-0.023169338703155518, 0.01669090986251831, -0.021124500765874014, 6.3906284740416734e-12, -9.258528951727022e-06, -6.902423168261098e-07, 1.509964677874217, 2.0511769546166954, 1.657731533050537, 2.00311541557312, 1.4774357077206393, 1732834868.1337235, 
0.018612265586853027, -0.016009509563446045, 0.015278725921918042, -1.185382510764129e-11, -0.00015224500521425835, 7.786019049333733e-08, 1.509964585058321, 2.051191265975618, 1.657731533050537, 2.00311541557312, 1.4774357077206393, 1732834868.2295547, 
0.02906137704849243, -0.02714073657989502, 0.02790374270856578, 4.785921018845746e-10, 0.00012621719758741136, 3.7918137229526667e-06, 1.5099647680758632, 2.051163046070945, 1.657731533050537, 2.00311541557312, 1.4774357077206393, 1732834868.3255436, 
-0.014935970306396484, -0.017538249492645264, -0.011342478377487305, -3.649615391887485e-10, 0.00021347140836421594, -1.7096506833648957e-06, 1.5099648241064663, 2.0511544066294576, 1.657731533050537, 2.00311541557312, 1.4774357077206393, 1732834868.4219027, 
0.024610042572021484, 0.0042150020599365234, 0.02159331734349604, -3.679900934796283e-11, -5.405274870796245e-05, 6.807981134647091e-07, 1.509964650223275, 2.051181216599492, 1.657731533050537, 2.00311541557312, 1.4774357077206393, 1732834868.5336144, 
0.0032695531845092773, 0.01146388053894043, 0.004806020105992778, -8.383358231253586e-11, 0.00016421213976543095, -5.105200043814547e-07, 1.5099647914318726, 2.0511594440499183, 1.657731533050537, 2.00311541557312, 1.4774357077206393, 1732834868.6295602, 
-0.013270795345306396, 0.013153612613677979, -0.01175411253077352, 8.198008080813655e-11, 4.234784715831104e-05, 1.935873634890255e-06, 1.509964712349939, 2.0511716373666204, 1.657731533050537, 2.00311541557312, 1.4774357077206393, 1732834868.7248278, 
0.029242336750030518, -0.008991777896881104, 0.025802434101281455, 1.275275377723605e-11, -6.842775444167583e-05, -1.8636814668682163e-07, 1.5099646405057998, 2.0511827147725974, 1.657731533050537, 2.00311541557312, 1.4774357077206393, 1732834868.8217442, 
0.032747089862823486, 0.014288485050201416, 0.03216262588008013, -1.9612548343542403e-10, 0.0002152108615772418, -9.113177745679542e-07, 1.5099648245189672, 2.0511543431141392, 1.657731533050537, 2.00311541557312, 1.4774357077206393, 1732834868.9335723, 
0.02074187994003296, 0.0009680986404418945, 0.02169814194102132, 3.206230602748028e-11, 0.00028030662084499447, 1.143829779361875e-07, 1.5099648667385823, 2.051147833564653, 1.657731533050537, 2.00311541557312, 1.4774357077206393, 1732834869.0295832, 
0.009617805480957031, -0.00739675760269165, 0.010630060623606427, -3.7342523727645765e-10, 0.00019760415282651716, -1.8897641164672246e-06, 1.5099648131072734, 2.0511561027374117, 1.657731533050537, 2.00311541557312, 1.4774357077206393, 1732834869.1248133, 
0.002823770046234131, -0.0018002986907958984, 0.0034780971885149574, -4.8748723819746106e-11, 0.00010062038122610477, -4.844816052744076e-07, 1.509964750228135, 2.0511657977680544, 1.657731533050537, 2.00311541557312, 1.4774357077206393, 1732834869.221589, 
-0.017255187034606934, -0.01063615083694458, -0.015515432557251387, -2.4711869590440882e-11, 2.4202200426379997e-05, -1.02105879445182e-06, 1.509964700493968, 2.051173466251999, 1.657731533050537, 2.00311541557312, 1.4774357077206393, 1732834869.3335845, 
0.006184101104736328, -0.012152552604675293, 0.004363962461362628, 4.0688713778021796e-11, -0.00011457623474442954, -3.5512350243295106e-07, 1.5099646100326924, 2.051187414526954, 1.657731533050537, 2.00311541557312, 1.4774357077206393, 1732834869.4306133, 
-0.013594985008239746, 0.016366124153137207, -0.012087981969291933, -2.6452531725262155e-11, 1.5136436216593024e-05, -1.747606328645846e-06, 1.509964693536446, 2.051174538834934, 1.657731533050537, 2.00311541557312, 1.4774357077206393, 1732834869.524867, 
0.0018851161003112793, -0.009869575500488281, 0.0007131951569545256, 2.5807507567881767e-11, -9.102764770864457e-05, -2.8351284711305267e-07, 1.509964624694009, 2.0511851539261983, 1.657731533050537, 2.00311541557312, 1.4774357077206393, 1732834869.6855817, 
0.0194777250289917, -0.028110146522521973, 0.017902916289922202, 2.5039114068354232e-11, 1.0791452000226702e-05, 2.3202729408265192e-06, 1.5099646916284974, 2.0511748327743677, 1.657731533050537, 2.00311541557312, 1.4774357077206393, 1732834869.7815812, 
0.017425060272216797, 0.019049882888793945, 0.017464029465462556, 5.689217301294868e-11, 0.00014852735032959766, 3.830417285887012e-07, 1.5099647798087763, 2.051161235551708, 1.657731533050537, 2.00311541557312, 1.4774357077206393, 1732834869.8305686, 
-0.027906835079193115, 0.0024626851081848145, -0.024100325434729154, 4.80461778481198e-11, 0.00013083579492357135, 3.672250233675449e-07, 1.5099647680602584, 2.051163047063968, 1.657731533050537, 2.00311541557312, 1.4774357077206393, 1732834869.9255855, 
0.0014095306396484375, 0.005098223686218262, -0.0007299406414542839, -1.1078465211802482e-10, -0.0001725965945749133, 6.418704400911004e-07, 1.5099645731912836, 2.0511930943319245, 1.657731533050537, 2.00311541557312, 1.4774357077206393, 1732834870.0855372, 
-0.00513148307800293, -0.020684778690338135, -0.004761921477617084, -7.818381070084741e-11, -2.3518293951314042e-05, 3.3243827491355523e-06, 1.5099646704827547, 2.051178092851562, 1.657731533050537, 2.00311541557312, 1.4774357077206393, 1732834870.1335223, 
-0.021435439586639404, -0.007611215114593506, -0.020035782588398034, -2.3449262142354375e-11, -5.293720210080042e-05, 4.429637610560422e-07, 1.509964651347721, 2.051181043270895, 1.657731533050537, 2.00311541557312, 1.4774357077206393, 1732834870.2295418, 
-0.028636157512664795, 0.0019192695617675781, -0.027913059694284825, 9.858219304802187e-12, -0.00017635205882388007, -5.590078942399777e-08, 1.5099645719514618, 2.0511932847997323, 1.657731533050537, 2.00311541557312, 1.4774357077206393, 1732834870.3256085, 
-0.016215801239013672, -0.025175154209136963, -0.017195573968267795, -9.79198272418828e-10, -0.00024103821592517645, 4.0624191838641575e-06, 1.5099645301368578, 2.051199731838004, 1.657731533050537, 2.00311541557312, 1.4774357077206393, 1732834870.4855046, 
0.011046648025512695, 0.005462586879730225, 0.008677683401857799, 1.2631815419310215e-10, -0.0001459859896553498, -8.6527586990587e-07, 1.5099645917431266, 2.0511902333708716, 1.657731533050537, 2.00311541557312, 1.4774357077206393, 1732834870.581562, 
0.020150959491729736, -0.011215746402740479, 0.019187589389224807, 9.739667866452679e-11, 6.823737652726398e-05, 1.4273215592573716e-06, 1.5099647311051931, 2.0511687476836173, 1.657731533050537, 2.00311541557312, 1.4774357077206393, 1732834870.6289718, 
-0.01644080877304077, 0.008080244064331055, -0.013451974047296814, 8.961389786119102e-11, 0.00014340878379579458, 6.248843026853626e-07, 1.5099647798434355, 2.0511612335673837, 1.6577612161636353, 2.003136157989502, 1.4777077735901856, 1732834870.7247882, 
0.007461845874786377, 0.004325568675994873, 0.005707428872125678, -5.41646482010638e-11, -8.726279911660303e-05, 6.207072056981287e-07, 1.5099646301335095, 2.05118431433355, 1.6577612161636353, 2.003136157989502, 1.4777077735901856, 1732834870.8849628, 
0.0009614825248718262, 0.010914802551269531, 0.0013594751720843977, -3.0644074914636134e-11, 3.7350963560053754e-05, -8.204359939835521e-07, 1.5099647107494079, 2.0511718859096093, 1.6577612161636353, 2.003136157989502, 1.4777077735901856, 1732834870.9808888, 
-0.029102087020874023, 0.019444644451141357, -0.026545703686741178, -3.1723402162197e-12, -5.318472798681586e-06, 5.964757809809805e-07, 1.5099646828956073, 2.0511761800530466, 1.6577612161636353, 2.003136157989502, 1.4777077735901856, 1732834871.0288467, 
0.005676388740539551, -0.008260905742645264, 0.0029738498135436463, -1.8149706029234597e-11, -0.0002009829373716336, 9.03047107709165e-08, 1.5099645565942161, 2.05119565177637, 1.6577612161636353, 2.003136157989502, 1.4777077735901856, 1732834871.1247969, 
0.023948490619659424, 0.010358810424804688, 0.02218812479314529, -4.133230805269089e-11, 2.1757871806710687e-05, -1.8996484775658502e-06, 1.5099647012673778, 2.051173347864326, 1.6577612161636353, 2.003136157989502, 1.4777077735901856, 1732834871.2210605, 
-0.004855453968048096, -0.006638288497924805, -0.0025872674904442727, -4.967139028426731e-11, 0.0001702632345403506, -2.9173291825661697e-07, 1.5099647975490782, 2.0511585043315472, 1.6577612161636353, 2.003136157989502, 1.4777077735901856, 1732834871.3328853, 
-0.011777162551879883, 0.0037345290184020996, -0.0110058409159581, -7.454604775735316e-12, -1.3359273185427302e-05, 5.580097563890694e-07, 1.5099646785648455, 2.0511768483530344, 1.6577612161636353, 2.003136157989502, 1.4777077735901856, 1732834871.4295583, 
-0.0007684826850891113, -0.010896265506744385, -0.0016269240331340685, -1.573382734103934e-11, -8.732353606616308e-05, 1.8017854120243337e-07, 1.5099646303186922, 2.0511842865759635, 1.6577612161636353, 2.003136157989502, 1.4777077735901856, 1732834871.5248973, 
-0.00796574354171753, -0.021228909492492676, -0.0074335967680089115, -4.272522526768836e-11, -2.493689007583078e-05, 1.7133341462293369e-06, 1.5099646704242038, 2.051178103465536, 1.6577612161636353, 2.003136157989502, 1.4777077735901856, 1732834871.6208534, 
0.006469845771789551, 0.0002753138542175293, 0.005303495269276035, -7.62606629081199e-12, -5.5464699371128036e-05, 1.3749405256457073e-07, 1.509964650621469, 2.051181156462962, 1.6577612161636353, 2.003136157989502, 1.4777077735901856, 1732834871.781684, 
-0.007395565509796143, -0.020929276943206787, -0.0063301012353828645, 3.391466095013022e-11, 3.154978473030907e-05, 1.0749569684876257e-06, 1.509964707025029, 2.0511724609089197, 1.6577612161636353, 2.003136157989502, 1.4777077735901856, 1732834871.8296573, 
-0.009116291999816895, -0.01644909381866455, -0.0088820693115219, 2.014121196978268e-11, -5.228725880463878e-05, -3.8520305769014244e-07, 1.5099646526360044, 2.051180845858712, 1.6577612161636353, 2.003136157989502, 1.4777077735901856, 1732834871.9257982, 
0.009205341339111328, 0.025551676750183105, 0.007687961319108585, 8.436487118843616e-11, -6.71569840476748e-05, -1.2562337690529024e-06, 1.509964642993796, 2.051182332345664, 1.6577612161636353, 2.003136157989502, 1.4777077735901856, 1732834872.0865128, 
-0.0032116174697875977, -0.021923303604125977, -0.0022973244927563113, 6.4531752346148e-11, 5.19026223869259e-05, 1.2433235427889158e-06, 1.509964720353731, 2.051170406153966, 1.6577612161636353, 2.003136157989502, 1.4777077735901856, 1732834872.1816282, 
0.01145315170288086, 0.008329033851623535, 0.010299254334026876, -2.9785289780029246e-12, -5.952770986657478e-06, 5.003600818306281e-07, 1.5099646829028688, 2.0511761798594335, 1.6577612161636353, 2.003136157989502, 1.4777077735901856, 1732834872.2296038, 
-0.008189678192138672, 0.023713231086730957, -0.006638654461754715, -6.452756708144814e-12, 7.389529039289065e-05, -8.73229765230833e-08, 1.509964734693674, 2.0511681955376257, 1.6577612161636353, 2.003136157989502, 1.4777077735901856, 1732834872.324771, 
-0.008549988269805908, -0.0006887912750244141, -0.0083891872761442, 2.7684304603932352e-12, -5.1309810778074486e-05, -5.395518748582543e-08, 1.5099646526599426, 2.0511808421582907, 1.6577612161636353, 2.003136157989502, 1.4777077735901856, 1732834872.4854076, 
0.011018574237823486, -0.02734750509262085, 0.009390340190320465, -7.865756734680542e-11, -6.140752332022903e-05, 1.2809109225366501e-06, 1.509964646126699, 2.0511818493484912, 1.6577612161636353, 2.003136157989502, 1.4777077735901856, 1732834872.5816624, 
0.012689948081970215, 0.019590318202972412, 0.012412454845908742, -7.554710721723999e-11, 7.596161767734041e-05, -9.945431591272698e-07, 1.5099647353841377, 2.05116808909253, 1.6577612161636353, 2.003136157989502, 1.4777077735901856, 1732834872.62956, 
0.004777073860168457, 0.01957935094833374, 0.005417023693333451, 1.346278601909879e-10, 0.0001052599131285757, 1.2790040974719317e-06, 1.5099647543786707, 2.051165160858388, 1.6577612161636353, 2.003136157989502, 1.4777077735901856, 1732834872.7755735, 
-0.002798318862915039, 0.0061872005462646484, -0.0021092635547045203, 3.442462345823127e-11, 4.8902484735272836e-05, 7.039442605950278e-07, 1.5099647178367492, 2.051170794274274, 1.6577612161636353, 2.003136157989502, 1.4777077735901856, 1732834872.8849866, 
0.029310762882232666, -0.009138107299804688, 0.026673933549757334, -2.3847136595077763e-12, 6.807650911727354e-06, -3.502990518211936e-07, 1.5099646905210076, 2.051175005267344, 1.6577612161636353, 2.003136157989502, 1.4777077735901856, 1732834872.9815698, 
-0.0038848519325256348, 0.011803269386291504, -0.0013219331924369387, 9.036420448009119e-12, 0.00020438765450854404, 4.421216374216657e-08, 1.5099648186768704, 2.051155248920602, 1.6577612161636353, 2.003136157989502, 1.4777077735901856, 1732834873.0296016, 
0.012051403522491455, 0.020345568656921387, 0.01092899557543599, 5.6190984294074063e-11, 1.4736219294240728e-05, 3.8131207993107744e-06, 1.5099646955803046, 2.0511742253999143, 1.6577612161636353, 2.003136157989502, 1.4777077735901856, 1732834873.1248941, 
-0.016448259353637695, 0.006105899810791016, -0.014151346433742133, 3.053664788317451e-11, 7.588161816806196e-05, 4.024248377985589e-07, 1.5099647356003165, 2.0511680559760497, 1.6577612161636353, 2.003136157989502, 1.4777077735901856, 1732834873.2850602, 
-0.01236504316329956, -0.014016985893249512, -0.012514107347903012, 1.0343406268704676e-10, -0.0001099660703779363, -9.405997898402657e-07, 1.5099646161493676, 2.0511864693951893, 1.6577612161636353, 2.003136157989502, 1.4777077735901856, 1732834873.3345811, 
-0.0016312599182128906, 0.00397104024887085, -0.0025437223581211057, 5.12908726701155e-11, -0.00010708604780232064, -4.789687706543969e-07, 1.509964618065728, 2.051186173997164, 1.6577612161636353, 2.003136157989502, 1.4777077735901856, 1732834873.429568, 
-0.010270655155181885, -0.005169212818145752, -0.009621934205122255, -1.6526774300940494e-11, -3.539671823885997e-05, 4.669013152410474e-07, 1.5099646647017477, 2.051178984981331, 1.6577612161636353, 2.003136157989502, 1.4777077735901856, 1732834873.5745978, 
-0.010520756244659424, -0.010576367378234863, -0.0104446787112087, -3.2094247787455805e-11, -8.398688264849388e-05, 3.8213405207308696e-07, 1.509964633259531, 2.051183831870718, 1.6577612161636353, 2.003136157989502, 1.4777077735901856, 1732834873.6856399, 
0.02365928888320923, -0.010620057582855225, 0.020797841208842524, -6.180256978351538e-11, -7.27806557902545e-05, 8.491620350553488e-07, 1.5099646405836327, 2.0511827028538843, 1.6577612161636353, 2.003136157989502, 1.4777077735901856, 1732834873.7816103, 
0.008639693260192871, -0.02830439805984497, 0.00965874644888322, 3.1663854372552337e-10, 0.000161682443780737, 1.9583978094426105e-06, 1.5099647938449996, 2.0511590775538795, 1.6577612161636353, 2.003136157989502, 1.4777077735901856, 1732834873.8296072, 
-0.010141849517822266, 0.012324333190917969, -0.008480800543207578, 1.6136940179889092e-10, 8.110010974241607e-05, 1.9897556527533685e-06, 1.5099647420934634, 2.0511670549441336, 1.6577612161636353, 2.003136157989502, 1.4777077735901856, 1732834873.925698, 
0.00045228004455566406, 0.010540306568145752, -0.00029692818542763344, -5.590822510133944e-11, -5.8846794034007584e-05, 9.500640777308965e-07, 1.5099646508472755, 2.051181119960843, 1.6577612161636353, 2.003136157989502, 1.4777077735901856, 1732834874.0231981, 
-0.013863921165466309, 0.037103116512298584, -0.012725251589224768, 3.094860569057203e-11, -1.611538487914695e-05, -1.920438507839737e-06, 1.5099646783183998, 2.051176885596602, 1.6577612161636353, 2.003136157989502, 1.4777077735901856, 1732834874.18261, 
-0.021052002906799316, 0.0028184056282043457, -0.020352335746247365, 2.3082975454076666e-11, -0.00011383727815464525, -2.027716739917041e-07, 1.5099646147831114, 2.0511866787681208, 1.6577612161636353, 2.003136157989502, 1.4777077735901856, 1732834874.2295887, 
-0.020969867706298828, -0.0008921027183532715, -0.02091663880099911, -1.3763591907350145e-11, -0.0001810631493963286, 7.601542308989146e-08, 1.5099645710594545, 2.051193418358847, 1.6577612161636353, 2.003136157989502, 1.4777077735901856, 1732834874.32569, 
-0.008370935916900635, 0.005100607872009277, -0.009422353388041156, 1.5363247540906587e-10, -0.0001829720744158914, -8.396498531238308e-07, 1.5099645698223831, 2.051193609034225, 1.6577612161636353, 2.003136157989502, 1.4777077735901856, 1732834874.422571, 
0.01839756965637207, 0.014897048473358154, 0.016063495484683263, 1.9444693034782287e-10, -7.573506506048711e-05, -2.567462379447677e-06, 1.509964638706272, 2.0511829911334187, 1.6577612161636353, 2.003136157989502, 1.4777077735901856, 1732834874.5827198, 
0.019742190837860107, 0.016606032848358154, 0.019432431515791514, -1.8145616115443867e-10, 0.00013268432378552432, -1.367577992466924e-06, 1.5099647757291814, 2.0511618698522733, 1.6577612161636353, 2.003136157989502, 1.4777077735901856, 1732834874.6296158, 
-0.004366755485534668, 0.016499102115631104, -0.0023707354012093805, 2.981596432358372e-10, 0.00015769894124292643, 1.8906889347883376e-06, 1.5099647920167676, 2.051159359160112, 1.6577612161636353, 2.003136157989502, 1.4777077735901856, 1732834874.725596, 
0.0025806427001953125, -0.0068315863609313965, 0.0021651477910150305, 2.80273363126689e-12, -3.383894706444367e-06, -8.282567498123684e-07, 1.5099646879683295, 2.0511753985176058, 1.6577612161636353, 2.003136157989502, 1.4777077735901856, 1732834874.822293, 
0.0059320926666259766, 0.007568657398223877, 0.005615812549690491, -1.8875290567451146e-12, 2.0302626179034442e-05, -9.296969958961644e-08, 1.5099647033257593, 2.0511730311828145, 1.6577612161636353, 2.003136157989502, 1.4777077735901856, 1732834874.9816225, 
0.0010689496994018555, 0.007128298282623291, 0.0014501711874004668, 5.6999789517567066e-12, 4.5681716010272664e-05, 1.2477593771816553e-07, 1.5099647197358794, 2.051170501555346, 1.6577612161636353, 2.003136157989502, 1.4777077735901856, 1732834875.0295985, 
-0.009040415287017822, -0.020092904567718506, -0.00816011434899821, -7.64740791864104e-12, 9.209543778083854e-06, -8.303785836644525e-07, 1.5099646959410942, 2.0511741695419454, 1.6577612161636353, 2.003136157989502, 1.4777077735901856, 1732834875.1247633, 
-0.002776503562927246, -0.005361974239349365, -0.0032278037874378177, 7.350555758905682e-12, -6.396081588859058e-05, -1.1492279541444819e-07, 1.5099646485905605, 2.0511814686622625, 1.6577612161636353, 2.003136157989502, 1.4777077735901856, 1732834875.285551, 
-0.004386007785797119, -0.01930522918701172, -0.0042885502288896316, -3.746937846919036e-11, -3.340972877488693e-05, 1.1215110042244623e-06, 1.5099646685897044, 2.0511783857406187, 1.6577612161636353, 2.003136157989502, 1.4777077735901856, 1732834875.3816185, 
-0.001964569091796875, 0.0024167895317077637, -0.0021593153704484182, -7.435054705241348e-13, -3.689992341454645e-05, 2.0149241562681265e-08, 1.5099646663132456, 2.0511787366618037, 1.6577612161636353, 2.003136157989502, 1.4777077735901856, 1732834875.4306197, 
0.002250194549560547, -0.029923081398010254, 0.0018802891979455435, -1.8573270313672056e-11, -1.8331495448695184e-05, 1.0131890420862571e-06, 1.50996467835939, 2.0511768797491152, 1.6577612161636353, 2.003136157989502, 1.4777077735901856, 1732834875.5256147, 
0.010261118412017822, -0.008611440658569336, 0.00955764490749604, 4.513962531367059e-12, 1.965669657029296e-05, 2.2963993544006687e-07, 1.509964702998238, 2.0511730816722715, 1.6577612161636353, 2.003136157989502, 1.4777077735901856, 1732834875.6207683, 
-0.006274580955505371, 0.005134224891662598, -0.00494650142287544, 8.069871138658103e-12, 7.223045227403534e-05, 1.1172394585100746e-07, 1.5099647374140508, 2.0511677765474996, 1.6577612161636353, 2.003136157989502, 1.4777077735901856, 1732834875.7816176, 
-0.01789480447769165, -0.011476755142211914, -0.01680784586125438, 3.258342142361559e-11, -4.3442947660595106e-05, -7.500278682325776e-07, 1.5099646629149204, 2.0511792603782286, 1.6577612161636353, 2.003136157989502, 1.4777077735901856, 1732834875.8306255, 
0.023475706577301025, 0.006236553192138672, 0.020096055097119852, 3.758888640767248e-11, -0.0001208102447603234, -3.111398911759962e-07, 1.5099646118352252, 2.0511871341639383, 1.6577612161636353, 2.003136157989502, 1.4777077735901856, 1732834875.9736814, 
-0.011416435241699219, 0.011823296546936035, -0.008772921392730278, -1.79944041253771e-10, 0.00013482825554234556, -1.3346166983318708e-06, 1.5099647744465983, 2.051162067827885, 1.6577612161636353, 2.003136157989502, 1.4777077735901856, 1732834876.0855582, 
-0.026381731033325195, 0.0030265450477600098, -0.024903419428225354, -1.9393288031226735e-11, -7.407174362715355e-05, 2.618176254746278e-07, 1.5099646384364984, 2.0511830337401777, 1.6577612161636353, 2.003136157989502, 1.4777077735901856, 1732834876.1816053, 
0.013120532035827637, 0.006990492343902588, 0.009931027279674341, 8.614256177442534e-11, -0.00019042398068500445, -4.5237244523798004e-07, 1.5099645629099958, 2.0511946763173516, 1.6577612161636353, 2.003136157989502, 1.4777077735901856, 1732834876.2306607, 
-0.0008786320686340332, 0.007840871810913086, 2.805457715402554e-05, -8.433442792026222e-11, 5.9992362017098296e-05, -1.4057527505955883e-06, 1.5099647247334902, 2.051169730883439, 1.6577612161636353, 2.003136157989502, 1.4777077735901856, 1732834876.3256264, 
-0.004445493221282959, 0.010132670402526855, -0.004070090243696468, 1.025214944670748e-12, 2.3358838150573037e-06, 4.388980899058961e-07, 1.5099646871604737, 2.0511755228897237, 1.6577612161636353, 2.003136157989502, 1.4777077735901856, 1732834876.485611, 
-0.009796857833862305, -0.0007433891296386719, -0.009315972609336923, -1.3313508283875965e-12, -3.777773709519902e-05, 3.524167752643901e-08, 1.5099646610528696, 2.051179547535186, 1.6577612161636353, 2.003136157989502, 1.4777077735901856, 1732834876.5811017, 
-0.018603980541229248, -0.02804011106491089, -0.017823867266235867, -8.40766643806065e-11, -8.637835186038796e-05, 9.73353422122459e-07, 1.5099646298082945, 2.0511843640580643, 1.6577612161636353, 2.003136157989502, 1.4777077735901856, 1732834876.628947, 
0.010757029056549072, 0.016411960124969482, 0.008359589011228335, 1.6860894069963395e-10, -0.00013854637994566306, -1.2169855377366136e-06, 1.5099645959401022, 2.0511895850119757, 1.6577612161636353, 2.003136157989502, 1.4777077735901856, 1732834876.7736964, 
-0.014091432094573975, 0.020875513553619385, -0.012207674056842168, -1.2022794953693476e-10, 4.369319417498374e-05, -2.7516401995112202e-06, 1.5099647137759935, 2.051171420221684, 1.6577612161636353, 2.003136157989502, 1.4777077735901856, 1732834876.885067, 
-0.0065402984619140625, -0.006687283515930176, -0.007015165088338096, 4.754378033329202e-11, -9.535713723130652e-05, -4.985864898394099e-07, 1.5099646232820412, 2.0511853704327465, 1.6577612161636353, 2.003136157989502, 1.4777077735901856, 1732834876.9809828, 
0.0007263422012329102, 0.016989588737487793, 7.715623274504035e-05, 9.475669709630996e-11, -6.209633994270158e-05, -1.5259626764434944e-06, 1.5099646449857627, 2.051182024511446, 1.6577612161636353, 2.003136157989502, 1.4777077735901856, 1732834877.0288775, 
-0.0024056434631347656, 0.01742231845855713, -0.0021972387695153696, 6.929981956198369e-12, -6.1922872353957105e-06, -1.1191312180394224e-06, 1.509964681090288, 2.051176458494856, 1.6577612161636353, 2.003136157989502, 1.4777077735901856, 1732834877.1252635, 
0.007083296775817871, 0.0038347840309143066, 0.0063045710778881344, 1.4887526315794057e-12, -1.2870573326276784e-05, -1.156710422945917e-07, 1.5099646767799995, 2.051177122999974, 1.6577612161636353, 2.003136157989502, 1.4777077735901856, 1732834877.2695637, 
0.016476035118103027, -0.00856173038482666, 0.015621988062014522, 5.3466486548917956e-12, 5.860002223651549e-05, 9.123970351601903e-08, 1.509964723269607, 2.0511699557117615, 1.6577612161636353, 2.003136157989502, 1.4777077735901856, 1732834877.3808355, 
0.00394672155380249, 0.022379279136657715, 0.0049255243548546445, 1.5477285082672882e-10, 0.00012801428889879082, 1.2090279308514812e-06, 1.5099647682085806, 2.0511630274666244, 1.6577612161636353, 2.003136157989502, 1.4777077735901856, 1732834877.429623, 
-0.0017597079277038574, -0.01930224895477295, -0.0011990503049460182, -1.0301995426306682e-10, 4.76472627048821e-05, -2.1621379364676714e-06, 1.5099647161369212, 2.0511710553413858, 1.6577612161636353, 2.003136157989502, 1.4777077735901856, 1732834877.5256834, 
-0.01587909460067749, 0.010596096515655518, -0.014647020415550067, -4.3972940888087254e-12, -1.564546603071363e-05, 2.8105868372194174e-07, 1.5099646750304885, 2.0511773926198935, 1.6577612161636353, 2.003136157989502, 1.4777077735901856, 1732834877.6869297, 
0.0255545973777771, 0.01136922836303711, 0.02218162740708315, 1.3670732528977569e-11, -9.809448667710092e-05, -1.3936290399253245e-07, 1.5099646215150173, 2.0511856431972584, 1.6577612161636353, 2.003136157989502, 1.4777077735901856, 1732834877.781715, 
-0.00010317564010620117, -0.00014144182205200195, 0.0017657098931111864, 1.6550879754088893e-13, 0.00016307414344907687, 1.0149297371141633e-09, 1.5099647906875784, 2.0511595615962626, 1.6577612161636353, 2.003136157989502, 1.4777077735901856, 1732834877.8296084, 
0.00027167797088623047, 0.007704555988311768, 0.00039684461235668287, 3.166299141682246e-11, 2.7507669419003702e-05, 1.151060489150275e-06, 1.5099647027865344, 2.0511731134628444, 1.6577612161636353, 2.003136157989502, 1.4777077735901856, 1732834877.9259691, 
0.0033212900161743164, -0.015649855136871338, 0.0030758113475544734, -2.240414533618141e-12, 7.52405517897208e-06, -2.9776689302858377e-07, 1.5099646898178354, 2.051175112868719, 1.6577612161636353, 2.003136157989502, 1.4777077735901856, 1732834878.0215669, 
0.004898726940155029, 0.013525426387786865, 0.004745534692177922, 1.879092470110271e-12, 2.7537669929512368e-05, 6.823716294516374e-08, 1.5099647027753365, 2.051173115217375, 1.6577612161636353, 2.003136157989502, 1.4777077735901856, 1732834878.181615, 
0.015508770942687988, 0.009859561920166016, 0.014605136967964975, 1.2498196672862443e-11, 4.911833984856212e-05, 2.5445071456803957e-07, 1.509964716771886, 2.05117095737302, 1.6577612161636353, 2.003136157989502, 1.4777077735901856, 1732834878.2296686, 
-0.005412161350250244, 0.026282846927642822, -0.0037332015748345066, 1.3810927897501207e-10, 0.00011471014238712885, 1.2039848970713922e-06, 1.5099647596870123, 2.051164341162913, 1.6577612161636353, 2.003136157989502, 1.4777077735901856, 1732834878.325673, 
-0.0018045902252197266, 0.0029840469360351562, -0.0019662845713438867, -8.374274870847546e-12, -2.0197800586161746e-05, 4.1461320677584413e-07, 1.509964672842729, 2.0511777298435896, 1.6577612161636353, 2.003136157989502, 1.4777077735901856, 1732834878.4848537, 
0.005444526672363281, 0.0009557008743286133, 0.004822712510515483, -2.2824528698014184e-13, -1.3338869946829987e-05, 1.711129112810526e-08, 1.5099646772811213, 2.0511770455950464, 1.6577612161636353, 2.003136157989502, 1.4777077735901856, 1732834878.5816119, 
-0.010585188865661621, 0.00963050127029419, -0.009292381201213399, -3.4107139433512983e-12, 2.9341082724207044e-05, -1.1624362929652161e-07, 1.5099647049793425, 2.0511727754912714, 1.6577612161636353, 2.003136157989502, 1.4777077735901856, 1732834878.6296155, 
-0.023014843463897705, 0.01424551010131836, -0.021862597214017898, -3.149693336895334e-11, -8.440899707304252e-05, 3.73146636746528e-07, 1.5099646311695454, 2.051184154395336, 1.6577612161636353, 2.003136157989502, 1.4777077735901856, 1732834878.725648, 
0.0153312087059021, -0.05570477247238159, 0.012211182422134044, -7.214808409729123e-10, -0.00016628936794449867, 4.338706977428144e-06, 1.50996457806866, 2.0511923407166415, 1.6577612161636353, 2.003136157989502, 1.4777077735901856, 1732834878.8696647, 
0.03365027904510498, -0.013591766357421875, 0.031850312219552514, 2.4907489184422975e-10, 0.00010230637573204111, 2.4345979423276797e-06, 1.5099647523073387, 2.0511654794328806, 1.6577612161636353, 2.003136157989502, 1.4777077735901856, 1732834878.9816568, 
-0.00794076919555664, -8.535385131835938e-05, -0.004603422767457191, 4.900741039139684e-11, 0.00024963977528503524, 1.9631250803459048e-07, 1.5099648478096626, 2.051150757272501, 1.6577612161636353, 2.003136157989502, 1.4777077735901856, 1732834879.0296216, 
-0.0012434124946594238, -0.0006393194198608398, -0.0015252652997316653, 2.0115844143171505e-12, -1.5505773165316758e-05, -1.2973131961046957e-07, 1.509964675723786, 2.051177284049054, 1.6577612161636353, 2.003136157989502, 1.4777077735901856, 1732834879.1257007, 
-0.003243088722229004, 0.021305620670318604, -0.0030988107609991123, 4.769441764738007e-12, -1.5212399313202014e-05, -3.135233086209398e-07, 1.5099646759158358, 2.051177254445781, 1.6577612161636353, 2.003136157989502, 1.4777077735901856, 1732834879.2850325, 
-0.0029851794242858887, 0.011025965213775635, -0.002994504963353051, 4.892823967941728e-12, -2.7187449193994198e-05, -1.7996627535850514e-07, 1.5099646681503314, 2.051178451485522, 1.6577612161636353, 2.003136157989502, 1.4777077735901856, 1732834879.3816414, 
-0.0038025975227355957, 0.020292997360229492, -0.0037345662085947213, 1.4527875670715789e-11, -2.791044003507318e-05, -5.205176146438243e-07, 1.5099646676834817, 2.0511785234487183, 1.6577612161636353, 2.003136157989502, 1.4777077735901856, 1732834879.4296646, 
0.010041534900665283, -0.007287025451660156, 0.008885632332292105, -3.5243382022752294e-12, -2.4708945676518994e-05, 1.4263409893787664e-07, 1.5099646697579205, 2.051178203674532, 1.6577612161636353, 2.003136157989502, 1.4777077735901856, 1732834879.525722, 
0.0018987059593200684, -0.007113099098205566, 0.0024845138471980685, 1.1870451489582296e-11, 6.862425823294987e-05, 1.7297748340371436e-07, 1.5099647308906954, 2.051168780017695, 1.6577612161636353, 2.003136157989502, 1.4777077735901856, 1732834879.6849718, 
0.005662798881530762, 0.017688274383544922, 0.005395858342600377, 3.20337860328739e-11, 2.8436689769400082e-05, 1.1264949012224537e-06, 1.5099647051009473, 2.051172755515563, 1.6577612161636353, 2.003136157989502, 1.4777077735901856, 1732834879.7336655, 
-0.012270629405975342, -0.0026296377182006836, -0.010788332947202, 9.408557570591295e-13, 3.614101875650845e-05, 2.603290636044109e-08, 1.5099647100866864, 2.051171986964702, 1.6577612161636353, 2.003136157989502, 1.4777077735901856, 1732834879.8296418, 
0.01128298044204712, -0.005161166191101074, 0.009431317468126298, 1.2346281924401318e-11, -7.31885262397013e-05, -1.6869149522106438e-07, 1.5099646390965298, 2.051182929914737, 1.6577612161636353, 2.003136157989502, 1.4777077735901856, 1732834879.925721, 
0.012456178665161133, 0.01382988691329956, 0.012201748712553195, -7.070268586166393e-11, 7.510356384422031e-05, -9.414025412737446e-07, 1.5099647355157462, 2.0511680671516968, 1.6577612161636353, 2.003136157989502, 1.4777077735901856, 1732834880.0689998, 
-0.029414892196655273, -0.019259870052337646, -0.025923050553641885, -1.1508826969676808e-10, 8.196596602826458e-05, -1.4040982528904966e-06, 1.5099647399692757, 2.0511673806517066, 1.6577612161636353, 2.003136157989502, 1.4777077735901856, 1732834880.1336668, 
0.010132193565368652, -0.014131605625152588, 0.007107860655340609, 2.1928741210434507e-10, -0.00018600430873155554, -1.1789372708608823e-06, 1.5099645670054538, 2.0511940430405122, 1.6577612161636353, 2.003136157989502, 1.4777077735901856, 1732834880.2296722, 
0.013727784156799316, 0.012809455394744873, 0.013171866649704527, -1.0982391099730761e-10, 4.8134580825694585e-05, -2.2816010675361033e-06, 1.5099647185180525, 2.05117068685317, 1.6577612161636353, 2.003136157989502, 1.4777077735901856, 1732834880.3248048, 
0.0029484033584594727, 0.0072869062423706055, 0.0038055148013176714, 1.407781691211258e-11, 0.00010842056269378232, 1.2984452914041103e-07, 1.5099647578077056, 2.0511646301143425, 1.6577612161636353, 2.003136157989502, 1.4777077735901856, 1732834880.485124, 
-0.019985496997833252, -0.036977291107177734, -0.017989146142806712, -9.338141942379366e-11, 2.5501802206615682e-05, -3.661757654114682e-06, 1.5099647041978588, 2.051172894693268, 1.6577612161636353, 2.003136157989502, 1.4777077735901856, 1732834880.5826726, 
-0.005777418613433838, 0.030382394790649414, -0.006801144976567641, -5.657470126287271e-11, -0.0001405623015933628, 4.024884383761692e-07, 1.5099645968008018, 2.0511894512256172, 1.6577612161636353, 2.003136157989502, 1.4777077735901856, 1732834880.629673, 
0.004745602607727051, 0.005406081676483154, 0.003777533318866634, 4.348064188047267e-06, 0.0005835508997946618, 0.007451045297980435, 1.509964609943579, 2.051187437130329, 1.6578037738800049, 2.0031661987304688, 1.478098864260002, 1732834880.7257342, 
0.006119191646575928, -0.002954840660095215, 0.00592202744267311, 3.869626493365249e-08, 6.204151923564047e-05, 0.0006237156248008668, 1.5099642822570734, 2.051237466961201, 1.6578037738800049, 2.0031661987304688, 1.478098864260002, 1732834880.8222945, 
-0.0070740580558776855, -0.0059909820556640625, -0.005983788297636329, 2.2461763397323343e-09, 4.319414591700014e-05, 5.200186951371795e-05, 1.5099642710428007, 2.0512389861817204, 1.6578037738800049, 2.0031661987304688, 1.478098864260002, 1732834880.9826624, 
-0.010724544525146484, 0.006941616535186768, -0.010326315287179744, -2.2847347812057276e-10, -4.925395484459366e-05, 4.63868290051943e-06, 1.5099642034320842, 2.0512482602894098, 1.6578037738800049, 2.0031661987304688, 1.478098864260002, 1732834881.0296779, 
0.014693140983581543, -0.013091981410980225, 0.012594071011584194, -7.258265343239385e-11, -7.406418255642591e-05, 9.799966856732219e-07, 1.509964185468761, 2.0512507214593145, 1.6578037738800049, 2.0031661987304688, 1.478098864260002, 1732834881.1257424, 
