imu_ax, imu_ay, kf_ax, kf_ay, kf_vx, kf_w, kf_x, kf_y, odom_x, odom_y, odom_th, stamp, 
-0.0003425478935241699, -0.012852847576141357, -0.0003195762126528583, 1.6457158061045013e-11, -7.735971336645631e-06, -2.1273550980064706e-06, 0.00013998094230543436, -1.4460281660767817e-07, 1.2353753220395447e-07, -1.448028967843129e-07, 1.4306012395912164e-06, 1732835993.396248, 
0.008756399154663086, -0.009343445301055908, 0.007995782927325966, 1.9267518914775838e-11, 4.265138857429353e-06, 4.517442352718285e-06, -0.00017167658589839935, -1.4505007880514652e-07, 1.4412704274491261e-07, -1.689364808044047e-07, 1.6690105557351665e-06, 1732835993.439378, 
-0.0041585564613342285, 0.014162182807922363, -0.003139030488300651, 2.58220588302136e-11, 5.943407944790228e-05, 4.3446553004742446e-07, -0.00014406648403511753, -1.450016499642202e-07, 1.4412704274491261e-07, -1.689364808044047e-07, 1.6690126020750393e-06, 1732835993.4941878, 
0.004713237285614014, -0.00919497013092041, 0.004054398899124989, 7.544119038996038e-12, -1.6254006259513223e-05, -4.6413905092355795e-07, -0.00013836942715731216, -1.4500232781682588e-07, 1.4412704274491261e-07, -1.689364808044047e-07, 1.669014648414912e-06, 1732835993.5444427, 
-0.00629270076751709, -0.005588889122009277, -0.0054245703618467905, 1.149109477241295e-12, 2.5930810038410172e-05, 4.431444584797658e-08, -0.00014238078940727796, -1.4500331701841577e-07, 1.4412704274491261e-07, -1.689364808044047e-07, 1.6690166947547847e-06, 1732835993.584564, 
0.004269599914550781, 0.0286443829536438, 0.0034563497622650714, -2.534896163485827e-11, -3.704942785273836e-05, 6.841930659661914e-07, -0.00013609442689212456, -1.4500165400145396e-07, 1.4412704274491261e-07, -1.689364808044047e-07, 1.6690194232079484e-06, 1732835993.654525, 
0.002571582794189453, 0.01886904239654541, 0.002645636701298878, -1.476029514682999e-11, 2.5319562732786956e-05, -5.829601128030739e-07, -0.0001423310051373949, -1.4500337120434793e-07, 1.4412704274491261e-07, -1.689364808044047e-07, 1.6690214695478212e-06, 1732835993.7042038, 
-0.014526784420013428, -0.007388770580291748, -0.01308578481458767, 9.784307172653492e-10, -4.2153627223513e-06, -0.00023211068221421936, -0.00014127396447376027, -1.450034160969259e-07, -6.176807687552355e-07, 7.240095669658331e-07, -7.152057012181441e-06, 1732835993.7443488, 
-0.004135072231292725, 0.02190786600112915, -0.004882974765512317, 4.184050244025275e-09, -0.00021387156137986666, -1.9563378211812836e-05, -0.00010180181968723059, -1.4507274564139346e-07, -6.176807687552355e-07, 7.240095669658331e-07, -7.152057012181441e-06, 1732835993.8442159, 
0.020523488521575928, -0.015541493892669678, 0.018392388372346823, -9.266640102462825e-11, -6.604032950832412e-05, 1.4031789622271345e-06, -0.00013108182543966835, -1.437379393674751e-07, -6.176807687552355e-07, 7.240095669658331e-07, -7.152057012181441e-06, 1732835993.9841096, 
-0.006934940814971924, 0.016360223293304443, -0.004810492998279674, -1.1528012931455544e-10, 0.00013220060465200605, -8.720090926816055e-07, -0.00015172598215535717, -1.42749730262212e-07, -6.176807687552355e-07, 7.240095669658331e-07, -7.152057012181441e-06, 1732835994.1041367, 
-0.017447710037231445, -0.02810114622116089, -0.0163870408928141, 5.24082969110947e-07, -0.0002339995320083793, -0.0022396752874368144, -0.00013653091775125132, -1.4350364731918867e-07, -1.1549766895768698e-05, 1.3539736755774356e-05, -0.00013374653149825317, 1732835994.1952245, 
0.009508848190307617, 0.01220095157623291, 0.007336732898002161, 1.5252420162781728e-08, -0.00015739550989452402, -9.690505258379278e-05, -0.00014605998637204836, -1.4286237589986325e-07, -1.1261558938713279e-05, 1.3201827641751152e-05, -0.00013040883869441203, 1732835994.2944086, 
0.006464540958404541, 0.008565068244934082, 0.006537389257055615, 2.9218166852595096e-08, 8.027167894154093e-05, 0.00036399097711502546, -0.00016626407139674402, -1.374221925658874e-07, -1.0808656952576712e-05, 1.2670830074057449e-05, -0.00012516392788481352, 1732835994.4045398, 
-0.0016189217567443848, -0.022153913974761963, -0.0009349367827337978, 2.258442850407056e-08, -2.6836283816932113e-05, -0.0008415631858022428, -0.0001646240361480385, -1.3789591234288416e-07, -1.3773043974651955e-05, 1.614649227121845e-05, -0.00015949450915638482, 1732835994.5041416, 
-0.006541788578033447, 0.010767221450805664, -0.006071159769670573, 1.578847546626164e-09, -2.2030302521448434e-05, -7.166708423949318e-05, -0.00016601043820248202, -1.3754895164299737e-07, -1.3773043974651955e-05, 1.614649227121845e-05, -0.00015949445020431048, 1732835994.5942478, 
-0.020233213901519775, -0.0019019246101379395, -0.01904424975312218, 3.6552708061832645e-10, -6.190848493059108e-05, -5.904313132975851e-06, -0.00016200461712994056, -1.3882844466653597e-07, -1.3773043974651955e-05, 1.614649227121845e-05, -0.00015949450927269602, 1732835994.694287, 
-0.0037384033203125, -0.017930150032043457, -0.00502167740601994, -1.732476333433271e-10, -0.0001546455002780021, 1.120288873791248e-06, -0.00015273050749538877, -1.4193981266148754e-07, -1.3773043974651955e-05, 1.614649227121845e-05, -0.00015949446987783243, 1732835994.7837777, 
-0.007341325283050537, -0.012049555778503418, -0.0071462216134788765, -1.598492955000686e-10, -5.660664812892613e-05, 2.8238608146520025e-06, -0.00016253828699196906, -1.3862753811959878e-07, -1.3773043974651955e-05, 1.614649227121845e-05, -0.00015949452132384633, 1732835994.9040587, 
-0.004355669021606445, -0.011408984661102295, -0.004589366549313615, -7.662871297108302e-11, -6.28721411098064e-05, 1.218802344225095e-06, -0.00016191496063729712, -1.3883791041811805e-07, -1.3773043974651955e-05, 1.614649227121845e-05, -0.00015949451024398526, 1732835994.9941792, 
-0.0031374096870422363, 0.009873926639556885, -0.003258924211904749, 4.008369199532008e-11, -4.29598227098387e-05, -9.330506847305977e-07, -0.00016391478135921792, -1.38163564866259e-07, -1.3773043974651955e-05, 1.614649227121845e-05, -0.00015949447803683756, 1732835995.0941932, 
0.020244896411895752, 0.02392035722732544, 0.018272570297904085, 2.267261077023358e-11, -1.564270924942076e-05, -1.4494043460580928e-06, -0.00016663763396195324, -1.3724557315178354e-07, -1.3773043974651955e-05, 1.614649227121845e-05, -0.00015949450737270176, 1732835995.1857216, 
0.005465447902679443, -0.0017778873443603516, 0.006539112494158844, 4.946891716879602e-10, 0.00014404316964018943, 3.434311900548022e-06, -0.0001825659840177654, -1.3187401180800526e-07, -1.3752458471572027e-05, 1.61223561008228e-05, -0.00015925610585441782, 1732835995.303142, 
0.002326369285583496, -0.01738119125366211, 0.0026794071460267137, -1.889522240244364e-10, 6.410712912614455e-05, -2.94744479436339e-06, -0.0001745814945274167, -1.3456762218392658e-07, -1.3752458471572027e-05, 1.61223561008228e-05, -0.00015925609843950046, 1732835995.3952067, 
0.01728886365890503, 0.016717493534088135, 0.016062545108112017, 1.2553817383834428e-11, 3.729849725199908e-05, 3.365770288013838e-07, -0.00017190417489412938, -1.3546989903834715e-07, -1.3752458471572027e-05, 1.61223561008228e-05, -0.00015925618424538458, 1732835995.49219, 
-0.01291888952255249, -0.009883582592010498, -0.010487681381312855, 5.532302386557059e-12, 0.00011899261606040327, 4.6492820896960034e-08, -0.00018007325172175452, -1.3271451660870413e-07, -1.3752458471572027e-05, 1.61223561008228e-05, -0.00015925614683546158, 1732835995.5838711, 
0.010181784629821777, -0.011920034885406494, 0.008447698245457012, 5.1342742324590707e-11, -6.459694383134488e-05, -7.948168950320721e-07, -0.00016170338345509666, -1.3891047868076425e-07, -1.3752458471572027e-05, 1.61223561008228e-05, -0.00015925599737788898, 1732835995.7020974, 
0.02434772253036499, -0.005730748176574707, 0.023012802696166196, -2.926875601220191e-10, 7.530432367226336e-05, -3.8867298164158925e-06, -0.0001757249493488188, -1.3418110993590436e-07, -1.3773043974651955e-05, 1.614649227121845e-05, -0.0001594945059041612, 1732835995.7942245, 
0.009716451168060303, 0.019546091556549072, 0.01083080634259987, 1.409918590418007e-10, 0.0001907102670048958, 7.39298734441923e-07, -0.00018727828376955276, -1.3028316124927854e-07, -1.3773043974651955e-05, 1.614649227121845e-05, -0.00015949446947548254, 1732835995.89218, 
-0.0118752121925354, 0.014963030815124512, -0.009970429549863897, 2.4005800675361013e-10, 9.204581020767484e-05, 2.6080275268585115e-06, -0.00017741682496399643, -1.3361402960420225e-07, -1.3773043974651955e-05, 1.614649227121845e-05, -0.0001594944634758602, 1732835996.0045385, 
0.019128382205963135, 0.0004590153694152832, 0.01668684399617019, -7.826283107489436e-12, -5.700687889367438e-05, 1.3728664433789688e-07, -0.00016250980188500675, -1.3864750417971573e-07, -1.3773043974651955e-05, 1.614649227121845e-05, -0.00015949435269370181, 1732835996.101148, 
-0.01689094305038452, -0.0007721185684204102, -0.014073964275459292, 3.4626009595474945e-11, 0.00011335267116143887, 3.0547149212002225e-07, -0.00017954569933251557, -1.3289912211678747e-07, -1.3773043974651955e-05, 1.614649227121845e-05, -0.0001594942619717142, 1732835996.1943166, 
0.002869546413421631, 0.00508648157119751, 0.0014483971651654305, -7.366196405117428e-11, -9.747832297869394e-05, 7.556753317070785e-07, -0.00015846955302085527, -1.4001026445748228e-07, -1.3773043974651955e-05, 1.614649227121845e-05, -0.0001594941290179953, 1732835996.2952282, 
-0.023994922637939453, -0.02911365032196045, -0.021859653288858725, -2.989000951117541e-11, -1.122664472584939e-05, 2.6624169768509334e-06, -0.0001642969904015106, -1.380442984758297e-07, -1.3773043974651955e-05, 1.614649227121845e-05, -0.00015949414888323467, 1732835996.404727, 
0.006122112274169922, 0.020100712776184082, 0.0037973151127324405, -1.1200229395851559e-11, -0.0007054319284446192, 1.587712285797232e-08, 0.00011447714384060293, -2.3207583718187972e-07, -1.3773043974651955e-05, 1.614649227121845e-05, -0.00015949414623496203, 1732835996.804225, 
-0.006489753723144531, 0.007394552230834961, -0.005626183782560086, 1.7614384334947112e-10, -3.4158988697854714e-05, -5.156588355337741e-06, 4.895726972579637e-05, -2.1004579280481485e-07, -1.3773043974651955e-05, 1.614649227121845e-05, -0.00015949410106156029, 1732835996.900278, 
0.015295803546905518, 0.02676248550415039, 0.013540307434136156, 6.17900102056667e-11, -3.660086538398032e-05, -1.6882117282590625e-06, 4.9114064910053275e-05, -2.1009848876991904e-07, -1.3773043974651955e-05, 1.614649227121845e-05, -0.00015949401024725998, 1732835996.994172, 
-0.015964806079864502, 0.004615724086761475, -0.013489436212299616, -4.085517759108415e-11, 9.129337566442719e-05, -4.47515247341254e-07, 3.633163130564104e-05, -2.057937737746667e-07, -1.3773043974651955e-05, 1.614649227121845e-05, -0.0001594940319012501, 1732835997.09435, 
0.030012011528015137, -0.01206296682357788, 0.026361963106370984, 8.136830177532154e-11, -7.763615082878378e-05, -1.0480723336576606e-06, 5.330438812658392e-05, -2.1151266218436738e-07, -1.3773043974651955e-05, 1.614649227121845e-05, -0.00015949416305342437, 1732835997.2046528, 
0.44417625665664673, -0.11278176307678223, 0.4091191174459706, 0.00022187210942338793, 0.014184558947873113, 0.015641805306653985, 0.00012233530426716116, -2.3486060942571406e-07, 0.0006643221131525934, 0.00012559816241264343, 0.000625104905216718, 1732835997.299594, 
-0.28905344009399414, -0.11984211206436157, -0.23042911885609008, 0.01728784665389484, 0.09699488891880587, 0.17823461469569232, 0.0019702416321230832, -4.2284825354580973e-07, 0.00886089913547039, 0.0008322327630594373, 0.01612285055183279, 1732835997.3942313, 
-0.06248641014099121, -0.19489288330078125, -0.07658688232012745, 0.008085091644139985, 0.06582604733036188, 0.12282511212564914, 0.011587043241112035, 2.6616209009294302e-05, 0.01944950595498085, 0.0012779301032423973, 0.03306144455022302, 1732835997.494213, 
-0.003303229808807373, -0.0649256706237793, -0.009437883879628087, 0.013102995591824932, 0.08024195509657446, 0.16329357349350404, 0.01836153336101629, 0.00016326754017702717, 0.02954256720840931, 0.0025172000750899315, 0.04893769422544043, 1732835997.6044216, 
-0.04467099905014038, -0.10522985458374023, -0.04171885529165822, 0.014327684466067981, 0.07247752453629236, 0.19768451747953317, 0.02631303736692773, 0.0004247470673906909, 0.038777925074100494, 0.0038275502156466246, 0.07013322684336323, 1732835997.7050996, 
-0.034767091274261475, -0.4185505509376526, -0.035382685808201364, 0.003949800117250374, 0.023025397363615863, 0.17154101859244114, 0.03314912357442542, 0.0007636005171432897, 0.04753982648253441, 0.005463531706482172, 0.08841590045024879, 1732835997.7941782, 
0.06531739234924316, 0.021672070026397705, 0.05691513261479492, 0.016049078991191266, 0.08851472906631835, 0.1813153489874745, 0.03604814414627597, 0.0009629350268398475, 0.05673983693122864, 0.007178230211138725, 0.10695298247627434, 1732835997.8942158, 
-0.06961220502853394, 0.2981909513473511, -0.05896052609847084, 0.028117718124289877, 0.14037273972389724, 0.2003075396234008, 0.045280782327792105, 0.00176058119958286, 0.06519453227519989, 0.009107680059969425, 0.12357293525319936, 1732835997.9844995, 
0.004703640937805176, 0.2658917307853699, -0.0006386958008795102, 0.0306828941320423, 0.13547295161323572, 0.22648723429042478, 0.05923700042194969, 0.003225117849733941, 0.07621615380048752, 0.01156638003885746, 0.14620707278337605, 1732835998.1052613, 
-0.07359397411346436, -0.05081242322921753, -0.06750913331775621, 0.014671904155387331, 0.08204084006311489, 0.1788365909478752, 0.07222530095734628, 0.004854742171883866, 0.08430053293704987, 0.013437238521873951, 0.16313706608820486, 1732835998.1942072, 
-0.18069744110107422, 0.28631705045700073, -0.17115684701710193, 0.02655866199518468, 0.13306365575760665, 0.19959365947050828, 0.08085588277418719, 0.0061319835280447274, 0.09328355640172958, 0.01585199311375618, 0.18093995708473606, 1732835998.2942195, 
-0.10273486375808716, 0.02130800485610962, -0.10849247334040088, 0.016170759243626622, 0.0945134506840534, 0.17109479260982058, 0.09378600629401056, 0.008286440789203074, 0.10142399370670319, 0.01852978952229023, 0.1963596233263697, 1732835998.3844328, 
-0.06820946931838989, 0.147480309009552, -0.07157341746793955, 0.016579310689249303, 0.10737081723854859, 0.1544117025058551, 0.10328656498706618, 0.010061878455964516, 0.11171284317970276, 0.02151745930314064, 0.21335099996293772, 1732835998.50439, 
0.2604449987411499, -0.1892029047012329, 0.2325533027727001, 0.030310777136837077, 0.06206654734556487, 0.48835932451788, 0.11339594753390357, 0.012133437475410534, 0.12056213617324829, 0.02392004430294037, 0.25431018517503434, 1732835998.5972686, 
0.10512477159500122, 0.012143552303314209, 0.11581201811751186, 0.041575142018991526, 0.07496236843759038, 0.5546135065570232, 0.1193589161877256, 0.0134687967207677, 0.1284486949443817, 0.026738815009593964, 0.30692374865079647, 1732835998.6890678, 
0.259610116481781, 0.4765838384628296, 0.24767254280552975, 0.10576353705515694, 0.2688103794654862, 0.39345034691540404, 0.12794959585782376, 0.015835712127689125, 0.1374155730009079, 0.029883619397878647, 0.34923897648163604, 1732835998.7906978, 
-0.21066021919250488, 0.02896183729171753, -0.17232747416797822, 0.04020214540632398, 0.10892213693271582, 0.3690906783361948, 0.15221621515886474, 0.023979618480666383, 0.148136168718338, 0.03389594331383705, 0.38979992934037516, 1732835998.9043245, 
0.0688067078590393, 0.03576141595840454, 0.04856926612177512, 0.038057073175304004, 0.09130167391221197, 0.4168277704513555, 0.16235122290084955, 0.027827485085653515, 0.15583990514278412, 0.037202779203653336, 0.426823326968033, 1732835998.9945471, 
-0.005362510681152344, 0.04200798273086548, -0.0008418041664486967, 0.04337147083922817, 0.08820226641698908, 0.4917273965975343, 0.17069102983912499, 0.03135563617400981, 0.1635725051164627, 0.041230108588933945, 0.4732532683994557, 1732835999.0943542, 
0.1184796690940857, -0.12858068943023682, 0.10842469058906867, 0.01468611209523249, 0.031226896207116606, 0.4703032923229023, 0.17826070966217356, 0.03494424796758789, 0.17094245553016663, 0.04549441486597061, 0.5180870367936351, 1732835999.1846652, 
-0.049144089221954346, 0.09410399198532104, -0.03587598734127023, 0.04611309359929077, 0.1035017741995477, 0.4455294989473937, 0.1814290526611885, 0.03663832962354106, 0.17961223423480988, 0.05126858130097389, 0.5736354571242108, 1732835999.3042278, 
0.7158598303794861, -0.5636842846870422, 0.6526114922079407, -0.046004625784757044, -0.12045687151744137, 0.3819178200896233, 0.18884493496640908, 0.041072530345107196, 0.185434952378273, 0.055707965046167374, 0.611381291161444, 1732835999.3942277, 
-0.06841981410980225, 0.36509406566619873, -0.007736798186830041, 0.007119554460936279, 0.18236602989197037, 0.03903991585030253, 0.18043323315271417, 0.035529657301910544, 0.19386087357997894, 0.06209072098135948, 0.6302795820049782, 1732835999.4942763, 
0.002061188220977783, 0.07605946063995361, 0.0011795995195260072, 0.0015828734061730982, 0.09880491948965095, 0.01602018820873481, 0.19478380997202827, 0.04571792207683441, 0.2005242109298706, 0.06700553745031357, 0.6302795820049782, 1732835999.5843701, 
-0.18081611394882202, -0.2444555163383484, -0.16553979816936754, 0.015098999714984424, 0.10196858051689522, 0.1480750211334232, 0.20282847626126305, 0.05147417132072313, 0.21027737855911255, 0.07441045343875885, 0.6493013450843372, 1732835999.7042232, 
0.20728665590286255, -0.4726395010948181, 0.17595729415182837, 0.0028110787542102987, 0.029456893210022386, 0.0954302524087591, 0.21066069307119473, 0.05710965264394793, 0.21706044673919678, 0.0797712504863739, 0.6619571379765133, 1732835999.7952302, 
0.19853347539901733, 0.014734327793121338, 0.19667376517338822, 0.006077942420847639, 0.09640761433095624, 0.06304421557391476, 0.21338604157717003, 0.059129772369908434, 0.2246246486902237, 0.08578268438577652, 0.6692541402255511, 1732835999.8943636, 
-0.10715770721435547, -0.08833175897598267, -0.0816713585557505, -0.00024421804926610783, 0.09782556682213674, -0.002496464443800639, 0.22095773525929363, 0.06485313477676112, 0.23172025382518768, 0.09156721085309982, 0.6706816341847613, 1732835999.9840198, 
-0.13887375593185425, 0.2854824662208557, -0.13406320405128072, 0.0034304382695207747, 0.10345919872210019, 0.03315740225994994, 0.22883140935486565, 0.07087639667003248, 0.2414233386516571, 0.09951046109199524, 0.6711251076806345, 1732836000.1041896, 
0.37715452909469604, 0.11130130290985107, 0.3342572193296953, -0.0026615064365626013, 0.09995008573899193, -0.026628355712598556, 0.23709343204650637, 0.07719678110510501, 0.2485351264476776, 0.10513552278280258, 0.668907343620292, 1732836000.194905, 
0.09253621101379395, 0.23070895671844482, 0.11279648185075083, -0.03352242481700548, 0.09628802344248626, -0.3481473979682296, 0.24476836493723345, 0.0830991955650361, 0.25668102502822876, 0.11122552305459976, 0.6386380512367942, 1732836000.2942405, 
0.0791846513748169, -0.1367567777633667, 0.08202135693731497, -0.04493668252326855, 0.12987291319220373, -0.3460050399944836, 0.25259624087489174, 0.08905345922953364, 0.2639401853084564, 0.11653111129999161, 0.6060562659667339, 1732836000.38426, 
-0.12933963537216187, -0.097770094871521, -0.11161435158408403, -0.031189916737954803, 0.1195549710560472, -0.2608834786412437, 0.263100223495078, 0.09648154618531575, 0.2734414041042328, 0.12291932851076126, 0.5739518777875086, 1732836000.5041661, 
-0.07037520408630371, -0.16081172227859497, -0.07381866339177862, -0.029134295378480463, 0.13308801148251784, -0.21890999086951932, 0.27327662158595606, 0.1031740919016204, 0.28101202845573425, 0.12757520377635956, 0.5553198165289722, 1732836000.5952249, 
-0.07542937994003296, -0.09940510988235474, -0.07529748075420518, -0.034234909503224706, 0.12096076731215694, -0.2830249035613053, 0.28454450436391593, 0.11017373342734849, 0.2903454899787903, 0.13293899595737457, 0.5300532240745732, 1732836000.6942427, 
0.2366514801979065, -0.03459799289703369, 0.21046382849491163, -0.024931032921344114, 0.10351660795597045, -0.24084089899804512, 0.294857566082352, 0.11626425504902553, 0.29798606038093567, 0.13734376430511475, 0.506260558106122, 1732836000.784448, 
-0.040482282638549805, -0.03592723608016968, -0.01943694984803998, -0.03043862740604543, 0.10269726196909687, -0.2963918104769421, 0.30376032384554436, 0.1211912610956071, 0.308557391166687, 0.142838254570961, 0.4723383751621581, 1732836000.9042006, 
0.5036553144454956, -0.04361605644226074, 0.4597549800614349, -0.03303176913633563, 0.1015191725845176, -0.325374688301717, 0.3128303611595768, 0.1259236679518122, 0.31660181283950806, 0.14693257212638855, 0.44364211658357733, 1732836000.9952292, 
0.043886780738830566, -0.012672603130340576, 0.07875787211951446, -0.0438132330512613, 0.1038270065960927, -0.4219830127791637, 0.3216353563455858, 0.1301865328574739, 0.32620319724082947, 0.15153037011623383, 0.4037036839144524, 1732836001.0933428, 
0.061815738677978516, 0.2292988896369934, 0.06316491879614637, -0.00426402540163117, 0.00978076974363544, -0.4359601047152617, 0.3303454824816624, 0.13404885599815608, 0.33476829528808594, 0.1552124172449112, 0.361212276847244, 1732836001.1857226, 
0.1495923399925232, -0.21079546213150024, 0.14243111109570145, -0.057048303904270695, 0.14492852294498515, -0.3936306169761091, 0.33221056538125604, 0.134787585995965, 0.3452051281929016, 0.15915769338607788, 0.3128762488078997, 1732836001.3031235, 
-0.06606918573379517, -0.18205606937408447, -0.04857799212426939, -0.06303429295817693, 0.14889162027361913, -0.42335688766324386, 0.3458429130832834, 0.13948846300571127, 0.3540869355201721, 0.16208748519420624, 0.2757997903636413, 1732836001.3942742, 
-0.046964943408966064, 0.04365038871765137, -0.04714858570615532, -0.035879222911064566, 0.07651043999329624, -0.4689454525971654, 0.3595860647340991, 0.1436242398198529, 0.36376193165779114, 0.16484281420707703, 0.230848713672107, 1732836001.4923432, 
-0.1567257046699524, -0.09158217906951904, -0.1475008070805427, -0.051320264043268, 0.11176044547346661, -0.459198814266109, 0.3673030345775621, 0.14559303968666176, 0.37219229340553284, 0.16702765226364136, 0.18674612950873162, 1732836001.5845418, 
-0.13743120431900024, 0.11907613277435303, -0.1383151843084669, -0.018901258632912546, 0.04289592771275243, -0.44063060623103006, 0.37784894212542625, 0.1477616251057448, 0.38356390595436096, 0.16892796754837036, 0.13257274838320451, 1732836001.7021267, 
0.251910924911499, -0.044669270515441895, 0.2192074903538539, -0.041523143446228705, 0.09401770630338911, -0.4416523767580139, 0.38255355743144015, 0.1485087837542966, 0.3926120102405548, 0.1701933890581131, 0.0914609971402725, 1732836001.7943063, 
-0.17096787691116333, -0.03932070732116699, -0.13823229258508735, -0.04217147923730401, 0.10177584997016031, -0.41435644359313406, 0.3918204826351437, 0.14956165764662618, 0.4022858440876007, 0.1710122972726822, 0.051821943567895205, 1732836001.8923326, 
-0.18680977821350098, 0.04877734184265137, -0.18274491561970646, -0.029006280877452027, 0.07117571367636934, -0.4075305940638885, 0.4018419538183351, 0.15025563136301565, 0.4135625660419464, 0.17156071960926056, 0.004541243958717483, 1732836002.0046973, 
0.0701339840888977, 0.14830726385116577, 0.048899343548997665, -0.010283060616887479, 0.037070561306648125, -0.27739155422616557, 0.4088553458925504, 0.15045135311338692, 0.4234539866447449, 0.17150644958019257, -0.024866900895161165, 1732836002.1011379, 
0.016730308532714844, -0.09956848621368408, 0.019483445210552928, -0.04006878188871513, 0.11631504783594737, -0.3444849366801515, 0.4131396537379809, 0.150402539699065, 0.43307918310165405, 0.17117838561534882, -0.05536564819042739, 1732836002.1942275, 
0.04396885633468628, 0.1200554370880127, 0.041869353389606435, -0.01595954470371922, 0.055884296249453264, -0.2855819214843447, 0.4242552767689517, 0.1499560643762647, 0.4430570602416992, 0.17052944004535675, -0.0851705497657284, 1732836002.2953515, 
0.20152586698532104, 0.028165340423583984, 0.18814124189657966, -0.01952346921256848, 0.0807346153281914, -0.2418227811355058, 0.4299988923762231, 0.14953061575857304, 0.4535712003707886, 0.169448584318161, -0.11288133033862265, 1732836002.4042842, 
0.15554434061050415, 0.11718952655792236, 0.15825752660825804, -0.014633291853073169, 0.06791163483831528, -0.21547547615238924, 0.4377622825978006, 0.14873395671954925, 0.46287983655929565, 0.16825954616069794, -0.134086211808882, 1732836002.5002139, 
-0.33862167596817017, 0.3022516965866089, -0.29694955670224643, 0.015476499521613446, 0.04392295790706731, 0.35235558484833374, 0.44427462492491504, 0.14791124083819465, 0.47257423400878906, 0.1672937124967575, -0.11759796023759529, 1732836002.5943062, 
-0.20385456085205078, 0.32480913400650024, -0.21155846963713987, 0.10347571847209903, 0.1680043236763435, 0.6159110444767044, 0.4499840234996993, 0.1470952084504704, 0.4819057583808899, 0.16635625064373016, -0.053250922168569026, 1732836002.6953557, 
-0.4072641134262085, -0.22832953929901123, -0.3909462875095967, -0.0013043734254391303, -0.002677487836158954, 0.48716315638256885, 0.4654935403851308, 0.1454650629162367, 0.49067792296409607, 0.16617019474506378, -0.0058572884852933, 1732836002.784133, 
0.8899447917938232, 0.04792088270187378, 0.7825319897262585, 0.02300818471727622, 0.07977677491147664, 0.28840705509600983, 0.46611466690226344, 0.1454333212691854, 0.5019471645355225, 0.16624116897583008, 0.03380638364736825, 1732836002.9000807, 
-0.1558660864830017, -0.05830264091491699, -0.07716115230805454, 0.029259663671322104, 0.08723329455809961, 0.33541853279236655, 0.47361578761817463, 0.1454534750183389, 0.5119872093200684, 0.16671597957611084, 0.06430999770352407, 1732836002.9943902, 
0.07926231622695923, 0.35205262899398804, 0.06620897061319286, 0.08121389140330147, 0.18406126672840956, 0.44123292665988284, 0.4831861998644171, 0.14575605129011632, 0.5219606757164001, 0.16780728101730347, 0.10323256057783259, 1732836003.0944724, 
-0.18644976615905762, 0.003451228141784668, -0.16531711196303198, 0.04489553084487553, 0.08981540341133165, 0.49986449027307084, 0.5007197553578984, 0.1469219318713447, 0.5330598950386047, 0.169071763753891, 0.1581987593752531, 1732836003.204698, 
0.19143790006637573, 0.047210097312927246, 0.16151293954813697, 0.047359894644208575, 0.09558347567187854, 0.4954820308772498, 0.5098071102159347, 0.14793325570670085, 0.5430922508239746, 0.17064499855041504, 0.20780559622546343, 1732836003.306143, 
-0.21120601892471313, 0.19639182090759277, -0.17989555257610293, 0.07950283522521724, 0.15258077526244956, 0.5210540783297688, 0.519693999311544, 0.14953642840668893, 0.5516327619552612, 0.17266212403774261, 0.2526825361358721, 1732836003.3942246, 
0.2056099772453308, 0.11626487970352173, 0.17325264712936536, 0.0678286234668426, 0.12987794767462213, 0.5222489628244731, 0.5343283290385152, 0.15267647262262712, 0.5615166425704956, 0.17536617815494537, 0.3045355254873413, 1732836003.4953644, 
0.15571802854537964, 0.255925714969635, 0.1572101127653904, 0.0990850338332305, 0.1754408867759782, 0.564777319894381, 0.5470848456924082, 0.15610618501189488, 0.5697160363197327, 0.17815275490283966, 0.35179942795740715, 1732836003.5837944, 
0.5435594320297241, 0.21841204166412354, 0.5111239383890331, 0.09404176258237354, 0.17616544318036742, 0.5338263900377366, 0.5636087155286976, 0.1614978582584332, 0.5810426473617554, 0.18248949944972992, 0.4137147374434143, 1732836003.705143, 
-0.44058579206466675, -0.030497491359710693, -0.3608197808714536, 0.03938655346718031, 0.07902823914378715, 0.49838581618298283, 0.579104377402645, 0.16753770928950132, 0.5895238518714905, 0.18635769188404083, 0.45911713788651953, 1732836003.7942338, 
0.03972768783569336, -0.04353070259094238, 0.006123143922893315, 0.029848422644861993, 0.05921803207009414, 0.5040427991516426, 0.5863883612636613, 0.1708306105700681, 0.5984492301940918, 0.19096747040748596, 0.5107312876122949, 1732836003.8943594, 
0.07492321729660034, -0.13255858421325684, 0.06912655255684975, 0.014136488120130719, 0.02884028611131452, 0.49016462824149104, 0.5915064752313696, 0.17346017018664628, 0.6079424619674683, 0.1965588927268982, 0.5672016166323214, 1732836004.0044816, 
-0.055799126625061035, 0.10213738679885864, -0.045258966617514274, 0.053910615641578445, 0.1132114536375904, 0.4761940060778278, 0.5945079484095832, 0.17519725149193924, 0.6164588928222656, 0.20201916992664337, 0.6146457651083412, 1732836004.105394, 
-0.08590638637542725, -0.12437021732330322, -0.08254556792314222, 0.01814685586500249, 0.03772230189747744, 0.481064382399633, 0.603479756142445, 0.18100310491142618, 0.6235193014144897, 0.2071550488471985, 0.6587802056867789, 1732836004.194266, 
0.11436700820922852, 0.035773277282714844, 0.097884798495259, 0.04292780631865639, 0.09051569877986435, 0.4742581330897916, 0.6069169509989079, 0.18346214315058942, 0.6315372586250305, 0.2135612815618515, 0.7081434675562814, 1732836004.294279, 
-0.0518149733543396, 0.2015356421470642, -0.03921505038851825, 0.07248246065543514, 0.15077734678175664, 0.48072513678298245, 0.614316303439325, 0.1893153832161308, 0.6386069059371948, 0.21968841552734375, 0.7537128174671767, 1732836004.3916247, 
0.24268394708633423, -0.08832406997680664, 0.21895861500391373, 0.024682856425205433, 0.05400147397910371, 0.45707745745526607, 0.6251434663164065, 0.198754632945797, 0.6463873982429504, 0.2272292524576187, 0.8057355583955778, 1732836004.500345, 
-0.022210359573364258, -0.046169400215148926, -0.001977170749262236, 0.027472597268882137, 0.06617426006867197, 0.4151553374434803, 0.6290121026280902, 0.20246641656507494, 0.6528843641281128, 0.23427492380142212, 0.8450715943506827, 1732836004.5940173, 
0.4345490336418152, 0.14971894025802612, 0.3979637574031831, 0.04886855527300231, 0.13650266572901917, 0.3580044024196175, 0.6339375230322946, 0.20763807798853703, 0.6592405438423157, 0.24192285537719727, 0.8811497503839669, 1732836004.6937735, 
0.3390958309173584, -0.07951444387435913, 0.3439611595499017, 0.01960673750074616, 0.07330056174088476, 0.2674841370255166, 0.6425218707013732, 0.21743286320128336, 0.6652540564537048, 0.2490948885679245, 0.9075921166309695, 1732836004.7854185, 
0.3818035125732422, -0.14565449953079224, 0.3785953738530378, 0.016012733571629918, 0.061630695005141206, 0.2598175076606575, 0.6468616717894173, 0.22275425500976426, 0.6724603772163391, 0.25854527950286865, 0.9401866218006817, 1732836004.9054875, 
0.14079177379608154, -0.032227277755737305, 0.16074227465294186, 0.014190521744667096, 0.08927176579120959, 0.15895867656360851, 0.6505947545821092, 0.22758388762202858, 0.6775528788566589, 0.2661683261394501, 0.9540699298198146, 1732836004.994463, 
-0.011618852615356445, -0.38300156593322754, 0.0028024361906523187, 0.0033614854890111324, 0.043289011942678826, 0.07765216479096926, 0.6555724765157087, 0.2343703290118045, 0.6831027269363403, 0.27445971965789795, 0.9667350026491295, 1732836005.094504, 
0.00711435079574585, -0.35190868377685547, 0.006766458493121281, 0.003105080888329135, 0.06323768763832471, 0.04910174619426351, 0.6581919151645279, 0.23805647800900018, 0.6880149245262146, 0.2817598879337311, 0.9753896617822032, 1732836005.1857185, 
0.13249129056930542, 0.1171618103981018, 0.12196871236437418, 0.004053477215673252, 0.10456181543980868, 0.03876632400292101, 0.6620446601907836, 0.24356593105224203, 0.6945525407791138, 0.29168492555618286, 0.9798231374727978, 1732836005.304288, 
-0.061289191246032715, -0.17422401905059814, -0.04592149413034047, 0.0010350217442007489, 0.0991209172518267, 0.010442011362457145, 0.667865665640049, 0.2519769621868523, 0.6995564699172974, 0.29943421483039856, 0.9811284074267395, 1732836005.3943024, 
-0.10752159357070923, -0.11820966005325317, -0.10234506861152357, 0.0015186089724634755, 0.1039821812746384, 0.01460451159850663, 0.6735230724257484, 0.26021494941173456, 0.7054129242897034, 0.308095782995224, 0.9824690963149592, 1732836005.4943557, 
0.056907594203948975, -0.07199931144714355, 0.043544652031486275, -0.0005410874898468355, 0.09719710323818787, -0.0055669096281693205, 0.6794208514470911, 0.26882256228387447, 0.7105723023414612, 0.3157116174697876, 0.9836147197960633, 1732836005.5847452, 
0.2096880078315735, -0.019556879997253418, 0.19574424412913397, -0.003671340306785415, 0.10146281086817366, -0.03618409814760043, 0.6848915425531699, 0.2768286542176512, 0.7173136472702026, 0.32588857412338257, 0.9797711731421205, 1732836005.7052555, 
-0.15221542119979858, -0.21831941604614258, -0.12302129738019499, -0.0037336104292920625, 0.10882445641848928, -0.034308560338076007, 0.6905714118505678, 0.2851264803363826, 0.7223434448242188, 0.33347705006599426, 0.9780862608412415, 1732836005.7952938, 
-0.14822101593017578, 0.005599260330200195, -0.14610315865653487, -0.010437341798517437, 0.1006168299417374, -0.10373355833771769, 0.6967920837955138, 0.29414345589737184, 0.7281253933906555, 0.34200209379196167, 0.9694412361932355, 1732836005.8943439, 
0.32065320014953613, -0.22981351613998413, 0.28150041908358103, -0.020508590200824066, 0.11443969784256305, -0.1792087063095722, 0.7026502191040681, 0.30256138213785244, 0.7332585453987122, 0.3490753769874573, 0.9554350725730363, 1732836005.9840076, 
-0.0032764077186584473, -0.3718525171279907, 0.020636079517578676, -0.022311850259603517, 0.1600777973957086, -0.1393812922378557, 0.709396973809478, 0.3120338729501608, 0.7400767803192139, 0.358540803194046, 0.9422220255961237, 1732836006.1041772, 
-0.05376911163330078, -0.15935766696929932, -0.047554553573245284, -0.012355605218207878, 0.11998814504845592, -0.1029735497054163, 0.7186886260323708, 0.324604708369952, 0.7454649209976196, 0.36557647585868835, 0.934262382354242, 1732836006.195328, 
-0.10156792402267456, -0.0887448787689209, -0.09703961205588549, -0.012112648065362703, 0.1084545745852118, -0.11168406783842856, 0.7259149459184002, 0.3341079186821345, 0.7514089941978455, 0.3735417127609253, 0.9245546261854887, 1732836006.2943206, 
0.0020282864570617676, -0.44275999069213867, -0.0062551583318069814, -0.01900292454314349, 0.14228645286018066, -0.13355399731425535, 0.732807125858441, 0.3429796791370498, 0.7568591237068176, 0.38066738843917847, 0.9154394662073786, 1732836006.384648, 
0.06844121217727661, -0.12488329410552979, 0.06215690167352676, -0.013534537140906626, 0.12001809665027315, -0.11277080305935533, 0.7415386646874872, 0.3539589174028905, 0.7643504738807678, 0.39021000266075134, 0.9047207134371699, 1732836006.5041773, 
-0.17842787504196167, -0.1546514630317688, -0.15824328194463572, -0.01699478731849855, 0.11679848924798325, -0.14550519812303137, 0.7490853512375247, 0.3631953052562485, 0.7701950669288635, 0.3972606062889099, 0.8929154414949348, 1732836006.5952864, 
0.002375960350036621, 0.21629375219345093, -0.011128090922866624, -0.006451627570246614, 0.06723800468999307, -0.09595209732936648, 0.7563792066340586, 0.37191515124907804, 0.776439368724823, 0.40488624572753906, 0.8806417893000429, 1732836006.6943033, 
-0.07986807823181152, -0.08797192573547363, -0.07407217430428967, -0.007302883295843873, 0.10397899203908248, -0.07023421897664622, 0.760993255787886, 0.37727658330846425, 0.7823188900947571, 0.4119631350040436, 0.8729093240608593, 1732836006.7844791, 
0.062268853187561035, -0.2543923258781433, 0.05084046144201901, -0.011713060680799902, 0.11647381969913481, -0.10056389247863663, 0.7679641092352669, 0.38522334989290546, 0.7900151610374451, 0.4210493564605713, 0.8643358410294394, 1732836006.9041817, 
-0.0716094970703125, -0.15067005157470703, -0.06133725854909568, -0.00788201711612947, 0.11527152216745003, -0.06837783494070288, 0.7756733862180546, 0.3938841560822421, 0.7962595224380493, 0.4279051423072815, 0.8587972868652143, 1732836006.9962864, 
-0.0033756494522094727, 0.12219399213790894, -0.008250358941654226, -0.005398129016910814, 0.09473776820186017, -0.056979693731109254, 0.783355152913094, 0.40234586412768425, 0.802649199962616, 0.4353123605251312, 0.851907242968768, 1732836007.0933344, 
0.020865023136138916, 0.03222256898880005, 0.018423052258178085, -0.006738055106790964, 0.0961078628997507, -0.07010930119026132, 0.7897739315279428, 0.4093209428291661, 0.8085935711860657, 0.442004919052124, 0.8455822562885414, 1732836007.1855288, 
-0.08628493547439575, -0.022573888301849365, -0.0774941168119753, -0.007306491280032286, 0.10236024670280536, -0.071380164813847, 0.7963481955512912, 0.4163823822162004, 0.8165416121482849, 0.4509594142436981, 0.8373164502439052, 1732836007.303265, 
0.16885489225387573, -0.06748586893081665, 0.14818795475690874, -0.0050150647545260775, 0.10602530739022442, -0.047300638667975875, 0.8034368346943321, 0.4238903507251875, 0.822737991809845, 0.4578622877597809, 0.8335830797494833, 1732836007.3952863, 
-0.26390546560287476, 0.004008889198303223, -0.22933524854444345, -0.00615502695724516, 0.09961816839472182, -0.061786188768867975, 0.8106500621422587, 0.4314244651735886, 0.8290844559669495, 0.46500712633132935, 0.8274116954830428, 1732836007.4923284, 
0.09743547439575195, -0.07461804151535034, 0.07002954099200623, -0.004958732408816814, 0.10276181514954091, -0.04825462066430779, 0.8177379050216073, 0.4387565548444582, 0.8366548418998718, 0.4731634259223938, 0.8238177295695001, 1732836007.6038768, 
-0.021236300468444824, 0.05086076259613037, -0.013583529711199277, -0.0033774560441206967, 0.10019627613426615, -0.03370839889892514, 0.8248657009953263, 0.4460408418086867, 0.8433552384376526, 0.4803085923194885, 0.8204228658908268, 1732836007.7022965, 
-0.06819629669189453, 0.10574209690093994, -0.06361367966214138, -0.0015298032691601052, 0.0977168246048359, -0.015655474636497725, 0.83189613669603, 0.4531586148801963, 0.8497373461723328, 0.48715347051620483, 0.8186832097579432, 1732836007.79436, 
-0.04026472568511963, 0.3345533609390259, -0.04222515984807385, 0.000827415142887427, 0.09015585210923895, 0.009177608813290064, 0.8387737717617784, 0.4600772826808095, 0.8561381101608276, 0.49419915676116943, 0.8168143981849441, 1732836007.8923178, 
-0.06733667850494385, -0.07877868413925171, -0.06522033060847048, -0.0025036460259092682, 0.09826681610813306, -0.02547804157157437, 0.8452741970552261, 0.46659838435399126, 0.8623155355453491, 0.5009308457374573, 0.8150361658581561, 1732836007.984385, 
0.032615721225738525, -0.489402711391449, 0.02441864049343455, -0.007892759753840139, 0.11153656249737967, -0.07076387847281526, 0.8522725794882611, 0.47362742519283657, 0.870172381401062, 0.5093846321105957, 0.8121619806961583, 1732836008.1011949, 
0.03513461351394653, -0.35916203260421753, 0.03424382426008879, -0.004765340985887994, 0.12606437174518229, -0.037800854594510824, 0.8602377452296397, 0.4815817026140404, 0.8766804337501526, 0.5162341594696045, 0.8124983971364308, 1732836008.1942818, 
0.02636617422103882, -0.3134274482727051, 0.027009469725706375, -0.003734757895104317, 0.10433423645631675, -0.035796091694867645, 0.8690593099834157, 0.4902720178065042, 0.8833279609680176, 0.5233892202377319, 0.8123438156774287, 1732836008.2953296, 
0.010553717613220215, 0.3557013273239136, 0.01192428190082609, 0.0017233100141120737, 0.09223503683945326, 0.018683897932536338, 0.8764212051448513, 0.4974706934566868, 0.8897087574005127, 0.5298694372177124, 0.8131903828935768, 1732836008.3845456, 
0.23579245805740356, 0.062029123306274414, 0.21701007917265971, 0.0012828790565212553, 0.10176996501744569, 0.012605674535717298, 0.8831038234572519, 0.5039643413239165, 0.8976747393608093, 0.5383946299552917, 0.8122460071260874, 1732836008.5012937, 
-0.17741084098815918, 0.5495232343673706, -0.14431922487431917, 0.006628443695377016, 0.10860934557888693, 0.061030141191326256, 0.8902860261129623, 0.5109695380965014, 0.9039210677146912, 0.5452792048454285, 0.8127521499693838, 1732836008.5954235, 
0.1080937385559082, 0.10404723882675171, 0.08691864013205558, 0.0020323702455413, 0.10665334430601192, 0.01905585107308011, 0.8981215015587595, 0.5186366924855674, 0.9106947183609009, 0.5525505542755127, 0.8129561805102113, 1732836008.6955378, 
-0.04213219881057739, 0.07724142074584961, -0.03131214401433638, 0.0009096004817061475, 0.10034731163650384, 0.00906452267501761, 0.9056097952973515, 0.5260489916414937, 0.9166287779808044, 0.5591614842414856, 0.8116854234201802, 1732836008.7854962, 
0.10127097368240356, -0.2675941586494446, 0.09014276452105247, -0.0033761107962729867, 0.09570861058906568, -0.03527489089533072, 0.9127116636579893, 0.5331038878133505, 0.9245592355728149, 0.5674954056739807, 0.8105862273788204, 1732836008.9002452, 
-0.12871265411376953, -0.22529548406600952, -0.11034470007360087, -0.0020908705451063952, 0.1052163157519696, -0.019872113275998783, 0.9195105698279535, 0.5398652996561525, 0.9308419823646545, 0.574288010597229, 0.8107262130944453, 1732836008.9944046, 
0.16603177785873413, -0.4267893433570862, 0.14284632007126075, -0.00246427025877852, 0.10773227967818146, -0.02287401943168569, 0.9270906701608862, 0.5473525154809903, 0.9377718567848206, 0.5816094279289246, 0.8125924991870159, 1732836009.0944328, 
-0.17419689893722534, -0.2100391387939453, -0.1475979458593809, -0.0006708141171419117, 0.10907353753929766, -0.006150108745672862, 0.9346824813703846, 0.5548212580869589, 0.9441792368888855, 0.5881295800209045, 0.8132940326823965, 1732836009.1853516, 
-0.1750885248184204, -0.2733331322669983, -0.1727780932373258, -0.002455382871455859, 0.09891709865793963, -0.024822633344177416, 0.9425054357473606, 0.5624842581076197, 0.9525670409202576, 0.5971304774284363, 0.813447988947201, 1732836009.3062572, 
-0.011602222919464111, 0.01817941665649414, -0.025118406537832066, 0.0018011437214207522, 0.09662872557226669, 0.018639837281862037, 0.9496667010547971, 0.5694888171498398, 0.9585597515106201, 0.6036997437477112, 0.8144950247313425, 1732836009.3953376, 
0.15300756692886353, 0.37509310245513916, 0.1380659722348422, 0.003619626629821942, 0.10504493278311924, 0.03445788896162364, 0.9566668279604685, 0.576306916824994, 0.9652868509292603, 0.610994815826416, 0.8152221954860335, 1732836009.4944382, 
0.1350376009941101, 0.27279025316238403, 0.13528599412732845, 0.004648673391787076, 0.11070972317310361, 0.04198974813186461, 0.9641218250238313, 0.5835972436866024, 0.9728695750236511, 0.619150698184967, 0.8161045809577571, 1732836009.6047068, 
-0.08188831806182861, 0.25804829597473145, -0.06367098635284915, 0.004889359252833751, 0.11125799331301467, 0.043946139124386004, 0.9719285185095939, 0.591285291276906, 0.9797673225402832, 0.6265712976455688, 0.8169295148954024, 1732836009.7052884, 
0.18896746635437012, -0.26653313636779785, 0.1677512570337252, 0.0001005171402026346, 0.08650989139231097, 0.0011619149970585746, 0.9799052963671607, 0.5992067890842768, 0.9859330654144287, 0.6335131525993347, 0.8190241863141554, 1732836009.7992947, 
0.7365543246269226, -0.4179607629776001, 0.6888153702230854, -0.002108106441279851, 0.10006080958675717, -0.021068252895275936, 0.9858037406806046, 0.6051129685980651, 0.9922363758087158, 0.6403402090072632, 0.8200891679752286, 1732836009.890449, 
-0.3193178176879883, -0.17519205808639526, -0.23474453108864024, -0.037816452406833664, 0.11950185017309539, -0.31645076918941, 0.9926085863590192, 0.6119224705868113, 1.0005236864089966, 0.6488577723503113, 0.7948303741870735, 1732836010.0005798, 
-0.11801785230636597, 0.1955896019935608, -0.12785775038036373, -0.011246051101724303, 0.03469034330208743, -0.3241839091585926, 1.000706575484435, 0.6199522699979821, 1.0073130130767822, 0.6557592153549194, 0.7583435917240625, 1732836010.1013854, 
-0.08512210845947266, 0.001184999942779541, -0.08866427494250717, -0.01743323871540011, 0.08470040761395785, -0.20582237094839287, 1.0036471379731415, 0.6226911040653219, 1.0140025615692139, 0.6619129776954651, 0.7352383453982486, 1732836010.1978805, 
0.2965220808982849, 0.08176392316818237, 0.26419704005295347, -0.017042159454717414, 0.07865425222959523, -0.21667181330477342, 1.0100296260231796, 0.6282680674574822, 1.0212668180465698, 0.6680344939231873, 0.714420559221138, 1732836010.2938347, 
0.17829692363739014, 0.23794418573379517, 0.18546619366142564, -0.010813558823530158, 0.048752955623270755, -0.22180314373327206, 1.0156778030258475, 0.6329998227174997, 1.0283663272857666, 0.673957109451294, 0.6911678152212981, 1732836010.3906255, 
-0.3929353952407837, 0.07113093137741089, -0.34438688321349925, -0.019885397523205867, 0.07530048126625404, -0.2640806166018161, 1.0195670624742394, 0.6361178796907415, 1.0368015766143799, 0.6807358264923096, 0.661720758644179, 1732836010.4995654, 
-0.24699705839157104, -0.07287770509719849, -0.2551200927725281, -0.012042037149667567, 0.1121109557546056, -0.10741177852435596, 1.0260384351136786, 0.6410727675801965, 1.044912338256836, 0.6866410970687866, 0.6490242666552881, 1732836010.5944142, 
0.3780238628387451, -0.04250800609588623, 0.3248952475689483, -0.006859857642521866, 0.09830466924663749, -0.06978160544247503, 1.035243566212329, 0.6477600649866613, 1.0524860620498657, 0.692413866519928, 0.6393635027034605, 1732836010.6943848, 
-0.12310820817947388, 0.05403715372085571, -0.08553154237977134, -0.012039634251808628, 0.09872116195149913, -0.1219559617594817, 1.0429748539985286, 0.6532524469938439, 1.0597236156463623, 0.6977976560592651, 0.6273545816710575, 1732836010.7852473, 
0.08556753396987915, -0.2966410517692566, 0.07123573115446025, -0.014751066976173493, 0.1293595200523806, -0.11403155307162899, 1.051356044112154, 0.6591150871027416, 1.069726586341858, 0.704869270324707, 0.616945193580306, 1732836010.905453, 
-0.03939884901046753, -0.10185277462005615, -0.030131731572153417, -0.008164999517500396, 0.11117712464503764, -0.07344136254260322, 1.0618637749744404, 0.6662767277622563, 1.0771653652191162, 0.7098723649978638, 0.6112033617427204, 1732836010.995382, 
-0.06642448902130127, -0.23380613327026367, -0.06337545434037468, -0.007586256233605802, 0.11258899965445439, -0.06738008381714639, 1.0711611911627397, 0.6724642480146231, 1.0852525234222412, 0.7154046893119812, 0.6062221377424394, 1732836011.0955203, 
0.172796368598938, -0.010592281818389893, 0.15297296384024828, -0.003552569392611569, 0.10273196710062954, -0.03458095364933199, 1.0805525982476323, 0.6786161489395917, 1.0927200317382812, 0.7206776738166809, 0.6023125111124287, 1732836011.184839, 
0.08944499492645264, 0.002949357032775879, 0.09476492412872266, -0.0020011295299362766, 0.10146153529383785, -0.019723036164797845, 1.0890415343637496, 0.6840987345926811, 1.1026127338409424, 0.7276060581207275, 0.5991591806022986, 1732836011.3053603, 
0.5270065069198608, -0.016246318817138672, 0.49072126292967944, -0.00030894440035413186, 0.09819309583422725, -0.0031462945304800427, 1.0974650836583775, 0.6894996218028947, 1.1100366115570068, 0.7328445911407471, 0.5988711277620056, 1732836011.3953524, 
0.12103825807571411, 0.06267797946929932, 0.1520358146680701, -0.029065587833459566, 0.10717428657689568, -0.27119926581088566, 1.1054479839812104, 0.6945947228199559, 1.118727684020996, 0.7387551069259644, 0.5800410364763453, 1732836011.4954562, 
-0.2018967866897583, 0.12207692861557007, -0.1722339308085678, -0.021200592681504874, 0.0642573314562376, -0.3299326660638486, 1.1140707542550958, 0.7000670468245304, 1.1261972188949585, 0.743451714515686, 0.548993601449465, 1732836011.5852482, 
0.1699693202972412, -0.21748346090316772, 0.14131744797818802, -0.028334915051389457, 0.14256080392735865, -0.19875670079573493, 1.1202949302236433, 0.7037833296451184, 1.135799765586853, 0.7491645812988281, 0.5195958279823742, 1732836011.7053292, 
-0.28591388463974, -0.12949872016906738, -0.2500835164123054, -0.02610179971484816, 0.12118562184869783, -0.21538693548510787, 1.132537842378396, 0.7105685944211702, 1.1435232162475586, 0.753158688545227, 0.501929661202452, 1732836011.7953591, 
0.21103250980377197, 0.051492154598236084, 0.1723223227346652, -0.0172391550358102, 0.08115798768461387, -0.2124147668964252, 1.1431102821075578, 0.71615442420762, 1.1524648666381836, 0.7577473521232605, 0.48010254182880685, 1732836011.8944619, 
-0.1973291039466858, -0.06712007522583008, -0.16629527965742902, -0.04232452906176727, 0.1129428791852886, -0.374742784733969, 1.1504704409032414, 0.7198419686435293, 1.1609622240066528, 0.7621893882751465, 0.45060378574642457, 1732836011.985379, 
-0.30080270767211914, -0.2567651867866516, -0.2894697899998321, -0.08143739314179108, 0.15850159669078123, -0.5137954117942816, 1.1611557031953863, 0.7248965768260421, 1.1719810962677002, 0.7672325372695923, 0.3931890242493343, 1732836012.1052349, 
0.15777891874313354, -0.010482192039489746, 0.12021560133519371, -0.03707400730883573, 0.09121347915163397, -0.4064531651862947, 1.1754581658186884, 0.7309973812805418, 1.179710030555725, 0.7705343961715698, 0.3548360986781755, 1732836012.195371, 
0.12316590547561646, 0.16717201471328735, 0.12286721186246768, -0.011057173436350985, 0.03247211656474677, -0.3405128647621068, 1.1835515543064132, 0.7339751685636141, 1.1890418529510498, 0.7739138603210449, 0.3199066911832166, 1732836012.295449, 
0.11102092266082764, -0.23508292436599731, 0.1120933662354247, -0.04883502088837296, 0.15404814304464193, -0.31701142203461, 1.1874716571456174, 0.735245345094557, 1.198033094406128, 0.7766996622085571, 0.29013072843291254, 1732836012.3855925, 
-0.27639448642730713, 0.014819502830505371, -0.24384448213081195, -0.03881669609738934, 0.0894591465021334, -0.43390416313063807, 1.2017135169885251, 0.7393195269061442, 1.2095242738723755, 0.7800377607345581, 0.24363644589995334, 1732836012.50441, 
0.13093507289886475, 0.13389956951141357, 0.09946426821087095, -0.0169345431708478, 0.04110537607773697, -0.41197879174786817, 1.2101679520766755, 0.7414419661873424, 1.218524694442749, 0.7823404669761658, 0.20362625190482703, 1732836012.5953612, 
-0.07111257314682007, 0.11217206716537476, -0.05679598207523481, -0.019520010438587056, 0.05225261360682856, -0.37357003011302214, 1.2142261706490587, 0.7422770988325375, 1.2286125421524048, 0.7844328880310059, 0.16529451446272744, 1732836012.6944673, 
-0.20109575986862183, -0.21115469932556152, -0.18891176889377947, -0.05397608549826916, 0.14921008257990204, -0.36174556414017767, 1.2201957439906885, 0.7432555591235815, 1.2374600172042847, 0.7859365344047546, 0.13299539481392889, 1732836012.7860577, 
-0.355211079120636, 0.10744762420654297, -0.34130205584919554, -0.02196850796117771, 0.06347627765576308, -0.3460900476917484, 1.2344634234151193, 0.7450435245407965, 1.2495721578598022, 0.7874397039413452, 0.09034379539539493, 1732836012.9033246, 
0.028498351573944092, 0.16375386714935303, -0.002529536143135669, -0.013840433524230974, 0.04004783226486697, -0.34559757024284343, 1.240910300437439, 0.7456173312341153, 1.259194016456604, 0.7883947491645813, 0.056219776560821784, 1732836012.9963553, 
0.4295375943183899, -0.011294007301330566, 0.3933090932669373, -0.023151140848574007, 0.08641763176384129, -0.2678983487055111, 1.2452573242333513, 0.7458529431540485, 1.268323540687561, 0.7887369394302368, 0.02881540735629592, 1732836013.0934696, 
-0.052720487117767334, -0.18234002590179443, -0.015276702234989059, -0.041882329218857206, 0.1402837018301705, -0.29855449116648325, 1.2540384220724328, 0.7460303681735218, 1.2775721549987793, 0.7888472080230713, 0.003284993108553276, 1732836013.1851, 
-0.17554885149002075, 0.18656080961227417, -0.1621629467148796, -0.01109595868938683, 0.0471957255118821, -0.23510516194084752, 1.2672586743559904, 0.7459383599889158, 1.2893058061599731, 0.7885994911193848, -0.02874738719540501, 1732836013.3032658, 
0.07223635911941528, 0.21687734127044678, 0.05257465675149109, -0.007309934851146508, 0.045832031596972814, -0.15949401753400183, 1.27210858922813, 0.7457639808243058, 1.2984298467636108, 0.7882246375083923, -0.04523207771653179, 1732836013.3954024, 
-0.05817592144012451, -0.006580710411071777, -0.048851253067988126, -0.017978200050863223, 0.09299512428505548, -0.19332411445308814, 1.277053480087236, 0.7454729897543183, 1.3078769445419312, 0.7877414226531982, -0.06373152163242402, 1732836013.493375, 
0.09348273277282715, -0.03858315944671631, 0.0815440555630359, -0.01749977987321669, 0.0977190353783263, -0.17908260970306378, 1.2863949627978322, 0.7447697547498675, 1.3165481090545654, 0.7869293093681335, -0.08027580481445845, 1732836013.5853963, 
-0.27471524477005005, 0.05226433277130127, -0.24482387155918434, -0.004693983659601308, 0.094849672185123, -0.04948866507877664, 1.2960799198503716, 0.743854313581015, 1.3282766342163086, 0.785767674446106, -0.09094572755535313, 1732836013.7022514, 
-0.06615060567855835, 0.1160551905632019, -0.0811331104791351, -0.002214698479181166, 0.08827833191769505, -0.025087679287438353, 1.3056846468928767, 0.7427832622482373, 1.3374706506729126, 0.7848848700523376, -0.094448157744818, 1732836013.7954059, 
0.035538315773010254, 0.048450469970703125, 0.025757303909001245, -0.00518188117971375, 0.09534201885010735, -0.05435044529380569, 1.3145567385957637, 0.7417507851167536, 1.3472778797149658, 0.7839600443840027, -0.09963837903701796, 1732836013.8963916, 
0.015096545219421387, 0.19912058115005493, 0.015982344271670557, -0.0009963653666741547, 0.0853397823688008, -0.01167527428612724, 1.3239062061201134, 0.740636998680656, 1.3560243844985962, 0.7830727696418762, -0.10354730653519033, 1732836013.985529, 
-0.05589538812637329, -0.36664897203445435, -0.049847802528388455, -0.00688675804258279, 0.10836469644812821, -0.0635516756684621, 1.3325676042641823, 0.7395602795836596, 1.3677003383636475, 0.7819279432296753, -0.10571907169727504, 1732836014.1013339, 
-0.04223287105560303, 0.1510385274887085, -0.04288238507078065, -0.0009840850756237687, 0.0886706081523362, -0.011098210513376762, 1.3431827526887044, 0.7382238187940207, 1.3770973682403564, 0.7809117436408997, -0.10684728883346997, 1732836014.1953971, 
0.0014364123344421387, -0.2585541605949402, -0.0022713978080198885, 0.04751667196063811, 0.10104178482965451, 0.47026754367755935, 1.3521673851287912, 0.7370423009627374, 1.387086033821106, 0.7802782654762268, -0.07300411863989177, 1732836014.2954319, 
0.6862216591835022, 0.09513628482818604, 0.6284478186173457, 0.06414118090221488, 0.11274575480518759, 0.5689010731538751, 1.3622328806788853, 0.7357486921166198, 1.3958820104599, 0.7798832058906555, -0.01940036530115051, 1732836014.3856618, 
0.32686710357666016, 0.03593742847442627, 0.3521233980056694, 0.04361638432159701, 0.10058278556881979, 0.43363667127467076, 1.3729520032586238, 0.7348895068133594, 1.4070926904678345, 0.7799977660179138, 0.03309150009840151, 1732836014.5013535, 
-0.06896644830703735, 0.06058335304260254, -0.03364495357219832, 0.045392266673458546, 0.10987866472545947, 0.4131126528236825, 1.3828726664612643, 0.734647942430881, 1.4164382219314575, 0.7805116176605225, 0.07156728696875425, 1732836014.595419, 
-0.1847798228263855, 0.19263207912445068, -0.17206880697204516, 0.07519878316588018, 0.1436953081337505, 0.5233210752844186, 1.3941349297387553, 0.734860971873563, 1.426379680633545, 0.7814422249794006, 0.12036946975910501, 1732836014.695426, 
0.12089282274246216, -0.0766419768333435, 0.0962557099229783, 0.027658680264721406, 0.0564740310581006, 0.4897592707038408, 1.4078723444254548, 0.7357048543016651, 1.4372949600219727, 0.7830525040626526, 0.1766910982353521, 1732836014.805024, 
-0.1807020902633667, 0.08082252740859985, -0.1574267050557048, 0.04029501208256188, 0.11032942109142839, 0.3652245401448267, 1.413888434777769, 0.7363857531804173, 1.4469810724258423, 0.7850250601768494, 0.2120037276328716, 1732836014.9002688, 
0.06078994274139404, 0.15931856632232666, 0.04250208979493497, 0.04962259427171928, 0.13100270497956035, 0.37879060802188497, 1.4250219618790327, 0.7381930139129124, 1.4556702375411987, 0.787171483039856, 0.24596425342305778, 1732836014.995396, 
-0.17353469133377075, 0.07308423519134521, -0.15541892897840578, 0.04260384358485521, 0.11389327458890422, 0.3740681242034092, 1.4377270397548234, 0.7407369771769537, 1.4653465747833252, 0.7899050712585449, 0.2827723152612705, 1732836015.0954685, 
0.3462396264076233, 0.04931998252868652, 0.304146735525044, 0.03441146931305947, 0.11142897406304976, 0.3088197625654209, 1.448889579593296, 0.7434142933595752, 1.4737555980682373, 0.792650043964386, 0.3123906316591859, 1732836015.184931, 
0.3625072240829468, -0.49887990951538086, 0.35748326571583766, -0.008213126717187812, -0.0342557293490206, 0.2397592132255281, 1.458260543319159, 0.7460344206672819, 1.4850358963012695, 0.7965772747993469, 0.34726257438304214, 1732836015.3063447, 
0.01597839593887329, 0.15648877620697021, 0.044726544442794836, 0.0064307440646240305, 0.1240520589086053, 0.05183907563647813, 1.456043314678671, 0.745339535627228, 1.494078278541565, 0.7998651266098022, 0.3552567793782765, 1732836015.3953493, 
-0.06348884105682373, 0.13165134191513062, -0.05442074111300044, 0.002082976746412472, 0.10889251719254597, 0.019128740891619853, 1.4676463274236653, 0.7492466441230846, 1.5034852027893066, 0.8036368489265442, 0.3587457693443081, 1732836015.4954152, 
-0.22986239194869995, -0.09825927019119263, -0.21514578385990796, 0.0008053933742389008, 0.0929266629751378, 0.008666978329506796, 1.4778663406624468, 0.752743686936983, 1.5134161710739136, 0.8073935508728027, 0.3620779864825574, 1732836015.605297, 
0.1574379801750183, -0.04141432046890259, 0.12618695496325716, 0.0026282213800238176, 0.09729408418277019, 0.027013167368805442, 1.486850920783249, 0.755836416804561, 1.5226037502288818, 0.8112994432449341, 0.36712119301977547, 1732836015.7062736, 
0.28181493282318115, -0.5452888607978821, 0.2687391296727476, -0.0026703330214112686, 0.08930374929155245, -0.02990168993569752, 1.4958599640492132, 0.7589474043151191, 1.5313067436218262, 0.8146426677703857, 0.36959112467512506, 1732836015.7954063, 
-0.0738556981086731, -0.14668887853622437, -0.045106781227135406, -0.019548888967407196, 0.11112341264477026, -0.17592052387645257, 1.5042798970105709, 0.761874843676326, 1.541403889656067, 0.8182407021522522, 0.3582375568968697, 1732836015.895404, 
-0.20765727758407593, 0.26380616426467896, -0.19405216363774314, -0.010910252543420807, 0.054334393947378976, -0.20079827436719028, 1.5143521708313603, 0.7653290610772547, 1.5494155883789062, 0.8211637735366821, 0.3370895196014941, 1732836015.9847538, 
0.1722041368484497, -0.05050528049468994, 0.14151119857101113, -0.01767364465521585, 0.09891612804438094, -0.1786730334540205, 1.520041687076493, 0.7671687654298865, 1.5602333545684814, 0.824666440486908, 0.312829709593166, 1732836016.1055126, 
-0.15542376041412354, -0.11906075477600098, -0.13049779598161043, -0.021421168074313615, 0.12078027246452935, -0.17735651391749066, 1.529638712496109, 0.770061356816209, 1.5693341493606567, 0.8273257613182068, 0.29791613591433946, 1732836016.1984458, 
0.16176027059555054, -0.058258235454559326, 0.1372283986962078, -0.014508142457196333, 0.10230443740607587, -0.14181342300539052, 1.5411515558255768, 0.7733073344315654, 1.5778746604919434, 0.8297054767608643, 0.28469544036572797, 1732836016.2909079, 
0.05383056402206421, 0.1617659330368042, 0.06080099818949977, -0.019021833467820107, 0.0753179288547449, -0.25255385745543857, 1.5506811237446703, 0.7758148539016118, 1.5869548320770264, 0.8323140740394592, 0.2613233278183757, 1732836016.3865278, 
0.09969276189804077, 0.22506916522979736, 0.09640037553980521, -0.010271654050243644, 0.04144922707077553, -0.247812921401515, 1.5576451992170686, 0.7775353346769698, 1.5985150337219238, 0.8351140022277832, 0.22914118828912616, 1732836016.5056589, 
0.6330376863479614, -0.038033902645111084, 0.5880304864267019, -0.021953211706146964, 0.09396727923184994, -0.23362612906968136, 1.562020581212804, 0.7785009062418047, 1.6067430973052979, 0.8368938565254211, 0.20742475565285626, 1732836016.5955865, 
0.4307060241699219, -0.3087018132209778, 0.4439303795942503, -0.051286335545103326, 0.18193402002184342, -0.2818952471832688, 1.5714969907433447, 0.7803472857873669, 1.6170850992202759, 0.8387953042984009, 0.1816099041673533, 1732836016.6949046, 
-0.27160096168518066, 0.03665667772293091, -0.21164532957503457, -0.017341106876717954, 0.09171065528038042, -0.1890849740818254, 1.5883428811108642, 0.7832139917729644, 1.6257416009902954, 0.8401263952255249, 0.16103070561633948, 1732836016.7849305, 
-0.05952638387680054, 0.292182981967926, -0.07231306187415773, -0.00581211275795522, 0.04267344274946739, -0.1361997622755141, 1.5971956847380389, 0.7844725663655564, 1.6368408203125, 0.8416796922683716, 0.1425351535776058, 1732836016.9055371, 
-0.03026282787322998, 0.02401667833328247, -0.03375257729437386, -0.017441518650779142, 0.0901479084890462, -0.19347668673753476, 1.6019458196450198, 0.7850593058091567, 1.6457632780075073, 0.8427953124046326, 0.12349888606253022, 1732836016.9955711, 
-0.1555197834968567, 0.059646666049957275, -0.14530378020680645, -0.019352524680066825, 0.08196642436425772, -0.23610307305909134, 1.6108074272926958, 0.7860243756970366, 1.6554436683654785, 0.8437647819519043, 0.0988824571025661, 1732836017.0957, 
0.11278682947158813, 0.0699763298034668, 0.09113325981584461, -0.013082945625273484, 0.077257094556448, -0.16934296714607114, 1.619024774034138, 0.7867575448724151, 1.6642420291900635, 0.844514787197113, 0.08180430520995256, 1732836017.185678, 
-0.0464632511138916, -0.08829611539840698, -0.03489695924942576, -0.018186215424480828, 0.11224027456782369, -0.16202932053138733, 1.6269720332903004, 0.787283248523294, 1.6762657165527344, 0.8452067971229553, 0.06312777428067759, 1732836017.3053837, 
0.009206891059875488, 0.014587640762329102, 0.005496188152541617, -0.01600956153769017, 0.0957119144162007, -0.16726821979626297, 1.6380608967385877, 0.7878280719811219, 1.6852431297302246, 0.8455269932746887, 0.04801578400862276, 1732836017.396523, 
-0.2550881505012512, 0.09634506702423096, -0.2332305174653519, -0.009904296991523067, 0.07927451865443182, -0.12493670298645668, 1.6475040433518247, 0.788138721006314, 1.6951559782028198, 0.8457953929901123, 0.03435205576550993, 1732836017.4955456, 
0.13913679122924805, 0.05493760108947754, 0.10790976119955031, -0.01104055791222203, 0.0899658724448991, -0.12271940028130088, 1.6557142523225736, 0.7882746883276529, 1.7039626836776733, 0.8460755944252014, 0.023865618630944118, 1732836017.585155, 
-0.06231975555419922, 0.050007760524749756, -0.048036076356653634, -0.011781106769732394, 0.09657122029494432, -0.12199397225955066, 1.6646746786823323, 0.7883108244311443, 1.7161716222763062, 0.8459428548812866, 0.008458221599269214, 1732836017.7053716, 
0.13422948122024536, 0.17356693744659424, 0.11892141567447656, -0.008368466494710673, 0.07587389852741666, -0.11029440502107281, 1.674187136565527, 0.7882325602968088, 1.725109338760376, 0.8458186984062195, -0.0031163085752148674, 1732836017.79645, 
-0.012303590774536133, 0.021901845932006836, -0.0012838764222623117, -0.00738543288631623, 0.09703791399703923, -0.0761087350511427, 1.6818668820741625, 0.7880767824175056, 1.7350810766220093, 0.8455426692962646, -0.010340167635622474, 1732836017.8954985, 
-0.04895496368408203, 0.37333476543426514, -0.04497145504598035, -0.004515108375255893, 0.07253909969573438, -0.06224378844229578, 1.6913678166114663, 0.7877816754216895, 1.7440983057022095, 0.8454605340957642, -0.019134943561757125, 1732836017.9856093, 
-0.12213295698165894, -0.0226326584815979, -0.11563561829507973, -0.004968036717547657, 0.09844198105914931, -0.05046664709604523, 1.698885147300088, 0.7874920878844038, 1.7561192512512207, 0.8452810049057007, -0.02638500188640089, 1732836018.105394, 
0.17042291164398193, -0.03895777463912964, 0.1464246809375554, -0.004025893181335466, 0.0998354092265738, -0.04032530354234146, 1.7090002725254505, 0.7870403270514836, 1.7650587558746338, 0.8451985716819763, -0.029292287517805757, 1732836018.1954246, 
-0.015927791595458984, -0.1544150710105896, -0.0023085425579083274, -0.006668292378630714, 0.10518069613389885, -0.06339844309588648, 1.718712573039186, 0.7865571135870247, 1.7748631238937378, 0.8450417518615723, -0.03224223570724076, 1732836018.295509, 
-0.05968290567398071, -0.006285607814788818, -0.05487128441366639, -0.003621110889740568, 0.09993073094538192, -0.0362362093770706, 1.729182365464578, 0.7859929644414326, 1.7839641571044922, 0.844666600227356, -0.03490964953820384, 1732836018.385614, 
0.04859989881515503, 3.30805778503418e-05, 0.03991907066633372, -0.00212204279866225, 0.0987837029175232, -0.02148170939121398, 1.7391832382433785, 0.7853928247540202, 1.7957640886306763, 0.8443109393119812, -0.03842627909135618, 1732836018.5053794, 
0.6874139308929443, -0.013629376888275146, 0.6330697492175819, 0.0003471756200376367, 0.09904272028632244, 0.003505311839517203, 1.7489986309807302, 0.7847694847841014, 1.8045763969421387, 0.8439970016479492, -0.03867874940495992, 1732836018.5954266, 
0.15875595808029175, 0.3217698931694031, 0.19853256240889644, -0.04946608080798991, 0.11886973898273401, -0.4161368673920864, 1.7584793538732615, 0.7841453795085401, 1.8152892589569092, 0.8434581160545349, -0.06812501862393151, 1732836018.6945546, 
-0.14551597833633423, -0.16631585359573364, -0.11664566039925173, -0.08486657027112211, 0.13278051594636864, -0.6391492732668742, 1.7703045208217876, 0.7833281654941997, 1.8241130113601685, 0.8425135612487793, -0.12822348450895948, 1732836018.7858825, 
-0.26778119802474976, -0.16697078943252563, -0.25506986274114773, -0.05621030275285051, 0.1599062205198037, -0.351520425972979, 1.783910834232703, 0.7817964974921733, 1.834987998008728, 0.8408023118972778, -0.17871620283722495, 1732836018.9033055, 
-0.19627785682678223, -0.05048322677612305, -0.20123230636163877, -0.03533550229731766, 0.10646408948967773, -0.3319006668510853, 1.7994850111313558, 0.7790624954851972, 1.843538522720337, 0.8390859961509705, -0.2070982901490656, 1732836018.9954548, 
-0.10571980476379395, 0.3001102805137634, -0.11379406534532494, -0.0018571854797834503, 0.005250610260306321, -0.35370850010015825, 1.8093382050528586, 0.7769733372203155, 1.8531140089035034, 0.8368992209434509, -0.2458807197224022, 1732836019.0934327, 
0.2040387988090515, 0.17175209522247314, 0.17739104659647587, -0.0061946606200879405, 0.03155321200873305, -0.196324248015493, 1.8101747125043428, 0.7767677252302703, 1.8623489141464233, 0.8344220519065857, -0.26860977018431964, 1732836019.185707, 
-0.049234986305236816, -0.10543054342269897, -0.030172942024465854, -0.020274206116893727, 0.10884069337102256, -0.18627413597763312, 1.8136681024536372, 0.7757783963145286, 1.8731752634048462, 0.8311640620231628, -0.28887566577871626, 1732836019.303339, 
-0.04099774360656738, -0.24695605039596558, -0.04007013327262371, -0.03708478177886109, 0.13259513036789236, -0.27968434192090885, 1.824340376003341, 0.7725260826749755, 1.881628155708313, 0.8285611271858215, -0.3117023720181746, 1732836019.3954196, 
-0.1908605694770813, -0.006858706474304199, -0.1782288285722281, -0.02594877950793533, 0.09543297480648144, -0.27190580153824345, 1.8366111808656358, 0.7685229071429315, 1.890682339668274, 0.8253363966941833, -0.33825722118619, 1732836019.4935336, 
0.46153557300567627, -0.14163285493850708, 0.4078788030984838, -0.022906363715285406, 0.1279413353999896, -0.17903802272871439, 1.8460481212228936, 0.7651538440135077, 1.899017572402954, 0.8222735524177551, -0.35662099779574835, 1732836019.5848675, 
-0.02990490198135376, 0.06707686185836792, 0.006784371905770636, -0.038100465380449186, 0.09484004824134427, -0.40173393083366005, 1.8573270067157377, 0.7607804920283194, 1.9104045629501343, 0.8176540732383728, -0.39510618914915213, 1732836019.702381, 
-0.08629542589187622, -0.0575408935546875, -0.07847761735952408, -0.04652176644151456, 0.1039379244995514, -0.4475918358530947, 1.866148251503641, 0.7571599515198401, 1.9189859628677368, 0.8140093684196472, -0.4380711056330229, 1732836019.7954829, 
-0.06361865997314453, 0.12319058179855347, -0.06490550366245258, -0.013005549014802288, 0.04077638007253128, -0.3189481016134481, 1.8752192219127448, 0.7530001843137083, 1.9275190830230713, 0.8098986148834229, -0.4750247240973541, 1732836019.8964858, 
0.22620481252670288, 0.02019566297531128, 0.20180028337997985, -0.014207164249247008, 0.07244803423214158, -0.1961014456751678, 1.879133752626814, 0.7509961722581514, 1.9347217082977295, 0.8059942126274109, -0.4938155409435678, 1732836019.985577, 
-0.05837428569793701, 0.00892031192779541, -0.03653612116660393, -0.028220804341248042, 0.09649646504413886, -0.29245428139092394, 1.885514435590051, 0.7474740322594584, 1.9446007013320923, 0.800299882888794, -0.5263737436559153, 1732836020.101405, 
0.25513362884521484, 0.020629703998565674, 0.23064992642413684, -0.025586599314918624, 0.08568769019828648, -0.29860297617673776, 1.8938205888287674, 0.7426647161449699, 1.9527450799942017, 0.7953282594680786, -0.5541857705536366, 1732836020.1954486, 
-0.16101211309432983, -0.16001605987548828, -0.12812467867485533, -0.04851481773317759, 0.13236028407513506, -0.36653606534750166, 1.9012611587819255, 0.7380597269329169, 1.9612808227539062, 0.7899629473686218, -0.5887034186309933, 1732836020.2964938, 
-0.262239933013916, -0.02044069766998291, -0.25100007076981756, -0.03283581831119479, 0.09733729048221325, -0.3373405829207356, 1.9121464142384619, 0.7308564984202616, 1.9689297676086426, 0.7847399115562439, -0.6192934983414636, 1732836020.3855257, 
-0.23984014987945557, -0.03817671537399292, -0.24075941614229615, -0.026369357993201316, 0.09669612642904248, -0.27270335397097495, 1.920243894438332, 0.7250656521875544, 1.9779210090637207, 0.7782144546508789, -0.6537106146143644, 1732836020.5014133, 
-0.25839734077453613, -0.10624450445175171, -0.25688709382072966, -0.028415667379569354, 0.11464225641430555, -0.24786381800509927, 1.9282020914230589, 0.7189659127181196, 1.9850242137908936, 0.7722888588905334, -0.6760431218239096, 1732836020.5954945, 
-0.08140772581100464, 0.06356769800186157, -0.0961400672699885, -0.018215376921084353, 0.0818256151654055, -0.22261215982627297, 1.937061654738754, 0.7117851747958669, 1.992728590965271, 0.7658142447471619, -0.6987400967131057, 1732836020.6955512, 
0.013683676719665527, 0.10488194227218628, 0.004466536581218247, -0.01391155958616312, 0.07212884672191647, -0.19287095549714467, 1.9432891346357395, 0.7064791912338357, 1.9993772506713867, 0.7600862383842468, -0.7171523972502467, 1732836020.7848942, 
0.017296791076660156, -0.10824769735336304, 0.016245364247986012, -0.022155349264692932, 0.10823495891406976, -0.20469679562850462, 1.9489051383097102, 0.7014773759736668, 2.007822275161743, 0.7522502541542053, -0.7406103017868068, 1732836020.9064033, 
-0.06586116552352905, 0.05997276306152344, -0.058985340484725625, -0.015931890554030347, 0.08872275452633163, -0.1795693859944575, 1.9567112404058062, 0.6942477120657518, 2.0143935680389404, 0.7458651065826416, -0.7568725735808044, 1732836020.9954116, 
-0.1579623818397522, -0.19445538520812988, -0.149627488273532, -0.017257827832227804, 0.12252429004702564, -0.14085229814924155, 1.9633590718355989, 0.6878375364173577, 2.0214600563049316, 0.7390673756599426, -0.7718210653041734, 1732836021.0955684, 
0.09914302825927734, -0.28475677967071533, 0.07828460461079464, -0.015076356149755894, 0.13550704263232402, -0.11125883833700878, 1.9721949444476936, 0.6790113474578834, 2.027416706085205, 0.7329325079917908, -0.7785279726734742, 1732836021.1847644, 
-0.006184399127960205, -0.04576873779296875, 0.0008759676587541537, -0.011192945193274855, 0.10282137557876875, -0.10885815454491984, 1.9813994660736198, 0.6695577187915638, 2.035816192626953, 0.7246481776237488, -0.7902171762889552, 1732836021.306341, 
-0.06127876043319702, 0.37500762939453125, -0.056092168748480886, -0.0016713343430759344, 0.060993434736604776, -0.027401872845716213, 1.9882387412766571, 0.6623763397774461, 2.0421063899993896, 0.7180821299552917, -0.7965323926839056, 1732836021.3954802, 
0.11019021272659302, 0.21466827392578125, 0.09625867887951178, -0.0035195271189911986, 0.08897623018670633, -0.039555812958201056, 1.9925998240311695, 0.657702951826243, 2.0489842891693115, 0.7110852599143982, -0.8026316513675934, 1732836021.495559, 
-0.07729655504226685, 0.0247342586517334, -0.06272913370315933, -0.005100686408430648, 0.10096514226566723, -0.05051928114962024, 1.9986850424906104, 0.65114411341436, 2.0553853511810303, 0.7044559717178345, -0.8056841096425219, 1732836021.5857146, 
-0.08424854278564453, 0.1510581374168396, -0.08244329692997754, -0.0018907662786986257, 0.09359480378434325, -0.02020161592576486, 2.00551118157878, 0.6437269479277531, 2.0637431144714355, 0.6955540776252747, -0.8106393215374629, 1732836021.7064118, 
0.02686154842376709, -0.013720870018005371, 0.017699408819955798, -0.00028760716065199626, 0.10140947286889496, -0.0028360975805862138, 2.0118990813921207, 0.6367190830062456, 2.0699965953826904, 0.6890509128570557, -0.8121172512378443, 1732836021.7954235, 
0.026037275791168213, -0.12132465839385986, 0.025334526250340956, -0.0011284455261731119, 0.09897115110037781, -0.011401762166316809, 2.0187000733418423, 0.629229700451674, 2.0767247676849365, 0.6819538474082947, -0.8121172512378443, 1732836021.8954647, 
-0.005334973335266113, 0.08769756555557251, -0.0027630608621407246, 0.0006835653401282356, 0.09863084699931192, 0.006930543140656638, 2.025355906584126, 0.6218951732685083, 2.0829360485076904, 0.6755788922309875, -0.8121172512378443, 1732836021.9853218, 
-0.041887104511260986, -0.171886146068573, -0.038604607161037856, -0.0005198938828750884, 0.09691640989609343, -0.005364353502492302, 2.03194302119329, 0.6146217366947743, 2.091540575027466, 0.6669571399688721, -0.8115761163067461, 1732836022.1065698, 
0.04778403043746948, 0.20498162508010864, 0.0405333922448619, 0.00488485813591362, 0.0924760406662612, 0.052822959338653906, 2.0384505330779583, 0.6074453935874812, 2.097705602645874, 0.6607270836830139, -0.8081897176661896, 1732836022.1954806, 
0.08706861734390259, 0.046744465827941895, 0.08316789435343533, 0.0008552295591915483, 0.10327215607654866, 0.008281317943605482, 2.0447033692540395, 0.6005486125935274, 2.1047563552856445, 0.6535079479217529, -0.8054064537104688, 1732836022.2949705, 
-0.08129912614822388, 0.13981181383132935, -0.0675022925404164, 0.0040550352258538125, 0.10285130292155022, 0.039426192091575045, 2.0516287375069284, 0.5929855263464745, 2.112724781036377, 0.6455926895141602, -0.8018359608616943, 1732836022.4055378, 
0.03546786308288574, 0.2062770128250122, 0.026835325669247387, 0.007072553982358828, 0.10925238688056708, 0.0647359218805025, 2.0586524580542043, 0.5853319889087897, 2.1198792457580566, 0.6384620070457458, -0.7979103228402515, 1732836022.5048904, 
-0.02398848533630371, 0.10321497917175293, -0.01972356819596656, 0.0040043286462173875, 0.11122741985175423, 0.0360012724520125, 2.06607472845698, 0.5773108392400711, 2.1263649463653564, 0.6322236657142639, -0.7961264457811046, 1732836022.5955582, 
0.11260420083999634, 0.22806543111801147, 0.10149891355385822, 0.008199605545691243, 0.10982681905483246, 0.07465941029938673, 2.073673392967865, 0.5692016872368241, 2.1335325241088867, 0.6250704526901245, -0.792936863920417, 1732836022.6949363, 
0.07285577058792114, -0.09039562940597534, 0.07524427680678548, 0.003371990259034466, 0.09826274199457179, 0.03431606110911031, 2.0810777789878108, 0.5613612138538066, 2.1398913860321045, 0.6186311841011047, -0.7910853314306782, 1732836022.7848532, 
0.07911992073059082, -0.3787321448326111, 0.07878465748765653, 0.0032986961853424847, 0.0916867252252154, 0.03597790385947046, 2.0877865902669854, 0.5543580712867834, 2.1485774517059326, 0.6101292967796326, -0.787350842152107, 1732836022.9056091, 
0.1458417773246765, -0.4490090608596802, 0.1402027951172594, -0.00011071933978511482, 0.08382305497621176, -0.0013208697752251572, 2.094049432026496, 0.5478649639734697, 2.1548094749450684, 0.6039023399353027, -0.7842251249878165, 1732836022.9955642, 
-0.15713971853256226, -0.17641478776931763, -0.13218250257615707, 0.0028557287646897756, 0.10139893132206308, 0.028163302388458274, 2.099924504127068, 0.5418140589656508, 2.162091016769409, 0.5966304540634155, -0.7809797414534203, 1732836023.095731, 
0.05798298120498657, 0.3830823302268982, 0.04203794469718816, 0.004095075686691215, 0.10897205058019216, 0.037579137631053965, 2.10711463814922, 0.534410525990754, 2.1686344146728516, 0.5904104709625244, -0.7802189564747949, 1732836023.1848354, 
-0.0174940824508667, -0.10499584674835205, -0.012509253415579992, 0.002522698447927388, 0.09703536701120102, 0.02599772150741891, 2.1146288919457197, 0.5267178562583724, 2.177290439605713, 0.5819541811943054, -0.7769772058984653, 1732836023.3054357, 
0.13085180521011353, 0.47423040866851807, 0.11882817247451741, 0.004705034088493438, 0.1070820353588318, 0.04393859411363328, 2.1215367995297405, 0.5196976772358617, 2.1837210655212402, 0.5759426355361938, -0.7769765925577894, 1732836023.39648, 
0.08685731887817383, 0.2725004553794861, 0.08953770149996615, 0.003456711112063762, 0.1149571680405594, 0.030069556957458787, 2.1290119976907778, 0.512142722674193, 2.1912455558776855, 0.5689035058021545, -0.7765091165327336, 1732836023.4955945, 
-0.174841046333313, 0.41467922925949097, -0.15265875754657565, 0.005275111422256353, 0.11558633692879991, 0.045637845807898314, 2.13708843357044, 0.5040495951074923, 2.1978347301483154, 0.5626344084739685, -0.7739152292132427, 1732836023.585226, 
0.36285626888275146, -0.07878291606903076, 0.31958828832256486, -0.0004190174914997596, 0.09610147370384242, -0.004360156773360761, 2.1452194495535952, 0.4959520488788082, 2.2064778804779053, 0.5544173121452332, -0.7724696823315244, 1732836023.7054436, 
-0.048982203006744385, -0.3371456265449524, -0.018067419574240406, -0.0051912388173033, 0.10303877432932323, -0.05038141079504237, 2.151917730983462, 0.4893360055817922, 2.2130331993103027, 0.5481054186820984, -0.7736276578895318, 1732836023.796516, 
-0.10883498191833496, -0.20068633556365967, -0.1012110158551238, -0.0032359416939824366, 0.11003453840749362, -0.029408417945997044, 2.1592987470232385, 0.4820338989957171, 2.2203009128570557, 0.5410038232803345, -0.7732655634810909, 1732836023.8955958, 
-0.046514034271240234, -0.18331259489059448, -0.051101830393422955, -0.0010516036175244824, 0.10371302892759733, -0.010139551687942824, 2.1671060923434924, 0.4742348200158471, 2.2265684604644775, 0.5348870158195496, -0.7730552966011517, 1732836023.9851525, 
0.026432037353515625, 0.0509757399559021, 0.019924927461726576, 0.0003385749922230216, 0.09856840120566339, 0.0034349242564722486, 2.174429921574956, 0.46687807475995496, 2.2350521087646484, 0.5267041921615601, -0.7723977365185005, 1732836024.1055708, 
0.0165557861328125, -0.09757590293884277, 0.01683792422076807, -0.001588798633248981, 0.09968208511923392, -0.01593865769710327, 2.181364487782848, 0.45989952251946536, 2.241520404815674, 0.520329475402832, -0.7732971383973507, 1732836024.196473, 
-0.04230809211730957, 0.4748691916465759, -0.03734933123479743, 0.0019072315322416712, 0.0941641543569433, 0.02025432655628197, 2.1883600342224754, 0.45286261073441686, 2.248932123184204, 0.5133998990058899, -0.7756776354224197, 1732836024.2954648, 
-0.09884107112884521, 0.3251993656158447, -0.09367345102392367, 0.002187505458315011, 0.10014115851928973, 0.021844219606203596, 2.19505418090675, 0.4461114178721484, 2.255319595336914, 0.5072583556175232, -0.7762493158597831, 1732836024.386723, 
0.07254683971405029, 0.28912150859832764, 0.058605788678803464, 0.002875352557379674, 0.10363703424957871, 0.027744450410026687, 2.202190657175009, 0.43894343680898495, 2.2635793685913086, 0.4990469813346863, -0.7763963071865574, 1732836024.5045624, 
-0.07211947441101074, -0.21236485242843628, -0.06115624108806157, -0.002872025070576131, 0.09823200823754796, -0.029237161309284273, 2.209446912388694, 0.4316869703536297, 2.270336627960205, 0.49240073561668396, -0.7774579800684623, 1732836024.5974758, 
0.1659001111984253, -0.3732075095176697, 0.14685901407203777, -0.0018533458852082565, 0.11295997340396063, -0.016407102705136383, 2.216532820735214, 0.4246334912720066, 2.2773852348327637, 0.4856553077697754, -0.777050031000904, 1732836024.694633, 
0.10304003953933716, -0.39701318740844727, 0.10670177812090975, -0.0037168683838877093, 0.10543592964385685, -0.03525238878665561, 2.2243934809176187, 0.41676432090773496, 2.283762216567993, 0.4792558550834656, -0.7772329625252781, 1732836024.7867374, 
-0.13479083776474, -0.10301631689071655, -0.11452984673303176, -0.0011985780069772797, 0.10695278423279882, -0.011206608743989259, 2.2317629324752013, 0.40936061084538966, 2.2925658226013184, 0.47089943289756775, -0.7768171210921248, 1732836024.9044456, 
0.04648369550704956, 0.28649353981018066, 0.0329713238000898, 0.0031722108461574167, 0.09662827174717444, 0.03282901358783929, 2.239301571402222, 0.40173706234045536, 2.298980951309204, 0.4645686149597168, -0.7762014796769542, 1732836024.9955215, 
-0.025254249572753906, 0.13337993621826172, -0.020362255115224326, 0.0012401206667625173, 0.10750829948648469, 0.011535115639313205, 2.2461321987390197, 0.3948187714340274, 2.3062705993652344, 0.45767372846603394, -0.7758293555797465, 1732836025.0936139, 
0.07931208610534668, 0.3172261118888855, 0.07094322620008225, 0.003136902767808106, 0.10035997571335371, 0.031256511826663544, 2.2536643009194877, 0.3872374591577574, 2.3128905296325684, 0.4514229893684387, -0.7753320907533177, 1732836025.1863573, 
-0.042643189430236816, 0.4272962808609009, -0.033104218122810086, 0.002371278813450866, 0.11612810462643007, 0.020419508447838533, 2.260811980995475, 0.3800618158773976, 2.3213741779327393, 0.4430868327617645, -0.7774767791591886, 1732836025.3027928, 
-0.06050384044647217, 0.2613656520843506, -0.05820619945429695, 0.003008283145679385, 0.11014587272422954, 0.02731180997776626, 2.269015940144981, 0.371875765798656, 2.3282313346862793, 0.4366253614425659, -0.7779431674083908, 1732836025.39558, 
0.05876094102859497, 0.08415216207504272, 0.048944114765206936, 0.0005492800967532601, 0.10394171200157377, 0.005284501151423631, 2.276826952366644, 0.36411416880282355, 2.335470199584961, 0.4298010766506195, -0.7785691198206385, 1732836025.4935386, 
0.11068171262741089, 0.2016364336013794, 0.10549273964792014, 0.001909068447265117, 0.09813302574862086, 0.01945388346788998, 2.2841557812166475, 0.3568689814739951, 2.3419597148895264, 0.4235334098339081, -0.7780855791986374, 1732836025.5851989, 
-0.062171757221221924, -0.2844669818878174, -0.04811008710976647, -0.002646010226476156, 0.09495028346838645, -0.02786732308552971, 2.291041623315424, 0.3500699565226669, 2.350276470184326, 0.4152205288410187, -0.7776313471168148, 1732836025.7024531, 
-0.06669938564300537, -0.2263725996017456, -0.065128020552976, -0.001230406950289395, 0.10597346896106748, -0.011610518768064692, 2.2979224731301127, 0.3432970615774591, 2.3569421768188477, 0.40863776206970215, -0.7770712061393962, 1732836025.7955294, 
-0.005028963088989258, -0.41728609800338745, -0.01007034934374798, -0.0036762849528906598, 0.10294658144000854, -0.035710607399168384, 2.3054718712340496, 0.3358262628648672, 2.3641836643218994, 0.4014888107776642, -0.7767716411200479, 1732836025.89655, 
0.08206117153167725, -0.24388372898101807, 0.07433394900313636, -0.0028019302399345655, 0.10895108971363472, -0.025717321848722337, 2.31284437501346, 0.32851076977092686, 2.370443105697632, 0.39538198709487915, -0.7762509513833227, 1732836025.9847956, 
-0.0649610161781311, -0.20896083116531372, -0.05327494832710358, -0.00436180262972359, 0.11017053692321868, -0.03959137126438321, 2.320483300723484, 0.3208774690626649, 2.378939628601074, 0.38694918155670166, -0.7765842373370969, 1732836026.1018271, 
-0.014381766319274902, 0.4706841707229614, -0.01766237934646655, 0.001669362840309734, 0.0816093497342197, 0.02045553414831036, 2.3281049864312835, 0.3132212583754437, 2.385730743408203, 0.38049060106277466, -0.7788880553139782, 1732836026.1955016, 
0.14459306001663208, 0.3492305278778076, 0.13099165536524737, 0.0024208468130469405, 0.10240039105244125, 0.023640991876751498, 2.3339856950836855, 0.3072729938239354, 2.3928468227386475, 0.3736339211463928, -0.7787569355871653, 1732836026.2966316, 
-0.030810058116912842, -0.3849336504936218, -0.017244902447368454, -0.003226273071293521, 0.09549993822219559, -0.03378298595112272, 2.3410774013923166, 0.3001287819305199, 2.399275541305542, 0.36747604608535767, -0.7801336598433715, 1732836026.3848252, 
-0.008724510669708252, -0.1975908875465393, -0.009429708107871854, -0.00324413179374374, 0.10773357908369219, -0.03011254078195579, 2.347901488500333, 0.2932800672439089, 2.4076554775238037, 0.3592457175254822, -0.7814533102357648, 1732836026.501476, 
-0.1045917272567749, -0.47658687829971313, -0.09660205298702115, -0.006867141791889935, 0.11116945879607451, -0.061771837933355306, 2.3555488246230203, 0.2855532671886313, 2.4142355918884277, 0.3526889383792877, -0.7821541413309433, 1732836026.5954854, 
-0.25973761081695557, -0.24823546409606934, -0.24603843115307436, -0.004384478499162628, 0.11276851518011155, -0.03888034255093125, 2.363390577924578, 0.2775780719673552, 2.4212756156921387, 0.3456471264362335, -0.7826421913456014, 1732836026.6955855, 
-0.19522422552108765, -0.412401020526886, -0.19946585543265954, -0.0054645428221645476, 0.12062144265090985, -0.045303245443510935, 2.3714484550800674, 0.26928481005960686, 2.4276723861694336, 0.3392740488052368, -0.7826421913456014, 1732836026.7851453, 
-0.006548523902893066, -0.014682471752166748, -0.0227412139873642, -0.0005355027165522766, 0.0979074464709449, -0.005469478940104855, 2.3798024099459028, 0.2606191180682658, 2.436375856399536, 0.330781489610672, -0.7826422624740901, 1732836026.9074404, 
-0.05981802940368652, 0.45778894424438477, -0.05670719393331891, 0.0037998122230195196, 0.09442847782285474, 0.0402401088170442, 2.3865796193902087, 0.2535301284836933, 2.442729949951172, 0.324521541595459, -0.7826422624740901, 1732836026.995524, 
-0.006959855556488037, 0.3353351950645447, -0.011120032718706777, 0.003523384072070748, 0.10987024808532021, 0.032068591210740224, 2.3932137082695037, 0.24658837188071292, 2.4499189853668213, 0.31755509972572327, -0.7826422624740901, 1732836027.0955994, 
-0.054861247539520264, 0.27081412076950073, -0.05118952249209656, 0.003251164918512379, 0.1097619807072594, 0.029620137114538737, 2.4008456872154964, 0.23866519420809004, 2.4564568996429443, 0.31135186553001404, -0.7826422624740901, 1732836027.185288, 
0.03273332118988037, -0.05054473876953125, 0.025688081109544986, 0.0017416245029506757, 0.1018894117679409, 0.01709328253771184, 2.408468669731311, 0.23080152934290937, 2.465341567993164, 0.30275994539260864, -0.7797651344056209, 1732836027.3064032, 
0.021182239055633545, -0.38879650831222534, 0.021552140524895937, 0.0006903680476238485, 0.09286613709961347, 0.0074340127541142435, 2.415534229690713, 0.223554393571064, 2.4718210697174072, 0.29661208391189575, -0.77745180400004, 1732836027.3955324, 
0.036402225494384766, -0.10314309597015381, 0.03515884875862183, -0.0008028464883667247, 0.09916122656670935, -0.008096375127294546, 2.422027128690769, 0.2169161844748741, 2.4788413047790527, 0.28969043493270874, -0.776307117199768, 1732836027.495642, 
0.09996688365936279, -0.2862401604652405, 0.09452899410183147, -0.00042514193399087414, 0.10433007404913723, -0.004074970116388889, 2.4289688399562284, 0.20982786820006996, 2.4851791858673096, 0.28321996331214905, -0.7743838794470252, 1732836027.5848927, 
-0.04039281606674194, -0.26566290855407715, -0.029075228971404063, -0.0020081771948704833, 0.10640446313030472, -0.018873054153858523, 2.436622342078961, 0.20200039291001282, 2.496887683868408, 0.2720586359500885, -0.7740975760836872, 1732836027.7455046, 
-0.05530595779418945, -0.23518937826156616, -0.053108398093460275, -0.002378771691036571, 0.0980037373148645, -0.024272254877322683, 2.4439241205297035, 0.1945242077583597, 2.500171184539795, 0.2687515914440155, -0.7740975760836872, 1732836027.7955437, 
0.02302396297454834, 0.17908287048339844, 0.01663296983329867, 0.002259774373329566, 0.09062325844857241, 0.024935920557435706, 2.4504491333010856, 0.1878183607724957, 2.5071165561676025, 0.26213181018829346, -0.7709301412485775, 1732836027.8955207, 
-0.50565105676651, 0.25229233503341675, -0.46180786320976686, 0.003181508525723106, 0.10656742855599785, 0.029854417703729454, 2.456875448114828, 0.18118842275935887, 2.513965606689453, 0.2556185722351074, -0.7701079844106031, 1732836027.9875326, 
-0.2067883014678955, 0.3561742305755615, -0.2281583122199326, 0.0039307549762202685, 0.10654797981175076, 0.03689187709767126, 2.4645909950980074, 0.17326860257460885, 2.5222978591918945, 0.24780458211898804, -0.7693958809935151, 1732836028.1016412, 
0.027050495147705078, 0.3055967688560486, 0.005648010496877853, 0.0034677813043200276, 0.10642049235911023, 0.032585653641012916, 2.472188183219443, 0.16551757697553804, 2.5292301177978516, 0.2412564754486084, -0.7682942936546202, 1732836028.1955633, 
0.04225105047225952, -0.30285656452178955, 0.039169311449139085, -0.000781408691988196, 0.09323020266234434, -0.008381497301022243, 2.479607287671817, 0.1580030095283296, 2.536193609237671, 0.234545037150383, -0.7667750416223426, 1732836028.2949579, 
-0.19773828983306885, -0.35196489095687866, -0.1778471067916207, -0.0011157141247699384, 0.10924924415787977, -0.010212556923117767, 2.4862347035931616, 0.1513294646043015, 2.5429844856262207, 0.22805127501487732, -0.7658924320950949, 1732836028.3860135, 
0.12564772367477417, -0.06829899549484253, 0.10017939975036466, 0.0014316774663947905, 0.09527431589782141, 0.01502689841331653, 2.493939256584691, 0.14355847623242093, 2.5515289306640625, 0.21998406946659088, -0.7646124463101752, 1732836028.5059626, 
0.23110073804855347, -0.14148515462875366, 0.2201086986012031, 0.001502083175818304, 0.09912594265357903, 0.015153280116262983, 2.5005950839327697, 0.13683432800926046, 2.557851791381836, 0.21406066417694092, -0.7629530481205639, 1732836028.5956564, 
-0.0007302165031433105, -0.11729055643081665, 0.01778985404255437, 0.0018027455675207016, 0.10139229299357569, 0.01777990727199478, 2.507464266389328, 0.12991553687111473, 2.5650949478149414, 0.20701570808887482, -0.7607080524471658, 1732836028.695376, 
-0.04274982213973999, 0.04682755470275879, -0.03767009975777206, 0.0005878674584467479, 0.10159889997550145, 0.005786159678780975, 2.5146096364709924, 0.12274049330819688, 2.5717263221740723, 0.20088566839694977, -0.7607080524471658, 1732836028.7856383, 
-0.0039751529693603516, 0.021101951599121094, -0.006802825017621035, 0.002703134651686452, 0.09811587316244029, 0.0275504315923597, 2.52178537844041, 0.1155593566083882, 2.5803256034851074, 0.19270406663417816, -0.7587446634923736, 1732836028.906719, 
0.17129987478256226, 0.11655616760253906, 0.15635280186471326, 0.0012411819883424424, 0.09790002070997715, 0.01267805644310708, 2.528725172605899, 0.1086246918368244, 2.5867507457733154, 0.18683630228042603, -0.7587446634903645, 1732836028.9957116, 
-0.027533233165740967, 0.01579439640045166, -0.01210627192135108, -0.000514430674845923, 0.10549468361048381, -0.004876365872097844, 2.5356760347345215, 0.10171527871652125, 2.594210147857666, 0.17976190149784088, -0.7581574044641327, 1732836029.0947673, 
-0.05912792682647705, 0.06972497701644897, -0.055182497071325755, 0.000645269136976078, 0.10302215229844411, 0.006263401827471073, 2.54310044131673, 0.09435194580655498, 2.601100444793701, 0.17355594038963318, -0.7581574044629887, 1732836029.1851017, 
0.10044074058532715, -0.12102675437927246, 0.08738031628988627, 0.0005360958699583076, 0.09794035967964278, 0.005473697173584476, 2.550581254137543, 0.0869268339209769, 2.6096510887145996, 0.16551662981510162, -0.7564602419627263, 1732836029.305778, 
-0.20868903398513794, -0.019115149974822998, -0.18384198724575776, 0.000989636480766693, 0.10543975023590632, 0.009385800692362448, 2.557387481475433, 0.08017989513239021, 2.6164183616638184, 0.15919587016105652, -0.7550694986681382, 1732836029.396707, 
-0.056799232959747314, -0.060252487659454346, -0.06745206974421519, 0.0017361122827973467, 0.10020659641592297, 0.017325329318554482, 2.564959401687455, 0.07268252317376714, 2.623741388320923, 0.15253837406635284, -0.7538491496593419, 1732836029.4950557, 
-0.29009193181991577, -0.13682907819747925, -0.2714040849615092, -0.0010698802410388346, 0.09717734214818448, -0.011009564754378524, 2.5721223446532493, 0.0656040032341078, 2.6302719116210938, 0.14646375179290771, -0.7536271706720113, 1732836029.5861647, 
0.1220061182975769, -0.02548891305923462, 0.08900429138503313, 0.0027422052622120582, 0.09181661193472403, 0.029866112508721163, 2.5791610000191043, 0.05866956757077153, 2.638636589050293, 0.1386493444442749, -0.7515790089251698, 1732836029.7065177, 
0.03319662809371948, -0.5571728348731995, 0.03785730209611765, 0.017842534466770518, 0.06823624146029081, 0.26148178863505767, 2.585489143356584, 0.052428080527183535, 2.644655704498291, 0.13328738510608673, -0.7304463934460911, 1732836029.7965455, 
-0.008636713027954102, -0.06634539365768433, -0.004751789084467342, 0.017151356167396464, 0.04786619203450025, 0.3583187932525398, 2.5902174567903007, 0.04781084496357961, 2.650057792663574, 0.12865230441093445, -0.6921645440937635, 1732836029.8956923, 
-0.16230154037475586, -0.23316138982772827, -0.14911500146130646, -0.0007177334997752284, -0.0028911439251395055, 0.24825242822893911, 2.5934354598462432, 0.044834186869477544, 2.6550419330596924, 0.12450583279132843, -0.6649954166510168, 1732836029.9855983, 
-0.08753812313079834, 0.06912928819656372, -0.09265207724502422, 0.011978218820214687, 0.05794035784246669, 0.20673360100367544, 2.593687450107741, 0.04461440538227275, 2.660691499710083, 0.12017930299043655, -0.6407981936851818, 1732836030.1055713, 
0.47410649061203003, 0.16520708799362183, 0.4265648853230394, 0.01826816082218711, 0.08213969454938502, 0.22240356410387796, 2.5984032035740574, 0.0407432596749648, 2.664522647857666, 0.11762569099664688, -0.6219858028520368, 1732836030.19655, 
-1.4619415998458862, 0.06579315662384033, -1.3034715792564358, 0.03383567065296828, 0.09005619161689059, 0.37571731654952856, 2.604658349082927, 0.035826743803794456, 2.670825958251953, 0.11346542090177536, -0.5866023268853325, 1732836030.295577, 
0.5285926461219788, -0.39485418796539307, 0.3747996084890761, -0.025112163033916838, -0.09031458269339272, 0.27805214047403226, 2.6114260287898468, 0.030758743978708952, 2.674779176712036, 0.11055733263492584, -0.5556349521525541, 1732836030.386454, 
0.2550000548362732, 0.45625561475753784, 0.2651879672893818, 0.02917815028446236, 0.13421451467906323, 0.21739936514492347, 2.605273560531366, 0.0350183483793233, 2.6776130199432373, 0.10875605046749115, -0.5274930696833775, 1732836030.504504, 
0.386880099773407, -0.16826200485229492, 0.37658316368998174, 0.016611246681254056, 0.043594766710971095, 0.3810376321402279, 2.6157095547812395, 0.028201316069814967, 2.6830954551696777, 0.10587551444768906, -0.48904837620510844, 1732836030.597579, 
0.8451796770095825, -0.009677350521087646, 0.8058346840458253, 0.010440633791459047, 0.056631746645583014, 0.18436008793441236, 2.6192294817009536, 0.026015211391594673, 2.689357042312622, 0.10268352180719376, -0.46525793710406077, 1732836030.6946826, 
-0.21808135509490967, 0.10182321071624756, -0.13217799733775182, 0.007083484203946051, 0.0962005126545043, 0.07363249954172035, 2.623935352547327, 0.02332431957199934, 2.6948397159576416, 0.10004043579101562, -0.45952202633648026, 1732836030.7856884, 
-0.20653825998306274, -0.06571966409683228, -0.2003122818560676, 0.010768936584079571, 0.0621214279341557, 0.17335301106558398, 2.6321928983290244, 0.01879333126906859, 2.7029237747192383, 0.09632214158773422, -0.4373660437398269, 1732836030.9045193, 
-0.054766058921813965, 0.03256404399871826, -0.06697701084640195, 0.007530558618342305, 0.04788668355998822, 0.15725788587778655, 2.637707820953673, 0.015825332481302405, 2.7069473266601562, 0.09443158656358719, -0.4233272302723387, 1732836030.9965594, 
0.8611329197883606, -0.03620058298110962, 0.7832352617625914, 0.003416826849025942, 0.033679065967919766, 0.10145254183356994, 2.6418404484635314, 0.013692286127099792, 2.710552453994751, 0.09288667142391205, -0.4122165116799995, 1732836031.0936878, 
-0.18203741312026978, 0.28901904821395874, -0.10102356364237086, 0.004217446245053295, 0.11573948631668893, 0.03643913049271211, 2.644950220448515, 0.012145978058843212, 2.716566324234009, 0.09023479372262955, -0.40883741091559556, 1732836031.1855967, 
-0.19045448303222656, 0.09702551364898682, -0.18298260257930113, 0.0031427180988552682, 0.05815322148036674, 0.05404202929525219, 2.654982629863983, 0.007278564091639975, 2.724274158477783, 0.0870426744222641, -0.402696407155731, 1732836031.3035128, 
-0.018500208854675293, -0.1954096555709839, -0.03233196574438674, 1.045747613704582e-05, 0.0011658343464183082, 0.008969950292829695, 2.659902721610165, 0.004914196432079775, 2.72576904296875, 0.08648854494094849, -0.40069951621146077, 1732836031.395534, 
-0.032464027404785156, 0.1559678316116333, -0.0324263233340642, -0.0008869409891001898, 0.03554517691069163, -0.024952498937581793, 2.6603185868748755, 0.0047167215532726205, 2.728499174118042, 0.08551361411809921, -0.4027364665662256, 1732836031.4935474, 
-0.28511685132980347, -0.12839508056640625, -0.26390269852221826, 0.0010959440463459748, 0.042055645927665294, 0.0260593797139859, 2.6636281109329243, 0.003149232982053623, 2.732093334197998, 0.08405934274196625, -0.39919571909384166, 1732836031.5861204, 
-0.0411953330039978, 0.033843398094177246, -0.05987976121421962, 0.0005105567349736271, 0.024770712470795653, 0.020611306016149793, 2.667485909891635, 0.001312296632776595, 2.735273599624634, 0.08269665390253067, -0.39676727741257345, 1732836031.7025316, 
0.16258502006530762, 0.01918274164199829, 0.1439211490013882, -0.0017257852993761735, 0.028176067344478528, -0.06125004168526605, 2.6697883118766303, 0.00022298714917833178, 2.7376537322998047, 0.08172211050987244, -0.40102111488562975, 1732836031.7955952, 
-0.08874797821044922, -0.13032245635986328, -0.06922002984966605, -0.000817951492589075, 0.044004175593372205, -0.018588042647304424, 2.6723632012918954, -0.00099077007752219, 2.7408804893493652, 0.08044612407684326, -0.4043890013157884, 1732836031.896698, 
-1.0257140398025513, -0.19868463277816772, -0.9454369248452696, -0.0003899253091451937, 0.04080270214800762, -0.009556359961915747, 2.676426766250484, -0.0029348608421214963, 2.743948221206665, 0.07891502976417542, -0.4051589925833611, 1732836031.9866514, 
0.7988247275352478, 0.007664024829864502, 0.6524469494272616, 0.0030154152778822563, -0.038654937437708356, -0.07800854115315893, 2.680115060308822, -0.004707871277105621, 2.7434465885162354, 0.07922808825969696, -0.4130674917973628, 1732836032.1025238, 
0.7939854860305786, -0.035211265087127686, 0.7821083656652384, -0.0012995471189134826, 0.02915199343826553, -0.04457832777938504, 2.6766277034754253, -0.0030250316526636706, 2.743124008178711, 0.07933837920427322, -0.4166440642830846, 1732836032.1955285, 
0.08470731973648071, -0.08230829238891602, 0.14319782319344776, -0.002409088886365012, 0.05195572018602318, -0.046368116498808364, 2.6788368376713363, -0.004112002666923757, 2.747263193130493, 0.07745806127786636, -0.42650454623287254, 1732836032.2965875, 
-0.012373864650726318, 0.10508370399475098, 0.0006329609932970715, -4.162485983096117e-06, -0.004237009615403117, 0.0009824112666546522, 2.682898495296468, -0.006132651754545703, 2.747610092163086, 0.07733286917209625, -0.42769058829847023, 1732836032.3861756, 
0.04482448101043701, -0.035217463970184326, 0.04111848119658004, -1.3581431613138915e-06, -0.0002128286843990591, 0.006381391517542528, 2.6825496391192427, -0.005957269138106273, 2.747312068939209, 0.07751442492008209, -0.4273040788888362, 1732836032.501458, 
-0.04619342088699341, -0.0010981559753417969, -0.03886828348528991, 1.4143648661557432e-07, 0.000264000384716764, 0.0005357434867654309, 2.682506377697953, -0.005935529828169788, 2.747340202331543, 0.07747959345579147, -0.4273040788888362, 1732836032.5955937, 
0.05191516876220703, -0.011095166206359863, 0.04429848862032679, -1.0577020717161863e-08, -0.000250186853674555, 4.227648480251698e-05, 2.6825517823980047, -0.005958314090654561, 2.7473268508911133, 0.07747466117143631, -0.4273040788888362, 1732836032.6965964, 
-0.09203964471817017, -0.0558774471282959, -0.08060014502609661, 4.250357479248643e-09, 0.00025988960241864634, 1.6354472975036157e-05, 2.6825059700278246, -0.00593532897959895, 2.7473268508911133, 0.07747466117143631, -0.4273040788888362, 1732836032.786113, 
0.0070539116859436035, 0.0006164908409118652, -0.0002974119440335571, -9.07613346127222e-10, -0.0005974094145027066, 1.51924848201921e-06, 2.6825826233747563, -0.005973787180613961, 2.7473268508911133, 0.07747466117143631, -0.4273040788888362, 1732836032.907629, 
-0.023073017597198486, -0.01831209659576416, -0.021161161621743186, -6.840440184921765e-10, -6.739854799771262e-05, 1.0149239691564152e-05, 2.682535266797537, -0.0059500277596804, 2.7473268508911133, 0.07747466117143631, -0.4273040788888362, 1732836032.995538, 
0.004378676414489746, 0.01512676477432251, 0.0022366647375879067, 1.3728049331121106e-11, -0.00016693254105990853, -8.223710754031116e-08, 2.6825442030980393, -0.0059545112181732945, 2.7473268508911133, 0.07747466117143631, -0.4273040788888362, 1732836033.0975785, 
-0.009270668029785156, 0.006325840950012207, -0.008304948485875917, 2.687290403562609e-12, -2.758256945615043e-06, -9.742712359828357e-07, 2.682529586443759, -0.005947177869867233, 2.7473268508911133, 0.07747466117143631, -0.4273040788888362, 1732836033.186146, 
-0.0286557674407959, -0.024039804935455322, -0.026947277756608684, 1.746607346298577e-12, -8.31018429492367e-05, -2.101767282544508e-08, 2.682536770141948, -0.005950782016460183, 2.7473268508911133, 0.07747466117143631, -0.4273040788888362, 1732836033.3064578, 
0.008392632007598877, -0.015379071235656738, 0.005428525212100244, -2.4560471483809746e-10, -0.0002100958189501464, 1.169012863108794e-06, 2.682548125861919, -0.005956479316878728, 2.7473268508911133, 0.07747466117143631, -0.4273040788888362, 1732836033.395597, 
0.001268923282623291, -0.0011977553367614746, 0.001617605746506582, 8.134762507123542e-07, -0.00025272305114094277, -0.003218844688048188, 2.6825248102756607, -0.005944781548382211, 2.7473204135894775, 0.07749707996845245, -0.42747949655065887, 1732836033.4965727, 
-0.01665520668029785, 0.004617750644683838, -0.015121606234217115, 8.978974920308215e-09, -3.310887995042914e-05, -0.0002711953691502582, 2.6825038267466357, -0.0059342531495624705, 2.7473204135894775, 0.07749707996845245, -0.42747949655008727, 1732836033.5864553, 
0.0027805566787719727, -0.019382894039154053, 0.0012791162965338446, 2.5042256087081038e-09, -0.00011295106368184042, -2.2170890003851446e-05, 2.682511421128681, -0.005938066131953382, 2.7473204135894775, 0.07749707996845245, -0.42747949655008727, 1732836033.7065384, 
-0.01428234577178955, -0.02387171983718872, -0.012976355049150354, -5.097199569225266e-12, -8.36329190908898e-06, 6.094728755893094e-07, 2.6825021147049526, -0.005933392905701818, 2.7473204135894775, 0.07749707996845245, -0.42747949655008727, 1732836033.7966, 
0.006686389446258545, 0.020720720291137695, 0.005036948898186891, 3.023209747035585e-07, -0.0002179064277208606, -0.0013873889717968, 2.6825090091995483, -0.005936854983845476, 2.7473175525665283, 0.07750675082206726, -0.4275550837558245, 1732836033.8965807, 
0.002968907356262207, 0.0006629228591918945, 0.003142282050933796, -2.5399612856224297e-09, 2.179057554145097e-05, -0.00011656237719792238, 2.6824875012137532, -0.005926054393295577, 2.7473175525665283, 0.07750675082206726, -0.4275550837558245, 1732836033.9873571, 
0.003062009811401367, 0.005682826042175293, 0.003068527782361458, -2.662560468925193e-10, 2.7538508009367936e-05, -9.668499353775645e-06, 2.682486928082141, -0.005925766527656307, 2.7473175525665283, 0.07750675082206726, -0.4275550837558245, 1732836034.1064699, 
-0.013295650482177734, -0.019325613975524902, -0.011922499206924014, -2.2843672350977492e-11, 1.7586680711892985e-05, -1.298918921950375e-06, 2.6824878339141733, -0.0059262215638838005, 2.7473175525665283, 0.07750675082206726, -0.4275550837558245, 1732836034.1966352, 
-0.025446772575378418, -0.01394718885421753, -0.024310978456561168, 3.586273901217008e-11, -0.0001074680788928804, -3.337059653584813e-07, 2.6824990289854607, -0.005931845309175148, 2.7473175525665283, 0.07750675082206726, -0.4275550837558245, 1732836034.2960594, 
