imu_ax, imu_ay, kf_ax, kf_ay, kf_vx, kf_w, kf_x, kf_y, odom_x, odom_y, odom_th, stamp, 
-0.002016723155975342, 0.020242154598236084, -0.001907931382027647, -0.0, -3.2343764717024315e-05, 0.0, 1.657828572359547, 2.0034329526255896, 1.6578037738800049, 2.0031661987304688, 1.478098864260002, 1732834891.5737822, 
-6.651878356933594e-05, -0.0031415820121765137, -0.00022024453626501945, -2.593924122739552e-12, -2.7858914030135017e-05, 9.310930497627085e-08, 1.6578274423239225, 2.0034207969848006, 1.6578037738800049, 2.0031661987304688, 1.478098864260002, 1732834891.6228492, 
0.0074059367179870605, 0.04527336359024048, 0.006765950075380863, -9.140353087122038e-13, 7.964688295375197e-07, -1.1476096424802345e-06, 1.6578265022491534, 2.003410684727721, 1.6578037738800049, 2.0031661987304688, 1.478098864260002, 1732834891.6699986, 
0.012773990631103516, -0.010618746280670166, 0.012269324369146548, -6.3182057494932416e-12, 6.071964466443402e-05, -1.040553808312069e-07, 1.6578258883337418, 2.0034040809226004, 1.6578037738800049, 2.0031661987304688, 1.478098864260002, 1732834891.734259, 
0.01642674207687378, 0.00917673110961914, 0.016076993022078104, 5.5548690556041986e-11, 0.00011071773070813959, 5.017144968629513e-07, 1.6578254206460272, 2.003399050073727, 1.6578037738800049, 2.0031661987304688, 1.478098864260002, 1732834891.782788, 
0.011132776737213135, 0.005548596382141113, 0.011546604934625903, 8.525776015875783e-11, 0.0001409504706799561, 6.048774420366794e-07, 1.6578251407822644, 2.003396039620511, 1.6578037738800049, 2.0031661987304688, 1.478098864260002, 1732834891.8298054, 
-0.013863027095794678, 0.014123976230621338, -0.011733306247713609, 3.231145447807434e-10, 0.0001723759557205151, 1.874475726212251e-06, 1.6578246797101233, 2.003391079934022, 1.6578037738800049, 2.0031661987304688, 1.478098864260002, 1732834891.973791, 
0.022271573543548584, -0.011416733264923096, 0.019418349543716042, 1.0117350582396473e-10, -6.14845406990244e-05, -1.6455112890770948e-06, 1.6578268511667635, 2.0034144380193983, 1.6578037738800049, 2.0031661987304688, 1.478098864260002, 1732834892.086254, 
0.0061495304107666016, 0.0021668672561645508, 0.007261897286405972, -3.8806070962612845e-11, 0.00014917383786916798, -2.601399247812306e-07, 1.6578248928547636, 2.0033933726702013, 1.6578037738800049, 2.0031661987304688, 1.478098864260002, 1732834892.1343212, 
-0.022595643997192383, -0.0178719162940979, -0.020090410029455504, -1.331538940634309e-10, 5.4037095382871575e-05, -2.4641201219271566e-06, 1.657825773856904, 2.003402849499084, 1.6578037738800049, 2.0031661987304688, 1.478098864260002, 1732834892.2777677, 
0.0134429931640625, -0.025001108646392822, 0.01062996262723893, 2.053075037977884e-10, -0.00014214017427079118, -1.444401660903111e-06, 1.657827590645585, 2.0034223924581056, 1.6578037738800049, 2.0031661987304688, 1.478098864260002, 1732834892.373773, 
0.009730756282806396, -0.014108598232269287, 0.009805620426668818, 1.3202792053906908e-10, 7.694425526978438e-05, 1.7158905505829981e-06, 1.6578255564820077, 2.003400511280664, 1.6578037738800049, 2.0031661987304688, 1.478098864260002, 1732834892.470298, 
-0.011548042297363281, 0.010618388652801514, -0.009756615613702961, 6.672199579529112e-11, 7.476213407557478e-05, 8.924570789785624e-07, 1.6578255766347358, 2.003400728059326, 1.6578037738800049, 2.0031661987304688, 1.478098864260002, 1732834892.5818622, 
-0.023730576038360596, -0.006716489791870117, -0.02255722647156261, 3.249017791281462e-11, -8.436722001128926e-05, -3.8510428467913344e-07, 1.6578270454978792, 2.00341652839437, 1.6578037738800049, 2.0031661987304688, 1.478098864260002, 1732834892.677865, 
0.03403890132904053, 0.0006910562515258789, 0.029290575079493873, 1.3674530324583621e-11, -0.0001595110935699146, -8.572776989075056e-08, 1.6578277408685909, 2.003424008396167, 1.6578037738800049, 2.0031661987304688, 1.478098864260002, 1732834892.774931, 
0.004860639572143555, -0.004966318607330322, 0.006909127335855941, 1.556348103419765e-10, 0.00021660818787061975, 7.185084362320473e-07, 1.6578242562088032, 2.0033865244257147, 1.6578037738800049, 2.0031661987304688, 1.478098864260002, 1732834892.838447, 
-0.011772751808166504, -0.0035058259963989258, -0.010205458243702378, -4.0616340973963713e-11, 6.39260010849138e-05, -6.353649576799347e-07, 1.6578256679768377, 2.0034017106051643, 1.6578037738800049, 2.0031661987304688, 1.478098864260002, 1732834892.981827, 
-0.0027819275856018066, -0.010669291019439697, -0.003404328721293708, 5.1112165702116896e-11, -7.537247833713193e-05, -6.78127704299418e-07, 1.6578269570514916, 2.0034155769988837, 1.6578037738800049, 2.0031661987304688, 1.478098864260002, 1732834893.0778072, 
0.023006200790405273, 0.024018466472625732, 0.0207899602133937, 3.0471028338603597e-11, -1.7764084486465866e-05, -1.7153165625742727e-06, 1.6578264223887962, 2.003409825711795, 1.6578037738800049, 2.0031661987304688, 1.478098864260002, 1732834893.126036, 
-0.012921392917633057, 0.01687479019165039, -0.010093501690537455, -6.331855351952468e-11, 0.00015127763832335317, -4.185585802455644e-07, 1.6578248539190705, 2.0033929539292474, 1.6578037738800049, 2.0031661987304688, 1.478098864260002, 1732834893.2864716, 
-0.002002894878387451, -0.009956061840057373, -0.0026813486397233976, 9.392861598454895e-11, -6.638720086139197e-05, -1.4148603159313787e-06, 1.6578268611051907, 2.0034145448772196, 1.6578037738800049, 2.0031661987304688, 1.478098864260002, 1732834893.381827, 
0.017356157302856445, 0.019310355186462402, 0.015674721619613023, 1.951289944024254e-11, -1.5089859260648884e-05, -1.2931134149890976e-06, 1.6578263849514117, 2.0034094229777883, 1.6578037738800049, 2.0031661987304688, 1.478098864260002, 1732834893.4778066, 
-0.004589498043060303, -0.007169604301452637, -0.0028898362261930606, -1.107659175770349e-12, 0.00011772052487173763, -9.409227294706669e-09, 1.6578251488553961, 2.00339612653713, 1.6578037738800049, 2.0031661987304688, 1.478098864260002, 1732834893.573944, 
0.00948786735534668, 0.007738709449768066, 0.008449174712020741, -5.1486852648185005e-12, -6.17523413487303e-06, 8.3376357112399e-07, 1.6578262850768413, 2.003408348629848, 1.6578037738800049, 2.0031661987304688, 1.478098864260002, 1732834893.671731, 
-0.028860270977020264, 0.018434584140777588, -0.025729610932094426, -1.5852301111218258e-12, 4.619648048615778e-05, -3.431495417917867e-08, 1.6578257999203188, 2.0034031299038513, 1.6578037738800049, 2.0031661987304688, 1.478098864260002, 1732834893.781841, 
0.006675124168395996, -0.008832097053527832, 0.003957198431451717, 7.213554984644107e-11, -0.00019151823524854276, -3.7665107843557126e-07, 1.6578280075000713, 2.003426876390219, 1.6578037738800049, 2.0031661987304688, 1.478098864260002, 1732834893.8778143, 
0.0032148361206054688, -0.005663931369781494, 0.0032770077841432488, 1.5907576795329535e-11, 1.653413240525664e-05, 9.621053228212985e-07, 1.6578260880792282, 2.0034062295708726, 1.6578037738800049, 2.0031661987304688, 1.478098864260002, 1732834893.9738047, 
-0.000616908073425293, -0.006055474281311035, -0.0002903356746335561, -2.905731794833509e-13, 2.6464667486122712e-05, -1.0979664854497751e-08, 1.6578259957713999, 2.0034052366345776, 1.6578037738800049, 2.0031661987304688, 1.478098864260002, 1732834894.0864143, 
-0.009611427783966064, -0.007977843284606934, -0.008829151531801707, 1.2080950549623718e-12, -6.216583988966303e-06, -1.9433422875112712e-07, 1.6578262965645516, 2.003408472207353, 1.6578037738800049, 2.0031661987304688, 1.478098864260002, 1732834894.1818225, 
0.008555591106414795, 0.004454493522644043, 0.007097151485119961, 2.6438235241936168e-12, -6.343693440724618e-05, -4.1676407425697136e-08, 1.6578268272564538, 2.0034141807557564, 1.6578037738800049, 2.0031661987304688, 1.478098864260002, 1732834894.278966, 
0.02163594961166382, 0.009558618068695068, 0.020415354877057503, -3.566240819457091e-11, 6.379904699615156e-05, -5.589802649673138e-07, 1.6578256467234467, 2.0034014819967787, 1.6578037738800049, 2.0031661987304688, 1.478098864260002, 1732834894.3738608, 
0.0005806088447570801, -0.01112067699432373, 0.002243891008768012, -1.135061241911801e-10, 0.0001628827408441261, -6.968578966865621e-07, 1.6578247333721463, 2.0033916572592063, 1.6578037738800049, 2.0031661987304688, 1.478098864260002, 1732834894.4701302, 
0.016360819339752197, 0.0030898451805114746, 0.01517580069867757, 1.6764119998858684e-11, 4.164311869406706e-05, 4.0256639090883185e-07, 1.6578258559267698, 2.0034037323474103, 1.6578037738800049, 2.0031661987304688, 1.478098864260002, 1732834894.5821347, 
0.019175469875335693, 0.003625810146331787, 0.0188387824024139, 2.2970102859906152e-11, 0.00013346766432887226, 1.7210238131766848e-07, 1.657825005335888, 2.0033945827220268, 1.6578037738800049, 2.0031661987304688, 1.478098864260002, 1732834894.6780121, 
-0.01484614610671997, 0.012788772583007812, -0.01202043690396105, 2.322688961296944e-10, 0.000147183734758401, 1.5780880714228302e-06, 1.6578248783411969, 2.0033932166672157, 1.6578037738800049, 2.0031661987304688, 1.478098864260002, 1732834894.7738612, 
-0.005825400352478027, -0.01576554775238037, -0.0063446360836306535, 1.6829541402550183e-10, -8.44319284007656e-05, -1.9932674429354355e-06, 1.6578270214051651, 2.0034162691653057, 1.6578037738800049, 2.0031661987304688, 1.478098864260002, 1732834894.8702223, 
0.022497832775115967, 0.0028705596923828125, 0.020077688042143757, 1.6199233625456338e-11, -4.161087863650771e-05, -3.893028495496315e-07, 1.657826624425979, 2.003411998935614, 1.6578037738800049, 2.0031661987304688, 1.478098864260002, 1732834894.982104, 
0.0006299018859863281, 0.006601810455322266, 0.002260782337581039, -4.336106282070046e-11, 0.00015250579622594937, -2.843240315696436e-07, 1.6578248246678022, 2.0033926393170236, 1.6578037738800049, 2.0031661987304688, 1.478098864260002, 1732834895.030002, 
-0.008462131023406982, -0.02588719129562378, -0.007562453026428434, -9.021206102187903e-11, 2.4780165886494553e-05, -3.6404946373278937e-06, 1.6578260057759024, 2.00340534424021, 1.6578037738800049, 2.0031661987304688, 1.478098864260002, 1732834895.1739228, 
0.008045017719268799, -0.00394052267074585, 0.0067356298452594075, 2.0181820905851873e-11, -5.109795596698109e-05, -3.949633703331134e-07, 1.657826707042921, 2.0034128876129276, 1.6578037738800049, 2.0031661987304688, 1.478098864260002, 1732834895.2702491, 
-0.012712717056274414, -0.009088993072509766, -0.011080925402825369, 1.5847794696049514e-11, 4.0396248685653285e-05, 3.9230857348588045e-07, 1.6578258447656282, 2.0034036123217547, 1.6578037738800049, 2.0031661987304688, 1.478098864260002, 1732834895.3818026, 
0.02592635154724121, -0.01797330379486084, 0.02282117917284928, 4.058870939819678e-11, -6.420224164848721e-05, -6.322008134922057e-07, 1.6578267956738637, 2.0034138409882933, 1.6578037738800049, 2.0031661987304688, 1.478098864260002, 1732834895.4779322, 
-0.0066765546798706055, -0.0046653151512146, -0.00420238953509389, 3.693632661971149e-11, 0.00016688112522769477, 2.2133315897358126e-07, 1.6578246581340732, 2.00339084803555, 1.6578037738800049, 2.0031661987304688, 1.478098864260002, 1732834895.574055, 
0.014512777328491211, -0.0064505934715271, 0.0129422688571511, 9.03738815329877e-12, -9.340300528259656e-06, -9.675693117106452e-07, 1.6578263065157246, 2.003408579232365, 1.6578037738800049, 2.0031661987304688, 1.478098864260002, 1732834895.670212, 
0.0037136077880859375, -0.012043774127960205, 0.004487291567853862, 2.223868946332125e-12, 0.00010176283112596431, 2.1853450043851182e-08, 1.6578252775256004, 2.0033975106617365, 1.6578037738800049, 2.0031661987304688, 1.478098864260002, 1732834895.7817988, 
-0.003245711326599121, 0.0282132625579834, -0.002597068527896833, 1.0741255566454057e-10, 4.081093472480901e-05, 2.6319552930809093e-06, 1.657825835673727, 2.003403514505612, 1.6578037738800049, 2.0031661987304688, 1.478098864260002, 1732834895.8778415, 
-0.02091902494430542, -0.018405914306640625, -0.01938120671506169, 1.4183319072123902e-11, -3.0354845640398812e-05, -4.6725057475658954e-07, 1.6578264947869252, 2.003410604404508, 1.6578037738800049, 2.0031661987304688, 1.478098864260002, 1732834895.9739063, 
0.009942948818206787, -0.013211488723754883, 0.007483184386179568, -4.7826266084761754e-11, -0.00014573794917237628, 3.281661801635049e-07, 1.6578275610130457, 2.003422073531671, 1.6578037738800049, 2.0031661987304688, 1.478098864260002, 1732834896.070552, 
0.02056741714477539, -0.009511232376098633, 0.01946892794197124, 7.658409935161917e-11, 5.90306568876523e-05, 1.2973614624918496e-06, 1.657825665451309, 2.003401683452754, 1.6578037738800049, 2.0031661987304688, 1.478098864260002, 1732834896.181836, 
-0.012258768081665039, -0.0110398530960083, -0.009597325074669951, -7.237044688773984e-11, 0.0001482621245332055, -4.881249821260413e-07, 1.6578248359847705, 2.0033927610871185, 1.6578037738800049, 2.0031661987304688, 1.478098864260002, 1732834896.277796, 
0.0092812180519104, -0.002069413661956787, 0.007697364169720059, 1.8109728380374918e-11, -5.623594518290023e-05, -3.220311905752689e-07, 1.657826741210626, 2.003413255154454, 1.6578037738800049, 2.0031661987304688, 1.478098864260002, 1732834896.3759024, 
-0.003554046154022217, 0.01857125759124756, -0.00261023119159174, -5.1638348496931356e-11, 5.249116154243958e-05, -9.837532068171379e-07, 1.6578257350310954, 2.003402431922631, 1.6578037738800049, 2.0031661987304688, 1.478098864260002, 1732834896.47026, 
-0.015955984592437744, -0.016070842742919922, -0.014835802292844993, 2.2405419256021452e-11, -2.6194727446312172e-05, -8.553408048219949e-07, 1.6578264648570626, 2.0034102824822524, 1.6578037738800049, 2.0031661987304688, 1.478098864260002, 1732834896.5818357, 
-0.019166767597198486, -0.014819025993347168, -0.018802315524450712, -3.662623127019083e-11, -0.00012904567294104202, 2.838237845210393e-07, 1.6578274147654481, 2.0034205004048884, 1.6578037738800049, 2.0031661987304688, 1.478098864260002, 1732834896.6778111, 
-0.00727158784866333, 0.0010933279991149902, -0.008238018720060782, 1.6870584062694403e-11, -0.00016001623382785944, -1.0543045326790568e-07, 1.6578277000388053, 2.0034235690160878, 1.6578037738800049, 2.0031661987304688, 1.478098864260002, 1732834896.7750573, 
6.645917892456055e-05, 0.016959547996520996, -0.000629859879406296, 1.9207264382022353e-10, -7.698587003334746e-05, -2.494907750435563e-06, 1.6578269327357167, 2.003415315337812, 1.6578037738800049, 2.0031661987304688, 1.478098864260002, 1732834896.870237, 
-0.00549006462097168, -0.006612062454223633, -0.005082079785160767, -3.821811880269309e-12, -1.487411546389743e-05, 2.5694380882988574e-07, 1.6578263582071806, 2.0034091352867334, 1.6578037738800049, 2.0031661987304688, 1.478098864260002, 1732834896.9818165, 
-0.013019740581512451, 0.006884455680847168, -0.012353231315777063, 3.537753426803564e-12, -4.8969536945543094e-05, -7.224396323652696e-08, 1.6578266735289096, 2.0034125271117205, 1.6578037738800049, 2.0031661987304688, 1.478098864260002, 1732834897.0778303, 
0.002989649772644043, -0.01016169786453247, 0.0017028284363648956, -4.39733686211777e-11, -9.776398884040155e-05, 4.4979106461136377e-07, 1.6578271252470493, 2.0034173861131235, 1.6578037738800049, 2.0031661987304688, 1.478098864260002, 1732834897.1739178, 
0.026400208473205566, 0.007798433303833008, 0.024327423485554237, -1.4780521691175227e-11, 2.237174457105581e-05, -6.60678099744533e-07, 1.6578260041811645, 2.003405327131824, 1.6578037738800049, 2.0031661987304688, 1.478098864260002, 1732834897.2704375, 
-0.020598530769348145, 0.0075820088386535645, -0.016829680095527405, 1.752222585727913e-11, 0.00017532089790962173, 9.994373783273613e-08, 1.657824597810883, 2.003390199208299, 1.6578037738800049, 2.0031661987304688, 1.478098864260002, 1732834897.3838544, 
0.015475988388061523, -0.019067823886871338, 0.012765705990732831, 3.2229156509452614e-10, -0.00010552901769369637, -3.0540563357653407e-06, 1.657827198538675, 2.0034181744775674, 1.6578037738800049, 2.0031661987304688, 1.478098864260002, 1732834897.4778037, 
0.024849414825439453, 0.010105252265930176, 0.023834522215495493, -1.3104618948177167e-10, 0.00010626496837215613, -1.2332021689671796e-06, 1.6578252337652375, 2.003397039987474, 1.6578037738800049, 2.0031661987304688, 1.478098864260002, 1732834897.5738254, 
-0.007896006107330322, 0.00857466459274292, -0.00523462780550487, 1.3753703165776234e-10, 0.00018809025454667293, 7.31228909170484e-07, 1.657824476279891, 2.0033888919618215, 1.6578037738800049, 2.0031661987304688, 1.478098864260002, 1732834897.6703737, 
0.0026012659072875977, -0.005658507347106934, 0.0019438530454044482, 2.0973512888198655e-11, -2.295629368673029e-05, -9.136280087025647e-07, 1.6578264256158808, 2.0034098603056028, 1.6578037738800049, 2.0031661987304688, 1.478098864260002, 1732834897.7828283, 
0.020434081554412842, -0.0118180513381958, 0.01888217249011314, 4.5376087044329156e-12, 2.6403036046550196e-05, 1.7185935346347402e-07, 1.657825968683223, 2.00340494523356, 1.6578037738800049, 2.0031661987304688, 1.478098864260002, 1732834897.877842, 
-0.019547343254089355, -0.0048487186431884766, -0.016323377120319067, -1.3938786576996907e-11, 0.0001355189647227323, -1.028548779539103e-07, 1.657824959216693, 2.0033940867476163, 1.6578037738800049, 2.0031661987304688, 1.478098864260002, 1732834897.974844, 
0.0002079010009765625, 0.007509768009185791, -0.0011785188510711909, -1.0605804346866882e-10, -0.00011482151830869303, 9.236774171853053e-07, 1.6578272770341516, 2.003419018718863, 1.6578037738800049, 2.0031661987304688, 1.478098864260002, 1732834898.0707254, 
-0.0038957595825195312, -0.0032422542572021484, -0.0036675631407680535, -8.909988720386364e-12, -2.1287553689004274e-05, 4.185539048100519e-07, 1.6578264105310723, 2.0034096980411538, 1.6578037738800049, 2.0031661987304688, 1.478098864260002, 1732834898.1818523, 
-0.00039124488830566406, -0.02157038450241089, -0.0006659583617312599, -1.3880327126482626e-11, -3.0454587439938832e-05, 4.557713071587912e-07, 1.6578264953901662, 2.003410610842096, 1.6578037738800049, 2.0031661987304688, 1.478098864260002, 1732834898.27786, 
0.008690714836120605, 0.01929032802581787, 0.007905516437725645, 1.0277095257022687e-12, -2.0557101798384595e-06, -4.999291903020238e-07, 1.6578262326516824, 2.0034077846499985, 1.6578037738800049, 2.0031661987304688, 1.478098864260002, 1732834898.373836, 
-0.014311790466308594, 0.013127923011779785, -0.01244770754946875, -3.441575343385241e-12, 5.1615940095614933e-05, -6.667659907017023e-08, 1.657825736463548, 2.00340244731413, 1.6578037738800049, 2.0031661987304688, 1.478098864260002, 1732834898.4865398, 
-0.00275576114654541, 0.0067291259765625, -0.0035683868982444734, -2.9286929775429965e-11, -9.369220386892634e-05, 3.1258662477832026e-07, 1.6578270804808248, 2.0034169044683745, 1.6578037738800049, 2.0031661987304688, 1.478098864260002, 1732834898.5818756, 
0.0047866106033325195, -0.013978004455566406, 0.004085708521592941, -3.973517652859632e-11, -3.24115333771018e-05, 1.2259579349821365e-06, 1.657826511951195, 2.0034107889814097, 1.6578037738800049, 2.0031661987304688, 1.478098864260002, 1732834898.6779943, 
0.03333866596221924, 0.016170024871826172, 0.03088336001311163, -1.904868036824158e-11, 5.0496136649173936e-05, -3.7723045033294037e-07, 1.6578257453932177, 2.003402543365209, 1.6578037738800049, 2.0031661987304688, 1.478098864260002, 1732834898.774937, 
-0.03197675943374634, -0.005964875221252441, -0.0267032436877553, -6.839856675765516e-11, 0.0002223740669014631, -3.075833783620257e-07, 1.6578241547778776, 2.0033854336116996, 1.6578037738800049, 2.0031661987304688, 1.478098864260002, 1732834898.8857977, 
0.003354668617248535, 0.024370849132537842, 0.0008336410686844813, -9.181132599707301e-10, -0.00018589687207636475, 4.938831136403293e-06, 1.6578279360647603, 2.0034261077256525, 1.6578037738800049, 2.0031661987304688, 1.478098864260002, 1732834898.9818683, 
0.006758689880371094, 0.011756181716918945, 0.006261495149764604, 7.47256127160158e-12, -4.706926430169807e-06, -1.5875670424132804e-06, 1.6578262607401095, 2.0034080867833444, 1.6578037738800049, 2.0031661987304688, 1.478098864260002, 1732834899.0778608, 
-0.014620661735534668, -0.010558784008026123, -0.012868524566570507, -3.3839415865723407e-12, 3.858527315908438e-05, -8.770034029876079e-08, 1.657825860035816, 2.003403776513279, 1.6578037738800049, 2.0031661987304688, 1.478098864260002, 1732834899.1738458, 
-0.016513824462890625, 0.0027250051498413086, -0.01620646476821337, 7.72397012068866e-06, 0.000765781706437395, 0.010086386310561623, 1.6578279449022841, 2.0034262031516734, 1.6578621864318848, 2.0032074451446533, 1.478636161771544, 1732834899.2707796, 
0.0159914493560791, -0.010241925716400146, 0.013289719396606395, -1.2206122383482039e-07, -0.0001454368810847813, 0.0008392728372912904, 1.6578354232547148, 2.003506720265064, 1.6578621864318848, 2.0032074451446533, 1.478636161771544, 1732834899.38184, 
-0.01822906732559204, -0.01385498046875, -0.015584619180973789, 4.918899370228397e-09, 6.805532293567692e-05, 7.227795208432906e-05, 1.657833363526687, 2.003484322263925, 1.6578621864318848, 2.0032074451446533, 1.478636161771544, 1732834899.477865, 
0.010640561580657959, -0.012570619583129883, 0.008440579148732839, -5.76762820704786e-10, -0.00010919652778443594, 5.281878759399468e-06, 1.6578349822226806, 2.003501942047605, 1.6578621864318848, 2.0032074451446533, 1.478636161771544, 1732834899.573844, 
0.012512922286987305, -0.0025907158851623535, 0.012170676093293777, 4.496565592618022e-11, 6.401598806950648e-05, 7.024129015607472e-07, 1.6578334025765356, 2.0034847450537456, 1.6578621864318848, 2.0032074451446533, 1.478636161771544, 1732834899.6864483, 
0.010847806930541992, -0.01630580425262451, 0.01095799353469755, -9.583221303361036e-11, 0.00010680219694989305, -8.972869076707352e-07, 1.6578330105897414, 2.0034804776123734, 1.6578621864318848, 2.0032074451446533, 1.478636161771544, 1732834899.7819707, 
-0.0073400139808654785, 0.014667868614196777, -0.00580512786534618, 1.208349089761152e-10, 8.886266044623448e-05, 1.3597939603577954e-06, 1.6578331741795784, 2.0034822585762493, 1.6578621864318848, 2.0032074451446533, 1.478636161771544, 1732834899.8798711, 
0.00157928466796875, -0.010128974914550781, 0.0009598645625700777, 2.5872822677725937e-11, -3.641813489929478e-05, -7.104378834685175e-07, 1.6578343192127611, 2.0034947242628047, 1.6578621864318848, 2.0032074451446533, 1.478636161771544, 1732834899.9738514, 
-0.0050550103187561035, -0.013672292232513428, -0.00455024892748487, 4.355355944044818e-13, 1.0984122595610857e-06, 3.9651377760342673e-07, 1.6578339761931598, 2.003490989890341, 1.6578621864318848, 2.0032074451446533, 1.478636161771544, 1732834900.085884, 
0.00839531421661377, 0.004313290119171143, 0.0073091486693403086, -1.1150221528726885e-12, -2.9642468621518948e-05, 3.761569817647503e-08, 1.6578342572403746, 2.0034940495822524, 1.6578621864318848, 2.0032074451446533, 1.478636161771544, 1732834900.181849, 
-0.02572721242904663, 0.009582579135894775, -0.02295508197476638, -9.60474110440742e-12, 3.7364255668894276e-05, -2.5705693670229757e-07, 1.6578336442729729, 2.0034873763545287, 1.6578621864318848, 2.0032074451446533, 1.478636161771544, 1732834900.2789867, 
-0.0027047395706176758, 0.004922032356262207, -0.004402789888906904, -2.587950589751163e-11, -0.00017616827372116855, 1.4690219385627052e-07, 1.657835596914778, 2.003508634293596, 1.6578621864318848, 2.0032074451446533, 1.478636161771544, 1732834900.373854, 
0.029628217220306396, 0.018548786640167236, 0.02677255557932747, 8.822173164383026e-11, -2.9593159661776272e-05, -2.9811528289688184e-06, 1.6578342566194506, 2.0034940428264965, 1.6578621864318848, 2.0032074451446533, 1.478636161771544, 1732834900.470223, 
-0.0006302595138549805, -0.0070989131927490234, 0.0016678090623379882, -1.1796843165511151e-11, 0.00020434638956931496, -5.7729638337992866e-08, 1.6578321161768952, 2.003470740354863, 1.6578621864318848, 2.0032074451446533, 1.478636161771544, 1732834900.5823085, 
0.005436241626739502, 0.010296761989593506, 0.005119733693265247, 6.455993086813219e-11, 3.357801887217887e-05, 1.9226843344716635e-06, 1.6578336790871142, 2.0034877553224533, 1.6578621864318848, 2.0032074451446533, 1.478636161771544, 1732834900.678171, 
0.003903329372406006, -0.02584940195083618, 0.0040050620789095085, -2.847089887459667e-11, 4.492242223165185e-05, -6.337792456466514e-07, 1.6578335748330522, 2.00348662033722, 1.6578621864318848, 2.0032074451446533, 1.478636161771544, 1732834900.7738593, 
0.00014954805374145508, -0.016457855701446533, 0.0004728347231589586, -2.542959339389257e-11, 3.481268524776663e-05, -7.304691727428289e-07, 1.6578336672187584, 2.0034876261171632, 1.6578621864318848, 2.0032074451446533, 1.478636161771544, 1732834900.8220696, 
-0.00040328502655029297, 0.0022055506706237793, -0.0003298097525818878, 5.706632398177088e-14, 6.315078076630051e-06, 9.036519151355211e-09, 1.6578339279427212, 2.0034904645499596, 1.6578621864318848, 2.0032074451446533, 1.478636161771544, 1732834900.9342241, 
0.01568472385406494, -0.01382911205291748, 0.01434071688671758, -6.47106956807158e-13, 8.165937512618367e-06, -7.924466184160971e-08, 1.6578339110095257, 2.003490280202752, 1.6578621864318848, 2.0032074451446533, 1.478636161771544, 1732834901.0780103, 
0.015845000743865967, -0.002028226852416992, 0.015717813278697864, -2.665784524026994e-12, 0.000122156578725842, -2.182268488388053e-08, 1.6578328664482151, 2.0034789083483386, 1.6578621864318848, 2.0032074451446533, 1.478636161771544, 1732834901.1739926, 
-0.007556140422821045, 0.001818537712097168, -0.005603971611688966, 2.565617516204895e-11, 0.00012721708115678724, 2.016724085221645e-07, 1.6578328200950276, 2.0034784037138014, 1.6578621864318848, 2.0032074451446533, 1.478636161771544, 1732834901.2234454, 
0.012297213077545166, -0.009089469909667969, 0.010795130523813638, 2.560272409805951e-11, -2.4561996306734525e-05, -1.0423714659968268e-06, 1.6578342028483601, 2.0034934573711434, 1.6578621864318848, 2.0032074451446533, 1.478636161771544, 1732834901.33416, 
-0.0056059956550598145, 0.03377211093902588, -0.004230210419936951, -6.585419927222882e-11, 7.77156417823032e-05, -8.473738074080297e-07, 1.657833267970467, 2.0034832796101907, 1.6578621864318848, 2.0032074451446533, 1.478636161771544, 1732834901.4788897, 
0.015616178512573242, 0.00244903564453125, 0.013950789152233505, -1.6609291501638474e-12, -1.6087387965925794e-05, 1.0324417821474877e-07, 1.6578341264840548, 2.003492626003387, 1.6578621864318848, 2.0032074451446533, 1.478636161771544, 1732834901.5742161, 
0.0006459355354309082, 0.010732173919677734, 0.0017616525816585866, -1.6008609588037237e-11, 0.00010708148439919542, -1.4949932453642305e-07, 1.657832999081014, 2.003480352296824, 1.6578621864318848, 2.0032074451446533, 1.478636161771544, 1732834901.6231573, 
-0.017439424991607666, -0.008155107498168945, -0.0158281529352542, -9.168478523330223e-12, 1.1283965016137374e-05, -8.125227710488503e-07, 1.6578338740415586, 2.0034898777361003, 1.6578621864318848, 2.0032074451446533, 1.478636161771544, 1732834901.7347763, 
-0.013316035270690918, 0.004233658313751221, -0.01352584417748426, 3.1805015734303926e-12, -0.00013022188289997408, -2.4423710536219145e-08, 1.657835168801661, 2.0035039734073385, 1.6578621864318848, 2.0032074451446533, 1.478636161771544, 1732834901.8778543, 
-0.008748233318328857, 0.011501610279083252, -0.009148232030518611, 1.6668117716776574e-10, -0.00012130043789652283, -1.3741185115090486e-06, 1.6578350871384102, 2.0035030843653248, 1.6578621864318848, 2.0032074451446533, 1.478636161771544, 1732834901.9749734, 
0.006354928016662598, 0.007601022720336914, 0.005056112488046079, 1.3761352841676298e-10, -0.00014335509611812232, -9.599486320554075e-07, 1.6578353885592891, 2.003506365842406, 1.6578621864318848, 2.0032074451446533, 1.478636161771544, 1732834902.136222, 
0.01355057954788208, 0.005820572376251221, 0.012837441124396623, -3.032962522922928e-11, 3.589542409660769e-05, -8.449440560334704e-07, 1.657833717359019, 2.0034881720474718, 1.6578621864318848, 2.0032074451446533, 1.478636161771544, 1732834902.2778606, 
0.0040819644927978516, 0.00039583444595336914, 0.004815915646986236, -6.069489774945222e-12, 0.00010484226266114886, -5.7891632829042115e-08, 1.6578330823056766, 2.003481258442233, 1.6578621864318848, 2.0032074451446533, 1.478636161771544, 1732834902.3259027, 
-0.012629568576812744, 0.02230656147003174, -0.011165832422093451, 8.093507484648082e-11, 3.786347058751076e-05, 2.1375503510546443e-06, 1.6578336952986406, 2.0034879318769283, 1.6578621864318848, 2.0032074451446533, 1.478636161771544, 1732834902.4702897, 
0.0124015212059021, -0.000944674015045166, 0.01042432428615784, -1.1014564977878227e-11, -7.512486324297318e-05, 1.4661677242931258e-07, 1.657834728346529, 2.003499178300676, 1.6578621864318848, 2.0032074451446533, 1.478636161771544, 1732834902.5828645, 
-0.0060231685638427734, -0.003514707088470459, -0.004643437664110378, 1.7930396637691915e-11, 7.054002736805282e-05, 2.541875486401142e-07, 1.6578333942596222, 2.0034846545422944, 1.6578621864318848, 2.0032074451446533, 1.478636161771544, 1732834902.6779041, 
0.0056403279304504395, 0.003429889678955078, 0.004777514916541072, -6.387653447412723e-12, -2.6289674305243402e-05, 2.429719506315346e-07, 1.6578342784581204, 2.003494280518212, 1.6578621864318848, 2.0032074451446533, 1.478636161771544, 1732834902.7258599, 
-0.03959614038467407, -0.00037664175033569336, -0.03587236228650324, 2.6702161440467023e-13, 9.063535512527786e-06, 2.9461087677715613e-08, 1.6578339546528684, 2.003490755356727, 1.6578621864318848, 2.0032074451446533, 1.478636161771544, 1732834902.8218522, 
0.005194127559661865, -0.015680909156799316, 0.001749948647692394, 3.504048793373842e-11, -0.0002743432663451367, -1.2772497900369763e-07, 1.6578365554343526, 2.0035190692169227, 1.6578621864318848, 2.0032074451446533, 1.478636161771544, 1732834902.9829137, 
0.006996333599090576, 0.014998912811279297, 0.006555854872719353, -4.927379106443385e-11, 1.3034532310521167e-05, -3.780250022830601e-06, 1.6578313205500308, 2.003462078737444, 1.6578621864318848, 2.0032074451446533, 1.478636161771544, 1732834903.1259024, 
0.0037544965744018555, 0.017535626888275146, 0.003989165159982615, -5.839885340169416e-12, 5.414709322710447e-05, -1.0785224085207473e-07, 1.6578309086489325, 2.003457594507848, 1.6578621864318848, 2.0032074451446533, 1.478636161771544, 1732834903.2697968, 
-0.0015367865562438965, -0.009306550025939941, -0.0010733152040875603, -1.6237988112368643e-11, 3.4498680965672245e-05, -4.7068431771423895e-07, 1.6578310876195672, 2.0034595428925823, 1.6578621864318848, 2.0032074451446533, 1.478636161771544, 1732834903.3838835, 
-0.008302867412567139, -0.009725630283355713, -0.007696078561334423, 3.729395717712003e-12, -1.0751742220007127e-05, -3.468643166288199e-07, 1.6578315003979338, 2.003464036654382, 1.6578621864318848, 2.0032074451446533, 1.478636161771544, 1732834903.4299078, 
0.018475592136383057, -0.00549393892288208, 0.016279634345156193, -1.2118596383046042e-12, -4.8467855088846906e-05, 2.50033684404464e-08, 1.6578318454587222, 2.0034677931987117, 1.6578621864318848, 2.0032074451446533, 1.478636161771544, 1732834903.5749676, 
-0.005196332931518555, -0.00015300512313842773, -0.0033949811661000036, 1.053364692726183e-12, 0.0001184649923661968, 8.891780362168442e-09, 1.6578303190495935, 2.00345117577448, 1.6578621864318848, 2.0032074451446533, 1.478636161771544, 1732834903.670378, 
-0.00044798851013183594, 0.0001698136329650879, -0.0006951718811512493, -3.1919604481237363e-13, -1.664651231741827e-05, 1.917495020734038e-08, 1.6578315560363979, 2.0034646423701874, 1.6578621864318848, 2.0032074451446533, 1.478636161771544, 1732834903.7351577, 
-0.003957867622375488, 0.013927757740020752, -0.0036837950920166045, 3.635604615845571e-12, -1.7248121590434154e-05, -2.107826406941545e-07, 1.6578315522100482, 2.003464600714203, 1.6578621864318848, 2.0032074451446533, 1.478636161771544, 1732834903.8298852, 
0.010451078414916992, 0.020944178104400635, 0.009265054248103196, 8.040620026021861e-12, -2.3064094520021362e-05, -3.486206674639666e-07, 1.6578316091877006, 2.0034652210078217, 1.6578621864318848, 2.0032074451446533, 1.478636161771544, 1732834903.9258885, 
-0.023792624473571777, 0.0009306073188781738, -0.021018836166821122, -2.656423955714462e-12, 5.4302824963467435e-05, -4.8918706485373233e-08, 1.65783090197908, 2.0034575219035418, 1.6578621864318848, 2.0032074451446533, 1.478636161771544, 1732834904.023232, 
-0.009785950183868408, -0.015991568565368652, -0.010727340786363374, 1.3163098212453452e-10, -0.00016461746399051695, -7.996173609630953e-07, 1.6578329073863491, 2.003479353982479, 1.6578621864318848, 2.0032074451446533, 1.478636161771544, 1732834904.1355405, 
-0.009696006774902344, -0.01549607515335083, -0.009781760216869143, -2.337228002729898e-10, -0.00010297309350807402, 2.269746322175548e-06, 1.6578323445487761, 2.0034732265921895, 1.6578621864318848, 2.0032074451446533, 1.478636161771544, 1732834904.3749704, 
-0.011663198471069336, 0.0007659196853637695, -0.011504596309265726, -1.0863189448614183e-11, -9.188401292937044e-05, 1.1822719864188471e-07, 1.6578322430624572, 2.0034721217520715, 1.6578621864318848, 2.0032074451446533, 1.478636161771544, 1732834904.4711645, 
-0.0007012486457824707, 0.01166445016860962, -0.0016071158984833408, 9.444447082077811e-11, -9.717397972854101e-05, -9.719111132899169e-07, 1.6578322914554589, 2.0034726485868517, 1.6578621864318848, 2.0032074451446533, 1.478636161771544, 1732834904.5830007, 
-0.01865553855895996, -0.0041155219078063965, -0.017224577456516107, -9.310909657486773e-12, -3.269312999687173e-05, 2.847971319472224e-07, 1.6578317016358948, 2.0034662274432784, 1.6578621864318848, 2.0032074451446533, 1.478636161771544, 1732834904.677933, 
0.017033278942108154, -0.014209926128387451, 0.014159320610128145, -5.6227417382125207e-11, -0.00012509419263449784, 4.4948063693421286e-07, 1.6578325477252462, 2.003475438491395, 1.6578621864318848, 2.0032074451446533, 1.478636161771544, 1732834904.7750924, 
0.006737232208251953, 0.02569979429244995, 0.007359295363107888, -3.006627739591769e-10, 0.00010341365706936475, -2.9073797647201205e-06, 1.6578304580442664, 2.0034526889363713, 1.6578621864318848, 2.0032074451446533, 1.478636161771544, 1732834904.886971, 
0.008844196796417236, -0.0034227967262268066, 0.008719031223197149, -4.0545444193652816e-11, 7.135177852323664e-05, -5.682471415964587e-07, 1.657830751368609, 2.00345588224681, 1.6578621864318848, 2.0032074451446533, 1.478636161771544, 1732834904.9829357, 
-0.005660533905029297, -0.004637420177459717, -0.0044543361302193385, -2.4449451998351947e-11, 6.969480255616294e-05, -3.50807393114423e-07, 1.6578307664857523, 2.003456046819425, 1.6578621864318848, 2.0032074451446533, 1.478636161771544, 1732834905.0779228, 
-0.002454817295074463, 0.007223963737487793, -0.0026223830219263555, -1.306083461923972e-11, -3.0248723431727743e-05, 4.317813493425072e-07, 1.6578316815091791, 2.003466008294997, 1.6578621864318848, 2.0032074451446533, 1.478636161771544, 1732834905.174008, 
-0.002315342426300049, -0.0003827214241027832, -0.002340920981214841, -1.1395988687407284e-12, -2.4329354843480625e-05, 4.6840488622578465e-08, 1.6578316273750082, 2.0034654189593035, 1.6578621864318848, 2.0032074451446533, 1.478636161771544, 1732834905.2871604, 
0.006627380847930908, -0.022154271602630615, 0.0058748812273420005, -7.88313533843126e-12, -1.5839223781324792e-05, 4.976970745072658e-07, 1.6578315497680165, 2.0034645740844597, 1.6578621864318848, 2.0032074451446533, 1.478636161771544, 1732834905.3829374, 
-0.01712113618850708, 0.0030195116996765137, -0.01519156089491986, -6.764553791015234e-14, 3.30583623948229e-05, -2.0462458818209933e-09, 1.6578311019016145, 2.0034596983501727, 1.6578621864318848, 2.0032074451446533, 1.478636161771544, 1732834905.4779298, 
0.010083675384521484, -0.022274672985076904, 0.007963411853297377, 7.314246116897618e-11, -0.00010840094202571593, -6.747400880669894e-07, 1.657832398008578, 2.003473808531513, 1.6578621864318848, 2.0032074451446533, 1.478636161771544, 1732834905.5750039, 
0.003490746021270752, -0.005930185317993164, 0.003865672059750502, 2.9052771171480075e-11, 5.458315525315514e-05, 5.322662465504997e-07, 1.6578309118498662, 2.003457629335809, 1.6578621864318848, 2.0032074451446533, 1.478636161771544, 1732834905.6708074, 
-0.02483665943145752, 0.015812397003173828, -0.022428094660074283, 1.5342584603759424e-11, 1.8367145100573682e-05, 8.353276744832932e-07, 1.6578312431942892, 2.0034612365433664, 1.6578621864318848, 2.0032074451446533, 1.478636161771544, 1732834905.7829068, 
0.011342346668243408, -0.003709077835083008, 0.008509599194478686, -1.267375790247635e-12, -0.0001647485189481177, 7.692790189189832e-09, 1.6578329193529986, 2.0034794841896457, 1.6578621864318848, 2.0032074451446533, 1.478636161771544, 1732834905.879899, 
0.016789138317108154, 0.010767817497253418, 0.016093831316685715, -1.0207825943290423e-10, 6.283814012822474e-05, -1.624463410670778e-06, 1.6578308397535222, 2.0034568444316543, 1.6578621864318848, 2.0032074451446533, 1.478636161771544, 1732834905.9740539, 
-0.0012256503105163574, -0.0039026737213134766, 0.00022680303910132746, -4.6639262522448994e-11, 0.00012920116440365672, -3.609817507273873e-07, 1.6578302319962301, 2.003450228024723, 1.6578621864318848, 2.0032074451446533, 1.478636161771544, 1732834906.085877, 
0.0036703944206237793, -0.009104669094085693, 0.0033812910137210267, -1.6604756982841003e-11, 1.498746946977135e-05, -1.1079093115973717e-06, 1.6578312798195882, 2.0034616352329646, 1.6578621864318848, 2.0032074451446533, 1.478636161771544, 1732834906.18293, 
0.010589659214019775, -0.005134701728820801, 0.009984467704409666, -5.585199742893311e-12, 3.416567714216787e-05, -1.6347399525121547e-07, 1.6578311049460663, 2.003459731459803, 1.6578621864318848, 2.0032074451446533, 1.478636161771544, 1732834906.279087, 
0.0012293457984924316, 0.01678144931793213, 0.0019634497615422433, 4.143973265226065e-11, 8.101369008434926e-05, 5.115151847683364e-07, 1.6578306760924058, 2.003455062718572, 1.6578621864318848, 2.0032074451446533, 1.478636161771544, 1732834906.3750167, 
-0.0031386613845825195, 0.007709681987762451, -0.00271064532655977, 1.2270370065939317e-11, 1.9948560040106568e-05, 6.151005406540495e-07, 1.6578312346174737, 2.00346114313378, 1.6578621864318848, 2.0032074451446533, 1.478636161771544, 1732834906.4861906, 
-0.02126765251159668, -0.013896048069000244, -0.019710088278889974, 6.688980849528943e-12, -3.306080747969578e-05, -2.0232357765722952e-07, 1.6578317187240712, 2.003466413390841, 1.6578621864318848, 2.0032074451446533, 1.478636161771544, 1732834906.5833378, 
0.011467218399047852, 0.014813125133514404, 0.00885195506317266, 6.881818938440185e-11, -0.0001478008366923196, -4.6561434241175677e-07, 1.6578327679638816, 2.003477836012919, 1.6578621864318848, 2.0032074451446533, 1.478636161771544, 1732834906.6781049, 
0.02207469940185547, 0.01985955238342285, 0.020964495785074894, -1.9253624426530282e-10, 7.057766379317142e-05, -2.728005347832599e-06, 1.657830766524175, 2.003456047204836, 1.6578621864318848, 2.0032074451446533, 1.478636161771544, 1732834906.7749212, 
-0.007051587104797363, 0.0035134553909301758, -0.004701733801431077, -2.8965008099808754e-13, 0.00016335522388427485, -1.7731302012311729e-09, 1.657829918390201, 2.0034468139432224, 1.6578621864318848, 2.0032074451446533, 1.478636161771544, 1732834906.8716817, 
-0.0032510757446289062, -0.014576315879821777, -0.0033726237182303337, 5.40225168684387e-11, -2.4764587700725144e-05, -2.181442207772223e-06, 1.6578316381112097, 2.003465535737384, 1.6578621864318848, 2.0032074451446533, 1.478636161771544, 1732834906.9831812, 
-0.013532161712646484, 0.0122910737991333, -0.01267928232322527, 1.7147887007104352e-11, -3.712414703618545e-05, -4.6190655883325897e-07, 1.6578317512284775, 2.003466767191775, 1.6578621864318848, 2.0032074451446533, 1.478636161771544, 1732834907.0790205, 
0.00030487775802612305, 0.004719197750091553, -0.0007839784685803059, 2.0072809454098618e-11, -0.00010073829681982865, -1.9925698654603044e-07, 1.657832331931935, 2.0034730890234775, 1.6578621864318848, 2.0032074451446533, 1.478636161771544, 1732834907.17505, 
-0.018293142318725586, -0.025685548782348633, -0.016823564978838454, -6.204944784136104e-11, -2.6363055357140155e-05, 2.3536516158987468e-06, 1.6578316524792225, 2.003465692163003, 1.6578621864318848, 2.0032074451446533, 1.478636161771544, 1732834907.2711043, 
-0.0067868828773498535, -0.007375538349151611, -0.0076280880522264834, -5.178861397468606e-11, -0.00013786654548291984, 3.7564308145446425e-07, 1.6578326794779525, 2.003476872582948, 1.6578621864318848, 2.0032074451446533, 1.478636161771544, 1732834907.3829286, 
-0.009993672370910645, 0.012394070625305176, -0.009794564079010151, 1.1738797892951297e-10, -7.653374410510863e-05, -1.5338068234097712e-06, 1.65783212394467, 2.003470824754951, 1.6578621864318848, 2.0032074451446533, 1.478636161771544, 1732834907.4790113, 
-0.002603590488433838, -0.00024080276489257812, -0.0032064096556913366, 9.379385550893657e-12, -8.386846443648067e-05, -1.118344733496022e-07, 1.6578321906213584, 2.0034715506321294, 1.6578621864318848, 2.0032074451446533, 1.478636161771544, 1732834907.5270329, 
-0.004262685775756836, 0.011051297187805176, -0.004173774821478597, 2.971306495078767e-11, -3.461211195315096e-05, -8.58458593656626e-07, 1.6578317399760398, 2.0034666446778497, 1.6578621864318848, 2.0032074451446533, 1.478636161771544, 1732834907.6708243, 
0.02083134651184082, 0.01134634017944336, 0.01873307953483056, 9.395980229056637e-12, -2.1759745443789696e-05, -4.3180561341255404e-07, 1.6578316217955975, 2.0034653581055184, 1.6578621864318848, 2.0032074451446533, 1.478636161771544, 1732834907.7829585, 
0.0062181949615478516, 0.03349959850311279, 0.0072673120782449085, -1.033927288805088e-10, 0.00014686322707114672, -7.040069249630543e-07, 1.6578300813953184, 2.003448588539835, 1.6578621864318848, 2.0032074451446533, 1.478636161771544, 1732834907.8790338, 
-0.006873488426208496, 0.023125767707824707, -0.005687284422643194, 1.954353062185004e-10, 6.403045831752073e-05, 3.052224072008918e-06, 1.657830838483693, 2.0034568305770106, 1.6578621864318848, 2.0032074451446533, 1.478636161771544, 1732834907.9771543, 
0.007423758506774902, 0.007196962833404541, 0.006323737697579428, -2.289381563881928e-11, -3.375197273612613e-05, 6.782956308303451e-07, 1.6578317322305216, 2.0034665603413275, 1.6578621864318848, 2.0032074451446533, 1.478636161771544, 1732834908.0871685, 
0.028715431690216064, 0.004361867904663086, 0.02683581389287445, -5.046019536324197e-12, 6.473899213075879e-05, -7.794405458355494e-08, 1.6578308314244654, 2.0034567536983015, 1.6578621864318848, 2.0032074451446533, 1.478636161771544, 1732834908.1830556, 
0.0016261935234069824, -0.0081787109375, 0.0037401369766005867, -1.051452139970537e-10, 0.00021388872935327458, -4.9158838015905e-07, 1.657829468411227, 2.003441915216061, 1.6578621864318848, 2.0032074451446533, 1.478636161771544, 1732834908.2789278, 
-0.012821793556213379, 0.004013717174530029, -0.011432210877301294, 2.8733385033780938e-11, 3.855846613511711e-05, 7.451900429102396e-07, 1.6578310731313264, 2.0034593850466074, 1.6578621864318848, 2.0032074451446533, 1.478636161771544, 1732834908.3759375, 
0.012190580368041992, -0.012422680854797363, 0.010208747973608519, 2.9081969713669884e-11, -7.729113667319788e-05, -3.762652610044302e-07, 1.6578321325582475, 2.003470918522846, 1.6578621864318848, 2.0032074451446533, 1.478636161771544, 1732834908.471565, 
-0.00454401969909668, -0.00982356071472168, -0.0033065016632200777, 4.615891398842465e-11, 6.951858816947013e-05, 6.639794507319391e-07, 1.6578307903030616, 2.0034563060201873, 1.6578621864318848, 2.0032074451446533, 1.478636161771544, 1732834908.5830064, 
-0.0028656721115112305, 0.019537031650543213, -0.002902499353446264, -2.807425208825077e-11, -2.1596761047485585e-05, 1.2999288192577994e-06, 1.6578316237569064, 2.0034653794387394, 1.6578621864318848, 2.0032074451446533, 1.478636161771544, 1732834908.6789258, 
0.023604154586791992, 0.0016090869903564453, 0.021379778721995733, -6.906382811274074e-13, -8.939658108584084e-06, 7.725555862860562e-08, 1.6578315080023143, 2.003464119272221, 1.6578621864318848, 2.0032074451446533, 1.478636161771544, 1732834908.7749417, 
0.017566919326782227, 0.024159789085388184, 0.017885354179251516, -3.583871655792469e-11, 0.0001872726742836641, -1.9137184159414184e-07, 1.6578296083125204, 2.003443438205168, 1.6578621864318848, 2.0032074451446533, 1.478636161771544, 1732834908.871172, 
-0.013355374336242676, 0.02153801918029785, -0.010734645106264384, 5.058638316223264e-10, 0.00013750291682867663, 3.678931642247367e-06, 1.6578300251633264, 2.003447976273618, 1.6578621864318848, 2.0032074451446533, 1.478636161771544, 1732834908.9829364, 
0.02406066656112671, 0.015496790409088135, 0.02114106607208185, -1.2595663939701544e-10, -5.571406981766836e-05, 2.2607689549376873e-06, 1.6578317878967979, 2.003467166365106, 1.6578621864318848, 2.0032074451446533, 1.478636161771544, 1732834909.0789459, 
0.0058855414390563965, 0.0029507875442504883, 0.0071645218600291695, 6.384392637446672e-12, 0.00016319861512703528, 3.912038489099312e-08, 1.6578297808181284, 2.003445316116474, 1.6578621864318848, 2.0032074451446533, 1.478636161771544, 1732834909.1750479, 
-0.008584678173065186, -0.0024875998497009277, -0.007263490777621331, -2.3369881863572315e-11, 6.339821187041519e-05, -3.686205205809264e-07, 1.6578306908644664, 2.0034552234463807, 1.6578621864318848, 2.0032074451446533, 1.478636161771544, 1732834909.2710521, 
-0.003466367721557617, 0.026132524013519287, -0.0037846112393799063, -7.90740099976102e-11, -5.318455163973461e-05, 1.4867853081332245e-06, 1.6578317578867474, 2.0034668397127424, 1.6578621864318848, 2.0032074451446533, 1.478636161771544, 1732834909.3839767, 
0.002377629280090332, -0.0031825900077819824, 0.0018607411645410704, -9.000666087168635e-12, -3.2164621505133923e-05, 2.798312452000097e-07, 1.6578315658651217, 2.003464749246783, 1.657931923866272, 2.0032567977905273, 1.479278012489334, 1732834909.4789746, 
-0.011927306652069092, -0.014478325843811035, -0.010770240836044333, 1.7789680474010039e-12, 3.9524492256360385e-06, 4.500925744630477e-07, 1.6578312353942444, 2.0034611515311407, 1.657931923866272, 2.0032567977905273, 1.479278012489334, 1732834909.574951, 
0.00419849157333374, 0.0014296770095825195, 0.002942935869720038, -3.45474414478502e-12, -8.043944749163388e-05, 4.2948382323788725e-08, 1.6578320088708893, 2.003469572090962, 1.657931923866272, 2.0032567977905273, 1.479278012489334, 1732834909.6711652, 
-0.0033429861068725586, 0.02090984582901001, -0.002815576605027034, -2.1225106621139075e-11, 1.3807458597551114e-05, -1.5372203705107292e-06, 1.6578311486816821, 2.00346020751852, 1.657931923866272, 2.0032567977905273, 1.479278012489334, 1732834909.7829792, 
0.0037692785263061523, -0.012270987033843994, 0.003216816746118039, 5.1649478464886665e-12, -1.8172594546017617e-05, -2.842163144844127e-07, 1.6578314415271638, 2.0034633956223153, 1.657931923866272, 2.0032567977905273, 1.479278012489334, 1732834909.8789508, 
0.023595690727233887, -0.01771259307861328, 0.02188519130524552, 1.0479425948511573e-11, 3.866665459437542e-05, 2.7101972121570466e-07, 1.657830921900942, 2.0034577386460626, 1.657931923866272, 2.0032567977905273, 1.479278012489334, 1732834909.9269698, 
-0.02297431230545044, -0.0030428171157836914, -0.01921091122808357, -1.340179532672068e-11, 0.0001575980109913169, -8.503784560744914e-08, 1.6578298343632014, 2.0034458990336756, 1.657931923866272, 2.0032567977905273, 1.479278012489334, 1732834910.0714345, 
-0.011941373348236084, -0.0192987322807312, -0.012550325908208707, 3.9999644998519364e-10, -0.00014319649345784333, -2.793339699361783e-06, 1.65783258628116, 2.003475858130715, 1.657931923866272, 2.0032567977905273, 1.479278012489334, 1732834910.182986, 
-0.0008614659309387207, 0.002768993377685547, -0.0018415493562764802, 6.553179932199452e-11, -0.00010964864764577138, -5.97652599726539e-07, 1.6578322794535643, 2.003472517815148, 1.657931923866272, 2.0032567977905273, 1.479278012489334, 1732834910.2789829, 
0.010338246822357178, -0.0037127137184143066, 0.009316245132588339, -5.40406826115099e-12, -1.674249971548718e-05, 3.227754727779453e-07, 1.6578314280496955, 2.003463248930748, 1.657931923866272, 2.0032567977905273, 1.479278012489334, 1732834910.3749943, 
0.003230571746826172, -0.004984855651855469, 0.0037407213992900826, 7.522358546094937e-12, 7.265000264074825e-05, 1.03542440091747e-07, 1.6578306114887489, 2.0034543593713936, 1.657931923866272, 2.0032567977905273, 1.479278012489334, 1732834910.471754, 
-0.0038725733757019043, -0.00652700662612915, -0.003233916048759689, -1.3856191603783876e-11, 3.254889802739217e-05, -4.257038622973633e-07, 1.6578309787698957, 2.0034583578096155, 1.657931923866272, 2.0032567977905273, 1.479278012489334, 1732834910.5829647, 
0.0035352706909179688, -0.01660972833633423, 0.0029673535016910427, 1.0608468133950868e-11, -1.997888978862622e-05, -5.309838657796772e-07, 1.657831459126715, 2.003463587256261, 1.657931923866272, 2.0032567977905273, 1.479278012489334, 1732834910.6789758, 
-0.016192317008972168, -0.0014424920082092285, -0.014584516105314763, -1.9571012241211666e-13, 1.0777332139752776e-05, -1.8159422004841924e-08, 1.657831177634194, 2.003460522764695, 1.657931923866272, 2.0032567977905273, 1.479278012489334, 1732834910.7749834, 
0.023823916912078857, 0.011005938053131104, 0.020601415703727047, -1.0316302210712201e-11, -9.629116460657845e-05, 1.071365400227739e-07, 1.6578321553867854, 2.0034711671436574, 1.657931923866272, 2.0032567977905273, 1.479278012489334, 1732834910.871552, 
-0.00034821033477783203, 0.01578158140182495, 0.0014087163722864803, -2.0910590288932704e-10, 0.00015118546566313075, -1.3831085016813308e-06, 1.6578298905433737, 2.0034465107522688, 1.657931923866272, 2.0032567977905273, 1.479278012489334, 1732834910.983125, 
0.005292952060699463, -0.0039424896240234375, 0.004966776837509703, -1.7890166889300967e-11, 2.7020441656933948e-05, -6.620975007160928e-07, 1.6578310264836587, 2.0034588772529536, 1.657931923866272, 2.0032567977905273, 1.479278012489334, 1732834911.0789871, 
0.024966061115264893, 0.018128395080566406, 0.023287275905009574, 2.2359293525597977e-11, 5.6869764537059665e-05, 3.931666274269054e-07, 1.6578307534145102, 2.0034559044683165, 1.657931923866272, 2.0032567977905273, 1.479278012489334, 1732834911.1749868, 
-0.009877264499664307, 0.0010780692100524902, -0.007095470221336213, 1.591792198413704e-11, 0.00017853398625986006, 8.915905770998784e-08, 1.6578296405181856, 2.003443788861615, 1.657931923866272, 2.0032567977905273, 1.479278012489334, 1732834911.2875535, 
0.0007259845733642578, -0.02839559316635132, 6.991253069773412e-05, 1.832759148076631e-10, -3.9527607288921004e-05, -4.6366559318411515e-06, 1.6578316377739646, 2.0034655321020423, 1.657931923866272, 2.0032567977905273, 1.479278012489334, 1732834911.3829694, 
0.011401116847991943, 0.00588226318359375, 0.010450163496435601, -2.7703109417327146e-12, 4.601015949877451e-06, -6.021085281841942e-07, 1.6578312339860717, 2.003461136243196, 1.657931923866272, 2.0032567977905273, 1.479278012489334, 1732834911.4789653, 
-0.01622217893600464, -0.022455334663391113, -0.013984376390453282, -1.0264119904054019e-11, 7.070120964151969e-05, -1.451760154613586e-07, 1.6578306296035752, 2.0034545566291846, 1.657931923866272, 2.0032567977905273, 1.479278012489334, 1732834911.5750446, 
-0.00957578420639038, -0.013452410697937012, -0.009944914225076755, 9.585365673718216e-11, -0.00010849700258211891, -8.834682475640994e-07, 1.6578322690074097, 2.0034724039939618, 1.657931923866272, 2.0032567977905273, 1.479278012489334, 1732834911.6708498, 
-0.004231393337249756, -0.006441950798034668, -0.004710181900759891, -5.0405912420175985e-11, -8.90348404978588e-05, 5.661369430025339e-07, 1.6578320902682588, 2.0034704581513902, 1.657931923866272, 2.0032567977905273, 1.479278012489334, 1732834911.7829995, 
-0.0027211904525756836, 0.022511422634124756, -0.0028877562834307034, 8.13754026672021e-11, -4.549697740517211e-05, -1.7885892054435975e-06, 1.657831694111255, 2.003466145394675, 1.657931923866272, 2.0032567977905273, 1.479278012489334, 1732834911.8799958, 
0.017010867595672607, -0.020916998386383057, 0.015341087065303821, -1.0881320973413912e-11, -1.507739090995762e-05, 7.216978745458883e-07, 1.6578314162198098, 2.003463120132381, 1.657931923866272, 2.0032567977905273, 1.479278012489334, 1732834911.9750433, 
0.002756774425506592, -0.006698131561279297, 0.0038119287155892485, 1.8262860965151747e-11, 0.00011930252106518726, 1.5308026018304227e-07, 1.6578301861321179, 2.0034497288175848, 1.657931923866272, 2.0032567977905273, 1.479278012489334, 1732834912.0710373, 
-0.022233009338378906, -0.013862669467926025, -0.020047505306134375, -3.762366321265757e-11, 2.504548674361136e-05, -1.5022132968629438e-06, 1.6578310474988354, 2.003459106067652, 1.657931923866272, 2.0032567977905273, 1.479278012489334, 1732834912.182977, 
0.028830528259277344, 0.00596088171005249, 0.024729719958736608, -1.4429627680072996e-12, -0.00013487655306853251, 1.069839594191076e-08, 1.6578325161306515, 2.0034750942962396, 1.657931923866272, 2.0032567977905273, 1.479278012489334, 1732834912.2791123, 
-0.003587782382965088, -0.006409704685211182, -0.0012127349578985175, 1.402871789417655e-10, 0.00017693679401800362, 7.928660611285351e-07, 1.6578296742554763, 2.0034441563279035, 1.657931923866272, 2.0032567977905273, 1.479278012489334, 1732834912.375066, 
0.009240567684173584, 0.017100811004638672, 0.00836323458250302, 3.244612120464714e-11, 1.143122147219101e-05, 2.838377445803106e-06, 1.657831204200319, 2.003460812016153, 1.657931923866272, 2.0032567977905273, 1.479278012489334, 1732834912.4710248, 
0.0005614161491394043, 0.009687721729278564, 0.0012156438823321116, 2.225075947796569e-11, 6.551157906352367e-05, 3.396462090524503e-07, 1.6578307130595056, 2.0034554652245307, 1.657931923866272, 2.0032567977905273, 1.479278012489334, 1732834912.5353973, 
0.029352009296417236, 0.011025011539459229, 0.026990534159442338, 2.3493097658330934e-11, 3.4040252598661354e-05, 6.901563844227997e-07, 1.6578310021724194, 2.0034586126552463, 1.657931923866272, 2.0032567977905273, 1.479278012489334, 1732834912.6791503, 
0.011304318904876709, 0.01917058229446411, 0.01261902965586701, 1.4297391012630972e-10, 0.00021803923989144845, 6.557255941521799e-07, 1.657829325829223, 2.003440363128967, 1.657931923866272, 2.0032567977905273, 1.479278012489334, 1732834912.775049, 
0.0068953633308410645, -0.009165346622467041, 0.007374760618482849, -2.139936972441301e-10, 0.0001205143471329623, -1.7756698877357145e-06, 1.6578302194494652, 2.0034500915425255, 1.657931923866272, 2.0032567977905273, 1.479278012489334, 1732834912.871305, 
0.010223686695098877, -0.01475447416305542, 0.009984034413621019, -1.310743426696772e-10, 7.372343217819908e-05, -1.7779197033699346e-06, 1.6578306468747592, 2.003454744718424, 1.657931923866272, 2.0032567977905273, 1.479278012489334, 1732834912.9832425, 
-0.010723412036895752, -0.03174483776092529, -0.008986229713531309, -1.7543990334486136e-10, 7.65064047007053e-05, -2.293140084561365e-06, 1.6578306220004262, 2.0034544739228948, 1.657931923866272, 2.0032567977905273, 1.479278012489334, 1732834913.0791492, 
0.009266257286071777, 0.02443981170654297, 0.007734946535887459, -8.69440956166806e-11, -5.718324340241859e-05, 1.5204470828075356e-06, 1.6578318451178626, 2.0034677893682145, 1.657931923866272, 2.0032567977905273, 1.479278012489334, 1732834913.128058, 
0.01789802312850952, -0.0037017464637756348, 0.017044618958356204, 2.1433885108312287e-11, 6.666629408238762e-05, 3.215100734686682e-07, 1.6578307121042104, 2.0034554548620256, 1.657931923866272, 2.0032567977905273, 1.479278012489334, 1732834913.2713737, 
0.008342862129211426, 0.02015244960784912, 0.009071986543493091, 1.815366174507871e-10, 0.00014433735604857758, 1.2577244202096226e-06, 1.6578299952691524, 2.003447651057275, 1.657931923866272, 2.0032567977905273, 1.479278012489334, 1732834913.3830948, 
0.0022071003913879395, -0.0007919669151306152, 0.0027825669589553424, 6.898837272810657e-14, 8.301247237449611e-05, 8.310603305112719e-10, 1.6578305494537882, 2.003453684176963, 1.657931923866272, 2.0032567977905273, 1.479278012489334, 1732834913.430991, 
-0.003595292568206787, -0.02043938636779785, -0.0030602630722057662, -4.061771597021059e-11, 2.6133073360975405e-05, -1.5542647972995453e-06, 1.6578310692645994, 2.003459343093651, 1.657931923866272, 2.0032567977905273, 1.479278012489334, 1732834913.575159, 
-0.0019178986549377441, 0.015295207500457764, -0.00201359027216554, -5.362215520305999e-12, -2.2747013834681384e-05, 2.357327233929256e-07, 1.6578315160507313, 2.0034642070269015, 1.657931923866272, 2.0032567977905273, 1.479278012489334, 1732834913.6715987, 
0.0002949237823486328, 0.006198763847351074, 0.0001013265188406472, 1.891132117344766e-12, -1.7288360362372336e-05, -1.0938759244403336e-07, 1.6578314661487, 2.0034636637699257, 1.657931923866272, 2.0032567977905273, 1.479278012489334, 1732834913.783082, 
-0.00141066312789917, 0.018953323364257812, -0.0012837643264160428, 4.899155006815865e-13, -1.5836757257972195e-06, -3.093534192013734e-07, 1.657831322434048, 2.0034620992237056, 1.657931923866272, 2.0032567977905273, 1.479278012489334, 1732834913.879374, 
0.011957049369812012, -0.007953405380249023, 0.010845894785189913, 3.3184628605508543e-14, -2.3009060747069914e-06, -1.4422417746771536e-08, 1.6578313290240603, 2.003462170965703, 1.657931923866272, 2.0032567977905273, 1.479278012489334, 1732834913.9771411, 
0.015744268894195557, 0.010031521320343018, 0.015332456808929654, -2.1173197397219953e-12, 9.471386137616805e-05, -2.2354908869281473e-08, 1.6578304348745119, 2.0034524368315183, 1.657931923866272, 2.0032567977905273, 1.479278012489334, 1732834914.0873237, 
0.014084994792938232, 0.006725192070007324, 0.014188649656968219, 7.826278743404936e-11, 0.00013455576516383742, 5.816383069038717e-07, 1.6578300720210837, 2.003448486637938, 1.657931923866272, 2.0032567977905273, 1.479278012489334, 1732834914.1836026, 
-0.01303642988204956, -0.013209044933319092, -0.0107525660314768, -1.7781893448040448e-10, 0.00011258737847622512, -1.5793860456388032e-06, 1.6578302734769836, 2.0034506797817393, 1.657931923866272, 2.0032567977905273, 1.479278012489334, 1732834914.2789838, 
0.019073784351348877, -0.020860254764556885, 0.016571224792206483, 1.401184360955922e-10, -6.134651912344659e-05, -2.2840486811262134e-06, 1.6578318650545794, 2.003468006453903, 1.657931923866272, 2.0032567977905273, 1.479278012489334, 1732834914.376104, 
0.000509798526763916, 0.007008194923400879, 0.0018567200283219985, -7.232253782057731e-11, 0.00012351709036153885, -5.855265664766447e-07, 1.657830172175378, 2.003449576995473, 1.657931923866272, 2.0032567977905273, 1.479278012489334, 1732834914.4712853, 
0.012766897678375244, -0.005914628505706787, 0.011851057789303692, -2.3696423487736213e-11, 3.298561203927096e-05, -7.18386654748879e-07, 1.6578309991647067, 2.003458579957349, 1.657931923866272, 2.0032567977905273, 1.479278012489334, 1732834914.5830085, 
0.0020021796226501465, 0.024826407432556152, 0.0028279578673462945, 6.60825905471674e-11, 9.578524987854985e-05, 6.899036190953857e-07, 1.65783042437662, 2.0034523225696974, 1.657931923866272, 2.0032567977905273, 1.479278012489334, 1732834914.6789865, 
-0.005401909351348877, 0.01761472225189209, -0.0047114613202435245, 4.236522435485056e-11, 2.641989922481827e-05, 1.6035346688625368e-06, 1.6578310591424885, 2.003459232895838, 1.657931923866272, 2.0032567977905273, 1.479278012489334, 1732834914.7751205, 
-0.019611239433288574, 0.01185297966003418, -0.018360483446985695, -1.976460175016012e-11, -4.6897392400244305e-05, 4.2144351185839407e-07, 1.6578317292941356, 2.003466528452173, 1.657931923866272, 2.0032567977905273, 1.479278012489334, 1732834914.8710544, 
-0.008925199508666992, -0.014805734157562256, -0.009715835361170058, -1.0193482176498171e-10, -0.0001518134444018339, 6.71447921932205e-07, 1.6578326889954138, 2.00347697618478, 1.657931923866272, 2.0032567977905273, 1.479278012489334, 1732834914.9850528, 
-0.003620922565460205, -0.0036668777465820312, -0.004131710809802352, -5.109896822723312e-11, -9.02310328708641e-05, 5.663125712011344e-07, 1.6578321258471982, 2.0034708454995696, 1.657931923866272, 2.0032567977905273, 1.479278012489334, 1732834915.0789936, 
-0.0017434358596801758, 0.012967884540557861, -0.001943545428817764, 4.166289559956959e-11, -4.067112950331247e-05, -1.0243850148340813e-06, 1.6578316723753763, 2.003465908797646, 1.657931923866272, 2.0032567977905273, 1.479278012489334, 1732834915.175114, 
-0.0012021064758300781, 0.007314503192901611, -0.0012641794195071038, 6.894157429863648e-12, -1.9231081288261122e-05, -3.5849036913342584e-07, 1.6578314762421822, 2.00346377360083, 1.657931923866272, 2.0032567977905273, 1.479278012489334, 1732834915.2712097, 
0.01729518175125122, -0.017770349979400635, 0.01573767674610853, -4.463813809837858e-14, -1.5774347222004595e-07, 2.8297930475443147e-07, 1.6578313017506434, 2.003461874007096, 1.657931923866272, 2.0032567977905273, 1.479278012489334, 1732834915.3840065, 
-0.003766000270843506, -0.00498509407043457, -0.002130169537036982, 2.917598571903141e-12, 0.00011924111361346214, 2.446805873820478e-08, 1.6578302100133167, 2.0034499888654986, 1.657931923866272, 2.0032567977905273, 1.479278012489334, 1732834915.4790015, 
0.0034729838371276855, 0.002376556396484375, 0.003002798565126018, -1.1071969618469417e-12, -4.231514461003035e-06, 2.6165501076522204e-07, 1.6578313398770776, 2.0034622890716913, 1.657931923866272, 2.0032567977905273, 1.479278012489334, 1732834915.575023, 
0.007042884826660156, -0.020643234252929688, 0.006703627323890061, 2.798251698655551e-12, 2.7439306879139863e-05, 1.0197967867704637e-07, 1.6578310501709916, 2.003459135200517, 1.657931923866272, 2.0032567977905273, 1.479278012489334, 1732834915.6712735, 
0.001656651496887207, -0.014507949352264404, 0.0020797671446477943, -1.9675375415773555e-11, 5.5248931396844237e-05, -3.5612227998490106e-07, 1.657830795743017, 2.0034563653821222, 1.657931923866272, 2.0032567977905273, 1.479278012489334, 1732834915.783069, 
-0.0024170279502868652, 0.015430569648742676, -0.0020398041637028127, 1.4386817912496473e-11, 1.9154515742620716e-05, 7.510927504413157e-07, 1.6578311259763594, 2.0034599604525947, 1.657931923866272, 2.0032567977905273, 1.479278012489334, 1732834915.8790357, 
-0.00949019193649292, -0.02227330207824707, -0.0088647954373006, 6.685334195797038e-12, -2.0394601689284193e-05, -3.277992038113532e-07, 1.6578314882614869, 2.0034639044522464, 1.657931923866272, 2.0032567977905273, 1.479278012489334, 1732834915.9751894, 
0.0015992522239685059, -0.0004982352256774902, 0.0007216409934143186, 1.2582607248502209e-12, -6.913364601374519e-05, -1.8200410326978166e-08, 1.6578319334561067, 2.0034687510451756, 1.657931923866272, 2.0032567977905273, 1.479278012489334, 1732834916.0709698, 
0.009853601455688477, -0.009572386741638184, 0.009087197289268349, 3.7323183579872845e-12, 6.172075748388528e-06, 6.047103940617965e-07, 1.657831245266807, 2.0034612591024796, 1.657931923866272, 2.0032567977905273, 1.479278012489334, 1732834916.1830459, 
0.006575644016265869, -0.007688164710998535, 0.006785832932138651, 5.46411738784314e-13, 7.508059844549698e-05, 7.277668933086208e-09, 1.6578306150109559, 2.0034543978495147, 1.657931923866272, 2.0032567977905273, 1.479278012489334, 1732834916.2790337, 
0.024220705032348633, 0.03201407194137573, 0.02275698813540277, 1.6428186829642596e-10, 7.458770622792074e-05, 2.202532784617656e-06, 1.657830619601446, 2.00345444782429, 1.657931923866272, 2.0032567977905273, 1.479278012489334, 1732834916.3750048, 
-0.013084590435028076, 0.004709959030151367, -0.010078100664201055, 8.803479291322815e-11, 0.00017375501032263927, 5.066604568683204e-07, 1.657829712856693, 2.0034445765788846, 1.657931923866272, 2.0032567977905273, 1.479278012489334, 1732834916.4726677, 
0.0008317232131958008, -0.0025922656059265137, -8.334557007239583e-05, 2.3257556221841898e-11, -6.284114325512521e-05, -3.7010078138489393e-07, 1.6578318764652364, 2.0034681306807562, 1.657931923866272, 2.0032567977905273, 1.479278012489334, 1732834916.5830505, 
0.013484537601470947, 0.02054232358932495, 0.012345895431167112, -3.4378105770046324e-12, 2.8326697093222487e-06, -1.2136291660446255e-06, 1.6578312757148057, 2.00346159061417, 1.657931923866272, 2.0032567977905273, 1.479278012489334, 1732834916.6790254, 
-0.016915857791900635, -0.010375142097473145, -0.014460860483310998, -1.0918422247283841e-11, 8.478944160040321e-05, -1.2877101253644674e-07, 1.6578305261046047, 2.0034534299900524, 1.657931923866272, 2.0032567977905273, 1.479278012489334, 1732834916.7750368, 
0.006860673427581787, 0.0020310282707214355, 0.00507214277450347, -1.4753209529546192e-11, -0.00010039517578475316, 1.4695137903017386e-07, 1.6578322212479386, 2.003471884129154, 1.657931923866272, 2.0032567977905273, 1.479278012489334, 1732834916.8723292, 
-0.014230668544769287, 0.01667630672454834, -0.01261093912759963, -3.287228854052961e-11, 2.160678133352774e-05, -1.521387569629398e-06, 1.657831104496521, 2.003459726642529, 1.657931923866272, 2.0032567977905273, 1.479278012489334, 1732834916.9830277, 
0.00945192575454712, 0.004700779914855957, 0.007601095941741021, 3.0981342243797113e-12, -8.946356197659039e-05, -3.463012377251857e-08, 1.6578321187653762, 2.003470768455351, 1.657931923866272, 2.0032567977905273, 1.479278012489334, 1732834917.0790472, 
-0.00447767972946167, 0.01007920503616333, -0.0034644009303088745, -4.0142539184208336e-11, 4.842547005910801e-05, -8.289550754016523e-07, 1.6578308568966775, 2.0034570311733866, 1.657931923866272, 2.0032567977905273, 1.479278012489334, 1732834917.1750298, 
0.017626941204071045, 0.0028148293495178223, 0.01585703788751376, -6.248218715631779e-13, -1.1297904845698813e-05, 5.530422499540273e-08, 1.6578314031143253, 2.003462977548576, 1.657931923866272, 2.0032567977905273, 1.479278012489334, 1732834917.271886, 
0.02008587121963501, -0.006682634353637695, 0.01972993665129623, 9.977432285323313e-12, 0.00013518648751030082, 7.38049524702908e-08, 1.6578300594377493, 2.0034483496817534, 1.657931923866272, 2.0032567977905273, 1.479278012489334, 1732834917.3831224, 
-0.005316555500030518, -0.0029127001762390137, -0.0032158833971328363, -5.675489752911238e-11, 0.00016008952684951581, -3.5451974058529133e-07, 1.6578298316787488, 2.0034458701949185, 1.657931923866272, 2.0032567977905273, 1.479278012489334, 1732834917.4810548, 
0.01581573486328125, 0.00047451257705688477, 0.014218605888045435, -4.749452600810558e-14, -1.1921869100448262e-06, 3.9838154242374446e-08, 1.657831307477897, 2.003461936408026, 1.657931923866272, 2.0032567977905273, 1.479278012489334, 1732834917.5750318, 
0.0038870573043823242, -0.018313288688659668, 0.004753206805821598, 2.6338916392075427e-12, 0.00011283011673021313, 2.3343870551028607e-08, 1.6578302610335738, 2.003450544348316, 1.657931923866272, 2.0032567977905273, 1.479278012489334, 1732834917.6711488, 
0.026504099369049072, 0.025930285453796387, 0.024678270710119972, 1.6969638427437276e-10, 6.326880597873298e-05, 2.6821493095889007e-06, 1.6578307125179956, 2.003455459409468, 1.657931923866272, 2.0032567977905273, 1.479278012489334, 1732834917.783036, 
-0.02247518301010132, 0.005559980869293213, -0.018519457694485167, 9.93626267212162e-11, 0.00018153763783381382, 5.473389865972387e-07, 1.6578296317987418, 2.0034436942141958, 1.657931923866272, 2.0032567977905273, 1.479278012489334, 1732834917.8800225, 
0.0013695359230041504, -0.026824533939361572, -0.00029856356399197287, 5.631204257525124e-10, -0.0001275451763357912, -4.4150664253266e-06, 1.6578324658644166, 2.0034745472076194, 1.657931923866272, 2.0032567977905273, 1.479278012489334, 1732834917.9750485, 
0.01790142059326172, 0.003969132900238037, 0.01637408416045563, 1.1851122504964787e-12, -1.4205328134718064e-06, -8.342730553334027e-07, 1.6578313146773431, 2.0034620148320004, 1.657931923866272, 2.0032567977905273, 1.479278012489334, 1732834918.0709622, 
-0.023377835750579834, 0.012864530086517334, -0.02004270660133559, -9.660121124107925e-12, 0.00011135167905185401, -8.675325963975289e-08, 1.6578302833571095, 2.0034507874317176, 1.657931923866272, 2.0032567977905273, 1.479278012489334, 1732834918.1830573, 
0.015824079513549805, 0.002047300338745117, 0.01281517808559807, -2.7296526253744435e-11, -0.00013542721058723605, 2.0155865379920274e-07, 1.6578325402941005, 2.003475357402145, 1.657931923866272, 2.0032567977905273, 1.479278012489334, 1732834918.279214, 
0.017845869064331055, 0.00017565488815307617, 0.017422918153011297, -4.862357810153904e-13, 9.969429910380075e-05, -4.877267661103935e-09, 1.6578303836453672, 2.0034518792145666, 1.657931923866272, 2.0032567977905273, 1.479278012489334, 1732834918.3750443, 
0.008407354354858398, -0.01769930124282837, 0.009162798237388584, -2.396644039634602e-10, 0.0001482292259223771, -1.616849865282065e-06, 1.6578299403196157, 2.003447052982644, 1.657931923866272, 2.0032567977905273, 1.479278012489334, 1732834918.4714003, 
-0.0007846951484680176, 0.011078178882598877, 4.945212681470128e-05, 1.1394274674608211e-10, 8.325391809837135e-05, 1.3686172296593824e-06, 1.657830538907127, 2.0034535694592, 1.657931923866272, 2.0032567977905273, 1.479278012489334, 1732834918.5833457, 
0.004543960094451904, 0.019596099853515625, 0.0041667006932222285, 1.6604828384106566e-11, 1.0317435494973379e-05, 1.6093949307651486e-06, 1.6578312018080754, 2.003460786067818, 1.657931923866272, 2.0032567977905273, 1.479278012489334, 1732834918.6792014, 
-0.0049517154693603516, -0.01710212230682373, -0.004186726967581536, -7.935731903363107e-13, 2.985429017020655e-05, -2.658154609645573e-08, 1.6578310229957813, 2.0034588394419184, 1.657931923866272, 2.0032567977905273, 1.479278012489334, 1732834918.7751427, 
0.003731250762939453, 0.027430713176727295, 0.003066984808090453, -2.054849105538277e-11, -2.7472367797505516e-05, 7.479694217419647e-07, 1.657831547467011, 2.0034645490660936, 1.657931923866272, 2.0032567977905273, 1.479278012489334, 1732834918.8714023, 
-0.0014406442642211914, -0.0052394866943359375, -0.001062521650972658, 3.988761370025055e-12, 2.0493936488274903e-05, 1.9463129361736464e-07, 1.6578311085135327, 2.003459770425278, 1.657931923866272, 2.0032567977905273, 1.479278012489334, 1732834918.9832947, 
-0.01189333200454712, -0.0163535475730896, -0.010984297445677537, 4.137449421679618e-12, -1.4233234847487768e-05, -2.906893243885382e-07, 1.6578314262739888, 2.003463229708025, 1.657931923866272, 2.0032567977905273, 1.479278012489334, 1732834919.0793486, 
0.012656211853027344, -0.010709583759307861, 0.010672897869331763, -8.983663500203263e-12, -7.795261700566558e-05, 1.1524518156395355e-07, 1.6578320091568077, 2.0034695752328444, 1.657931923866272, 2.0032567977905273, 1.479278012489334, 1732834919.175155, 
0.0016991496086120605, 0.007388174533843994, 0.002451632465012345, -3.992246486612794e-11, 7.708167933982843e-05, -5.179241709320133e-07, 1.6578305919788487, 2.0034541471993714, 1.657931923866272, 2.0032567977905273, 1.479278012489334, 1732834919.271172, 
0.003419339656829834, -0.016027331352233887, 0.0033379153350000554, -3.250591026837143e-11, 2.7659855427371327e-05, -1.1752017415175859e-06, 1.6578310441563355, 2.003459069806094, 1.657931923866272, 2.0032567977905273, 1.479278012489334, 1732834919.3830686, 
0.0015951991081237793, -0.0012806057929992676, 0.0017412221281130308, -3.8268643044085065e-12, 2.9196660495291323e-05, -1.3107198698377448e-07, 1.6578310301174237, 2.003458916972189, 1.657931923866272, 2.0032567977905273, 1.479278012489334, 1732834919.4790618, 
-0.00149613618850708, 0.0015332698822021484, -0.0012245718983778736, 4.4842283950303895e-13, 1.4942463173609811e-05, 3.0009967854229526e-08, 1.6578311604331644, 2.003460335645028, 1.657931923866272, 2.0032567977905273, 1.479278012489334, 1732834919.5752842, 
0.001664578914642334, -0.008759856224060059, 0.0014221759531603986, 8.384237825840757e-13, -7.14216239952679e-06, -1.1739074746320892e-07, 1.6578313624800933, 2.003462535214161, 1.657931923866272, 2.0032567977905273, 1.479278012489334, 1732834919.6715357, 
-0.008005142211914062, 0.0025858283042907715, -0.007214039565982388, -1.3930820014604202e-13, 5.203894352094103e-06, -2.676999007291201e-08, 1.6578312495918668, 2.0034613062647115, 1.657931923866272, 2.0032567977905273, 1.479278012489334, 1732834919.7832248, 
0.008147478103637695, -0.02958744764328003, 0.006858723350402253, 7.176215714022946e-12, -5.007990874544572e-05, -1.4329530332212422e-07, 1.6578317552258341, 2.003466810811423, 1.657931923866272, 2.0032567977905273, 1.479278012489334, 1732834919.8790476, 
-0.0008707046508789062, 0.021528422832489014, -0.00022242345115730793, -4.830854726069012e-11, 4.8323577934475306e-05, -9.996889577629048e-07, 1.6578308546257219, 2.0034570064955415, 1.657931923866272, 2.0032567977905273, 1.479278012489334, 1732834919.9761221, 
-0.01124584674835205, -0.03582894802093506, -0.010320719776952057, 8.245181609520306e-12, -4.937296460571055e-06, -1.6699790412355865e-06, 1.6578313421585593, 2.0034623139840937, 1.657931923866272, 2.0032567977905273, 1.479278012489334, 1732834920.0715535, 
0.021804630756378174, -0.004998981952667236, 0.019109174583890776, 7.765370756336885e-12, -6.606868298002341e-05, -1.175348199189142e-07, 1.657831901188883, 2.0034683998178537, 1.657931923866272, 2.0032567977905273, 1.479278012489334, 1732834920.1830564, 
0.018444299697875977, 0.018764913082122803, 0.018498900813348925, -1.7680491996352728e-10, 0.00015433462958485637, -1.145594611132405e-06, 1.6578298844098858, 2.003446444369345, 1.657931923866272, 2.0032567977905273, 1.479278012489334, 1732834920.2790463, 
-0.002147853374481201, 0.004667043685913086, -0.0004163694037487148, 8.716205415989879e-11, 0.00015462453929944897, 5.637013022305535e-07, 1.657829881645824, 2.0034464142784745, 1.657931923866272, 2.0032567977905273, 1.479278012489334, 1732834920.3761225, 
0.009932637214660645, -0.018685460090637207, 0.009064020632410602, -4.206828223630229e-11, 1.618347103715674e-05, -2.599459790777568e-06, 1.6578311474614669, 2.0034601944246564, 1.657931923866272, 2.0032567977905273, 1.479278012489334, 1732834920.4714534, 
0.03131359815597534, 0.004628777503967285, 0.029445695917543088, -1.3738444450161145e-11, 9.188121357985111e-05, -1.495239768271181e-07, 1.657830454415149, 2.0034526496588314, 1.657931923866272, 2.0032567977905273, 1.479278012489334, 1732834920.5831585, 
0.00533527135848999, -0.004377007484436035, 0.00735677814229985, -9.094322219530973e-11, 0.00023871924998256685, -3.8096308614387454e-07, 1.6578291124474671, 2.003438040521038, 1.657931923866272, 2.0032567977905273, 1.479278012489334, 1732834920.679086, 
-0.018634676933288574, 0.0022768378257751465, -0.01645397324285099, 3.0303807131479055e-11, 6.503776057676259e-05, 4.6594173696543815e-07, 1.6578307084875954, 2.003455415572933, 1.657931923866272, 2.0032567977905273, 1.479278012489334, 1732834920.776128, 
-0.0022572875022888184, -0.019790589809417725, -0.0034477214820514985, 1.4064285733889412e-10, -0.00012336908812187212, -1.140016996801969e-06, 1.6578324328120686, 2.0034741871670447, 1.657931923866272, 2.0032567977905273, 1.479278012489334, 1732834920.8715262, 
-0.010514020919799805, 0.0014691352844238281, -0.009920678566781915, 1.1434786847296692e-11, -4.369322653670078e-05, -2.6170616714908595e-07, 1.657831707539842, 2.0034662915992234, 1.657931923866272, 2.0032567977905273, 1.479278012489334, 1732834920.9850974, 
0.00656282901763916, 0.0030856728553771973, 0.005179727443397848, 6.527111094603352e-12, -4.486879265360149e-05, -1.4547106593650317e-07, 1.657831724851671, 2.003466480061961, 1.657931923866272, 2.0032567977905273, 1.479278012489334, 1732834921.0310879, 
-0.010818183422088623, -0.020335733890533447, -0.009477193896663232, 6.577750831442895e-11, 7.986005292213647e-05, 8.236597135561882e-07, 1.6578289422782, 2.0034361880317277, 1.657931923866272, 2.0032567977905273, 1.479278012489334, 1732834921.2717035, 
-0.006852209568023682, -0.019797086715698242, -0.007072055083427354, 8.707638346775795e-11, -6.313556095482163e-05, -1.379197114128246e-06, 1.6578301829416402, 2.003449694308504, 1.657931923866272, 2.0032567977905273, 1.479278012489334, 1732834921.3841155, 
-0.026542723178863525, -0.008701324462890625, -0.024908138307123476, -3.00217423048502e-11, -7.747190187494101e-05, 3.875178171476e-07, 1.657830318770548, 2.003451172987756, 1.657931923866272, 2.0032567977905273, 1.479278012489334, 1732834921.4790602, 
0.00975179672241211, 0.0079537034034729, 0.006844605149676254, 1.0211059839318285e-10, -0.00019195263016073437, -5.319572766868525e-07, 1.6578313616525704, 2.0034625261433368, 1.657931923866272, 2.0032567977905273, 1.479278012489334, 1732834921.5761743, 
0.008360862731933594, -0.019701361656188965, 0.00823328591401585, 1.4584948772456187e-10, 4.2649508014257524e-05, 3.4197226302306955e-06, 1.6578292030761594, 2.0034390271684592, 1.657931923866272, 2.0032567977905273, 1.479278012489334, 1732834921.6875699, 
0.015622496604919434, 0.0022932887077331543, 0.015001799865189942, 2.8987603981505018e-11, 7.697524508446982e-05, 3.765834580935089e-07, 1.6578288903683132, 2.0034356229282317, 1.657931923866272, 2.0032567977905273, 1.479278012489334, 1732834921.7840748, 
1.1489629745483398, -0.28620338439941406, 1.0537963328544198, -6.901690499858049e-05, 0.004241262163002895, -0.016272727868751974, 1.6578244784939655, 2.003387592613779, 1.6579924821853638, 2.0034284591674805, 1.478429539310871, 1732834921.8790734, 
0.4088701605796814, -0.2702447175979614, 0.4629499216759564, -0.03210351922399665, 0.04456918586226222, -0.7203075084927558, 1.6578131702329197, 2.0032621091687415, 1.65891695022583, 2.0060596466064453, 1.421858123510807, 1732834921.9761584, 
0.08163964748382568, -0.27399688959121704, 0.11368073086704394, -0.1903037387697945, 0.14632944480630328, -1.3005156892496936, 1.658313400720769, 2.0082399394045627, 1.659967303276062, 2.0100858211517334, 1.303779976246892, 1732834922.073562, 
-0.18797951936721802, 0.14273613691329956, -0.16283225838550097, 0.14718320269430407, -0.07694751396402075, -1.9127739820564478, 1.6606325139712368, 2.0210786923839468, 1.6619980335235596, 2.0166497230529785, 1.101105990699353, 1732834922.183226, 
-0.7765001058578491, -0.501294732093811, -0.7247677075466683, -0.4275291243910534, 0.21459814887084838, -1.9922311848475136, 1.6585923147066908, 2.0148087679477276, 1.6644047498703003, 2.022141456604004, 0.905430294380814, 1732834922.279261, 
0.12117725610733032, -0.44750362634658813, 0.05022450071341378, -0.37154916992678305, 0.20083094818941288, -1.850059332371214, 1.668967228723645, 2.0335694788419487, 1.6672343015670776, 2.0266618728637695, 0.7249331439402438, 1732834922.376517, 
-0.3328031301498413, -0.35387611389160156, -0.30069075736865364, -0.30007051410294505, 0.1611806637262497, -1.8617029311443138, 1.6818806169294147, 2.0488276564502867, 1.671540379524231, 2.0298995971679688, 0.5456800248068023, 1732834922.4722068, 
0.1066586971282959, -0.2008800506591797, 0.07244504775659405, -0.18268162232159066, 0.0957031711974457, -1.9088356220161113, 1.6942818870336132, 2.0589223021187664, 1.677228331565857, 2.0334415435791016, 0.33087384410095244, 1732834922.5841658, 
-0.10468512773513794, -0.08522135019302368, -0.08986092772413212, -0.0907000805982691, 0.0476543391941936, -1.903291119590645, 1.7025914838263603, 2.0634265969459067, 1.6820716857910156, 2.035318613052368, 0.15045278753098543, 1732834922.6792119, 
0.2003614902496338, 0.3156448006629944, 0.17588950803995884, 0.2167856704133468, -0.11354620820104422, -1.9092286202063868, 1.7068244116771203, 2.064761824695454, 1.6876778602600098, 2.0360796451568604, -0.034741443413921366, 1732834922.7762218, 
-0.37502408027648926, -0.7400946021080017, -0.32848436502434786, -0.5760879114351468, 0.30735632362020826, -1.874332386103768, 1.6964147311547317, 2.0635592006933363, 1.693385124206543, 2.035733222961426, -0.216950487004795, 1732834922.872203, 
0.4511869549751282, -0.5983739495277405, 0.3857381715014173, -0.5009581751920438, 0.2561557914525561, -1.9556777239011935, 1.727038984263239, 2.0612532188215393, 1.7004339694976807, 2.0338475704193115, -0.42847713525673015, 1732834922.9833121, 
0.0021702051162719727, -0.30241578817367554, 0.034261553666463995, -0.29292811605730346, 0.1633415181596985, -1.7933475784822113, 1.7516462096887182, 2.0546240253920596, 1.7090120315551758, 2.0295848846435547, -0.6045094583149043, 1732834923.0791087, 
-0.07542681694030762, -0.4269173741340637, -0.06619024700060515, -0.3606668831623518, 0.2081733741152763, -1.7325312840566824, 1.7664408796602427, 2.047343190139437, 1.7168837785720825, 2.023247003555298, -0.7720208644864857, 1732834923.1761887, 
-0.3637058734893799, 0.3033577799797058, -0.3389520570333134, 0.1322525237642539, -0.08440597919199438, -1.5668620283810129, 1.7827201788868068, 2.035318334101305, 1.7230608463287354, 2.0161874294281006, -0.9259787286799308, 1732834923.2722082, 
-0.2760257124900818, 0.4207289218902588, -0.28134734340578516, 0.23148128889260308, -0.17076684157078958, -1.3555400261744899, 1.776910858547132, 2.041399431719678, 1.7287867069244385, 2.0079920291900635, -1.0846813050436257, 1732834923.384111, 
0.05341672897338867, 0.617015540599823, 0.02526336485959285, 0.31290420352855836, -0.27690411696975714, -1.1300092138490416, 1.766993265138834, 2.0556520694921363, 1.7328414916992188, 1.9993678331375122, -1.1934793055919102, 1732834923.4810894, 
1.0438804626464844, -0.4467942714691162, 0.9587609246941586, -0.19465525484541407, 0.21991340528246628, -0.8851450169460586, 1.7550419370213797, 2.078931304120554, 1.7364072799682617, 1.9894887208938599, -1.2755269065879236, 1732834923.5751762, 
-1.0377357006072998, 0.563721239566803, -0.8705654876177706, 0.25360593140932575, -0.20488011281633234, -1.2378260043065983, 1.762220643925423, 2.060023060801401, 1.739337682723999, 1.9758715629577637, -1.3991431328001513, 1732834923.6722002, 
-1.1993423700332642, -0.46242326498031616, -1.171381360989347, -0.1768595801856831, 0.2138284943998171, -0.8271095051298007, 1.7575253701184248, 2.0768588464999493, 1.7417430877685547, 1.9620633125305176, -1.5107540152348442, 1732834923.783128, 
-0.28709566593170166, -0.0728188157081604, -0.3612827885527392, -0.05514150600998196, 0.1307831700972563, -0.42162539697559126, 1.7607454315426614, 2.0559284236520647, 1.7425799369812012, 1.9527095556259155, -1.5568700718995783, 1732834923.880119, 
-0.29586249589920044, -0.20501482486724854, -0.3013104620974886, -0.054200156327185646, 0.15344269097809915, -0.35322735792558296, 1.7617311309020347, 2.042522658194492, 1.7427352666854858, 1.9442046880722046, -1.5890331227699854, 1732834923.9752004, 
-0.2913919687271118, -0.3154003620147705, -0.29217487526096425, -0.0379269806465509, 0.19294986926818214, -0.19656390952945385, 1.7622419684027508, 2.0265870835571915, 1.7426832914352417, 1.934396505355835, -1.606516491071194, 1732834924.072498, 
0.17259883880615234, -0.5040256977081299, 0.13360821536317224, -0.03508118526713522, 0.1859221603549397, -0.18868748728049706, 1.762202189962461, 2.0071105287007143, 1.7421454191207886, 1.9232356548309326, -1.6137434042323644, 1732834924.184097, 
-0.6304879188537598, 0.35723674297332764, -0.5664696375417463, -0.005172898733579703, 0.04581090550333411, -0.11291850001094653, 1.7618263378657306, 1.9898172392869093, 1.741641640663147, 1.9139291048049927, -1.6323431625810845, 1732834924.279224, 
-0.23239868879318237, 0.038214027881622314, -0.26036896538784804, 0.018933343008039064, 0.08381973848519603, 0.22588167596565586, 1.7616100081151724, 1.984317465387753, 1.741426706314087, 1.9044981002807617, -1.616180506178395, 1732834924.3750937, 
-0.042697012424468994, -0.1975046992301941, -0.060972707556827654, 0.016515790733123235, 0.047403734048736476, 0.34840695705834285, 1.761212908380806, 1.9760635747694526, 1.741167664527893, 1.8953826427459717, -1.5789666788320695, 1732834924.4707856, 
0.03882622718811035, -0.15990501642227173, 0.03045071348040454, 0.010931950781638635, 0.04167968120514325, 0.2622848943549414, 1.7610962247178095, 1.9713177243975892, 1.741252064704895, 1.8841946125030518, -1.5474233011592216, 1732834924.5835218, 
-0.2684866786003113, -0.08878469467163086, -0.2433813066731835, 0.017847492525249472, 0.06826540770163672, 0.2614427002802704, 1.7611373698820953, 1.9669341913075595, 1.741550087928772, 1.8746837377548218, -1.5222605368633766, 1732834924.6792803, 
0.16891318559646606, 0.1450730562210083, 0.13436875400019974, 0.036880496195356924, 0.1249511363893499, 0.29515934997531085, 1.7614040172492458, 1.9594484596120707, 1.7420824766159058, 1.865128517150879, -1.4953347742451057, 1732834924.7751296, 
-0.08779692649841309, 0.08750998973846436, -0.06916775425491273, 0.038360629353306155, 0.11553155514959221, 0.3320359472668412, 1.7621703487899645, 1.9471586361727973, 1.7429487705230713, 1.8558077812194824, -1.4650466432640306, 1732834924.8709104, 
-0.2583577036857605, -0.012017309665679932, -0.2424946679538239, 0.026669910622518507, 0.08780471985415586, 0.3037411959951285, 1.763217811525655, 1.9358163334158291, 1.7443665266036987, 1.844435691833496, -1.4302415461232383, 1732834924.9843223, 
0.13549280166625977, 0.028640270233154297, 0.10379031036034014, 0.03863871885254833, 0.09181439756043454, 0.42083507466370246, 1.7643361373745203, 1.9269217886674685, 1.7459620237350464, 1.835496187210083, -1.39429108793901, 1732834925.0791683, 
-0.06417381763458252, -0.21221518516540527, -0.0501397400965769, 0.007222942210715492, 0.014386313138603612, 0.5020704152013598, 1.765651899942131, 1.918598375020127, 1.7478622198104858, 1.8259196281433105, -1.3409835807971773, 1732834925.1761982, 
0.03927171230316162, -0.3552037477493286, 0.031718674120742335, -0.025840790004499268, -0.05903861877477885, 0.4376929972409583, 1.7658335156248481, 1.9177078223848114, 1.7501899003982544, 1.8168692588806152, -1.2966285408947356, 1732834925.2726665, 
-0.2081683874130249, -0.062119126319885254, -0.18795931848635947, 0.01573544713825637, 0.05024118653239661, 0.31319815920569094, 1.7645756506613866, 1.9226451667062188, 1.7532981634140015, 1.8062620162963867, -1.2615724977007603, 1732834925.3841248, 
-0.23622047901153564, 0.03272432088851929, -0.232127337147839, 0.03139709396871206, 0.09120176114443607, 0.34425973330699766, 1.7661532956045887, 1.9173836556764179, 1.7564163208007812, 1.797379970550537, -1.229302407286372, 1732834925.480199, 
-0.19872736930847168, 0.03197062015533447, -0.201507244941296, 0.03148237172072049, 0.10063680885006417, 0.31283157803249856, 1.7691337812213537, 1.9084815602720522, 1.7596935033798218, 1.7882568836212158, -1.1981833391812233, 1732834925.5771196, 
-0.0707206130027771, -0.16213804483413696, -0.08172121563075622, 0.013423334150311604, 0.04659875173475268, 0.28806209717202946, 1.7725547772658545, 1.8993193482692776, 1.7634247541427612, 1.7795608043670654, -1.1683443179568247, 1732834925.6725533, 
-0.15030986070632935, -0.2295161485671997, -0.14455666533154826, 0.008034813649091317, 0.03410403172587185, 0.2355971784707197, 1.7743117580477228, 1.895024322580962, 1.7678627967834473, 1.769176959991455, -1.1397404247587855, 1732834925.7841303, 
0.02144443988800049, -0.31577563285827637, 0.007516223062888683, 0.003228746716285944, 0.024725661495905833, 0.13058282452101724, 1.7757099957516294, 1.891864027383016, 1.7717905044555664, 1.7607377767562866, -1.1232253539677348, 1732834925.8791084, 
-0.003874838352203369, -0.3837551474571228, -0.002902754386761486, 0.0072235519778147215, 0.048026889648134605, 0.15040640838366864, 1.7768466095697, 1.8894444309524603, 1.7762539386749268, 1.751939296722412, -1.1094034787543543, 1732834925.9761407, 
0.006732940673828125, -0.39057785272598267, 0.005917759343582334, 0.0025340037754858517, 0.038577581438172914, 0.0656859160428971, 1.7789065710645986, 1.8852070597668693, 1.7804688215255737, 1.7435402870178223, -1.0999395215667955, 1732834926.0728478, 
-0.22811901569366455, -0.013986706733703613, -0.2084382292344214, 0.005681926303567869, 0.09422592056215578, 0.06030109623412814, 1.7808715427768587, 1.8813061910230244, 1.7857314348220825, 1.7334282398223877, -1.0911491323901423, 1732834926.1841764, 
0.23344993591308594, 0.013199269771575928, 0.1963807275128331, 0.0018033150736135527, 0.09677371332165664, 0.01863434823069867, 1.7852506050858103, 1.8727544725899887, 1.7900481224060059, 1.7252823114395142, -1.0872231011163265, 1732834926.2791483, 
-0.13879621028900146, -0.2420390248298645, -0.1106772661775508, 0.0019016272698260796, 0.1008394792698035, 0.018857963999775674, 1.7896538144117928, 1.8642750416968639, 1.7947598695755005, 1.7164709568023682, -1.0814097919708958, 1732834926.376151, 
-0.04357272386550903, -0.17186576128005981, -0.04920244847451303, 0.005444658283828175, 0.09268463830835671, 0.05874391251022737, 1.7943306288868388, 1.8553102353184567, 1.7992547750473022, 1.7081962823867798, -1.0752025086714267, 1732834926.4724092, 
-0.002348601818084717, -0.49933797121047974, -0.006292015280070853, 0.007722825497890091, 0.07199620945703358, 0.10726711247901148, 1.7985668424239085, 1.8472345859522659, 1.804670810699463, 1.6985396146774292, -1.0587518862399707, 1732834926.5851505, 
-0.2866954207420349, -0.2879050374031067, -0.26316447146151806, 0.005403721137489801, 0.06839580788075594, 0.07900661319639458, 1.801947275121602, 1.8408870261330303, 1.809377908706665, 1.6901518106460571, -1.0469673504888157, 1732834926.6801083, 
-0.06923234462738037, -0.027244150638580322, -0.08547211409449126, 0.007477634281397445, 0.09289098376353078, 0.08049903207433984, 1.805445356280322, 1.8344806369127864, 1.8141558170318604, 1.6819056272506714, -1.0390952207516202, 1732834926.7761254, 
0.21506690979003906, -0.13982969522476196, 0.1898452686207264, 0.0071199164491701, 0.08621238547177755, 0.08258577245262368, 1.809953221912913, 1.8263793484549853, 1.8189085721969604, 1.6739331483840942, -1.030749854135259, 1732834926.8716352, 
-0.06052541732788086, -0.3575087785720825, -0.03953552869439114, 0.0046016491566012886, 0.0732414401268072, 0.06282849092855335, 1.8140707336174227, 1.8191179329328258, 1.8247723579406738, 1.6642119884490967, -1.0201903407468558, 1732834926.9853432, 
-0.3196184039115906, -0.17738163471221924, -0.2960984629393883, 0.0071299357222424945, 0.0886911626730325, 0.08039059932642453, 1.8178351022507617, 1.81260236140834, 1.8298273086547852, 1.655999779701233, -1.0114719794176736, 1732834927.0801396, 
-0.0634642243385315, -0.30202919244766235, -0.08297642401345484, 0.005840092691934875, 0.07576683397769321, 0.07707980372591888, 1.8223859891749354, 1.804841298751629, 1.8349683284759521, 1.647807240486145, -1.0014945954380983, 1732834927.176144, 
-0.13730043172836304, -0.021985411643981934, -0.13272191953428802, 0.009364405679311376, 0.09469378909371018, 0.09889144545735984, 1.8264021054083903, 1.7981162119138703, 1.8401613235473633, 1.6396973133087158, -0.9928181196870849, 1732834927.2718098, 
-0.1342763900756836, -0.10963994264602661, -0.1341408666942231, 0.0076672333204298925, 0.08856492832484833, 0.08657189098948015, 1.8313562832895398, 1.7899672854483162, 1.846198558807373, 1.6304842233657837, -0.9813138062958776, 1732834927.3841426, 
-0.015516281127929688, -0.12387770414352417, -0.02546183244672208, 0.011034128729640125, 0.08933655240036437, 0.12351191570713804, 1.8361005518953228, 1.7823334079731405, 1.851698637008667, 1.6224690675735474, -0.9717138245017739, 1732834927.4801557, 
-0.11343920230865479, -0.19252073764801025, -0.10606193028828463, 0.012416581967639638, 0.07788378945673372, 0.15942447143686225, 1.840832813091068, 1.7748699126583707, 1.8572139739990234, 1.6143159866333008, -0.9556013227747292, 1732834927.5761359, 
-0.16987580060958862, -0.018404066562652588, -0.16450573273433286, 0.013575601848574564, 0.08764752273448165, 0.15488859724764076, 1.8451875271098372, 1.7681892502635412, 1.8627136945724487, 1.6066452264785767, -0.9393209833792051, 1732834927.672737, 
0.06990927457809448, -0.17659974098205566, 0.05023616776683881, 0.008806290429118877, 0.07170736824459187, 0.12280872446860498, 1.8500879228515734, 1.7609265803297207, 1.8691586256027222, 1.5979430675506592, -0.922919909625303, 1732834927.78427, 
0.09046781063079834, -0.3120700716972351, 0.0870800251031697, 0.00697976550895767, 0.060789966676658244, 0.11481772224161652, 1.854104379889828, 1.7551654353037576, 1.8749922513961792, 1.5905157327651978, -0.9100366387851089, 1732834927.8801587, 
-0.2815282940864563, -0.19808274507522583, -0.25058864070147613, 0.00842584836729609, 0.07503083294475424, 0.1122984783269047, 1.8576886251669589, 1.750155247276222, 1.8808547258377075, 1.5830296277999878, -0.8980213983261166, 1732834927.9761622, 
-0.1725408434867859, -0.14724361896514893, -0.17907117266665049, 0.00812037993489376, 0.07805578814039471, 0.10403302725338029, 1.8622673234951042, 1.7439074016060339, 1.8868824243545532, 1.5755047798156738, -0.8862140341372787, 1732834928.0729144, 
-0.08856767416000366, -0.13184374570846558, -0.09614627462147975, 0.008537220991032657, 0.08407635501728447, 0.10154128338791055, 1.8670777242424994, 1.7374946773261322, 1.8939030170440674, 1.5668919086456299, -0.8732428183995734, 1732834928.184144, 
0.09623056650161743, -0.19672536849975586, 0.08008898387633968, 0.005736821207799361, 0.07981781165282366, 0.07187394754384266, 1.8722150197617167, 1.7307922513801295, 1.9002339839935303, 1.5596414804458618, -0.8648688799426515, 1732834928.2801406, 
-0.08782988786697388, -0.30144840478897095, -0.0737414373730899, 0.005319563710809358, 0.08181381122021582, 0.06502036308381778, 1.8771061405564076, 1.7245402899917213, 1.9066616296768188, 1.5521882772445679, -0.8565106408981903, 1732834928.376192, 
0.06464564800262451, -0.3004649877548218, 0.053032479746107655, 0.00602635505613415, 0.07594197954402729, 0.07935472702078271, 1.8821965017832307, 1.7181285007276759, 1.9129269123077393, 1.5450047254562378, -0.8464210792549989, 1732834928.4725032, 
-0.04944896697998047, -0.2521028518676758, -0.040850602786371246, 0.006551985768446556, 0.07775719598689415, 0.08426211471862852, 1.8869383004181766, 1.7122363715888134, 1.9201334714889526, 1.5367796421051025, -0.8332893616172647, 1732834928.584256, 
-0.1698494553565979, -0.1169854998588562, -0.15901327016015943, 0.006003120925026936, 0.08757478622844732, 0.06854850789321042, 1.891950759113665, 1.7061082098538058, 1.9264687299728394, 1.5298266410827637, -0.8247668563293399, 1732834928.6801517, 
-0.04519087076187134, -0.3137907385826111, -0.054738969364016954, 0.003282700812862914, 0.07805364128495455, 0.04205698489937945, 1.8975903625636037, 1.699328748269032, 1.9330588579177856, 1.522944688796997, -0.8181978299245803, 1732834928.776212, 
-0.08379203081130981, -0.17616337537765503, -0.08134160713974453, 0.0039428904299270385, 0.08971809188737344, 0.043947551123542615, 1.9027152618959642, 1.6932505044763884, 1.9396655559539795, 1.5159064531326294, -0.8128299856903439, 1732834928.8727014, 
-0.1401272416114807, -0.22492069005966187, -0.13518998319428036, 0.004793726830797311, 0.0866899420021535, 0.055297381911712754, 1.908565908811504, 1.6863708118571994, 1.9473423957824707, 1.5078527927398682, -0.8052330006864665, 1732834928.9844103, 
-0.028060972690582275, -0.08753907680511475, -0.037038993079431995, 0.00413673283421853, 0.09132985368005826, 0.045294420909838595, 1.9143127333242398, 1.6796742290876983, 1.953874945640564, 1.5011019706726074, -0.7995155492059886, 1732834929.080148, 
-0.06655877828598022, 0.21947377920150757, -0.0640652887255483, 0.007542636119871474, 0.1102190845878824, 0.06843312252205658, 1.9204339723071215, 1.6726196467090575, 1.9606577157974243, 1.4942591190338135, -0.793911839624766, 1732834929.1762018, 
-0.20540881156921387, -0.10627049207687378, -0.19355459169755657, 0.005533295162578512, 0.09233310883548809, 0.059927530139132476, 1.9276402451340326, 1.6643934797092685, 1.9674029350280762, 1.4874460697174072, -0.7882786654108419, 1732834929.2725933, 
-0.006759047508239746, -0.08621096611022949, -0.022422238716395565, 0.006753368226636934, 0.09241253529614143, 0.07307848664681005, 1.9338748517140494, 1.6573730535623474, 1.9753284454345703, 1.47968590259552, -0.7800522027248901, 1732834929.3841836, 
-0.41162967681884766, -0.21973538398742676, -0.3789688165010403, 0.005170534552052471, 0.08500878678474787, 0.0608235306915374, 1.940040745129448, 1.6505146463689628, 1.9822795391082764, 1.4728784561157227, -0.7738150370511269, 1732834929.481176, 
0.029967069625854492, 0.04511237144470215, -0.004316370271442493, 0.0061163730451682784, 0.09903454842562309, 0.06175999327913123, 1.9460682788863513, 1.6439061660458198, 1.9890949726104736, 1.4662811756134033, -0.7687808886450601, 1732834929.576349, 
0.008102774620056152, 0.1427096128463745, 0.007065573015503233, 0.005268288059247661, 0.10577216905730293, 0.04980788525187115, 1.9528376798147873, 1.636574704000875, 1.9960064888000488, 1.4597657918930054, -0.7641835977386164, 1732834929.6720097, 
-0.09423977136611938, 0.24763017892837524, -0.08573469165620023, 0.008988268347550945, 0.11059465084567907, 0.08127217979188653, 1.9601442748212756, 1.6287578121690554, 2.004077911376953, 1.4520223140716553, -0.7576508687131758, 1732834929.7841566, 
0.17882460355758667, -0.15199261903762817, 0.15661016796824226, 0.0020744417933658416, 0.08628745746116705, 0.024041058276626434, 1.9675646518048882, 1.620902156185534, 2.010944366455078, 1.4456448554992676, -0.7529045441666536, 1732834929.8801785, 
-0.10932737588882446, -0.03279411792755127, -0.08700990034938963, 0.002699831265365837, 0.0997915896310169, 0.02705469744843792, 1.9735376297131588, 1.6146741160217626, 2.0181539058685303, 1.4391652345657349, -0.750000856289477, 1732834929.9762475, 
0.11975914239883423, -0.13060301542282104, 0.1024097829114353, 0.0032263695900922144, 0.09656661955281964, 0.033410816336254444, 1.9804902824678217, 1.607459818300703, 2.0252013206481934, 1.4326621294021606, -0.7453841359978969, 1732834930.0717814, 
0.10892999172210693, 0.14332276582717896, 0.10838011672521222, 0.005466635387089707, 0.10303602597307719, 0.05305557289756217, 1.9871801723504408, 1.6005566430533809, 2.033383846282959, 1.4251848459243774, -0.741519847705075, 1732834930.1842062, 
-0.21111714839935303, 0.055352747440338135, -0.18431184008626658, 0.0021494462215730665, 0.10155196030390495, 0.021165974690598013, 1.9943128095322538, 1.5932475981194496, 2.040503740310669, 1.418776512145996, -0.7393342184664528, 1732834930.2803435, 
-0.0812639594078064, 0.18492043018341064, -0.0898990400477285, 0.00434985481210079, 0.10182721697079997, 0.0427179976189289, 2.00156301718906, 1.5858927536071235, 2.047473430633545, 1.4125295877456665, -0.7372603051340718, 1732834930.3761764, 
-0.0022957921028137207, -0.005853474140167236, -0.009642635292829063, 0.0003035085001633803, 0.10035615789948335, 0.0030243136695943876, 2.0087724479225, 1.5786123898814526, 2.054800510406494, 1.406030297279358, -0.7355967932432164, 1732834930.4718537, 
0.08929711580276489, 0.08510428667068481, 0.08099125993359527, 0.0007700225415186755, 0.09619415065951495, 0.00800487905178577, 2.01583261689927, 1.5715388723492303, 2.062842607498169, 1.3987550735473633, -0.7340368720521158, 1732834930.5841982, 
0.03327441215515137, -0.10589617490768433, 0.037277628085909065, -0.0008784350006253702, 0.10225847574528091, -0.0085903392772399, 2.02263328672275, 1.5647298164735362, 2.0699081420898438, 1.3924351930618286, -0.7340368720521158, 1732834930.680292, 
0.14547514915466309, -0.31419986486434937, 0.1363940504444993, -0.0013681112472380787, 0.10523381663917242, -0.013000680683559002, 2.0298678344957612, 1.5574959227987522, 2.0771472454071045, 1.3858431577682495, -0.7324067995499892, 1732834930.7761796, 
-0.03388488292694092, 0.025510013103485107, -0.01960639980436532, 0.00013675413263411677, 0.101399454365872, 0.0013486673423377324, 2.0371686312097896, 1.5501828351976852, 2.0843727588653564, 1.3793866634368896, -0.7324067995499892, 1732834930.871903, 
0.049862444400787354, -0.202481210231781, 0.0440309584468114, -0.0011076483236730286, 0.09765693362791891, -0.011342239434767238, 2.044308677824763, 1.5430137705684859, 2.092465877532959, 1.3721779584884644, -0.7313910159252971, 1732834930.9843981, 
0.10185009241104126, 0.31288987398147583, 0.09699313097527129, 0.0025671822555961912, 0.09578610243966729, 0.0268011975663503, 2.0511585967871033, 1.5361368673835294, 2.0995969772338867, 1.365765929222107, -0.731391015925496, 1732834931.0804348, 
0.09585756063461304, 0.02981412410736084, 0.09594841919207005, 0.0012063120583083102, 0.09922695950816685, 0.012157099887848776, 2.0578784934271552, 1.5293792567055382, 2.1068665981292725, 1.3593535423278809, -0.7310051887926403, 1732834931.1762197, 
-0.1595059633255005, -0.02418959140777588, -0.1380729827047127, -0.00011688399072294918, 0.10006416829970725, -0.001168090363504187, 2.0648555858556215, 1.5223987263979182, 2.114022731781006, 1.3529839515686035, -0.7303074138129358, 1732834931.2721756, 
-0.019826054573059082, 0.014302849769592285, -0.029741042567065903, 0.00011857386982455692, 0.09895629647820162, 0.0011982448216488854, 2.072002229378771, 1.515264369583574, 2.122297763824463, 1.3455663919448853, -0.7289966824279993, 1732834931.3841734, 
-0.05012369155883789, -0.3663702607154846, -0.04841306819065439, -0.0027709276565370863, 0.09597542525556818, -0.028871220410417783, 2.0790030292378194, 1.5082739155520215, 2.129398822784424, 1.339438796043396, -0.7287864430769245, 1732834931.4804003, 
-0.06563383340835571, -0.3050048351287842, -0.0641770436034483, -0.001643195020733179, 0.10738135277342997, -0.015302424287764838, 2.0859044619676403, 1.5013810684653885, 2.136758327484131, 1.332945466041565, -0.7280348258721414, 1732834931.5783875, 
-0.1597900390625, -0.34789878129959106, -0.1517639009210181, -0.002480825450876261, 0.10342302231597737, -0.02398716838207318, 2.0935042200466376, 1.493748393776342, 2.143766403198242, 1.3267841339111328, -0.727441861240643, 1732834931.6726496, 
0.12111777067184448, 0.021350443363189697, 0.09822475978573317, 0.0016095765225448437, 0.10066346840856027, 0.015989678758257127, 2.100851743091217, 1.486345846826619, 2.1521308422088623, 1.3193657398223877, -0.7257014947360931, 1732834931.7842126, 
0.056359827518463135, -0.006731748580932617, 0.05986688790068666, 7.239349474930553e-05, 0.10133932265907464, 0.0007143672648459616, 2.1078737379545878, 1.4792417342092652, 2.15930438041687, 1.312881588935852, -0.7257014947360931, 1732834931.880265, 
-0.04751729965209961, 0.3443658947944641, -0.03850971609780961, 0.004369533604724755, 0.10065688022621123, 0.0434101831380516, 2.1149622053583474, 1.4720920083269824, 2.1666460037231445, 1.3063523769378662, -0.7250645939967544, 1732834931.9772882, 
-0.03728628158569336, 0.2679975628852844, -0.03737995005284537, 0.004883144700981492, 0.10950965416905006, 0.04459099736945001, 2.122137758337185, 1.4648605657485168, 2.1737959384918213, 1.3002095222473145, -0.7241965698856193, 1732834932.0719619, 
-0.24908870458602905, 0.6815285682678223, -0.231301845230375, 0.030697799353108554, 0.1325785423608484, 0.23154425147891716, 2.130067157443646, 1.4569409133051305, 2.1823127269744873, 1.2928386926651, -0.7143499695674631, 1732834932.1844244, 
-0.07092654705047607, -0.052199602127075195, -0.08440819807170014, 0.028813233412633525, 0.07833736622649386, 0.3678095754371792, 2.1393137823346158, 1.4478184104105778, 2.189765691757202, 1.2869116067886353, -0.6786552793462814, 1732834932.2801704, 
0.19264429807662964, -0.19661790132522583, 0.1693645149469708, 0.009708609929928272, 0.03062584318429093, 0.317007106433176, 2.144752977099292, 1.442707835287686, 2.197033405303955, 1.2810544967651367, -0.6445211015136907, 1732834932.3761806, 
0.24475717544555664, -0.2212754487991333, 0.23841217516543028, 0.004990348481243084, 0.023201533920699173, 0.21508700667376826, 2.1469268825026226, 1.4408088548417968, 2.205735921859741, 1.2747422456741333, -0.6201317517897073, 1732834932.4886506, 
-0.09214478731155396, -0.1771520972251892, -0.06439582262349475, 0.013702311274414715, 0.05642229601726465, 0.24285277703378017, 2.1487924766850774, 1.4392774743281547, 2.2137551307678223, 1.269155502319336, -0.5963880875389777, 1732834932.5852776, 
0.2040804624557495, -0.17128944396972656, 0.18155077693626648, 0.012516544553620357, 0.05334888322867983, 0.23461680537844112, 2.153238108129294, 1.4357877852319356, 2.2215073108673096, 1.2639607191085815, -0.5723398420232777, 1732834932.6801674, 
-0.03921717405319214, 0.03856533765792847, -0.020670113812245677, 0.027598856617918076, 0.09806067054388785, 0.2814467458242189, 2.1577142890097805, 1.4324455829887903, 2.2295303344726562, 1.2590365409851074, -0.5460711305189796, 1732834932.7763023, 
-0.3556302785873413, 0.5108534097671509, -0.32743295922838633, 0.08269759006908475, 0.21637648448964675, 0.3821930569957185, 2.166558712648685, 1.4261647128886632, 2.237938642501831, 1.2539981603622437, -0.5163408127115102, 1732834932.8718722, 
0.17808818817138672, -0.182625412940979, 0.13555329040304365, 0.014683689621708958, 0.03100685286998764, 0.47356272122417475, 2.1834389541080137, 1.4149084325792791, 2.2478740215301514, 1.2488274574279785, -0.45740763735654344, 1732834932.9851947, 
-0.10216420888900757, 0.06707626581192017, -0.08217000604878574, 0.04177509436773463, 0.1058456336406558, 0.39467943013653634, 2.1865616732917372, 1.4129943704793264, 2.256483793258667, 1.2446712255477905, -0.41591197524757445, 1732834933.080211, 
-0.1254318356513977, -0.12561601400375366, -0.12183547204198028, 0.014562545376120563, 0.04981830775500751, 0.29231312809208787, 2.1955384445931037, 1.4080602914389657, 2.2652056217193604, 1.2409372329711914, -0.386700242778136, 1732834933.1761906, 
-0.035427987575531006, 0.24881160259246826, -0.04259977177963871, 0.04050060348400845, 0.14949683477950315, 0.2709127824929796, 2.2007928557172285, 1.4054274080527605, 2.2737619876861572, 1.237414836883545, -0.3614938024222021, 1732834933.2718515, 
-0.002802431583404541, -0.06399446725845337, -0.006185871529024584, 0.024791318387203096, 0.08420072635128423, 0.29443117015136033, 2.2138558438841556, 1.3993585544622227, 2.2845540046691895, 1.2336432933807373, -0.328209461485167, 1732834933.3842204, 
0.09381967782974243, -0.02642643451690674, 0.08542653073819136, 0.02109272274597459, 0.08354521434361133, 0.25247074786621265, 2.22158874618948, 1.3960178533573364, 2.2935807704925537, 1.2306065559387207, -0.30343045428312915, 1732834933.480218, 
0.09933817386627197, 0.018265187740325928, 0.09817509920874778, 0.027097884177013726, 0.09831942090588613, 0.27561069753403566, 2.229386226753531, 1.3929152740962119, 2.30263352394104, 1.2278077602386475, -0.2777280127100148, 1732834933.5761948, 
-0.005455374717712402, 0.01948404312133789, 0.0032357932925857202, 0.026492815885128893, 0.09961907305998359, 0.26594120052870585, 2.2385700808291324, 1.389528869694982, 2.3123996257781982, 1.2252395153045654, -0.25060340207617426, 1732834933.6744244, 
-0.08430725336074829, 0.32146650552749634, -0.0769148481805673, 0.04765630093117732, 0.16362741689886615, 0.29124887402355343, 2.2485023916440015, 1.3861728856166249, 2.322805404663086, 1.2225944995880127, -0.22245580520612795, 1732834933.7841954, 
0.047074079513549805, -0.0159224271774292, 0.03662372055221562, 0.030549308223537353, 0.09344924221031617, 0.3269080358595451, 2.2636291831250506, 1.3815122955602712, 2.3320255279541016, 1.220719337463379, -0.19083105061423414, 1732834933.8801975, 
-0.030503451824188232, -0.23854303359985352, -0.0249198108189361, 0.006993362906470342, 0.027032233635216243, 0.25870458952233005, 2.2720845736836934, 1.37917772818401, 2.341651678085327, 1.2190262079238892, -0.16328041259217796, 1732834933.9762278, 
-0.03282058238983154, -0.17698299884796143, -0.032142515029883, 0.011284308439249527, 0.04557460586260183, 0.2476007905206997, 2.274884864806085, 1.3784995979172738, 2.351050615310669, 1.2176575660705566, -0.13789016399744944, 1732834934.0737329, 
-0.10734248161315918, -0.17468982934951782, -0.10102440187259046, 0.012947179379116743, 0.05199068620272029, 0.24902882275170493, 2.279430369318465, 1.377522713254012, 2.3620758056640625, 1.2162610292434692, -0.1101242316520478, 1732834934.1842422, 
-0.0693596601486206, 0.2798386812210083, -0.07194232960874825, 0.040829178595561934, 0.14708286236622514, 0.2775930379563894, 2.2854248235734973, 1.3763875555148708, 2.371532440185547, 1.215263843536377, -0.08564511076162498, 1732834934.2802265, 
-0.01795220375061035, 0.2832985520362854, -0.022468138745413743, 0.05060194413254028, 0.16125151516460168, 0.3138075575965102, 2.3001179831172935, 1.3739905189272101, 2.380923271179199, 1.2145754098892212, -0.05797502699193684, 1732834934.3762078, 
0.020023345947265625, 0.056544363498687744, 0.016424162124293214, 0.031719200643022145, 0.11266966627617321, 0.2815238714320214, 2.3157075047723956, 1.3718953929410775, 2.3904707431793213, 1.21421480178833, -0.03182321311581795, 1732834934.4724314, 
0.0921739935874939, 0.02455925941467285, 0.08580842716559181, 0.024974266533649453, 0.10294034496431022, 0.24260912028523043, 2.3268334374021795, 1.3707504440133618, 2.4018139839172363, 1.2140032052993774, -0.003686580294776363, 1732834934.5843253, 
-0.1716647744178772, -0.1842801570892334, -0.1500936942278189, 0.011272831492156726, 0.058893796995085596, 0.19140948737092617, 2.3366780558638824, 1.3700140105738317, 2.4113833904266357, 1.2141621112823486, 0.016772055300453257, 1732834934.6802058, 
-0.0969197154045105, -0.11102008819580078, -0.10136178277292496, 0.013614073684886999, 0.07278092138286203, 0.18705552810015333, 2.342816449602799, 1.369700672553513, 2.4209840297698975, 1.2145140171051025, 0.03557772678416954, 1732834934.7762258, 
-0.06873798370361328, 0.11327433586120605, -0.07144092027209926, 0.020682439149506706, 0.11198796898971775, 0.18468447402064841, 2.350521724598765, 1.3694548768380117, 2.4306211471557617, 1.2149208784103394, 0.053432144518290654, 1732834934.873071, 
0.09812372922897339, -0.07833629846572876, 0.08387732465563462, 0.011149512263850067, 0.08297749834511778, 0.13436790077084892, 2.361516566608247, 1.3693105127415068, 2.4414851665496826, 1.2156271934509277, 0.06990563072030864, 1732834934.9844697, 
0.048119425773620605, 0.01362156867980957, 0.05112674299705007, 0.013537893040830145, 0.10024629208814623, 0.13504632200187836, 2.369888082001087, 1.369351299641929, 2.451263189315796, 1.2164322137832642, 0.08332525678299346, 1732834935.0812337, 
-0.05985838174819946, 0.03429722785949707, -0.05054493717370637, 0.01495421938144941, 0.10385394962495838, 0.1439927844386535, 2.3799096515988114, 1.3695349619124007, 2.461103677749634, 1.2172247171401978, 0.09768947573439714, 1732834935.1762888, 
-0.08917874097824097, 0.17051047086715698, -0.08592034312813061, 0.014445067769464548, 0.12140539627560497, 0.11898208986256668, 2.3905001195217372, 1.3698725450231597, 2.4707772731781006, 1.2181328535079956, 0.1089680759929421, 1732834935.2737226, 
0.08489257097244263, 0.18971341848373413, 0.07055992434247017, 0.006340362396408738, 0.11704749989577357, 0.054169139896662416, 2.402657460274372, 1.3704325016397565, 2.481497049331665, 1.2193659543991089, 0.11498260170163628, 1732834935.3842459, 
0.029613256454467773, -0.2343432903289795, 0.03302444007371369, 0.0007631904025495108, 0.08849137557288048, 0.008624460831450811, 2.4140303265900127, 1.3710857721386995, 2.491011619567871, 1.220627784729004, 0.11737271320808032, 1732834935.481214, 
-0.04089522361755371, -0.42075276374816895, -0.03468965720186237, 0.0005482869693572084, 0.09433940220932265, 0.005811855455058485, 2.4229046978279074, 1.3716401912574367, 2.5003457069396973, 1.2217812538146973, 0.12171406567119304, 1732834935.5762565, 
0.0726965069770813, -0.1573702096939087, 0.06369002562605333, 0.0007307277750257914, 0.09928108607083203, 0.007360191189935757, 2.432416959972917, 1.372242512895453, 2.509732484817505, 1.2230700254440308, 0.12453812276432541, 1732834935.671993, 
0.0495566725730896, -0.24426370859146118, 0.05073709619549351, 0.0013576603511095103, 0.0975233615480593, 0.013921385907523894, 2.4422216244919346, 1.3728692789900432, 2.5209450721740723, 1.224436640739441, 0.12888375670588428, 1732834935.784265, 
-0.061721086502075195, -0.15388834476470947, -0.052288248553832996, -0.0011858083738731857, 0.09511838566439525, -0.012466657897843802, 2.451889903705293, 1.3734947619981381, 2.5303361415863037, 1.2257906198501587, 0.13105078203940307, 1732834935.8802404, 
-0.13247501850128174, -0.16076618432998657, -0.12573513556157973, -0.0015549008476506755, 0.10420772290593888, -0.01492116711017836, 2.461518902580136, 1.3741290194712608, 2.54006290435791, 1.227080225944519, 0.13119070613304942, 1732834935.976217, 
0.1188349723815918, 0.16873830556869507, 0.09831124543486158, -0.0007793901098895589, 0.0944691305780236, -0.008250209408308758, 2.4719157923699253, 1.374800698102921, 2.549274444580078, 1.2281588315963745, 0.12962295199752907, 1732834936.0719476, 
-0.23594242334365845, 0.2154172658920288, -0.2078941127992488, 0.0002578099283419412, 0.09840802083019383, 0.002619806050025134, 2.481312724917305, 1.375394316474409, 2.560148000717163, 1.22955322265625, 0.12654023605494508, 1732834936.1842523, 
0.0768195390701294, 0.275002121925354, 0.05294032545693961, 0.0016128233826223826, 0.09963076655759057, 0.016188005355655937, 2.491312011227714, 1.3760187264098163, 2.569550037384033, 1.23074209690094, 0.12546900965504396, 1732834936.2803595, 
-0.06040865182876587, 0.33654552698135376, -0.050897718068214165, 0.0013766822704990218, 0.1021547285217274, 0.013476441966229824, 2.5012377931882708, 1.3766422424965452, 2.578860282897949, 1.2319897413253784, 0.12284751526723539, 1732834936.376231, 
-0.0661858320236206, -0.3816218376159668, -0.06490628749333664, -0.0050586986578642955, 0.09210338756022932, -0.05492413245447951, 2.5113887051742103, 1.3772956004314318, 2.587900400161743, 1.233208179473877, 0.12089749644087538, 1732834936.4725094, 
-0.09836071729660034, -0.2830643653869629, -0.09553554938095524, -0.006561768859067188, 0.11026639151543169, -0.05950833040681189, 2.5208107555356953, 1.3779093987171342, 2.5990610122680664, 1.2345439195632935, 0.11546898331358099, 1732834936.5845904, 
-0.13427740335464478, -0.4166097044944763, -0.13101093740768727, -0.010141883428906625, 0.12191785398640541, -0.08318620363870173, 2.532008067251843, 1.378576552704871, 2.608558177947998, 1.2356679439544678, 0.11354362672352943, 1732834936.6799135, 
0.03415358066558838, -0.19449293613433838, 0.020296308529583, -0.005153219371123941, 0.11487348683040846, -0.044859954314190965, 2.544229621677535, 1.379229710607842, 2.617901563644409, 1.23660409450531, 0.11099903967653825, 1732834936.7762387, 
0.026222288608551025, 0.36006420850753784, 0.025704120397629506, -0.00045924708270468184, 0.08758894350023194, -0.005243208381700205, 2.5554523544114907, 1.379739615939104, 2.627201557159424, 1.2376420497894287, 0.10728469403763294, 1732834936.8718672, 
-0.018757939338684082, 0.09868478775024414, -0.015020604019628608, -0.005581196674592805, 0.09836219235276049, -0.0567412797650618, 2.5642724313354277, 1.3801033305226493, 2.6384074687957764, 1.238875150680542, 0.10097304694665862, 1732834936.984447, 
0.16569054126739502, 0.2393311858177185, 0.15051610261296622, -0.0030510375915876334, 0.08540016986982368, -0.03572636443508672, 2.573983387469733, 1.3804946958742943, 2.64782452583313, 1.2398566007614136, 0.09529829898344619, 1732834937.080509, 
-0.10665637254714966, 0.10866069793701172, -0.08507648785547817, -0.0029983951865600344, 0.09550324148374015, -0.031395742594459736, 2.5824890583171256, 1.3807906744724214, 2.657294750213623, 1.2408093214035034, 0.09054092992712656, 1732834937.176367, 
-0.007001519203186035, -0.17415791749954224, -0.013541172684023578, -0.0056940004021970945, 0.10511501848068142, -0.05416923751236906, 2.592194316075401, 1.3810939192309737, 2.6668832302093506, 1.2416560649871826, 0.0863381230289404, 1732834937.272655, 
0.14315223693847656, 0.0394359827041626, 0.12999890202603048, -0.0025721822679595475, 0.09992636299059274, -0.02574077741828448, 2.6026643224844013, 1.381386355716377, 2.67807936668396, 1.2425214052200317, 0.08275183469381976, 1732834937.3842542, 
0.04104793071746826, 0.08612030744552612, 0.04850174098341502, -0.002508077352821337, 0.0967387853355211, -0.025926285347934862, 2.612508740012694, 1.3816101834765349, 2.6875033378601074, 1.2432514429092407, 0.07839121108998794, 1732834937.481241, 
-0.01995295286178589, -0.00829082727432251, -0.014207928783277063, -0.00389708583168305, 0.1014649912096088, -0.038408181829261256, 2.6221858300598466, 1.3818052390258133, 2.696995973587036, 1.243965744972229, 0.0758492140496339, 1732834937.5773768, 
0.028890550136566162, -0.0757983922958374, 0.02527456827592362, -0.0051491338908164425, 0.10158021841899256, -0.05069032111722358, 2.6323396456561787, 1.3819824155978424, 2.7065823078155518, 1.2446823120117188, 0.07184451598299643, 1732834937.6724687, 
0.026029586791992188, -0.011839985847473145, 0.025964007887661903, -0.004046589595779535, 0.10099153391137372, -0.04006860217937343, 2.6424755168242537, 1.3821193956145315, 2.71759033203125, 1.2455886602401733, 0.0677315885812345, 1732834937.784043, 
0.17048358917236328, 0.00818699598312378, 0.15835164826018247, -0.0015159771984489207, 0.0993164128217419, -0.015264115521065717, 2.6525166628134937, 1.3822052249602577, 2.7270634174346924, 1.2461780309677124, 0.06578657584623716, 1732834937.8802657, 
0.06703829765319824, -0.16394507884979248, 0.07469192817092707, -0.005591495060690231, 0.10115353238606602, -0.0552773089460637, 2.6623238136178196, 1.382251451073726, 2.7366936206817627, 1.246817708015442, 0.06175540740505233, 1732834937.9773579, 
0.07041031122207642, -0.3679593801498413, 0.07077688185723567, -0.006036104616862224, 0.11882751268683457, -0.05079719738618236, 2.6725381040291016, 1.3822807348904278, 2.746164321899414, 1.247293472290039, 0.06016919912859891, 1732834938.072583, 
-0.18157249689102173, 0.2996711730957031, -0.16041893267528623, -0.001495627818986907, 0.0905698539009233, -0.0165135280070454, 2.6841122597996776, 1.382250508627191, 2.752812385559082, 1.2477726936340332, 0.05699182220911271, 1732834938.1374402, 
-0.18598514795303345, 0.4788088798522949, -0.18382976470955106, 0.00335784498049903, 0.08825590654494495, 0.03804668845352604, 2.69330130947827, 1.3821830199387461, 2.766685962677002, 1.2484689950942993, 0.0560838703975997, 1732834938.2802277, 
-0.20712989568710327, 0.09163528680801392, -0.20515304175486934, -0.002810610870617049, 0.10004250934590976, -0.028094166059939606, 2.702399646957902, 1.3821047516154705, 2.771427631378174, 1.2490077018737793, 0.054047319054077766, 1732834938.3282282, 
0.06213533878326416, 0.1188349723815918, 0.03971463108987164, -0.0004787341299024598, 0.0959650339841389, -0.004988630858835365, 2.7125403799869563, 1.382050650696462, 2.7856926918029785, 1.2496156692504883, 0.050900714057393534, 1732834938.4723277, 
-0.2754061818122864, -0.19423341751098633, -0.24895684170529456, -0.0022268803683776323, 0.10359417361520688, -0.02149619318021899, 2.7221866498601797, 1.381973827104764, 2.7923364639282227, 1.2499898672103882, 0.050605350503589594, 1732834938.53681, 
0.009300768375396729, -0.09636867046356201, -0.012363343901742013, -0.001013611782339251, 0.09329657442854476, -0.010864405135427236, 2.73266248760508, 1.3818838290024127, 2.8061881065368652, 1.250753402709961, 0.04982640833411426, 1732834938.6802704, 
-0.116252601146698, 0.09604525566101074, -0.10752746485812562, 0.0007297745373068926, 0.1007311715118128, 0.007244773652029964, 2.7420906874106836, 1.3817835408289025, 2.8157718181610107, 1.2513121366500854, 0.049826385961813276, 1732834938.7763853, 
0.03509557247161865, -0.180822491645813, 0.023133220891585926, -0.0015997671911991, 0.1004328121401456, -0.015928730432906314, 2.752234808542012, 1.381665917450196, 2.8254966735839844, 1.2518575191497803, 0.04982634494531945, 1732834938.8719454, 
-0.15667957067489624, -0.19827860593795776, -0.1415906142170508, -0.0019396706776476083, 0.09997869935995603, -0.0194008392794165, 2.7622872587563987, 1.3815546713385074, 2.8365378379821777, 1.252505898475647, 0.049826292742594515, 1732834938.985275, 
-0.28945231437683105, 0.05187290906906128, -0.277034899894406, 0.00030013201550183375, 0.097184848149386, 0.003088259345124366, 2.772377689322662, 1.3814268061410315, 2.845942974090576, 1.2529014348983765, 0.049983894230685055, 1732834939.0802727, 
-0.12414318323135376, 0.25622838735580444, -0.13695424358521072, 0.0022508010291043554, 0.09840949520272854, 0.022871787163094286, 2.7823468040069645, 1.3812832049752424, 2.8554298877716064, 1.253186821937561, 0.049983894230685055, 1732834939.1763892, 
0.15051132440567017, 0.11407732963562012, 0.12639497574043682, 0.0011854709446716093, 0.09798920803241667, 0.01209797454715047, 2.7922903888343313, 1.3811445455229212, 2.8648462295532227, 1.2537353038787842, 0.04908149804541236, 1732834939.2724218, 
-0.0706741213798523, 0.15656417608261108, -0.054141889168286106, 0.001507663595684509, 0.10094858291280018, 0.014934965426774095, 2.8020685277959254, 1.381029732540305, 2.8759069442749023, 1.2543964385986328, 0.0490815241452027, 1732834939.3842738, 
0.1958027482032776, -0.11735767126083374, 0.1748275719783482, -0.0005631922849298192, 0.09782955263591142, -0.00575687274198044, 2.8121182132201645, 1.3809240154092248, 2.885561466217041, 1.2550324201583862, 0.0497052105094297, 1732834939.4802473, 
-0.08204817771911621, 0.054523587226867676, -0.06050003685090602, 0.00043953751790897383, 0.10067471058119072, 0.004365917869259746, 2.8217722620308305, 1.3808352610756993, 2.895233154296875, 1.255509614944458, 0.049861387285361825, 1732834939.5764306, 
-0.14327514171600342, -0.2025468945503235, -0.1363249446243504, -0.0006845715304608257, 0.09915543114286886, -0.006904024545810865, 2.8319157625552385, 1.3807369170297281, 2.905082941055298, 1.2561184167861938, 0.0513423936695665, 1732834939.6745348, 
0.027035176753997803, -0.0985594391822815, 0.013335766221755085, 0.0003367804181073498, 0.10071988780556863, 0.003343733054562932, 2.8419245371961552, 1.380643406575537, 2.9160304069519043, 1.256780743598938, 0.05223782866101797, 1732834939.784284, 
-0.2095123529434204, -0.1183122992515564, -0.190809452870355, -0.0010784889591351537, 0.10234395636428163, -0.010537886138546329, 2.8520184809727946, 1.3805428952342678, 2.9257171154022217, 1.2572460174560547, 0.05290702693418908, 1732834939.8802874, 
-0.006382584571838379, 0.0574030876159668, -0.021851524598222954, 0.00042794917175097684, 0.0962256516490899, 0.004447350206695372, 2.86237549261165, 1.3804421651132315, 2.935300350189209, 1.2578141689300537, 0.05290698218365863, 1732834939.9763772, 
0.10233873128890991, 0.13987600803375244, 0.09191782965170966, 0.0012175238243960465, 0.096664317460208, 0.0125953801401147, 2.87200510005626, 1.3803396048048786, 2.944882392883301, 1.2584022283554077, 0.05290693743297053, 1732834940.073445, 
-0.16515791416168213, 0.06036019325256348, -0.1435866002972408, 0.000636171831137622, 0.10027115069546724, 0.0063445151145191765, 2.881638004228488, 1.3802418878548448, 2.9558258056640625, 1.2590538263320923, 0.0536322382049415, 1732834940.1842754, 
0.23650091886520386, 0.15736901760101318, 0.20460985595677933, 0.0014450841956829153, 0.09729664673399234, 0.01485235354136875, 2.8917380889036233, 1.3801516969923542, 2.9651644229888916, 1.2595345973968506, 0.05479931359408932, 1732834940.280266, 
-0.10682862997055054, -0.06571394205093384, -0.08070243311276543, -0.0006502612573211891, 0.10152653798530302, -0.006404840253839059, 2.9013430969816083, 1.3800725351682777, 2.9751715660095215, 1.2600806951522827, 0.05494306539167559, 1732834940.3773966, 
0.006507396697998047, -0.27311378717422485, -0.0008076412419662643, -0.0025503287230277936, 0.09924842765122782, -0.02569641437534898, 2.911551870365517, 1.38000160246075, 2.984626531600952, 1.2608017921447754, 0.05494306539167559, 1732834940.4736528, 
-0.030288755893707275, -0.16078799962997437, -0.027810050152405636, -0.0017524248281447132, 0.10549465394890617, -0.016611503640681723, 2.9215318518754723, 1.379924350928669, 2.9958910942077637, 1.2613749504089355, 0.05551524432929927, 1732834940.5852933, 
0.19021844863891602, -0.27720773220062256, 0.17191984458818327, -0.00285022857721137, 0.10214477697491386, -0.02790381125323098, 2.9320508620402164, 1.3798165870143662, 3.0050766468048096, 1.2619761228561401, 0.0561511052065639, 1732834940.6802924, 
0.09648871421813965, -0.005415737628936768, 0.10280479409787678, -0.0002798478095020767, 0.09882053084030415, -0.0028318792372641274, 2.9420793463441814, 1.3796964556476337, 3.014561414718628, 1.262510061264038, 0.05615112758468537, 1732834940.7764075, 
0.12691032886505127, -0.01197803020477295, 0.12488118395300941, 0.0016428180509328618, 0.10056490040825834, 0.01633589894947039, 2.9518936278152905, 1.379553697096409, 3.0242252349853516, 1.2630815505981445, 0.057087157434494926, 1732834940.8735409, 
-0.06909036636352539, 0.2822434902191162, -0.052816294832435176, 0.0028687065595940178, 0.10580659027522377, 0.02711273987879155, 2.9618953364251777, 1.3794070633354154, 3.035284996032715, 1.2637512683868408, 0.05708713132575727, 1732834940.9842734, 
-0.2693130373954773, 0.42631953954696655, -0.2511358404595249, 0.006108487195752566, 0.1111761074977514, 0.054944244165736, 2.972585211214623, 1.3792689795900952, 3.045151710510254, 1.2643243074417114, 0.05770533588328734, 1732834941.0808048, 
0.08551061153411865, -0.08432602882385254, 0.05726295785365293, 0.0002739981843269247, 0.09400279575350866, 0.0029147876095663647, 2.9837688272435328, 1.3791569445845984, 3.054452419281006, 1.264938235282898, 0.05806226840213635, 1732834941.1764445, 
0.06047695875167847, 0.12823855876922607, 0.06020595649509195, 0.002317484609443075, 0.09793976907325933, 0.023662345045040768, 2.9931562860236376, 1.3791106993427436, 3.063981533050537, 1.2656011581420898, 0.06015889244818143, 1732834941.2734013, 
-0.019630014896392822, -0.29395103454589844, -0.012935873446033037, -0.002302413571815588, 0.09527034959244911, -0.024167157795315485, 3.0028685385322658, 1.379066957425922, 3.074878454208374, 1.2664602994918823, 0.061071296062245796, 1732834941.3854158, 
0.20260488986968994, -0.15718698501586914, 0.18452104090411345, -0.00037685678424019005, 0.1018392240033661, -0.003700507225268466, 3.0124387654791076, 1.3790428548500673, 3.0845882892608643, 1.2671668529510498, 0.06251777657433132, 1732834941.481301, 
-0.14080703258514404, -0.5240170359611511, -0.11351966606060951, -0.003540731995714217, 0.09769223092582208, -0.03624374182224073, 3.022446141592916, 1.3789948943926718, 3.0937998294830322, 1.2678344249725342, 0.06420284325287157, 1732834941.5762696, 
-0.13252437114715576, -0.31474679708480835, -0.13091229411553648, -0.0015306645303190581, 0.11050580392865032, -0.013851440158811512, 3.032424924660497, 1.3789409162983408, 3.1032984256744385, 1.2683931589126587, 0.06599837042806227, 1732834941.6724324, 
-0.25135189294815063, -0.23742234706878662, -0.2412383809039343, -0.0018478027240059855, 0.10521177858861387, -0.017562698290949304, 3.04355670086618, 1.3788424388975593, 3.114692211151123, 1.2690645456314087, 0.06638962726551928, 1732834941.7852917, 
-0.04107975959777832, 0.42690181732177734, -0.0578712929735026, 0.0035662258413388702, 0.09087006441941659, 0.03924533193768552, 3.054152862582222, 1.3787341738889454, 3.1242682933807373, 1.2697421312332153, 0.06638962726551928, 1732834941.8812819, 
0.06638818979263306, 0.1520405411720276, 0.05597170270462308, 0.00273177336075895, 0.10212863077788285, 0.02674835978855155, 3.063386502684385, 1.3786278505019254, 3.1337087154388428, 1.2703447341918945, 0.06696543757379193, 1732834941.9762754, 
-0.0190889835357666, 0.29054999351501465, -0.012791983644208069, 0.00303578613810261, 0.10416371717111916, 0.029144372153265704, 3.073570823991066, 1.3785495153695915, 3.1430959701538086, 1.271033525466919, 0.06838377538635104, 1732834942.072427, 
-0.09265238046646118, 0.11409252882003784, -0.08595018241732438, 0.004320174289046535, 0.1026785132542121, 0.042074764740220004, 3.083986720887338, 1.3784975669491122, 3.1545534133911133, 1.2717928886413574, 0.06991798009343833, 1732834942.1854692, 
0.1374194622039795, -0.2849692702293396, 0.11866811077500533, 0.0002773782778962758, 0.08719692313979983, 0.003181055797709338, 3.0941957509961977, 1.378477180762067, 3.163837432861328, 1.2725664377212524, 0.07206295542461781, 1732834942.280417, 
0.1492357850074768, -0.20992910861968994, 0.14666984623967863, 0.0009730757168657262, 0.09830357475194147, 0.009898680890508594, 3.102893767695529, 1.3784937164084963, 3.173354387283325, 1.2734185457229614, 0.0741898664402634, 1732834942.3772905, 
0.08273518085479736, -0.29968583583831787, 0.08808895997371183, -0.002491491370018057, 0.09610934264794146, -0.02592350859317236, 3.1125900800032786, 1.3785154823681645, 3.1826987266540527, 1.2741042375564575, 0.07418991123596472, 1732834942.4726276, 
-0.13471335172653198, -0.31477755308151245, -0.11601331023507183, -0.0031567349055991603, 0.10659393927610447, -0.029614581532843458, 3.1222128362861836, 1.3785437301274714, 3.194044589996338, 1.2749906778335571, 0.07604676926564652, 1732834942.5855713, 
0.06865155696868896, -0.06692862510681152, 0.053157148329554815, -0.0008968663630414984, 0.1002452564028953, -0.008946721223764508, 3.1329149729901773, 1.3785473212622827, 3.203357219696045, 1.2757014036178589, 0.07604681406720529, 1732834942.6804323, 
0.10222405195236206, 0.22468328475952148, 0.09810221946259737, 0.0039910005264253015, 0.10013573053491429, 0.03985590862627962, 3.142891968562916, 1.3785231954839783, 3.212747097015381, 1.276484489440918, 0.07711328469311109, 1732834942.7773025, 
0.00498044490814209, -0.01633685827255249, 0.012788540356348438, 0.0001828584024053268, 0.09975599679730406, 0.001833056741209052, 3.1528173949920597, 1.378493995295799, 3.2222185134887695, 1.2770867347717285, 0.07711328469311109, 1732834942.8728814, 
-0.018960893154144287, 0.260997474193573, -0.01629583386401868, 0.0024186935116786764, 0.10168413811012267, 0.02378634029487727, 3.1627922650513143, 1.3785014558257234, 3.233595132827759, 1.2779526710510254, 0.07711328469311109, 1732834942.9855926, 
-0.1587044596672058, 0.2244398593902588, -0.14675157338226552, 0.0022796639211189766, 0.10165843103204476, 0.022424740358233358, 3.1729866776797118, 1.3785127823547327, 3.2430167198181152, 1.2788029909133911, 0.07710205560821075, 1732834943.080514, 
0.02573394775390625, -0.21955358982086182, 0.011261790266282268, -0.0016968960807768581, 0.09237813418505927, -0.018369023099963244, 3.183189445886632, 1.3785479303065868, 3.2476742267608643, 1.2792736291885376, 0.07710203320670961, 1732834943.1284516, 
-0.16278845071792603, -0.024260759353637695, -0.1481733653001339, 0.0006675945607001497, 0.10449348775574309, 0.006388862837660023, 3.1925387138193493, 1.3785981263696219, 3.2622082233428955, 1.2805277109146118, 0.0789259165642521, 1732834943.2729075, 
-0.023375749588012695, -0.14453792572021484, -0.033842605718662655, 0.00014380724866602706, 0.09937021207924296, 0.0014471866936476667, 3.203071419047439, 1.3786374711087819, 3.2733047008514404, 1.2815234661102295, 0.08089649050658033, 1732834943.3853066, 
0.0012175440788269043, -0.12863779067993164, -0.001724767705135119, 0.00014962465777528696, 0.09617893286118784, 0.0015556905584639385, 3.2130096858399395, 1.3786805341200166, 3.28259015083313, 1.2824585437774658, 0.08159968244238149, 1732834943.4813213, 
-0.10929501056671143, -0.28582483530044556, -0.10026548863600301, -0.0018497729155971864, 0.09820577612582403, -0.018835683485940835, 3.222828884463504, 1.3787243459452732, 3.2919516563415527, 1.2833162546157837, 0.08264461775499948, 1732834943.5773673, 
0.0529099702835083, 0.008385658264160156, 0.040065242880785806, 0.0017287890575350374, 0.10358660370329542, 0.016689311124504405, 3.232603509321026, 1.3787681195563857, 3.3017020225524902, 1.2840713262557983, 0.08356991923894154, 1732834943.6737132, 
-0.08428877592086792, 0.1419944167137146, -0.07385475480601572, 0.001533103381931848, 0.1040842417808809, 0.014729447567666884, 3.242926471307728, 1.3787982060589306, 3.312933921813965, 1.2852402925491333, 0.08356991923894154, 1732834943.785193, 
-0.03428316116333008, -0.02675575017929077, -0.037603113366395026, 0.0005922987123225728, 0.09828175124909802, 0.00602653803778256, 3.2533499862930295, 1.3788457187615728, 3.322242021560669, 1.2859225273132324, 0.08395353029641982, 1732834943.8804846, 
0.22876030206680298, 0.04397815465927124, 0.20640980629040717, 0.0004447802203848438, 0.1005158011380965, 0.004424978116363713, 3.2632208369383475, 1.3789045332919387, 3.3318498134613037, 1.286581039428711, 0.08395353029641982, 1732834943.9772952, 
-0.1298016905784607, -0.03974086046218872, -0.10159751010899071, -0.00033670136042288356, 0.10333133551355961, -0.003258463260437586, 3.273126688771444, 1.3789693448991478, 3.3413779735565186, 1.2874972820281982, 0.08339467255588374, 1732834944.0727396, 
0.06664639711380005, -0.06521928310394287, 0.052530415280590353, -0.0013661532086018291, 0.09882854756960226, -0.0138234674312064, 3.2835035981050034, 1.3790410733584697, 3.3527090549468994, 1.2884913682937622, 0.08298669818900702, 1732834944.1865773, 
0.0017734766006469727, -0.08524942398071289, 0.006029001276178801, -0.000862716739886337, 0.09802790191462107, -0.008800726354805936, 3.2933326796825684, 1.37910499325055, 3.3618717193603516, 1.2894456386566162, 0.08298669818900702, 1732834944.280294, 
0.028884708881378174, -0.07835245132446289, 0.026971667131375936, -0.000815205544622623, 0.1058606184910656, -0.007700744207265561, 3.3032373869104568, 1.3791561428110108, 3.3716466426849365, 1.290268898010254, 0.08298669818900702, 1732834944.3772914, 
-0.032201528549194336, -0.16019505262374878, -0.027239234282110857, -0.0009524065502852021, 0.10308148681807582, -0.009239355966664163, 3.313733983233125, 1.3792011477788695, 3.3812451362609863, 1.2910912036895752, 0.08314832487112019, 1732834944.472563, 
0.08491712808609009, -0.13345283269882202, 0.07550294163973928, -0.00015106376261578305, 0.09840996090172048, -0.0015350454489728594, 3.324021873228149, 1.379237303791624, 3.392409324645996, 1.292156457901001, 0.08377658787351532, 1732834944.5865824, 
-0.07245945930480957, 0.09669756889343262, -0.060045111851367516, 0.0008600117184320803, 0.10103662714145635, 0.008511880718543986, 3.333850825031483, 1.3792634671650725, 3.4017863273620605, 1.2929350137710571, 0.08377649822977036, 1732834944.6803384, 
0.2251824140548706, -0.024136006832122803, 0.20124811247179325, 0.0010325423125878668, 0.10017373195178782, 0.010307515677710946, 3.3439506670528933, 1.3792896525781475, 3.4113669395446777, 1.293867588043213, 0.08441565523870165, 1732834944.777334, 
-0.014087855815887451, 0.24050801992416382, 0.003973685292577495, 0.0023908804907787334, 0.1052261649734985, 0.022721349688842915, 3.3538487924290474, 1.3793239714036638, 3.4207818508148193, 1.294675350189209, 0.08441565523870165, 1732834944.8727758, 
-0.009505271911621094, 0.09258377552032471, -0.008377889256099865, 0.001075493770771813, 0.10019131717526751, 0.01073440095502908, 3.3643183793478544, 1.3793720328604457, 3.4319276809692383, 1.295666217803955, 0.08441565523870165, 1732834944.9853349, 
0.0772809386253357, 0.11802196502685547, 0.07009268562144785, 0.0015525935383091008, 0.10036627412169136, 0.01546927543037638, 3.3745844352477987, 1.3794414981903467, 3.4412519931793213, 1.2965672016143799, 0.08461668375270279, 1732834945.0803273, 
-0.010748982429504395, -0.14464056491851807, -0.003971598411426205, -0.0011486692568431175, 0.09666174690960742, -0.011883390209337803, 3.384285596591783, 1.3795179802952124, 3.4508135318756104, 1.2974190711975098, 0.0846167285779122, 1732834945.1773102, 
-0.1560344099998474, -0.07017958164215088, -0.14326760174446906, -0.004033143850481304, 0.10307450188234119, -0.039128434063015013, 3.394027047735302, 1.3796071064445856, 3.460520029067993, 1.2983006238937378, 0.0823817813594734, 1732834945.2721744, 
0.14308929443359375, -0.05198061466217041, 0.11906279217808935, -0.0007931151590802732, 0.09751160145753235, -0.008133546647018056, 3.40439657505522, 1.3796875947225185, 3.471595525741577, 1.299293041229248, 0.08238196809728383, 1732834945.3853667, 
-0.0785474181175232, -0.1605049967765808, -0.06196906252869738, -0.0014982581659755074, 0.10062941301020974, -0.014888869180062651, 3.4140810317895234, 1.3797272691612263, 3.4807965755462646, 1.3000929355621338, 0.08303401228984442, 1732834945.4803426, 
-0.18855005502700806, -0.07734948396682739, -0.17792297122520642, -0.0009494388400074532, 0.09963223653801007, -0.009529434177112332, 3.42419580574552, 1.3797599831544958, 3.4903385639190674, 1.3008739948272705, 0.08297123561135274, 1732834945.577311, 
0.09952634572982788, 0.1110493540763855, 0.07625159705853049, 0.000892256836660611, 0.09648596765474823, 0.009247529545988873, 3.4342798891119717, 1.379778197540073, 3.4999756813049316, 1.301666021347046, 0.08297119079575928, 1732834945.6740642, 
0.16763347387313843, 0.10694611072540283, 0.15996119156852115, 0.0010129885144407299, 0.09990055629176499, 0.01013996870530172, 3.443890258426363, 1.3797878767814142, 3.5110034942626953, 1.3025803565979004, 0.08234821445527217, 1732834945.7853436, 
-0.06732785701751709, 0.1800786256790161, -0.04826139107402591, 0.001773815795942407, 0.10329970319800902, 0.017171547846001896, 3.4537857045112834, 1.3798071411833286, 3.520505905151367, 1.3034257888793945, 0.08234828915102678, 1732834945.8803172, 
0.14820611476898193, -0.04878950119018555, 0.13171890385590787, -0.00155525558029867, 0.10055450467961691, -0.015466791719117592, 3.4641085313781903, 1.3798380272617923, 3.5303151607513428, 1.3043700456619263, 0.08169910822174851, 1732834945.9773233, 
-0.09981358051300049, 0.017616689205169678, -0.0803920864145223, 3.183170578414071e-05, 0.09961199195742992, 0.0003195569645645102, 3.4740740681503417, 1.3798823971530272, 3.5415375232696533, 1.305344820022583, 0.08129019893897839, 1732834946.0891254, 
0.33935844898223877, -0.12824827432632446, 0.3041318661881457, -0.00012028163704255333, 0.09340254497439543, -0.0012877768702718572, 3.483999434228929, 1.3799124663504538, 3.5505857467651367, 1.3061912059783936, 0.08183447188182097, 1732834946.1850548, 
-0.21917295455932617, -0.17068350315093994, -0.17526948728345537, -0.0014923891511706353, 0.10225748081627072, -0.014594425163397665, 3.493179040067088, 1.379940347502145, 3.560206413269043, 1.3070756196975708, 0.08242619005961138, 1732834946.2813501, 
-0.11728590726852417, -0.08503270149230957, -0.12214269518108437, -0.0008941047190589325, 0.09815229482491344, -0.00910936133132556, 3.5035309670449695, 1.3799693712683094, 3.569716453552246, 1.3078218698501587, 0.08242614524205656, 1732834946.3773482, 
-0.08407080173492432, 0.18196141719818115, -0.08726013801762994, 0.0014566085943688099, 0.09424797028042438, 0.015455065929110542, 3.5134113598822077, 1.3799832973849289, 3.579162120819092, 1.308623194694519, 0.08242610042441328, 1732834946.4736223, 
0.11760395765304565, 0.12841874361038208, 0.10042098590605825, 0.0012300812511785001, 0.1001979690149434, 0.012276508828188397, 3.5229546412574786, 1.379989970655359, 3.5901224613189697, 1.3096768856048584, 0.0824260481372664, 1732834946.5857434, 
0.04071873426437378, 0.20979994535446167, 0.04572479751418189, 0.0020881933467030425, 0.10389934120527634, 0.020098234719095574, 3.532919865672682, 1.3800121404467243, 3.5998854637145996, 1.3105237483978271, 0.08242604813538401, 1732834946.6823833, 
0.17064601182937622, 0.07466334104537964, 0.16015618642962964, 0.0018909587402894882, 0.10040077566033809, 0.01883410489463464, 3.54322716696809, 1.3800483847697345, 3.6092288494110107, 1.3114250898361206, 0.08296155105010944, 1732834946.777486, 
0.08870553970336914, -0.14456266164779663, 0.09468976406983076, 0.0005066840131350788, 0.09905273645194233, 0.005115295460624735, 3.5531207060018564, 1.38010285921602, 3.6187028884887695, 1.3123282194137573, 0.08384725238040767, 1732834946.8734765, 
-0.15069782733917236, -0.16833633184432983, -0.13011187991263629, -0.0014222376339843637, 0.09667661234247381, -0.014711289520014752, 3.562927973880396, 1.380174062018179, 3.6297340393066406, 1.31324303150177, 0.08384720008920211, 1732834946.985617, 
-0.0218084454536438, -0.07964229583740234, -0.030884328484667295, -0.0008438011589364448, 0.10276926103751415, -0.008210637601339079, 3.5727735888423267, 1.380249002538209, 3.6346449851989746, 1.3136759996414185, 0.08384717767900414, 1732834947.0333493, 
0.10608559846878052, -0.1275653839111328, 0.09458917354678778, -0.001234116346031623, 0.09809568781562308, -0.012580740025506739, 3.5830115966189195, 1.3803123671531772, 3.648932933807373, 1.3150907754898071, 0.08403426993442835, 1732834947.1773636, 
-0.075175940990448, 0.24037891626358032, -0.06093687623868413, 0.0019432229166001192, 0.09543978513053351, 0.0203607218304438, 3.5927303450192896, 1.3803644622175537, 3.658280611038208, 1.3160532712936401, 0.08537085091136062, 1732834947.2728677, 
0.009121477603912354, 0.10143691301345825, 0.0032496322725387994, -0.00010327337790722922, 0.1004283413972047, -0.0010283290201793943, 3.6023692294483936, 1.3804064562369662, 3.6693756580352783, 1.3170112371444702, 0.08475548321690458, 1732834947.385629, 
-0.1144513487815857, 0.13214141130447388, -0.10457194041196222, -0.00044410184506367363, 0.10253427225054858, -0.004331252714979869, 3.612456779544506, 1.3804691200431523, 3.6791470050811768, 1.3178274631500244, 0.08389886260273514, 1732834947.481476, 
-0.269092857837677, 0.16946440935134888, -0.2552822294048922, 0.0014859102095289376, 0.09647679584862721, 0.015401736722893881, 3.6227371486451956, 1.3805318116793601, 3.688673973083496, 1.3186721801757812, 0.0829120045697129, 1732834947.577415, 
0.1285034418106079, -0.05359429121017456, 0.09630989988125571, -0.0003187359220125853, 0.09346812979384375, -0.0034101027025532585, 3.6325617038973856, 1.380588929189664, 3.6976144313812256, 1.3195172548294067, 0.08291195975172119, 1732834947.6727934, 
0.005354046821594238, 0.19542771577835083, 0.012984580512108254, 7.155975253001173e-05, 0.09887086894442972, 0.0007237698352811264, 3.6418836105344456, 1.3806560638880683, 3.7088232040405273, 1.3204913139343262, 0.08107465709584522, 1732834947.7853897, 
-0.14968562126159668, -0.3273189663887024, -0.13603187934503674, -0.0030001560479979033, 0.10231873971578109, -0.029321667334172366, 3.6518067681744903, 1.3807242339953059, 3.7184317111968994, 1.3214032649993896, 0.08096570246504355, 1732834947.881365, 
0.20893365144729614, -0.24156886339187622, 0.179991279649522, -0.002526548609900928, 0.10160517620364039, -0.024866337565687967, 3.6621184763552392, 1.3807932953025848, 3.727757215499878, 1.32229745388031, 0.08059050102503537, 1732834947.9773443, 
-0.0552026629447937, -0.2785332202911377, -0.03547560743631195, -0.005165849475615151, 0.1030188036308968, -0.05014472400712135, 3.6721520188802157, 1.3808312372949554, 3.737013339996338, 1.3229831457138062, 0.07876350633970783, 1732834948.0734925, 
0.03936171531677246, 0.12231355905532837, 0.033078640189261085, -0.0010027829167828062, 0.09623661985620306, -0.010419972337777098, 3.6824191477831714, 1.3808427230899785, 3.748530626296997, 1.3237769603729248, 0.077088157880031, 1732834948.185523, 
-0.09106665849685669, 0.3499211072921753, -0.08065019013153978, 0.0012570157847223435, 0.09600184280766, 0.013093663079372118, 3.6920218436774594, 1.3808086527795, 3.7580788135528564, 1.3245166540145874, 0.0753214758484403, 1732834948.2814484, 
0.17258423566818237, 0.4055871367454529, 0.15134062883792326, 0.0036830762246061245, 0.10103391822390016, 0.036453859152963855, 3.701723314148273, 1.3807662002320875, 3.767432451248169, 1.325191617012024, 0.07461174566888344, 1732834948.3773541, 
-0.043943583965301514, 0.24878501892089844, -0.02755874688631002, 0.0028339972696843087, 0.10977429903239207, 0.02581658270346191, 3.711784389706249, 1.3807371972347746, 3.7769625186920166, 1.3259449005126953, 0.07461185019459243, 1732834948.473672, 
0.025006234645843506, 0.4310729503631592, 0.020598121846551513, 0.005035877520209564, 0.11187762361195502, 0.04501237475043615, 3.7227897267113743, 1.3807447905210708, 3.7881710529327393, 1.3267720937728882, 0.0729894329983164, 1732834948.5856023, 
0.06584417819976807, -0.11551964282989502, 0.06203379802217813, -0.0021735687381590836, 0.09550539307791633, -0.022758596851026172, 3.733806308769845, 1.3807819793104998, 3.7976062297821045, 1.3276208639144897, 0.07220456921222862, 1732834948.6814828, 
0.016176700592041016, -0.3924505114555359, 0.020028306026851045, -0.0024473554182746263, 0.10596234796371558, -0.0230964627087413, 3.7434007990405145, 1.380852148819818, 3.806932210922241, 1.3284109830856323, 0.07288360729475803, 1732834948.7774014, 
-0.0509834885597229, -0.3274616003036499, -0.04502200437034762, -0.00368601053957664, 0.11045696817449296, -0.03337055688287327, 3.754022381040261, 1.3809055528681544, 3.8166894912719727, 1.329002857208252, 0.0735199901303707, 1732834948.8736005, 
-0.12021547555923462, -0.25779569149017334, -0.11390291966643445, -0.0031035532611821647, 0.10861892404908975, -0.028572859548668793, 3.7650991227968342, 1.38093477254116, 3.8277294635772705, 1.3299540281295776, 0.07352004238968167, 1732834948.985575, 
0.025681674480438232, 0.08719128370285034, 0.013966710366832169, 0.0005984126272172575, 0.09689926432113566, 0.006175615794502289, 3.7759768590720175, 1.3809278922636063, 3.83715558052063, 1.3306190967559814, 0.07352008718401719, 1732834949.0813727, 
0.0778016448020935, -0.04240155220031738, 0.07244672427833407, -0.00032773817507682906, 0.10178742223038564, -0.0032198297971926873, 3.785663400917044, 1.3808967325530523, 3.847123861312866, 1.3311326503753662, 0.07352009464944602, 1732834949.1783729, 
0.11910921335220337, 0.5017462968826294, 0.1151854439617401, 0.004533210127828459, 0.0983896421602734, 0.04607405849127912, 3.795775498956806, 1.3808700584055813, 3.856426477432251, 1.3319075107574463, 0.07299772540498584, 1732834949.2735908, 
-0.12542122602462769, 0.11068600416183472, -0.10523154256264228, -0.00044849082318583467, 0.10506816533455718, -0.004268570044577764, 3.8055652579720385, 1.3808446564777734, 3.8677351474761963, 1.33278489112854, 0.07141391170866161, 1732834949.3854003, 
0.08617937564849854, -0.45976853370666504, 0.07011746068835176, -0.004325312838570203, 0.09793552140502648, -0.0441649033621034, 3.816082307979492, 1.380861013810713, 3.8769001960754395, 1.3336023092269897, 0.07141394903207811, 1732834949.4815083, 
-0.06159532070159912, -0.4445034861564636, -0.050530404611124846, -0.006201641209461449, 0.12022833308854117, -0.05158219406480751, 3.826016705759661, 1.38086890268912, 3.8867523670196533, 1.3343315124511719, 0.07129473505318352, 1732834949.578705, 
-0.15118592977523804, -0.19164448976516724, -0.14274301130235534, -0.0027333322519328147, 0.10859302180805552, -0.025170422614854002, 3.838005816569077, 1.3808250186253725, 3.8912858963012695, 1.3344355821609497, 0.07129475744718121, 1732834949.624782, 
-0.09914511442184448, -0.42990541458129883, -0.10279216566030117, -0.004934456962110752, 0.1111593484163084, -0.04439084100808573, 3.849010086742258, 1.3807302005871558, 3.907388687133789, 1.3358137607574463, 0.07129476491155166, 1732834949.7850611, 
-0.10074985027313232, -0.5342227220535278, -0.10090957483905465, -0.0067404974967615475, 0.11733588756117451, -0.057446171302427025, 3.8602837442896285, 1.3806027740370026, 3.9165141582489014, 1.3364770412445068, 0.07129476491155166, 1732834949.8814948, 
0.03277701139450073, -0.021979153156280518, 0.021553090759411142, -0.0007294153539427238, 0.10137193787566078, -0.007195436619130226, 3.8719554850352695, 1.3804181460967038, 3.9262115955352783, 1.3371299505233765, 0.07129476491155166, 1732834949.9784172, 
-0.0485997200012207, 0.44455015659332275, -0.042716660750458824, 0.003912953510468416, 0.09711341279124212, 0.04029261662217368, 3.882048920160443, 1.3802050574778453, 3.937150478363037, 1.3378089666366577, 0.07129476491155166, 1732834950.0897105, 
0.055209994316101074, 0.3032810688018799, 0.04700398347571348, 0.0033211059516154826, 0.11050080454130864, 0.03005503865244664, 3.8919405860082996, 1.3799929103787072, 3.9469151496887207, 1.3384829759597778, 0.07046573768820248, 1732834950.1859121, 
-0.24095118045806885, 0.3735601305961609, -0.2167888215202649, 0.0027735727278805, 0.10886261303486212, 0.02547773427955741, 3.9029464035021544, 1.379800377950233, 3.956176996231079, 1.339255452156067, 0.0696963508945922, 1732834950.2813978, 
-0.04075688123703003, -0.092049241065979, -0.05552142394775911, -0.0023893176552176125, 0.10003873761558248, -0.023883924489321442, 3.9139208408176995, 1.3796404828676856, 3.965972900390625, 1.3400986194610596, 0.06877982538219218, 1732834950.3783584, 
-0.135248601436615, 0.13963532447814941, -0.1285544455946362, 0.0005621437111507789, 0.0987222092090807, 0.005694197036861606, 3.9239514896116363, 1.3795160382821583, 3.9771716594696045, 1.340941309928894, 0.06843784583926017, 1732834950.4889195, 
0.23996716737747192, -0.39835333824157715, 0.2090429037340542, -0.0007230342125473903, 0.09178364316044223, -0.007877593301493728, 3.9338399586888406, 1.3793720792366275, 3.9861464500427246, 1.3417813777923584, 0.07099631353743907, 1732834950.5853868, 
-0.059034883975982666, -0.3835163116455078, -0.03654340977372442, -0.0014418453536320058, 0.10259570631151327, -0.014053661751244284, 3.942944033042635, 1.379243654284521, 3.9957165718078613, 1.342443823814392, 0.07380963419268237, 1732834950.6813633, 
-0.01858830451965332, -0.33751076459884644, -0.020090793661537893, -0.0020166333453482247, 0.10515902121966036, -0.019176988545146312, 3.9532577068442882, 1.3790894740987611, 4.00545072555542, 1.3432412147521973, 0.07538843250529483, 1732834950.7773962, 
-0.050663650035858154, -0.21642208099365234, -0.048096402866301693, 0.0010812931897637597, 0.10512440959108542, 0.01028584316401672, 3.9637941450183125, 1.3789169605937592, 4.015036106109619, 1.3439677953720093, 0.07762315489781679, 1732834950.872799, 
-0.041571974754333496, 0.3407096266746521, -0.04211939544666648, 0.004643852962011671, 0.10051728385979693, 0.04619954682111178, 3.9743276374148104, 1.3787271580737044, 4.025938987731934, 1.3449772596359253, 0.07853412354622193, 1732834950.9854264, 
-0.09131067991256714, 0.1618025302886963, -0.08717364074661525, 0.005066358248435237, 0.10852723627967086, 0.046682827482857944, 3.9844617189673897, 1.378557999939805, 4.035505771636963, 1.345674753189087, 0.08098245636009724, 1732834951.0814009, 
-0.1880495548248291, 0.0066419243812561035, -0.17958426858189175, 0.000451591811140936, 0.09866296292271963, 0.00457711584735862, 3.9953508407485163, 1.3784260793597511, 4.045032978057861, 1.3466506004333496, 0.081387973558954, 1732834951.1773622, 
-0.027123093605041504, -0.06697607040405273, -0.039907767023921736, -0.0005367543061198141, 0.09553985518088304, -0.005618119318933357, 4.005450217580757, 1.3783473926427432, 4.0543599128723145, 1.3475288152694702, 0.08356040945129203, 1732834951.2727642, 
0.03541743755340576, 0.03245735168457031, 0.029101294294324134, 0.0016385441359126724, 0.09956097900298573, 0.016457694091814166, 4.01494678011574, 1.378277197161165, 4.06519889831543, 1.3484388589859009, 0.08572090998484025, 1732834951.3848548, 
0.10205399990081787, -0.08945786952972412, 0.09592854081255234, 0.001612162902552198, 0.09845309244554157, 0.016374934118437684, 4.0248645068528255, 1.3782001746788453, 4.074762344360352, 1.3493019342422485, 0.0869146815060344, 1732834951.4813826, 
-0.043002545833587646, -0.2445441484451294, -0.03134991814507804, 0.0012662017497319959, 0.09779185748305788, 0.01294792615991941, 4.034625002594197, 1.3781404204856487, 4.084430694580078, 1.3502204418182373, 0.0902866218347894, 1732834951.5773685, 
0.08971655368804932, -0.20518600940704346, 0.0795566232940983, 0.000473777780294066, 0.09559309045622807, 0.0049561927335219705, 4.0444036855341565, 1.3780962180503193, 4.094076156616211, 1.3511613607406616, 0.09226399979335882, 1732834951.674682, 
-0.14188158512115479, -0.10148584842681885, -0.12330039005237059, -0.0008323593932374374, 0.09907635785492078, -0.00840119087195631, 4.053937679072111, 1.3780647312421714, 4.105146884918213, 1.3523213863372803, 0.09412060422679314, 1732834951.785428, 
-0.0213167667388916, -0.10807144641876221, -0.02986667460443848, -0.0010378282107058679, 0.09959789916193068, -0.010420181745184411, 4.063977165481342, 1.3780354224318685, 4.1145172119140625, 1.3532843589782715, 0.09469346562350527, 1732834951.8814075, 
-0.09242427349090576, -0.19884949922561646, -0.08716818322604797, -0.0011016975046244013, 0.10496424241747727, -0.010495931559650461, 4.073991883031333, 1.3779975958225792, 4.1243815422058105, 1.3543075323104858, 0.09662372895969232, 1732834951.9773862, 
0.04031437635421753, -0.11451643705368042, 0.029617173356403043, 0.002055473368131719, 0.09888371807524551, 0.02078677266734254, 4.084500936266832, 1.3779472367853736, 4.133893966674805, 1.3553040027618408, 0.09852419731438404, 1732834952.0729063, 
0.11493176221847534, 0.13964617252349854, 0.10777187148233569, 0.005214351990195203, 0.10212842128274095, 0.051056815768838235, 4.09438481678643, 1.3778923009741693, 4.1447272300720215, 1.3564451932907104, 0.10203111393629452, 1732834952.18544, 
-0.16301411390304565, 0.28911274671554565, -0.14028754885575595, 0.004989081154517343, 0.11382576163644, 0.043830861158236666, 4.104626346711615, 1.3778591504621793, 4.154301643371582, 1.3574703931808472, 0.102710360166769, 1732834952.2814019, 
0.06101566553115845, 0.22206568717956543, 0.04412612105299693, 0.00446283919616258, 0.10679739708365704, 0.04178790230876814, 4.116072658767403, 1.3778798381880235, 4.163715362548828, 1.3585022687911987, 0.10351713872435975, 1732834952.3773794, 
-0.14111745357513428, 0.11865800619125366, -0.12557819687130295, 0.0028592833637947853, 0.10069698454513354, 0.02839492539633321, 4.126660527522546, 1.377945182788121, 4.173205375671387, 1.3595294952392578, 0.10485846481996863, 1732834952.474667, 
0.19603180885314941, -0.06778925657272339, 0.16904738481226506, 0.0028204571231878438, 0.0979308451984138, 0.02880049812164316, 4.136790985558681, 1.3780488519861833, 4.1840057373046875, 1.3607535362243652, 0.10658413984917481, 1732834952.5856094, 
0.025769710540771484, 0.020875632762908936, 0.03778396339856924, 0.00042543829420475435, 0.10014720292422206, 0.004248129571094151, 4.1464680955274105, 1.378175227318392, 4.193579196929932, 1.3618913888931274, 0.10740019103831952, 1732834952.6824172, 
-0.1988617181777954, -0.3700692057609558, -0.17900443180886844, -0.0019788772690230334, 0.09916663640525135, -0.01995507098714344, 4.156459036887988, 1.3783322574915873, 4.2028937339782715, 1.3630006313323975, 0.10901807729242177, 1732834952.7774649, 
0.055512845516204834, -0.4291149973869324, 0.035848134986240315, -0.0016927554804353371, 0.10576636511867894, -0.01600466725443311, 4.166567861913026, 1.378493439757957, 4.213751316070557, 1.3643051385879517, 0.11151387683163601, 1732834952.88939, 
-0.055096209049224854, -0.3231661319732666, -0.04746701810278045, -0.002439583481021569, 0.10458380435678777, -0.02332658958072444, 4.177111413919256, 1.3786408202261902, 4.223213195800781, 1.3654043674468994, 0.11308346140513419, 1732834952.9854112, 
0.2112112045288086, 0.30665361881256104, 0.18949565015891612, 0.002486375722802082, 0.09168670265114431, 0.02711817145679685, 4.1875023809849035, 1.37876922071484, 4.2328200340271, 1.3664153814315796, 0.11308350632214813, 1732834953.0813985, 
-0.15967243909835815, 0.3690548539161682, -0.1303688866754656, 0.003618348186086311, 0.10971825603074181, 0.03297854265084646, 4.196675112906769, 1.3788650025279765, 4.242369651794434, 1.367309331893921, 0.11308355123908737, 1732834953.1774297, 
-0.027606606483459473, 0.3184559941291809, -0.036222725641592415, 0.0037281163606632545, 0.10837210942203804, 0.03440106850873129, 4.20774258448095, 1.3790110647807248, 4.251841068267822, 1.3683557510375977, 0.11308359615581999, 1732834953.2727745, 
0.09884750843048096, 0.27814918756484985, 0.08751487910684219, 0.0032985383304761076, 0.10931520204279119, 0.030174561898398195, 4.218623490674805, 1.3791906480549398, 4.2626752853393555, 1.3696346282958984, 0.11308369347686388, 1732834953.385431, 
0.0755225419998169, -0.07643479108810425, 0.07651511628874261, -0.0004950607412187395, 0.09842542860064053, -0.005029805287690845, 4.22935591249407, 1.3794041284587837, 4.272273540496826, 1.3708157539367676, 0.11308382074258586, 1732834953.4814258, 
-0.04222607612609863, 0.2897506356239319, -0.03226569358164805, 0.00251998406976216, 0.09891851311510139, 0.02547535330246939, 4.2391290392520276, 1.3796253668310248, 4.281773090362549, 1.372041940689087, 0.1127040269231552, 1732834953.5774016, 
0.1491221785545349, -0.32700371742248535, 0.1338963620317132, -0.0023822504082017626, 0.09187481683781402, -0.025929307836413243, 4.2489758659651695, 1.3798453641621038, 4.291121959686279, 1.3732551336288452, 0.11277440090663772, 1732834953.6729257, 
0.061534225940704346, -0.24393367767333984, 0.06760603208443727, -0.0023312853008467236, 0.10358199143554252, -0.02250666615439081, 4.258193771622547, 1.380070931241689, 4.302162170410156, 1.3745836019515991, 0.11277448325291634, 1732834953.7854373, 
-0.03657490015029907, -0.599980890750885, -0.027828313141918914, -0.008690609635508266, 0.11473960095759386, -0.07574202422684208, 4.268546434736668, 1.380297132027229, 4.311707019805908, 1.3756595849990845, 0.11087665891726439, 1732834953.8814292, 
-0.025761663913726807, 0.09476357698440552, -0.025949926224154693, -0.0006895733087754562, 0.09106261277593644, -0.007572518377791132, 4.279829984677526, 1.380514019334127, 4.321042537689209, 1.376680850982666, 0.10927145876317154, 1732834953.9774008, 
0.010516881942749023, 0.3747643828392029, 0.0074533463131822575, -0.0014774224679899761, 0.08418327014780488, -0.017550072186504395, 4.288884707649633, 1.3806244755294688, 4.329684734344482, 1.3776339292526245, 0.10586825673672295, 1732834954.0728939, 
0.08366584777832031, 0.23348480463027954, 0.07727017132541812, 0.0014070893101223027, 0.08565845387148163, 0.01642674186290405, 4.2973219466422075, 1.3807205848145476, 4.339667320251465, 1.3787091970443726, 0.10391652350680489, 1732834954.185631, 
-0.1929897665977478, 0.15808755159378052, -0.170311122749644, -0.0021168999281732494, 0.08897058897652733, -0.02379325519281142, 4.30585877545768, 1.380804928718452, 4.347960472106934, 1.3796494007110596, 0.10017861126220413, 1732834954.281576, 
-0.07364088296890259, -0.05587565898895264, -0.08175144746455812, -0.001714461248166399, 0.07554182726802543, -0.022695522602113154, 4.314783924085022, 1.3809047991457064, 4.355494022369385, 1.3804365396499634, 0.09837710638887362, 1732834954.3774147, 
-0.10858410596847534, 0.12028014659881592, -0.10633196657284072, -0.0001039498685122411, 0.06759571207669923, -0.0015378174934275665, 4.322376908985354, 1.380971896313854, 4.362093448638916, 1.3810089826583862, 0.09657805911682545, 1732834954.4729385, 
-0.14412951469421387, 0.05207258462905884, -0.14095641386770483, -0.0023631583824711916, 0.05831486625903433, -0.040524115617003295, 4.329113423936389, 1.38101702931893, 4.3691606521606445, 1.381697177886963, 0.09347551294405793, 1732834954.5856874, 
-0.10253250598907471, 0.005790591239929199, -0.10575275527510322, -0.00015677720199061497, 0.050579036754325575, -0.0030996478393236146, 4.334999849767961, 1.3810538617959338, 4.371608734130859, 1.381941795349121, 0.09347551294405793, 1732834954.6335862, 
-0.018635869026184082, 0.023054897785186768, -0.025940080362423318, 4.037049655660184e-05, 0.05007454371147191, 0.0008062079764364002, 4.340143853023075, 1.381066839006086, 4.376292705535889, 1.382441759109497, 0.09347551294405793, 1732834954.7291765, 
0.09302574396133423, -0.06005209684371948, 0.08304879865621963, -0.0009215507229803963, 0.057837143842679316, -0.015933544807936444, 4.345243926107553, 1.3810781991170755, 4.381809234619141, 1.3829751014709473, 0.09280865242919838, 1732834954.825426, 
-0.16362297534942627, 0.027783095836639404, -0.14293437058642838, -0.0009379052191565531, 0.047077963061561166, -0.01992238317384522, 4.350869150917942, 1.381090374512907, 4.3900651931762695, 1.3837052583694458, 0.09048449534307075, 1732834954.9856508, 
-0.13008713722229004, -0.02122628688812256, -0.1311654796625407, -8.462183738799822e-05, 0.03261674342741077, -0.0025944293787736918, 4.355570122186249, 1.3810929755704118, 4.393469333648682, 1.3840339183807373, 0.08990873937602566, 1732834955.0816693, 
0.08530128002166748, -0.09440195560455322, 0.06715075211998778, -0.0009752020493977271, 0.0429165161033767, -0.022723234268333295, 4.359031887908946, 1.3810884708680329, 4.397301197052002, 1.3843978643417358, 0.0888547249626715, 1732834955.1785846, 
-0.02967435121536255, -0.017473161220550537, -0.021552256566452974, -0.0006264656830829663, 0.04397843127441412, -0.014244839229802927, 4.3632881388746005, 1.381081105745864, 4.4016828536987305, 1.384780764579773, 0.08722041159925903, 1732834955.274986, 
-0.02238541841506958, -0.005490899085998535, -0.02231248420017423, -0.0005557595134359874, 0.0460777120292707, -0.012061352201753056, 4.367720355469301, 1.381063672597303, 4.4045915603637695, 1.3851134777069092, 0.08648487313245977, 1732834955.3380637, 
-0.08255022764205933, -0.01094895601272583, -0.07749185109283112, -0.0008283951323792836, 0.047919630452346554, -0.017287176978609573, 4.372362798865611, 1.3810388689332116, 4.411613941192627, 1.3856438398361206, 0.08500955995399083, 1732834955.481575, 
0.02751767635345459, -0.04084515571594238, 0.018707487188774283, -0.00014294732413386283, 0.044113496372450836, -0.003240444215234192, 4.377196413263793, 1.3810070646692685, 4.415966987609863, 1.3860797882080078, 0.08435840702286922, 1732834955.5784085, 
0.031135737895965576, 0.013454854488372803, 0.03008526588184271, 9.58908967706134e-06, 0.03550537416158768, 0.00027007431701523994, 4.3815085043226745, 1.3809717190037039, 4.419323444366455, 1.3862746953964233, 0.0827466945974778, 1732834955.673386, 
-0.03807950019836426, -0.020537972450256348, -0.03235545308912512, -2.7799870419401143e-05, 0.043123682595400906, -0.0006446543696239423, 4.385109472011457, 1.380941151374805, 4.423662185668945, 1.3865957260131836, 0.0827466945974778, 1732834955.785443, 
-0.12738502025604248, -0.034910500049591064, -0.11940874772780252, -5.88192099448998e-05, 0.04109601437537527, -0.0014312631246339125, 4.389428818636794, 1.3809045645312674, 4.427667617797852, 1.38707435131073, 0.08229771335527816, 1732834955.8814254, 
0.008305370807647705, -0.03859347105026245, -0.0024090433754822144, -5.486438353110897e-05, 0.03492436542295559, -0.0015709486161499993, 4.393581671445785, 1.3808690934201067, 4.431199550628662, 1.3873182535171509, 0.08229770588600814, 1732834955.9784615, 
0.0244828462600708, -0.05370205640792847, 0.022223235050120936, -5.7086317196943775e-05, 0.030889398849316446, -0.001848087671612523, 4.3970381979002156, 1.3808390696877355, 4.43463659286499, 1.3876047134399414, 0.08229770588600814, 1732834956.0889432, 
-0.057853758335113525, 0.12331348657608032, -0.05113542530501144, 0.00010000743406285258, 0.03002027727568344, 0.003331329459233844, 4.400101169861947, 1.380811989761545, 4.437485694885254, 1.387853980064392, 0.08229770588600814, 1732834956.1864762, 
-0.007869124412536621, -0.09801405668258667, -0.011496990616351392, -7.126890596555545e-05, 0.029525113592652027, -0.0024138401954630338, 4.403150503874476, 1.3807845845073725, 4.440340995788574, 1.3880234956741333, 0.08229770588600814, 1732834956.2814183, 
0.07653659582138062, -0.15259915590286255, 0.06915056886944668, -0.00013655091256629178, 0.031562418320195545, -0.00432637674277697, 4.406123409513172, 1.380758711093797, 4.4432196617126465, 1.3881547451019287, 0.08229770588600814, 1732834956.3774602, 
-0.009861290454864502, -0.044911086559295654, -0.00323616269622419, -4.98671750882636e-05, 0.03002697099098329, -0.0016607461040022342, 4.409211485569968, 1.3807310474720729, 4.44609260559082, 1.3884660005569458, 0.08158717090923878, 1732834956.473585, 
0.0030342936515808105, 0.06215202808380127, 0.002507838613318823, 4.614152986148695e-05, 0.02941779745923031, 0.0015684902965775673, 4.412207757807116, 1.3807029839451457, 4.449348449707031, 1.3887758255004883, 0.08158711862465036, 1732834956.5866063, 
0.0804891586303711, 0.1370280385017395, 0.07394368196284065, 0.0001088319425354115, 0.028482777890830265, 0.0038209736056134054, 4.415127338168141, 1.3806752379541831, 4.452126502990723, 1.3889609575271606, 0.08094668240894143, 1732834956.6814656, 
-0.08697777986526489, 0.009363830089569092, -0.0734740143261352, -0.0003441250867581068, 0.033492939594722555, -0.010274556098155392, 4.417963681604103, 1.3806487467047566, 4.4552507400512695, 1.389164924621582, 0.08037756039098749, 1732834956.7774212, 
-0.038590967655181885, -0.09105449914932251, -0.04151614399644484, -0.0001079291319747916, 0.02954467736998419, -0.003653082097435317, 4.421341558256651, 1.3806181099401489, 4.458057880401611, 1.389445424079895, 0.08037760520255265, 1732834956.8729265, 
0.10259777307510376, -0.0015786290168762207, 0.09050572210823399, -1.0236655805342412e-05, 0.02936278380419011, -0.00034862688339113226, 4.424324046061448, 1.380588169270494, 4.461251258850098, 1.3897862434387207, 0.08037765748315072, 1732834956.9854636, 
0.07928943634033203, 0.011654794216156006, 0.08022581033024051, 8.935161252424089e-06, 0.031411374824094715, 0.0002844562297085512, 4.427196580935522, 1.3805583592962718, 4.464200496673584, 1.3900377750396729, 0.08037770229536775, 1732834957.0813465, 
-0.7937864065170288, 0.09296995401382446, -0.7204475517941571, 5.5865410541081566e-05, 0.020712568269603736, 0.0026971744794712683, 4.430227858453043, 1.3805268207001837, 4.46663236618042, 1.3902288675308228, 0.08037774710607544, 1732834957.1774368, 
-0.023397624492645264, 0.09223586320877075, -0.08186867668221254, -1.959819189702057e-05, -0.009909738539616124, 0.0019776699272814266, 4.432629685319464, 1.380501945171001, 4.466190814971924, 1.3901680707931519, 0.08112714749368587, 1732834957.2750998, 
0.024971604347229004, 0.03661966323852539, 0.01601815777237832, -8.962703354986678e-08, 0.0005395137679111948, -0.00016612557247032032, 4.431801955716941, 1.380510296992935, 4.466159820556641, 1.390175461769104, 0.08112718483835105, 1732834957.384962, 
-0.0053855180740356445, -0.029148340225219727, -0.003590601430449307, -4.831083172550106e-09, 0.00017042156061053242, -2.8347840233611466e-05, 4.431839447645177, 1.3805099255272864, 4.46619987487793, 1.3901785612106323, 0.08112718483835105, 1732834957.4814613, 
0.07050979137420654, -0.024022579193115234, 0.06429101912880161, -2.0146603539250723e-10, 3.286903078485612e-05, -6.129357348903925e-06, 4.431853230306511, 1.3805097886747069, 4.46619987487793, 1.3901785612106323, 0.08112718483835105, 1732834957.5774596, 
0.029176533222198486, -0.008642375469207764, 0.03211933284247116, -4.02035898783632e-10, 0.0005190207172239038, -7.746047227825688e-07, 4.431804643171956, 1.380510271259994, 4.46619987487793, 1.3901785612106323, 0.08112718483835105, 1732834957.6740694, 
-0.026449203491210938, -0.010521769523620605, -0.02153624792006751, -1.3937586121449994e-09, 0.0002750261886867076, -5.067730527046938e-06, 4.4318290623012, 1.3805100286993781, 4.46619987487793, 1.3901785612106323, 0.08112718483835105, 1732834957.785713, 
-0.038390934467315674, -0.0057936906814575195, -0.03697517673926129, 3.1801790658519014e-10, -0.0001687113510998933, -1.8849822760111324e-06, 4.431873495352505, 1.3805095873342788, 4.46619987487793, 1.3901785612106323, 0.08112718483835105, 1732834957.881462, 
0.043433427810668945, -0.006917059421539307, 0.03668761672087277, -2.473715936873502e-10, -0.00027157888755648726, 9.108645959671588e-07, 4.431883771442792, 1.3805094852550612, 4.46619987487793, 1.3901785612106323, 0.08112718483835105, 1732834957.9774482, 
-0.028040826320648193, -0.023075401782989502, -0.02261068210661598, 1.4137877286690759e-09, 0.00024303071929131443, 5.817321089250476e-06, 4.431832277916042, 1.380509996786691, 4.46619987487793, 1.3901785612106323, 0.08112718483835105, 1732834958.0742102, 
0.016187310218811035, -0.009809494018554688, 0.01293249049771205, 2.4463125626010484e-10, -0.00014426135509332792, -1.6957504392069795e-06, 4.431871038532978, 1.3805096117472342, 4.46619987487793, 1.3901785612106323, 0.08112718483835105, 1732834958.1850622, 
-0.012617349624633789, 0.00033360719680786133, -0.010473815787401666, -1.4837180829731668e-11, 7.960048296496206e-05, -1.8639561315554563e-07, 4.431848691873686, 1.3805098337226822, 4.46619987487793, 1.3901785612106323, 0.08112718483835105, 1732834958.281538, 
-0.01500016450881958, 0.0207480788230896, -0.014619660295270738, -1.260051016669402e-10, -8.415399792514248e-05, 1.497315692345663e-06, 4.431865074346795, 1.3805096709888516, 4.46619987487793, 1.3901785612106323, 0.08112718483835105, 1732834958.3774567, 
-0.02301722764968872, -0.005337238311767578, -0.022311455622891718, -7.257302774643596e-11, -0.00013511706441915678, 5.371122297425122e-07, 4.431870170111481, 1.3805096203705056, 4.46619987487793, 1.3901785612106323, 0.08112718483835105, 1732834958.4744284, 
4.4286251068115234e-05, -0.019216060638427734, -0.001830391525743054, -4.454334443734458e-10, -0.0001837899774829988, 2.4236002989589023e-06, 4.431875033420385, 1.380509572061686, 4.46619987487793, 1.3901785612106323, 0.08112718483835105, 1732834958.585499, 
0.01934152841567993, -0.013041496276855469, 0.017564907435039752, -4.08981517847329e-11, -1.7047024230999112e-05, 2.3991373057569643e-06, 4.431858337538974, 1.380509737905336, 4.46619987487793, 1.3901785612106323, 0.08112718483835105, 1732834958.6824691, 
-0.018159449100494385, -0.00876528024673462, -0.015162401646255208, 4.147935824319545e-11, 0.00012264069652815767, 3.3821854749228373e-07, 4.431844368012399, 1.3805098766643638, 4.46619987487793, 1.3901785612106323, 0.08112718483835105, 1732834958.7774599, 
-0.026855945587158203, -0.0027400851249694824, -0.025873658912075336, 3.4742685739182134e-11, -0.00012432010941592405, -2.7946151191797436e-07, 4.431869038331098, 1.3805096316201342, 4.46619987487793, 1.3901785612106323, 0.08112718483835105, 1732834958.8730745, 
0.026773273944854736, 0.004712224006652832, 0.022356626205040097, 1.0823350173479999e-10, -0.00019323471418878236, -5.601141709406329e-07, 4.431875928458468, 1.3805095631824025, 4.46619987487793, 1.3901785612106323, 0.08112718483835105, 1732834958.9856331, 
0.01394045352935791, -0.0281679630279541, 0.014645451571829414, 8.209155229267232e-10, 0.00016620269794603783, 4.939243063269981e-06, 4.431839916600368, 1.380509920878927, 4.46619987487793, 1.3901785612106323, 0.08112718483835105, 1732834959.0824864, 
0.004303634166717529, -0.006094694137573242, 0.0051705197223822705, -6.661394689420606e-11, 0.00012973924533289053, -5.1344484641702e-07, 4.43184354682436, 1.3805098848207424, 4.46619987487793, 1.3901785612106323, 0.08112718483835105, 1732834959.1774595, 
-0.020941197872161865, -0.014663755893707275, -0.018750185614830644, -6.669870571832018e-11, 3.734743795804371e-05, -1.7858977580537068e-06, 4.431852805865404, 1.3805097928571484, 4.46619987487793, 1.3901785612106323, 0.08112718483835105, 1732834959.273143, 
0.007985115051269531, 0.012497544288635254, 0.0057425367691768155, -3.791202954925476e-11, -0.00013651737585272596, 2.7770845515045653e-07, 4.431870161605301, 1.3805096204735225, 4.46619987487793, 1.3901785612106323, 0.08112718483835105, 1732834959.385474, 
0.013034462928771973, -0.013135194778442383, 0.012422201850565969, 6.903051485486518e-11, 4.143479819720313e-05, 1.6660034043444376e-06, 4.431852368940271, 1.3805097971996507, 4.46619987487793, 1.3901785612106323, 0.08112718483835105, 1732834959.4814625, 
0.005266249179840088, 0.019157826900482178, 0.005865977528452733, 8.952359961791446e-11, 0.00010325720823888256, 8.669961269028715e-07, 4.431846178113351, 1.3805098586900038, 4.4662089347839355, 1.390189290046692, 0.08112718483835105, 1732834959.5784633, 
0.008096635341644287, -0.004791080951690674, 0.007908980340216197, -2.2524566616995453e-11, 5.920682934359501e-05, -3.8043865659953906e-07, 4.431850572862318, 1.3805098150399735, 4.4662089347839355, 1.390189290046692, 0.08112718483835105, 1732834959.673173, 
0.011082768440246582, 0.007007598876953125, 0.010815855275432273, 2.5540072685605907e-11, 7.33587798817702e-05, 3.4815290994163146e-07, 4.431849158239108, 1.3805098290904336, 4.4662089347839355, 1.390189290046692, 0.08112718483835105, 1732834959.7855146, 
0.016584336757659912, 0.018877029418945312, 0.016099464946102957, 1.3060815232026197e-10, 0.00010063807836732858, 1.2978005387140119e-06, 4.431846430411025, 1.3805098561839915, 4.4662089347839355, 1.390189290046692, 0.08112718483835105, 1732834959.8814907, 
0.00027883052825927734, 0.01793009042739868, 0.0016054727492427496, 2.345033687939557e-10, 0.00013309447126543645, 1.7619317058352845e-06, 4.431843188758841, 1.3805098883809184, 4.4662089347839355, 1.390189290046692, 0.08112718483835105, 1732834959.9774742, 
-0.03524738550186157, -0.015190422534942627, -0.03215468974325316, -1.1453272790224937e-12, 6.720485811500718e-07, -1.7042328652230818e-06, 4.431856429090014, 1.3805097568764269, 4.4662089347839355, 1.390189290046692, 0.08112718483835105, 1732834960.073346, 
0.01577603816986084, -0.006103396415710449, 0.011755526267603712, 3.500634810186435e-11, -0.00023849998055612987, -1.4677715285442451e-07, 4.431880349773176, 1.380509519296759, 4.4662089347839355, 1.390189290046692, 0.08112718483835105, 1732834960.1856627, 
0.005363523960113525, 0.003201603889465332, 0.0058993661974888825, -5.297844989856343e-11, 7.442675071873733e-05, -7.118200027134306e-07, 4.431849059635199, 1.380509830074145, 4.4662089347839355, 1.390189290046692, 0.08112718483835105, 1732834960.281569, 
-0.0373307466506958, 0.0033929944038391113, -0.03370307851343396, 4.741803011552484e-12, 2.7632704044060663e-05, 1.716011217719274e-07, 4.431853736236899, 1.380509783625481, 4.4662089347839355, 1.390189290046692, 0.08112718483835105, 1732834960.3775105, 
0.03654676675796509, 0.021413862705230713, 0.030653202332504542, -1.307193159807025e-10, -0.00023490970618816756, 5.564662188798347e-07, 4.431880010484372, 1.3805095226643809, 4.4662089347839355, 1.390189290046692, 0.08112718483835105, 1732834960.4732916, 
0.018740534782409668, 0.016285955905914307, 0.019738474536179315, -7.932464752238558e-10, 0.00022939630301791435, -3.4579741032788504e-06, 4.431833623558938, 1.3805099833879588, 4.4662089347839355, 1.390189290046692, 0.08112718483835105, 1732834960.5858254, 
-0.013580560684204102, -0.012061357498168945, -0.010785681674100142, -4.6090379212373583e-10, 0.0001631615093960299, -2.8248316274460176e-06, 4.431840251471884, 1.3805099175584667, 4.4662089347839355, 1.390189290046692, 0.08112718483835105, 1732834960.6815894, 
0.0005745887756347656, 0.004470169544219971, -0.0003782252248786377, -3.0086525472487576e-11, -6.97915872967679e-05, 4.3109100448673856e-07, 4.431863651349235, 1.3805096851392868, 4.4662089347839355, 1.390189290046692, 0.08112718483835105, 1732834960.779171, 
-0.007119894027709961, 0.013668835163116455, -0.006554028175527613, 1.1204403876538445e-11, -1.3374638181749292e-05, -8.377351016364468e-07, 4.431858027855748, 1.380509740996141, 4.4662089347839355, 1.390189290046692, 0.08112718483835105, 1732834960.8732424, 
-0.019978880882263184, -0.020322561264038086, -0.018851761969488408, -1.1578689804105957e-11, -6.479622353577842e-05, 1.7869389869168178e-07, 4.431863170989299, 1.3805096899107923, 4.4662089347839355, 1.390189290046692, 0.08112718483835105, 1732834960.9856255, 
-0.006840944290161133, 0.00795072317123413, -0.007847693222223014, 7.104886819727994e-11, -0.00015548599730483346, -4.569470526531542e-07, 4.431872227234678, 1.3805095999569936, 4.4662089347839355, 1.390189290046692, 0.08112718483835105, 1732834961.0815432, 
0.009634613990783691, 0.009436488151550293, 0.008168016692845895, 9.330018594647431e-11, -6.748864220065701e-05, -1.3824575944063967e-06, 4.431863429224472, 1.3805096873457905, 4.4662089347839355, 1.390189290046692, 0.08112718483835105, 1732834961.1785905, 
