imu_ax, imu_ay, kf_ax, kf_ay, kf_vx, kf_w, kf_x, kf_y, odom_x, odom_y, stamp, 
0.021904767572757177, -0.027672384583490698, 0.021884899023657804, -9.405493922990445e-13, -5.976302029380064e-06, 1.5737982914437977e-07, -2.017852492449325, -0.49999999999027267, -2.000000293274225, -0.4999999999352662, 180000000, 
-0.03562131209436974, 0.011038399211333615, -0.03556392082737196, -5.931104787583307e-14, 5.024748409197637e-06, -1.1803784596909599e-08, -2.0178071967889117, -0.49999999999040007, -2.0000005200648037, -0.4999999998412375, 215000000, 
0.008377930390803276, -0.03198571479634148, 0.008334076529147291, -2.383451932152794e-12, 1.3726751872833887e-05, -1.7363553695975206e-07, -2.0178064247774046, -0.4999999999901183, -2.0000002557414316, -0.500000001708157, 260000000, 
-0.01872991770092334, 0.03697803159101617, -0.018702907780566637, 1.6112536993162526e-11, 3.235746474502968e-05, 4.979542470377726e-07, -2.0178051336190888, -0.4999999999896687, -1.9999994909188448, -0.5000000058781425, 326000000, 
-0.007191230580198581, -0.016919245194945972, -0.007202719104849441, -2.3132171337530805e-11, 4.403472137837878e-05, -5.253166277302437e-07, -2.017801717118431, -0.49999999998853817, -1.9999982308922024, -0.500000012327451, 407000000, 
-0.02444973630054123, 0.0017906549895388732, -0.024432523396618142, 6.787940468809076e-12, 7.298357028012997e-05, 9.300641833162164e-08, -2.0177925939758654, -0.49999999998506695, -1.9999942381401241, -0.5000000314271563, 487000000, 
-0.016560088097303242, -0.004438761926327035, -0.016567943841614963, -2.4382844491639348e-11, 0.0001395969097001343, -1.7466607637673148e-07, -2.017777016048479, -0.4999999999807782, -1.9999758084721477, -0.5000001084152731, 577000000, 
-0.037410591030604366, -0.02074716792539027, -0.03738978979685575, -4.773069618925969e-10, 0.00018398520885900519, -2.5942681199898804e-06, -2.017762959389524, -0.4999999999766478, -1.9999590731892434, -0.5000001692350833, 668000000, 
-0.032196171889105354, 0.010998946274315023, -0.03220135476297891, 5.129824594487162e-10, 0.00020889373630111722, 2.4557101066413e-06, -2.017743984480527, -0.4999999999714065, -1.9999455956450045, -0.5000002138591468, 758000000, 
-0.07658053482475799, -0.0194640716611486, -0.076536243873217, -4.672933069590296e-10, 0.00012669449903930392, -3.6883472487156926e-06, -2.017722931658882, -0.4999999999710992, -1.9999275691755487, -0.5000002871755506, 848000000, 
-0.07713503442932183, -0.012372129973634204, -0.07713443607698278, -7.504427704236067e-11, 5.1633056838618595e-05, -1.4534153435252707e-06, -2.017709490682157, -0.4999999999676338, -1.999921364897382, -0.5000003394990864, 935000000, 
-0.06288988158175213, 0.015594591219112261, -0.06290409695965889, -2.981497355888686e-11, -5.448914447135113e-05, 5.471727230836363e-07, -2.017703563377628, -0.4999999999682923, -1.999921071202329, -0.5000004215932239, 1026000000, 
-0.09200076252379001, 0.007566009686525376, -0.09197172329637308, 1.9672268700586094e-10, -0.0001590538498561266, -1.23683071603616e-06, -2.0177083726886123, -0.49999999996705924, -1.9999315931097543, -0.5000005056426045, 1106000000, 
-0.03686996176081675, -0.009690465329674502, -0.03692495267691264, -2.8528179068145943e-11, -0.0001650068833760985, 1.7289084239668934e-07, -2.017723373903015, -0.4999999999640273, -1.9999492650933992, -0.5000005871814863, 1199000000, 
-0.026269706508779064, 0.01356424074463089, -0.026280340113454634, 2.7448595373060607e-10, -0.0001346724642459704, -2.0381742865362256e-06, -2.0177397869541154, -0.49999999995868016, -1.9999592821074026, -0.5000006389657087, 1295000000, 
-0.040159617524324315, 0.03751854917062152, -0.04014576567928395, 5.315587484919993e-10, -8.169073541440834e-05, -6.506964906062588e-06, -2.0177527346134827, -0.499999999954687, -1.9999701164643524, -0.5000007105303649, 1390000000, 
-0.02831206715132425, 0.0031263736325529545, -0.02832387683630374, 1.7371978827011498e-11, -3.837166988989241e-05, -4.5272928900046393e-07, -2.017760508536364, -0.49999999995073235, -1.9999763131115267, -0.5000007743094851, 1485000000, 
-0.04627163359887461, 0.005189980566958463, -0.046253721361209005, -1.4522416691738214e-12, 6.5454072304101454e-06, -2.2187185885496412e-07, -2.0177640590541652, -0.4999999999466147, -1.9999778271442592, -0.500000830919034, 1570000000, 
-0.026512214288711325, 0.00782068301781189, -0.026531915943870346, 1.9922968364911126e-11, 4.801926999712866e-05, 4.1489527779373637e-07, -2.0177629338692173, -0.49999999994797045, -1.9999748446340113, -0.500000879672799, 1665000000, 
-0.040850645482787884, 0.014450952154249897, -0.040836355051619574, 1.0696766179717621e-10, 7.858071536692582e-05, 1.3612457114662295e-06, -2.0177578611932465, -0.49999999995419525, -1.999970388241522, -0.5000009080972108, 1765000000, 
-0.03702803497196458, -0.004536705660265269, -0.037031835286162405, 8.765184406634644e-11, 0.00011946535848431517, 7.337009253427588e-07, -2.017749618085181, -0.4999999999639677, -1.999960064002083, -0.5000009448594872, 1860000000, 
-0.07321083566562037, 0.003066557543737073, -0.07317472845327258, 3.0580017202468606e-10, 0.00016139923485403206, 1.8946816712064888e-06, -2.0177370228828373, -0.49999999997719136, -1.9999454425475622, -0.5000009749610582, 1960000000, 
-0.06152086133032723, 0.011540054971136807, -0.06153249120285825, 2.3108788626956038e-10, 8.626966081974e-05, 2.6786692340476137e-06, -2.0177198736426654, -0.49999999999390876, -1.9999314950030127, -0.5000010010705447, 2055000000, 
-0.06837191850047256, 0.013815861884503133, -0.06836509212739507, 2.2386501966113716e-11, 1.6929597895333666e-05, 1.3223292191886108e-06, -2.0177107647330734, -0.5000000000010337, -1.999927757140586, -0.5000010171897827, 2150000000, 
-0.07900590285219913, -0.008581252962948914, -0.07899528260062194, 1.0006281674690751e-10, -8.989274229656997e-05, -1.1131356569008087e-06, -2.017708401567974, -0.5000000000022579, -1.999931164961525, -0.500001040031801, 2250000000, 
-0.07162334055382502, 0.0012261886413476482, -0.07163069703349509, 2.522703439765359e-10, -0.0001421335152539411, -1.7748828875851005e-06, -2.0177164814389084, -0.4999999999991392, -1.9999390837878905, -0.5000010538862348, 2335000000, 
-0.05710590481739476, -0.024859910047802934, -0.05712039991741383, -2.354611782937748e-10, -0.00010617970808391754, 2.217572288931908e-06, -2.017729959242918, -0.49999999999246103, -1.9999515249379936, -0.5000010702268162, 2422000000, 
-0.020019801376760012, 0.003314934559982701, -0.020056827383448668, 8.093650572844755e-11, -5.677366742784344e-05, -1.4255993913254571e-06, -2.017740019964636, -0.4999999999856966, -1.9999595183035002, -0.5000010810818643, 2513000000, 
-0.0633102580813609, 0.0001294820306546018, -0.06326709073544182, 7.570976047280693e-12, -2.349472997786829e-05, -3.2224145816582904e-07, -2.017745531045433, -0.4999999999832137, -1.9999621342864977, -0.5000010851664146, 2594000000, 
-0.0268798454809277, -0.004484572042556518, -0.02691615951124776, 3.800895755191929e-12, 1.5735398033519567e-05, 2.415506584005855e-07, -2.01774723469271, -0.4999999999822016, -1.9999623201383896, -0.5000010878498455, 2685000000, 
-0.052355601145347944, -0.008303527820154491, -0.05233021218369514, 3.1881131782561984e-11, 6.277071781845764e-05, 5.078981552316642e-07, -2.017745391083182, -0.4999999999833555, -1.9999579870103796, -0.5000010862274858, 2776000000, 
-0.06431422686301279, 0.028826423950361692, -0.064302266234033, 2.9861969941154243e-10, 0.00010304443208557657, 2.8979702577577803e-06, -2.0177386064696616, -0.49999999998743805, -1.9999492349970676, -0.5000010814169022, 2867000000, 
-0.08501727221771285, -0.009396226525021863, -0.08499659790154412, 1.5055886236656234e-12, 9.545812292129606e-05, 1.577224208469887e-08, -2.0177276873161727, -0.49999999999345285, -1.9999375911019222, -0.5000010749572028, 2967000000, 
-0.10119846449415865, -0.015080928027506272, -0.10118229410927773, 1.4383121430612947e-11, -9.180864539493072e-06, -1.5666412862036543e-06, -2.017717269830932, -0.4999999999961826, -1.9999326320936204, -0.5000010697620485, 3063000000, 
-0.06840572728741777, -0.009547476047907797, -0.0684384374723864, 9.270979016766026e-11, -9.114590712472857e-05, -1.0171580172085137e-06, -2.0177171895151096, -0.49999999999620354, -1.9999380342311086, -0.5000010664209338, 3158000000, 
-0.048813040616666026, 0.012593058238186029, -0.04883262616764776, 1.576728506713219e-10, -7.70457006212125e-05, -2.0464847408748316e-06, -2.0177256761546953, -0.49999999999266753, -1.999947170158156, -0.5000010625890331, 3259000000, 
-0.05618641300385283, 0.001022683141979334, -0.056179073391758934, 8.80151486777261e-12, -4.775837078875925e-05, -1.8429261137702375e-07, -2.017732936573399, -0.4999999999888978, -1.999951231739314, -0.5000010591913948, 3359000000, 
-0.04388202422589912, -0.034554003383020414, -0.04389429613072923, -4.0830203122095436e-12, -2.743452031054444e-06, 1.4882783682717562e-06, -2.017737297496189, -0.4999999999857357, -1.99995337886031, -0.5000010526558438, 3455000000, 
-0.046060933978976634, 0.016997564656834108, -0.04605877124759854, 1.1128652597628409e-11, 4.252346862054345e-05, 2.6170613448621786e-07, -2.017737146413058, -0.4999999999858481, -1.9999509876975436, -0.5000010444786793, 3551000000, 
-0.05700847564283821, 0.021898888894615783, -0.056997547300141956, 1.4070786185461537e-10, 8.15185899095891e-05, 1.7260831181043748e-06, -2.0177323165322156, -0.4999999999887452, -1.999944182200274, -0.5000010351435353, 3650000000, 
-0.04380116142087662, -0.010190532512085088, -0.043814330934536544, -1.3204904543219905e-11, 6.502678829678303e-05, -2.0306868736854364e-07, -2.0177237678788758, -0.49999999999364303, -1.9999388419970516, -0.500001029314159, 3752000000, 
-0.05676506283339785, -0.012128579624108292, -0.05675213752791028, 8.935896708505498e-12, -9.260596273084377e-06, -9.649375099611449e-07, -2.0177169950884974, -0.4999999999963772, -1.9999357144749819, -0.5000010225562307, 3843000000, 
-0.08340333445247783, 0.009668932343151856, -0.08337673586450466, 4.092324580722434e-11, -5.573586344341606e-05, -7.342354326092082e-07, -2.0177173586481327, -0.49999999999622313, -1.9999379540362991, -0.5000010194461592, 3929000000, 
-0.05522669804815734, -0.010667236848910227, -0.055254791107495614, 4.52579376869856e-12, -6.303749984256334e-05, -7.179526123342085e-08, -2.0177220750636393, -0.49999999999377015, -1.999944273102263, -0.5000010155356295, 4020000000, 
-0.06908332944727251, -0.0043806862495109795, -0.06906952793329989, -4.6052349535391445e-12, -1.612560523403788e-05, 2.855852469846172e-07, -2.017727862270368, -0.49999999999033856, -1.9999479490236463, -0.5000010111004284, 4101000000, 
-0.06262595253991038, -0.000125969585331305, -0.06263238255633953, -1.6094862499863536e-13, 1.1080376712932667e-05, -1.4525555327986385e-08, -2.0177287843336016, -0.49999999998978517, -1.9999478217189561, -0.5000010080503834, 4197000000, 
-0.066068202571384, 0.02164251516467922, -0.06606477296608945, 3.573211207794687e-11, 4.9235431025579715e-05, 7.257398043165836e-07, -2.0177270238986384, -0.499999999990791, -1.9999439917835693, -0.5000010023225359, 4277000000, 
-0.07310552763543426, -0.007026699712987035, -0.07309850030721349, -2.1668145231044336e-12, 2.814544327124028e-05, -7.698633495385518e-08, -2.017721615394392, -0.49999999999388867, -1.9999391339621218, -0.5000009973855662, 4372000000, 
-0.019432923163673017, -0.01874284565516208, -0.019486480926596196, 1.8794020804704734e-11, -2.387431374941372e-05, -7.872067445359035e-07, -2.017717993590156, -0.4999999999957078, -1.999938353817173, -0.5000009943084838, 4467000000, 
-0.05687640833207723, -0.009475694754588055, -0.05683909280708897, 1.1733253719437058e-11, -4.1712874142378446e-05, -2.812861487172515e-07, -2.017720179106605, -0.4999999999945928, -1.9999417948453273, -0.5000009927944619, 4567000000, 
-0.06673131969718178, -0.0027804559129683973, -0.06672144662771061, 8.845742065123668e-12, -3.428431991520618e-05, -2.5801130333054384e-07, -2.017723810356132, -0.49999999999245576, -1.9999444183259776, -0.5000009919502884, 4662000000, 
-0.03480175969043378, -0.01764680972707109, -0.03483361505234663, 4.316549257847276e-12, 6.378059199566716e-06, 6.767809960341094e-07, -2.0177265310842984, -0.4999999999907773, -1.9999455428947879, -0.500000990284499, 4759000000, 
-0.02623568658501943, 0.0014664479940467517, -0.026244267012082836, 7.245641229371263e-12, 3.066476934025439e-05, 2.3628552848299866e-07, -2.0177255446124427, -0.49999999999141076, -1.9999430316220965, -0.5000009878873636, 4842000000, 
-0.05203630484915558, -0.016062556191457716, -0.05201056399581569, -6.934498227856522e-12, 1.6684439833969042e-05, -4.1562667352715564e-07, -2.0177221439972404, -0.4999999999933648, -1.9999401933356353, -0.5000009861034902, 4940000000, 
-0.0668221484317482, -0.00464384533764278, -0.0668073659050476, 8.687743650808153e-13, -4.874102566415628e-06, -1.782429387241443e-07, -2.0177200223899927, -0.49999999999453293, -1.9999397180947327, -0.500000985646037, 5031000000, 
-0.023984126948875285, -0.005827312915944865, -0.02402686407791283, 8.505874356905591e-12, -2.8423553829578195e-05, -2.9925442848931103e-07, -2.0177198360652473, -0.499999999994643, -1.9999413686578584, -0.5000009856632085, 5131000000, 
-0.05307214883793602, -0.023369795837093355, -0.053043161263046784, -7.14982275900326e-12, -1.6777712627200243e-05, 4.261500311676501e-07, -2.017722412809966, -0.49999999999307343, -1.9999437553090793, -0.5000009860578647, 5216000000, 
-0.049407188736087564, 0.015907051032915193, -0.04941081688568734, -1.0914405245726792e-12, 4.3470581926070145e-06, -2.510756645560618e-07, -2.0177235800887456, -0.4999999999923279, -1.999944289419373, -0.500000986128318, 5312000000, 
-0.06188205610591198, 0.011026357467333348, -0.061869609272799615, 3.153447116690348e-12, 1.7393013046283767e-05, 1.8130539592529778e-07, -2.017722678371936, -0.4999999999928641, -1.9999427029463863, -0.5000009857569507, 5418000000, 
-0.046304183308431, -0.02171409856886643, -0.04631971707580883, -2.864969666934836e-12, 8.29260787069911e-06, -3.4548476325015277e-07, -2.0177203458445834, -0.49999999999430833, -1.9999409540631592, -0.5000009855907638, 5513000000, 
-0.07489819921916385, -0.01254943601217966, -0.07486967728127875, 5.634883645022949e-13, -2.811936185907575e-06, -2.0039159043732868e-07, -2.017719036302832, -0.4999999999950957, -1.9999406800485724, -0.500000985859385, 5608000000, 
-0.036455339392437246, -0.01640553862992698, -0.03649367635782963, 3.818012069603194e-12, -2.095735358498621e-05, -1.8218006649171616e-07, -2.0177185783775893, -0.49999999999538697, -1.9999417217532776, -0.5000009867632936, 5697000000, 
-0.03883603018369704, -0.024755741812372677, -0.038833692139606954, -4.274046554443718e-12, -1.2797570830971623e-05, 3.3397326812210516e-07, -2.0177203067871106, -0.499999999994253, -1.9999432327301667, -0.5000009876780255, 5799000000, 
-0.07514612519730232, 0.00047490568428434893, -0.0751098848247757, -5.2498070448323427e-14, 3.4134266767961788e-06, -1.5379873487599795e-08, -2.0177211930404297, -0.49999999999365546, -1.9999435450212593, -0.5000009883301013, 5884000000, 
-0.05753291074080942, 0.001161678033487712, -0.057550451906481136, 8.202623741506832e-13, 9.762252509692808e-06, 8.402388417388874e-08, -2.017720108845613, -0.4999999999943505, -1.9999425016380297, -0.5000009886072585, 5986000000, 
-0.07718489362716788, -0.003578342719038614, -0.07716529777931885, 6.175260727847873e-14, 8.453324939422004e-06, 7.305126411324379e-09, -2.0177185505134907, -0.49999999999535194, -1.999941666795922, -0.5000009888035464, 6081000000, 
-0.07389736095649692, 0.0033423320471142894, -0.07390062161722806, 2.8973109872024627e-13, -5.524997931887106e-06, -5.244003749722425e-08, -2.0177169522660447, -0.4999999999963655, -1.9999412209591871, -0.5000009893713535, 6181000000, 
-0.05470336728139584, 0.0189825306260613, -0.05472252549044542, 3.362014855120594e-12, -1.3034615847322233e-05, -2.5792972301606184e-07, -2.0177167603002313, -0.49999999999648714, -1.9999419258747209, -0.5000009902268349, 6271000000, 
-0.04030443401426719, 0.026799632907527862, -0.04031882279313136, 5.408043654629569e-12, -1.0908028383604072e-05, -4.957856236199783e-07, -2.0177175176302047, -0.49999999999600336, -1.9999428546035094, -0.5000009910085025, 6368000000, 
-0.052394312179967865, -0.015025504991075385, -0.05238226037611873, 2.1716061545303217e-13, 1.6360888135686508e-06, 1.3273155690085038e-07, -2.017718205079299, -0.4999999999955464, -1.9999430300551924, -0.5000009915904458, 6468000000, 
-0.04423267740099751, -0.020346556323384415, -0.04424081020485244, -1.4678278003692933e-13, 5.252608848625891e-06, -2.7944738370405872e-08, -2.0177175195414687, -0.49999999999603606, -1.9999423794624815, -0.5000009917918422, 6564000000, 
-0.05926794594653745, -0.01086136710005995, -0.05925294835532718, -1.2266308425287852e-13, 1.2138624721318159e-06, -1.0105187949130228e-07, -2.0177165614931725, -0.49999999999670774, -1.9999416766900773, -0.5000009920631796, 6655000000, 
-0.033969449669038074, -0.013258005452851952, -0.033994682140723695, 4.588386879351196e-13, -4.3535101335217055e-06, -1.0539511195853105e-07, -2.0177158526225205, -0.4999999999972067, -1.9999415685108715, -0.5000009923794054, 6755000000, 
-0.0663807314663161, -0.019996202458332845, -0.06634840966489558, 3.3636150863889736e-13, -6.689727861525219e-06, -5.0280297734295115e-08, -2.0177159393632844, -0.4999999999971448, -1.9999420219652335, -0.5000009928917071, 6851000000, 
-0.04717704650646129, -0.0007785143402003905, -0.0471961789993573, 1.0284479277563552e-12, -8.981808614037627e-06, -1.1450343376822778e-07, -2.0177159641436413, -0.4999999999971268, -1.9999426150264767, -0.5000009933463025, 6956000000, 
-0.06275626193103578, 0.005946230230531157, -0.06274073242367881, -1.3374657957238528e-13, 1.4822534141530758e-06, -9.023192545574596e-08, -2.0177163898491535, -0.49999999999681616, -1.9999426749919935, -0.5000009936813431, 7051000000, 
-0.05728232079226614, 0.016514155221783393, -0.057287767682086, 1.4252220200111018e-14, 1.5893677442323922e-06, 8.967226277134704e-09, -2.017715606661363, -0.49999999999739664, -1.9999422278108727, -0.5000009937730191, 7147000000, 
-0.038213726200935244, 0.010485246979593401, -0.038232761615652006, 1.2252087191797282e-13, -2.440660382517154e-06, -5.0199885570155386e-08, -2.017714871690009, -0.499999999997948, -1.9999418889859828, -0.5000009937707907, 7248000000, 
-0.052895445749623494, -0.022861816127651435, -0.05288081194629533, 1.2908166874381995e-13, -3.2091749351454736e-06, -4.0222696285632246e-08, -2.0177147401470017, -0.49999999999804656, -1.999941883586713, -0.5000009938838582, 7343000000, 
-0.06224698055674642, 0.02973838962997601, -0.06223763254802162, 7.896069685069098e-13, -4.08350365597044e-06, -1.9336506956530706e-07, -2.0177145334528417, -0.4999999999982025, -1.9999421371910384, -0.5000009941899062, 7433000000, 
-0.0544432406797946, -0.027185168905776866, -0.05445101889753602, -1.4039263474197065e-13, -3.5669226158708406e-06, 3.935959645362105e-08, -2.0177143171555763, -0.4999999999983665, -1.999942445334115, -0.5000009943720669, 7533000000, 
-0.07186285879944697, 0.016504602940444056, -0.07184548115403423, 2.9411382446759366e-14, -2.7156370360076343e-07, -1.0830380517272002e-07, -2.017714129692946, -0.49999999999851225, -1.999942399924654, -0.5000009944087818, 7623000000, 
-0.07577638674557706, -0.010006604564109282, -0.07577246296536494, 5.956098774655674e-14, -1.6966575201908876e-06, -3.5104897150873237e-08, -2.017713437894019, -0.49999999999904754, -1.999942125115792, -0.5000009943592612, 7723000000, 
-0.07011318367768776, 0.004358952974789082, -0.07011883091122731, 6.188251470962963e-13, -6.568980050016167e-06, -9.420414468982491e-08, -2.0177128500278707, -0.4999999999995088, -1.9999419742985598, -0.5000009943128462, 7823000000, 
-0.06584599669751058, -0.006470093319242709, -0.06585026030714024, 2.6464895900323577e-13, -5.390262490174644e-06, -4.9097601366470964e-08, -2.0177128054323563, -0.4999999999995439, -1.9999420922534847, -0.5000009943610818, 7918000000, 
-0.0354844001570896, 0.01573705640429258, -0.03551470477422425, 6.572822480107746e-13, -4.191687773569611e-06, -1.5680610854539814e-07, -2.017712682647636, -0.49999999999964184, -1.9999422279093495, -0.5000009944215743, 8018000000, 
-0.09286969520333002, -0.0025759119693033717, -0.09281245428353707, 8.410446189518827e-14, -1.2559519394698786e-06, -6.696471357868017e-08, -2.017712746661892, -0.4999999999995905, -1.9999423469889421, -0.5000009943525262, 8118000000, 
-0.04775161131847146, 0.019484232825656752, -0.0477965813046544, 2.8744722261481523e-13, -4.1593232367864025e-06, -6.910913296483881e-08, -2.017711912056964, -0.5000000000002732, -1.9999422413818466, -0.5000009943673339, 8213000000, 
-0.04447962777428339, 0.009191068526435229, -0.0444829376466784, 2.782207289549525e-13, -2.5323652380502756e-06, -1.0986595644835215e-07, -2.0177118573559563, -0.5000000000003183, -1.999942087530238, -0.5000009942408019, 8315000000, 
-0.0781433361636866, -0.023005004293755557, -0.07810974247232153, 2.8635143940811714e-15, -3.5632947180570806e-07, -8.036142448645194e-09, -2.0177116640795605, -0.5000000000004791, -1.9999420273243955, -0.5000009942370837, 8410000000, 
-0.04577327917606114, -9.411581924076927e-05, -0.04580555036939197, 6.393789056391864e-13, -7.004235454792507e-06, -9.128461054256882e-08, -2.0177109387256875, -0.5000000000010904, -1.9999421211286026, -0.5000009941305286, 8510000000, 
-0.050956780384799436, 0.01359250713178296, -0.050951638957312674, 2.4790306260594e-13, -1.5780253071369377e-06, -1.570970132638231e-07, -2.0177111767395615, -0.5000000000008895, -1.9999421583481003, -0.5000009941946464, 8605000000, 
-0.023142203395773463, -0.027465328646584377, -0.02316995686443783, 6.041820099204974e-14, -2.1025317434109417e-06, -2.8735928093068013e-08, -2.0177108431610487, -0.500000000001174, -1.9999421620173277, -0.5000009940729588, 8705000000, 
-0.03661352746146625, -0.013764188131237124, -0.03660011047664169, -4.270550281750888e-14, 2.2564782028986798e-06, -1.8925732481106728e-08, -2.017710819737948, -0.5000000000011943, -1.999942078159084, -0.5000009940806444, 8791000000, 
-0.02526451097670618, 0.013499357852315942, -0.025275823600593654, 1.1665346035570248e-13, -2.1674535771341527e-06, -5.382051158389461e-08, -2.017710233018209, -0.5000000000017054, -1.9999420355415714, -0.5000009939367022, 8886000000, 
-0.06118427137997131, -0.008991924641417893, -0.061148434317672806, -4.865110815064395e-14, 9.087196413517032e-07, -5.353808362530422e-08, -2.017710196617841, -0.5000000000017373, -1.9999420865747455, -0.500000994032797, 8981000000, 
-0.05120949966569217, 0.010559960570111047, -0.051219418155057136, 2.0518299783604155e-13, -3.6924291129227307e-06, -5.556856788880358e-08, -2.01770948629476, -0.5000000000023612, -1.9999421298531757, -0.5000009940008957, 9077000000, 
-0.05219467372706365, -0.0072834126174605215, -0.05219369990425284, 3.247696095506243e-14, -9.076858175117997e-07, -3.57799585809219e-08, -2.0177093419960737, -0.5000000000024888, -1.999942122309256, -0.5000009939589826, 9177000000, 
-0.07560677158131747, -0.029265369664288252, -0.07558340470146849, 1.3835161775539704e-13, -3.4470671501389202e-06, -4.013603789233445e-08, -2.0177089134363335, -0.5000000000028699, -1.9999420393962601, -0.5000009939376341, 9267000000, 
-0.06777273101909229, 0.0023955811058362503, -0.06778052537364262, 5.529044625070278e-13, -5.986648346008316e-06, -9.235626189329874e-08, -2.0177085155712327, -0.5000000000032252, -1.9999420200231757, -0.5000009937991858, 9372000000, 
-0.06765949224883833, -0.0016666550111443038, -0.06765961235499426, 1.9701714941345445e-13, -3.6970926912214402e-06, -5.32897511283019e-08, -2.017708431183351, -0.5000000000033009, -1.9999420702715933, -0.500000993901223, 9458000000, 
-0.060909740667153434, 0.0013564208809296835, -0.06091647639794462, 2.3423684101561945e-13, -3.212634704762539e-06, -7.29111344867119e-08, -2.017708124312013, -0.500000000003579, -1.999942080121616, -0.5000009938660211, 9559000000, 
-0.0710560301009735, -0.00340672716086714, -0.07104591017918313, 1.8016655006787484e-13, -3.540189150840617e-06, -5.08917863965247e-08, -2.0177078444411225, -0.500000000003834, -1.9999420190212933, -0.500000993874391, 9654000000, 
-0.07512223811249259, 0.010863007885376388, -0.0751181691952627, 3.16425986046167e-13, -2.992528161068972e-06, -1.057386828176532e-07, -2.017707478143934, -0.5000000000041707, -1.9999420116278572, -0.5000009938782867, 9739000000, 
-0.0877277843945158, -0.014510477875269498, -0.08771519910537043, 3.175450434032461e-13, -7.048961030349868e-06, -4.504848899519098e-08, -2.0177069606875464, -0.5000000000046487, -1.999942052043437, -0.5000009938314085, 9837000000, 
-0.12185119876201286, 0.02724683377983059, -0.12181713009736603, 9.34045664671874e-13, -3.833649664339647e-06, -2.436439806590321e-07, -2.0177068516285304, -0.5000000000047506, -1.9999420559202725, -0.5000009938716687, 9918000000, 
-0.03344595240629682, -0.008274485215152852, -0.033534146036329135, 5.166302908950575e-13, -1.0839048467319035e-05, -4.766380484899174e-08, -2.0177059907966246, -0.5000000000055592, -1.9999420075042458, -0.5000009937921553, 10010000000, 
-0.06597471930500053, 0.007719738413973134, -0.06594234311823183, 4.549295224132932e-13, -2.622386680206385e-06, -1.7347919200744632e-07, -2.0177067371586004, -0.5000000000048397, -1.9999420098808285, -0.5000009937989595, 10090000000, 
-0.02212776639827027, -0.015910677613770484, -0.02217149291823712, 2.0889023203940376e-13, -5.085347008080415e-06, -4.107688850091949e-08, -2.0177063493805614, -0.5000000000052153, -1.999942051623323, -0.5000009938094967, 10178000000, 
-0.03010285496893066, 0.015552761933783799, -0.030094939205056605, -2.1752249148168912e-13, 1.6207829754816792e-06, -1.342082775869754e-07, -2.017706636164322, -0.5000000000049325, -1.9999420366212801, -0.5000009938901864, 10268000000, 
-0.06670566914646148, -0.024993544667515178, -0.06666913115539669, 1.3962238346191193e-13, -1.2883992690920776e-06, -1.0836887819744144e-07, -2.0177061730840027, -0.500000000005391, -1.999941967206201, -0.5000009938970202, 10368000000, 
-0.04108200415770977, 0.00749695681688662, -0.041107539578445255, 6.668797571135354e-13, -6.517980515494473e-06, -1.0231386171349178e-07, -2.017705640000614, -0.500000000005926, -1.99994197241541, -0.5000009938688532, 10463000000, 
-0.07188093349997451, -0.017646158837565592, -0.0718502210966106, -5.068493497333004e-14, -9.835424952088848e-07, 5.153304022981292e-08, -2.01770588180863, -0.5000000000056808, -1.9999420310403846, -0.500000993929523, 10558000000, 
-0.043971218761742155, 0.016883549066780114, -0.04399904142341608, 3.8621509978209934e-13, -4.325917127632854e-06, -8.927935704432613e-08, -2.0177052568019156, -0.500000000006321, -1.9999420346112333, -0.5000009938659444, 10648000000, 
-0.03534121909145012, 0.02301005601826493, -0.035349859210738584, 3.0746009185304407e-13, -1.9001177063177749e-06, -1.6181107666686023e-07, -2.0177052536519926, -0.5000000000063243, -1.9999419858077205, -0.5000009939447152, 10744000000, 
-0.024763408520270064, 0.018823215179089144, -0.02477397348777241, 8.945269923511165e-15, -8.350622043417494e-08, -1.0712100101048653e-07, -2.0177050824337472, -0.5000000000065002, -1.9999419290385896, -0.5000009939401586, 10839000000, 
-0.015096847097002507, 0.001378727499023077, -0.015106504672508105, -2.2098789773285483e-14, 2.8153310205033047e-07, -7.849446339469815e-08, -2.017704845131698, -0.5000000000067482, -1.9999419678818435, -0.5000009939679262, 10939000000, 
-0.0497480642770258, -0.0002616596526981203, -0.049713491677264396, -1.2817202396147779e-14, 1.835861513040972e-07, -6.981573667240841e-08, -2.017704665998258, -0.5000000000069371, -1.9999419886866188, -0.5000009940006414, 11024000000, 
-0.05405698383851234, 0.00265935405338967, -0.05405264851894069, 4.3466541685189235e-14, -7.225658306053359e-07, -6.015582227127285e-08, -2.0177041534671263, -0.5000000000074819, -1.9999419419704516, -0.5000009939642658, 11134000000, 
-0.07975897655411698, -0.029587378900021083, -0.07973332098086293, 9.698813182639484e-14, -1.91567482598666e-06, -5.06287030088426e-08, -2.017703693837037, -0.5000000000079737, -1.9999419347225271, -0.5000009940229346, 11229000000, 
-0.06383315790745116, -0.0007081236392889915, -0.06384902555112443, 3.8063468069787793e-13, -5.176921437990978e-06, -7.352529592289735e-08, -2.0177030852310605, -0.5000000000086287, -1.9999419762193298, -0.5000009939915777, 11329000000, 
-0.07706175170111577, -0.002703887910449507, -0.07704856468780646, 1.5006013175310978e-13, -3.2875944924962847e-06, -4.5644355499320866e-08, -2.0177029584987913, -0.5000000000087657, -1.9999419457413952, -0.5000009940500368, 11424000000, 
-0.04405251467650438, -0.005342195404249716, -0.04408544412953038, 1.7424856670344987e-13, -3.56006314039016e-06, -4.894535850404983e-08, -2.0177025160444013, -0.5000000000092473, -1.9999418960187398, -0.5000009940558955, 11521000000, 
-0.07686349439212385, -0.006251546156975926, -0.07683078129968912, 1.8790795279078996e-13, -2.9626836820159652e-06, -6.342491232912436e-08, -2.0177024340199172, -0.5000000000093369, -1.999941918652397, -0.5000009940091766, 11621000000, 
-0.06875708782691996, 0.011775100227532408, -0.06876514464348381, 4.322464828754068e-13, -4.22200261243795e-06, -1.0237949204531893e-07, -2.0177019591256866, -0.5000000000098582, -1.9999419465749706, -0.5000009940635312, 11721000000, 
-0.026469210890415682, -0.03841962380059085, -0.026511421763497092, -4.3843683011300156e-13, -4.419590943998894e-06, 9.920303387089013e-08, -2.017701698115547, -0.5000000000101464, -1.9999418933438828, -0.5000009940989149, 11816000000, 
-0.08482589719006652, -0.008170198812499722, -0.08476769878591861, 1.0560619068450184e-13, -1.9855680680521542e-06, -5.318689013170004e-08, -2.017701874059444, -0.5000000000099503, -1.999941897514096, -0.5000009940400345, 11912000000, 
-0.04707632865051799, -0.0027700441755955834, -0.04711394397089431, 3.796995050374889e-13, -5.6888289785821805e-06, -6.674475651615052e-08, -2.0177012164423136, -0.5000000000106766, -1.9999419041220472, -0.5000009940490693, 12012000000, 
-0.07089364434703749, 0.021086756980303538, -0.0708699116266259, 5.879629527998978e-13, -3.0269654486643136e-06, -1.9424171262322925e-07, -2.0177013176563197, -0.5000000000105642, -1.9999418777516393, -0.5000009941489894, 12107000000, 
-0.0678591238976678, -0.008682886102193182, -0.06786212797431808, 1.219849871739632e-13, -2.987190751425374e-06, -4.083602197675412e-08, -2.017700913446287, -0.5000000000110155, -1.9999419105447929, -0.5000009941509893, 12212000000, 
-0.04997319577134794, -0.016986951517246853, -0.04999104831188034, 1.230883645507448e-13, -4.809666026482813e-06, -2.5591873504937765e-08, -2.017700513078287, -0.5000000000114703, -1.9999418906704116, -0.5000009940843138, 12307000000, 
-0.04237565991033906, 0.016747371405326, -0.04238325962461954, 1.6142542227225642e-13, -1.1548496955463006e-06, -1.3978046051775966e-07, -2.017700503043629, -0.5000000000114817, -1.9999418387763352, -0.50000099417457, 12408000000, 
-0.02657398023251252, 0.019023481199881336, -0.026589757552365, 1.3457494619473716e-14, -1.5154140360369023e-07, -8.880407795791334e-08, -2.0177001971572763, -0.5000000000118312, -1.9999418622684746, -0.5000009941734204, 12503000000, 
-0.06251890793627723, -0.005929358502398337, -0.06248305018967444, -8.191093603723654e-14, 1.5707195797015974e-06, -5.214866937152323e-08, -2.0176999363992723, -0.5000000000121327, -1.9999418934280029, -0.5000009942001232, 12603000000, 
-0.04074959832726986, -0.010568051644588334, -0.04077128782062681, 2.9018066389090007e-13, -3.314847373587018e-06, -8.753967564331436e-08, -2.017699180300767, -0.500000000013014, -1.9999418523075376, -0.5000009940891481, 12703000000, 
-0.05438332671962191, 0.007065477618751301, -0.05436974142994799, 6.379773699618605e-14, -6.641156953561198e-07, -9.606419098704737e-08, -2.0176991037934036, -0.5000000000131035, -1.9999418209003403, -0.5000009942038333, 12799000000, 
-0.04600612460363192, 0.005155029577858951, -0.04601447098709456, 3.604684605794819e-13, -4.115580288156784e-06, -8.758630262099015e-08, -2.017698621145482, -0.5000000000136727, -1.9999418652981107, -0.5000009941525637, 12900000000, 
-0.07097747889719583, -0.0087235841639904, -0.07095256524090113, -5.334765818924309e-15, 2.354864656953226e-07, -2.2654235364110232e-08, -2.0176985773316787, -0.5000000000137249, -1.999941845259658, -0.5000009942307861, 12981000000, 
-0.05321255898821946, -0.013043827932606852, -0.05323026286825211, 2.646199780169345e-13, -4.154254506206177e-06, -6.369854750632394e-08, -2.0176978164696484, -0.5000000000146363, -1.9999418055118658, -0.5000009942464205, 13086000000, 
-0.06733503080183084, -0.016329574385001173, -0.06732095366017692, 6.645704777619849e-14, -3.892178009463204e-06, -1.7074513964833796e-08, -2.0176977105313942, -0.5000000000147634, -1.9999418355034946, -0.5000009941755265, 13181000000, 
-0.06444610028594425, 0.007111769680918054, -0.06444896872199035, 1.7209784973226792e-13, -2.0003889244814277e-06, -8.603219485274936e-08, -2.0176974190239765, -0.500000000015115, -1.9999418165896934, -0.5000009942551074, 13281000000, 
-0.02927543553246384, -0.0015567695719968877, -0.029310538274404378, 4.197708752378669e-13, -5.46734607210185e-06, -7.677781316603057e-08, -2.0176969942226135, -0.5000000000156282, -1.9999417976406741, -0.5000009942867684, 13376000000, 
-0.056797285724424974, 0.011894674189138997, -0.05676985351591578, 1.8473772535178605e-13, -1.35695936923216e-06, -1.3614094094528453e-07, -2.0176972471185355, -0.5000000000153205, -1.999941825977257, -0.5000009942983424, 13471000000, 
-0.061986621436996535, -0.006786766778220536, -0.061981414503344844, 8.321337848207254e-14, -1.5652784533257483e-06, -5.3162028970161196e-08, -2.0176968087709772, -0.5000000000158572, -1.9999417884208222, -0.5000009942598317, 13571000000, 
-0.07832002476925105, -0.033132575390787636, -0.07830371814057173, 5.99844856859022e-14, -2.8219719094141338e-06, -2.1256230611578093e-08, -2.0176963488752073, -0.5000000000164265, -1.9999417902029972, -0.5000009943157074, 13666000000, 
-0.044019532491547254, 0.0074687206288148456, -0.04405374751185687, 5.637903220630384e-13, -6.166320098878984e-06, -9.14305960479628e-08, -2.0176958587975773, -0.5000000000170358, -1.9999418019360613, -0.500000994323273, 13761000000, 
-0.04544206312593726, -0.01015968495932979, -0.04544067713767401, 1.624713817529835e-14, -1.6546182908276294e-06, -9.819266634101837e-09, -2.0176960339350765, -0.5000000000168177, -1.999941772618232, -0.5000009942854915, 13861000000, 
-0.07698768520631978, -0.03761113854516511, -0.07695620068151601, 1.1717870407300721e-14, -1.2022194007385231e-06, -9.746865172947996e-09, -2.017695744671626, -0.5000000000171806, -1.9999417861442415, -0.5000009943466593, 13956000000, 
-0.059503829997704365, 0.022410919549408832, -0.05952124678686752, 3.272699668342055e-13, -3.951027791931384e-06, -8.283160333686892e-08, -2.0176950986277435, -0.5000000000179917, -1.99994179281689, -0.5000009943481231, 14052000000, 
-0.07977951142548154, 0.004918219625998356, -0.07975929298200445, 2.361537955890333e-13, -2.924705620922438e-06, -8.074446669082256e-08, -2.017694897996886, -0.5000000000182439, -1.9999417451502257, -0.5000009943573803, 14153000000, 
-0.06829834580488185, 0.021817937441857442, -0.06830978307555326, 1.0019904085593213e-12, -6.757566249597155e-06, -1.4827681617165852e-07, -2.017694379552997, -0.5000000000188997, -1.9999417730461173, -0.5000009942908878, 14253000000, 
-0.0449291604788661, 0.0011262257717712283, -0.04495249380099277, 1.286808654716571e-13, -1.9564666372947834e-06, -6.577207247938805e-08, -2.017694385084585, -0.5000000000188926, -1.9999417581112202, -0.5000009943657414, 14353000000, 
-0.05791523633101385, 0.01774257581859549, -0.05790229899575506, 3.8878442305947216e-13, -3.202013303300194e-06, -1.214187407212727e-07, -2.017694127074366, -0.5000000000192247, -1.9999417310840888, -0.5000009942818274, 14454000000, 
-0.07505623167878488, 0.016370598900777206, -0.07503911140156044, 5.139881904672831e-13, -4.173739885120729e-06, -1.2314811287105773e-07, -2.0176938759288547, -0.5000000000195498, -1.9999417575064014, -0.500000994406095, 14550000000, 
-0.05500505432648877, 0.010044518223740296, -0.0550250476306353, 3.739992865473422e-13, -3.575509930291154e-06, -1.046002650919466e-07, -2.0176935166017156, -0.5000000000200192, -1.9999417239389736, -0.5000009943691891, 14650000000, 
-0.025460798950155888, 0.044004596592312546, -0.025490303689085052, 9.991380054864477e-13, -4.0918259304129415e-06, -2.441790101725114e-07, -2.017693337610896, -0.5000000000202552, -1.9999417166386089, -0.5000009943103298, 14750000000, 
-0.05736889861874382, -0.018016243022806164, -0.05733708336743044, -1.4387983988251648e-15, -9.959537410619834e-07, 1.444643801720125e-09, -2.017693491502075, -0.5000000000200506, -1.9999417380678424, -0.5000009944330365, 14845000000, 
-0.02528096007350447, -0.0019658821065204443, -0.025312951679025163, 2.1015614726044795e-13, -2.9694587170047207e-06, -7.077254385015714e-08, -2.0176930235841133, -0.5000000000206839, -1.999941712747198, -0.5000009943967911, 14945000000, 
-0.02862469359011796, 0.004112114816190138, -0.028621388196855505, -1.1253190743645145e-13, 1.6237657936304072e-06, -6.93030410406991e-08, -2.017693064779387, -0.500000000020628, -1.9999417068881302, -0.500000994437868, 15040000000, 
-0.0759826928125053, -0.006096574326421451, -0.07593542571178716, -5.478796303481092e-14, 8.3160876452118e-07, -6.58818970797602e-08, -2.017692619809988, -0.5000000000212335, -1.9999417231759113, -0.5000009944573236, 15140000000, 
-0.07391398960882149, 0.023474806512457928, -0.0739160062532703, 1.9458994344538087e-13, -4.606963405779513e-06, -4.2238222079486136e-08, -2.017691775347328, -0.5000000000223882, -1.9999416796611955, -0.5000009944684557, 15236000000, 
-0.05192485043018481, -0.012630964521453928, -0.05194679699151978, 1.6236469268788415e-13, -6.052690248971142e-06, -2.6825210940785132e-08, -2.0176915076358006, -0.500000000022756, -1.9999417116486813, -0.5000009944035255, 15336000000, 
-0.08660400317628195, -0.038372649105848096, -0.08656941458697376, -9.095312529985098e-14, -5.240358055174157e-07, 1.7356280685829636e-07, -2.017691590360168, -0.500000000022642, -1.9999417007504674, -0.50000099447965, 15431000000, 
-0.06950638009183875, -0.001487101805456016, -0.0695234082273633, 4.886128936962147e-13, -7.093280340248961e-06, -6.888391128766035e-08, -2.017690782100544, -0.5000000000237581, -1.9999416592923045, -0.5000009944998335, 15531000000, 
-0.05306445940386025, 0.04550911624275219, -0.05308088477909949, 2.4217512124222916e-12, -5.924276744722658e-06, -4.087842814871176e-07, -2.0176907743477415, -0.5000000000237687, -1.999941682131657, -0.5000009944272881, 15626000000, 
-0.061554185227512256, 0.01633922104773226, -0.06154572833916823, 4.3062943914103923e-13, -2.4728084868884392e-06, -1.7414589177623892e-07, -2.0176908519969885, -0.5000000000236622, -1.9999417194082432, -0.5000009944726924, 15731000000, 
-0.04053853319665509, -0.008622243236477875, -0.04055949785303707, 1.2898080146143776e-13, -3.2355357973109025e-06, -3.986381531264016e-08, -2.0176904715955217, -0.5000000000241985, -1.999941704900776, -0.5000009945307651, 15826000000, 
-0.042187690836952896, 0.007030441347758, -0.04218606549388495, 2.702632474853155e-13, -2.639727459390062e-06, -1.0238301174764563e-07, -2.0176903933046706, -0.5000000000243102, -1.9999416333656974, -0.5000009944853452, 15911000000, 
-0.04508674441297779, 0.026901084168092775, -0.0450838491068398, 5.890534820724802e-13, -3.6509641568481174e-06, -1.6134189676104924e-07, -2.0176902400332914, -0.5000000000245296, -1.9999416350618116, -0.5000009944670162, 15991000000, 
-0.05353898326262591, -0.007140820224650485, -0.05353054454690027, 9.777966685345808e-14, -2.287247556796365e-06, -4.2749927336424065e-08, -2.0176901542760266, -0.5000000000246533, -1.999941686968247, -0.5000009945644326, 16083000000, 
-0.05921207383586754, -0.011024930792651126, -0.059206403099010964, 8.893849580917591e-14, -2.022705436212878e-06, -4.397006811614445e-08, -2.0176898410132837, -0.50000000002511, -1.9999416856220649, -0.5000009945213489, 16191000000, 
-0.027727838458697918, 0.03133139575160665, -0.027759253633614686, 2.3967687865755675e-13, -1.8850689708855076e-06, -1.2714488560329387e-07, -2.017689451988536, -0.5000000000256789, -1.999941617302773, -0.5000009945600348, 16291000000, 
-0.06494472864439338, -0.019822922870852456, -0.06490761708265455, -1.794296918034341e-14, 5.040064077590015e-07, -3.560067670592617e-08, -2.017689365758898, -0.5000000000258054, -1.999941629348908, -0.5000009945916165, 16387000000, 
-0.06919830633440506, -0.013454403693972983, -0.06919402354355013, 1.8402475316466976e-13, -2.9264415195504045e-06, -6.288345484960925e-08, -2.017688651202425, -0.5000000000268625, -1.9999416451855785, -0.5000009945969565, 16488000000, 
-0.08436094842252978, 0.025491176955751014, -0.08434581107203001, 7.790668166157195e-13, -5.3951491452292055e-06, -1.44401349368558e-07, -2.0176882568242283, -0.5000000000274474, -1.999941598819679, -0.5000009946126177, 16588000000, 
-0.04827259228909789, 0.005845803130954171, -0.04830859271338583, 3.847402463896049e-13, -4.252997874302014e-06, -9.046330559305699e-08, -2.0176879620894406, -0.5000000000278864, -1.9999416044242102, -0.5000009946184021, 16688000000, 
-0.049480998840830556, -0.0017571413703326006, -0.049479828285937805, 6.188438842062302e-14, -1.24074647935013e-06, -4.987673908455209e-08, -2.0176879009598876, -0.5000000000279783, -1.9999416208298837, -0.5000009946237011, 16788000000, 
-0.06440497811213533, -0.01693808901766433, -0.06439008224497268, 8.358965529218516e-14, -2.0131104232802566e-06, -4.152263796636662e-08, -2.017687530374659, -0.5000000000285388, -1.9999415833453036, -0.5000009946374426, 16883000000, 
-0.04423493759174181, 0.0070421817694736565, -0.04425505189027779, 5.169777563450214e-13, -5.193294487741175e-06, -9.954716751868254e-08, -2.0176870927463684, -0.5000000000292031, -1.9999416093084403, -0.5000009945462914, 16978000000, 
-0.05199012469493761, 0.03472261685050461, -0.05198240461184488, -5.107773597815932e-14, 2.1416722285373668e-07, -2.3849464590126537e-07, -2.0176871691617775, -0.5000000000290868, -1.9999416045418557, -0.5000009946496188, 17078000000, 
-0.036661098752303646, -0.0033292262723955413, -0.03667638897914899, 1.980816243780988e-13, -2.536008750309536e-06, -7.810762654266145e-08, -2.0176866335033705, -0.5000000000299073, -1.999941571066619, -0.5000009946234184, 17173000000, 
-0.06584557395609004, -0.02828752396829205, -0.06581646259375457, 3.585674921243108e-15, -2.2260093023355153e-06, -1.6108085970175595e-09, -2.017686517322705, -0.500000000030088, -1.9999415941477325, -0.5000009946870252, 17278000000, 
-0.05797460981264693, -0.028719546172208215, -0.05798243531771206, -1.0796487596219461e-14, -2.171809575119213e-06, 4.971194399318748e-09, -2.0176860426736454, -0.50000000003083, -1.9999415861883743, -0.5000009946777336, 17374000000, 
-0.05558150825173937, 0.046179244129859055, -0.055583903857100825, 5.219530037496278e-13, -2.938693326357336e-06, -1.7761397525498715e-07, -2.0176857176471215, -0.5000000000313383, -1.9999415537689016, -0.5000009946519136, 17469000000, 
-0.036496941688323056, 0.03196019758674858, -0.03651599001250859, 6.913409965732745e-13, -4.132840158395552e-06, -1.672798777782072e-07, -2.0176854522044065, -0.5000000000317533, -1.9999415778903162, -0.5000009947158094, 17564000000, 
-0.06695163444069656, -0.00018607458235298012, -0.06692125915591855, -2.3068467810085414e-14, 3.658907304564078e-07, -6.304742342422853e-08, -2.0176855019208966, -0.5000000000316747, -1.9999415555510465, -0.5000009946831007, 17665000000, 
-0.04974926679586407, 0.0024735676360153423, -0.049766403813691004, 1.6587377133337023e-13, -2.8567814319736817e-06, -5.806316488789695e-08, -2.0176847456937854, -0.5000000000328828, -1.9999415429490184, -0.5000009947350496, 17757000000, 
-0.060885793464729755, -0.009514229921213618, -0.06087469579343653, 1.5610101113955592e-13, -3.372595741209586e-06, -4.62851237200371e-08, -2.0176845559616763, -0.5000000000331872, -1.999941564336196, -0.5000009947450648, 17847000000, 
-0.054838967890194545, 0.007618189356170396, -0.054844990972081877, 1.8652092179555105e-13, -2.0849940778541742e-06, -8.945872977611231e-08, -2.017684286290401, -0.5000000000336213, -1.999941542987191, -0.5000009947124333, 17947000000, 
-0.051050760932770736, 0.023152724614710567, -0.051054547049087906, 2.9837375244327384e-13, -2.6062020933468807e-06, -1.1448603821052984e-07, -2.0176839485973743, -0.5000000000341664, -1.9999415088502384, -0.5000009947562799, 18042000000, 
-0.05593637330685242, -0.000997542087628438, -0.05593150070814832, 8.424636840075915e-14, -1.5494706442440581e-06, -5.437106453982581e-08, -2.0176836967200513, -0.5000000000345753, -1.999941535081969, -0.5000009947661728, 18133000000, 
-0.09454658981284766, 0.0275894812636756, -0.09450805120586633, 2.851390948734588e-13, -2.7018226624224775e-06, -1.0553582914202097e-07, -2.017683294225439, -0.5000000000352333, -1.9999415027853689, -0.5000009947813918, 18229000000, 
-0.06294401651772139, 0.02206287479933907, -0.0629755166490609, 1.2042560923795783e-12, -8.23364600440954e-06, -1.462603677319425e-07, -2.017682627829649, -0.5000000000363263, -1.9999415279347827, -0.5000009946897501, 18329000000, 
-0.05640626360484599, -0.004901268644178912, -0.05641281910792401, 4.8467421043671496e-14, -2.817956415905251e-06, -1.7199492784951976e-08, -2.0176828158152675, -0.500000000036016, -1.9999415333797004, -0.5000009947992266, 18420000000, 
-0.05107203416900806, -0.02295077188052284, -0.05107736373629345, 4.72653304584818e-14, -3.7306660761408234e-06, -1.2669407953921001e-08, -2.0176825334497663, -0.5000000000364863, -1.9999414942254816, -0.5000009947002123, 18520000000, 
-0.07296163397133174, 0.028712251857242035, -0.07293979285485806, 4.694146994413781e-13, -2.5443438093405296e-06, -1.8449342330156476e-07, -2.0176823980844736, -0.5000000000367119, -1.9999414994508582, -0.5000009948017322, 18620000000, 
-0.08084425215772918, -0.018878230587974505, -0.08083636274541202, 3.09226755458869e-14, -2.6762569492466692e-06, -1.1554449416597021e-08, -2.017681927125142, -0.5000000000374977, -1.9999414996996623, -0.5000009948187079, 18716000000, 
-0.04761004083913903, 0.010786270141266145, -0.04764320007632524, 5.842162081020358e-13, -5.466030543596276e-06, -1.0688125568315272e-07, -2.0176813934828877, -0.5000000000383978, -1.999941472473059, -0.5000009947945311, 18816000000, 
-0.07428485859458765, -0.021368533763203076, -0.07425826959500853, -1.4717778977597957e-13, -3.4419891441258427e-06, 4.275951596975711e-08, -2.017681456521914, -0.5000000000382915, -1.9999415017147952, -0.5000009948596572, 18917000000, 
-0.05653570448312745, 0.0027597209651397912, -0.05655339097382804, 1.879914459948786e-13, -2.7286468880366455e-06, -6.889548325915665e-08, -2.0176810757718515, -0.5000000000389383, -1.9999414978138186, -0.5000009948511904, 19008000000, 
-0.04142341688418176, -0.013728843970481047, -0.041438516105897764, 1.1039045275951165e-14, -8.984316434978989e-07, -1.2287017444056644e-08, -2.0176807801818426, -0.5000000000394392, -1.9999414404640625, -0.5000009948651031, 19103000000, 
-0.0424631199765516, 0.013255196525703172, -0.04246209701334286, 2.337773573151508e-13, -2.703692748083457e-06, -8.646594827791233e-08, -2.017680464373118, -0.5000000000399766, -1.9999414598550473, -0.5000009948797007, 19199000000, 
-0.1015945475055186, -0.005024743050152773, -0.10153553258850226, 2.0839945990213106e-13, -3.0590108066686286e-06, -6.812642160263745e-08, -2.0176803010097757, -0.5000000000402547, -1.9999414960614414, -0.5000009948536486, 19290000000, 
-0.051574665015637934, 0.010089298868973438, -0.05162452522643828, 4.184412287219247e-13, -5.21546050480208e-06, -8.02309265570412e-08, -2.017679615758293, -0.5000000000414275, -1.9999414721942383, -0.5000009948919741, 19386000000, 
-0.042433441518393275, -0.019698159774089348, -0.042442613748291905, -5.742998115349616e-14, -1.94222663353269e-06, 2.956914510488281e-08, -2.017679619836757, -0.5000000000414205, -1.9999414245549483, -0.5000009948765085, 19477000000, 
-0.07958875818889177, -0.004621384005438661, -0.07955168572372963, 2.7476257868598503e-14, -4.6344112793975795e-07, -5.9287482728917626e-08, -2.0176793860209963, -0.5000000000418242, -1.999941456324056, -0.5000009949279846, 19567000000, 
-0.04820019621974184, -0.0062226981795619266, -0.048231484293048334, 4.135650749790596e-13, -5.7635538479768045e-06, -7.175522011028568e-08, -2.017678562484761, -0.5000000000432435, -1.9999414718556427, -0.500000994850988, 19663000000, 
-0.07729103932012737, 0.004120081390915211, -0.07726203729303169, 2.877141057495064e-14, -3.836557805579621e-07, -7.499277225305329e-08, -2.0176786698540967, -0.5000000000430578, -1.9999414213925146, -0.5000009949232872, 19758000000, 
-0.0588047295337269, -0.03816000447977614, -0.05882314923968821, 4.717175889339004e-13, -7.1285326703161844e-06, -6.617316785236497e-08, -2.017677926967115, -0.5000000000443479, -1.9999414038722778, -0.5000009949529306, 19849000000, 
-0.09584756680023385, -0.029545139386316532, -0.0958106156418139, -5.467600958161536e-13, -3.908433793113793e-06, 1.398923775501792e-07, -2.01767804409069, -0.5000000000441436, -1.9999414370664532, -0.5000009949643565, 19942000000, 
-0.043183585317074835, -0.03032227699546567, -0.043236106404354, -3.03760685062207e-13, -5.6960883455716566e-06, 5.3327944833994974e-08, -2.0176774802298407, -0.5000000000451308, -1.9999414548800554, -0.5000009949486767, 20022000000, 
-0.0505143703539851, 0.02888678828191997, -0.05050710620227551, 3.947812011621461e-13, -1.6566847372591342e-06, -2.3829591248319413e-07, -2.017677625120968, -0.5000000000448791, -1.9999414353393978, -0.5000009948535592, 20119000000, 
-0.056449501268965176, -0.0104992057920065, -0.05644357023238765, 2.0810385707228467e-13, -3.6520491823325077e-06, -5.698276410926425e-08, -2.0176772916073813, -0.5000000000454566, -1.9999413725212218, -0.5000009949755557, 20189000000, 
-0.07761462463979914, 0.032331998120646216, -0.07759349526297836, 9.356774998343246e-13, -4.5429151932785405e-06, -2.0596411335582583e-07, -2.0176770950892498, -0.5000000000458016, -1.9999414126619206, -0.50000099490969, 20263000000, 
-0.07391482517954813, 0.0037272739109169267, -0.0739184957254052, 2.53998834684131e-13, -3.2840996916760207e-06, -7.734199888265396e-08, -2.0176767654081713, -0.5000000000463821, -1.9999414199841499, -0.5000009949921033, 20346000000, 
-0.03652425849238737, 0.007071990709989817, -0.036561577314257354, 4.110113531921732e-13, -4.494903329976645e-06, -9.143941994283308e-08, -2.0176762949580827, -0.5000000000472203, -1.999941386224011, -0.5000009949185653, 20441000000, 
-0.06182365609651677, 0.035948298717381956, -0.06179844408830554, 4.01584738736073e-13, -1.6484843540090846e-06, -2.43608462379049e-07, -2.0176763923409484, -0.500000000047046, -1.9999413558123114, -0.5000009948950741, 20537000000, 
-0.03398061745441055, -0.010307913059986311, -0.034008379170220135, 2.8250889805775513e-13, -4.828626377286101e-06, -5.850709414724639e-08, -2.0176759413671, -0.5000000000478572, -1.9999413678597309, -0.5000009950247113, 20623000000, 
-0.0713457594369512, -0.008636008634163765, -0.07130849620102844, 9.080877691033515e-14, -2.2229711785235265e-06, -4.085018185915004e-08, -2.017676082420931, -0.5000000000476, -1.999941403186568, -0.5000009949912854, 20693000000, 
-0.06405342156561006, 0.015314332449188247, -0.06406066148453786, 2.245475532449612e-13, -2.4092046545434037e-06, -9.32040176916883e-08, -2.01767561642955, -0.5000000000484522, -1.999941363820255, -0.5000009950158008, 20767000000, 
-0.0841110595699589, -0.007410654140703479, -0.0840910485247133, 1.8149671462651606e-13, -3.2663168925591013e-06, -5.556616843882426e-08, -2.0176752092874355, -0.5000000000491984, -1.9999413400939547, -0.5000009950179162, 20852000000, 
-0.06803913085120401, 0.017395895076182884, -0.0680551499006742, 5.871904498192314e-13, -4.677653616256411e-06, -1.2553098155420233e-07, -2.017674690372503, -0.5000000000501543, -1.999941376812704, -0.5000009950710678, 20942000000, 
-0.06370845307940547, -0.020105330801546157, -0.06371279041767526, -7.787152171827283e-14, -5.04843105731366e-06, 1.542489554362843e-08, -2.017674472371284, -0.5000000000505571, -1.9999413892437035, -0.500000994993518, 21038000000, 
-0.07918286011803369, -2.433819872197198e-05, -0.07916742027650622, 1.577390416738294e-13, -2.49326885047238e-06, -6.326595771809519e-08, -2.017674340411048, -0.5000000000508026, -1.999941332778722, -0.500000995070292, 21133000000, 
-0.08209593851611946, -0.010817093937949796, -0.08209301505615092, 2.2396660894661578e-13, -4.768558211189558e-06, -4.696736393425412e-08, -2.01767380256346, -0.5000000000518025, -1.9999413329416615, -0.5000009950800645, 21218000000, 
-0.0799214758204487, 0.014509246997317185, -0.07992364222254318, 5.33892267513847e-13, -4.176377606310636e-06, -1.2783620588021526e-07, -2.0176734683644613, -0.5000000000524258, -1.9999413576688003, -0.5000009950950082, 21315000000, 
-0.045332811655700765, -0.039937250210823796, -0.045367332673426464, -5.087746618876479e-13, -5.514332334664862e-06, 9.226405501339249e-08, -2.0176730820675783, -0.5000000000531482, -1.9999413488276008, -0.5000009949945506, 21415000000, 
-0.052447966731026155, -0.0014741927257103692, -0.05244089977546059, 2.1204202507618418e-13, -3.2020250246263607e-06, -6.622122670666105e-08, -2.01767318181456, -0.5000000000529604, -1.999941290988218, -0.5000009951182783, 21512000000, 
-0.02112105808399225, 0.006066589388002193, -0.021152314912714, 4.50473874720987e-13, -4.225594628473259e-06, -1.0660603165423533e-07, -2.0176729732941343, -0.5000000000533511, -1.9999413300077582, -0.5000009950273281, 21602000000, 
-0.0018128144218907544, -0.033568269616952286, -0.0018321151347243554, 1.9560157589631817e-13, 2.398864805895108e-06, 8.153922447635883e-08, -2.01767318403053, -0.500000000052955, -1.9999413423612122, -0.5000009951357324, 21705000000, 
-0.08335718308401693, -0.006185304712735269, -0.08327582063983506, -2.3338606728586793e-13, 3.288067563709049e-06, -7.09797054847014e-08, -2.017672919632199, -0.5000000000534549, -1.9999412842175186, -0.5000009951478539, 21801000000, 
-0.027297031902384552, 0.016346466065470758, -0.027352898208896102, 1.5329559588337768e-13, -6.8989232062891676e-06, -2.222022064887329e-08, -2.0176717894448815, -0.5000000000555823, -1.9999413000241144, -0.5000009951702749, 21896000000, 
-0.043885558146398426, 0.021293646638624136, -0.043869058189186044, -3.5073966938241264e-13, 1.695986248543245e-06, -2.068057271594495e-07, -2.0176722067630837, -0.5000000000547938, -1.9999413035774791, -0.5000009951570302, 21991000000, 
-0.04239301934591198, 0.024956744841759086, -0.04239449200752362, 1.4924120723128124e-14, -5.759557527244136e-07, -2.5911922317874825e-08, -2.0176716041605642, -0.5000000000559337, -1.999941274787641, -0.5000009951801, 22091000000, 
-0.07436155520288179, -0.004655603352998956, -0.07432965149819093, 2.111078286383726e-13, -2.9211999555472587e-06, -7.226750371452186e-08, -2.0176712438565385, -0.5000000000566226, -1.9999413054494937, -0.5000009951983427, 22186000000, 
-0.07128348570910403, 0.0048624470125588695, -0.07128652506030911, 2.8382434928255257e-13, -3.5758416931054235e-06, -7.937273896375055e-08, -2.0176707957769864, -0.5000000000574805, -1.9999413000377453, -0.5000009951702149, 22281000000, 
-0.04829153576165135, 0.011926967105975805, -0.048314484163443056, 4.56200198129709e-13, -3.9854757253147965e-06, -1.1446568228531254e-07, -2.017670439658189, -0.5000000000581649, -1.9999412438167457, -0.5000009951841468, 22381000000, 
-0.05864342047044681, 0.01048423990700474, -0.05863311166075176, 2.95348871785433e-13, -2.4323706619760674e-06, -1.214242863567062e-07, -2.0176703562958953, -0.5000000000583258, -1.9999412726689905, -0.5000009952030384, 22477000000, 
-0.06357154229038854, -0.016648903424543792, -0.06356661312597803, 6.88278218282452e-14, -3.1259776312264967e-06, -2.2018014825410052e-08, -2.0176700121852256, -0.5000000000589938, -1.9999412838512198, -0.5000009952364055, 22572000000, 
-0.08133124133101328, 0.010677884791193956, -0.08131351151738944, 1.6868490800491915e-13, -1.812743900877871e-06, -9.305501340990797e-08, -2.017669694985422, -0.5000000000596135, -1.9999412570404016, -0.5000009952163996, 22672000000, 
-0.057131062815265886, -0.001636679508785914, -0.0571551962047495, 4.2577071103589624e-13, -6.157508102445225e-06, -6.914659371163755e-08, -2.017669059562829, -0.5000000000608563, -1.99994121754158, -0.5000009952461822, 22767000000, 
-0.060731815844213444, -0.03089514714865555, -0.060728245779280716, -3.1039159353672217e-13, -2.6868830188507553e-06, 1.1552106710975609e-07, -2.0176690988213717, -0.5000000000607792, -1.9999412684893332, -0.5000009952328339, 22867000000, 
-0.05154803086606818, 0.006001247370396324, -0.051557192172766414, 3.323481187900146e-13, -3.99335561738004e-06, -8.32252748399256e-08, -2.0176687696878783, -0.5000000000614282, -1.9999412565074437, -0.5000009952779654, 22967000000, 
-0.041736099647860694, -0.037746092194920346, -0.04174590063515423, -9.8505901676973e-14, -1.0397535790823698e-06, 9.473966106845141e-08, -2.0176686548178426, -0.5000000000616535, -1.999941204756432, -0.5000009952787277, 23062000000, 
-0.0528476612672645, 0.010022413597404373, -0.052836581234349436, 1.534120697352407e-13, -1.758134714386489e-06, -8.725842705902926e-08, -2.0176683376609175, -0.500000000062278, -1.9999412355404413, -0.5000009952114965, 23162000000, 
-0.0648919853222735, 0.02084786169120655, -0.06487995344878843, 9.969331367612072e-14, -1.1137678881684848e-06, -8.950995511287326e-08, -2.017667990749638, -0.5000000000629578, -1.9999411981802275, -0.5000009952894156, 23257000000, 
-0.06020190074959677, 0.0230795030448185, -0.060206568819339695, 6.390706526898716e-13, -5.988432458688825e-06, -1.0671751866594433e-07, -2.0176674503941934, -0.5000000000640212, -1.9999412114843504, -0.5000009953221236, 23352000000, 
-0.042945506867474614, -0.008111240678263881, -0.042962732898940856, 1.3246308033488332e-13, -4.280950434496465e-06, -3.0942446627617615e-08, -2.017667450404911, -0.5000000000640212, -1.999941237628709, -0.5000009952469402, 23454000000, 
-0.06732340273045836, 0.0033562914113964993, -0.06729909022061067, 1.509240247893738e-14, -2.2522965960596747e-07, -6.700894769073081e-08, -2.0176674429232957, -0.5000000000640361, -1.999941204340051, -0.5000009953238286, 23554000000, 
-0.040538757055384705, -0.01933308859637924, -0.040565463340679515, 3.198686529568686e-13, -4.250704936232565e-06, -7.525073082122018e-08, -2.0176668026677116, -0.5000000000653108, -1.999941167487144, -0.5000009952945614, 23654000000, 
-0.07272183433922401, -0.00516690747781747, -0.0726897417188581, 6.470350049904158e-15, -1.710120395648565e-07, -3.7835640498575954e-08, -2.0176668231879193, -0.5000000000652698, -1.9999412058913946, -0.5000009953487748, 23749000000, 
-0.0463738365868899, 0.004114346730576864, -0.046400099271182285, 3.6700527964854614e-13, -4.823857114379625e-06, -7.608129157775543e-08, -2.0176661178529427, -0.500000000066684, -1.9999412059092474, -0.5000009952511695, 23849000000, 
-0.06658002940573694, 0.01021777829637456, -0.0665598892660591, 3.84494887430912e-13, -2.9538981017413965e-06, -1.3016525086097e-07, -2.017666133301021, -0.500000000066653, -1.9999411507949552, -0.5000009952626815, 23944000000, 
-0.0330217503324651, -0.011133435175309236, -0.033055220905721557, 1.9549143427023332e-13, -4.259498864334771e-06, -4.5895407064691e-08, -2.0176657687843362, -0.500000000067388, -1.999941175971798, -0.5000009953683496, 24040000000, 
-0.03767866444479136, -0.014422076145779103, -0.03767404989431974, 7.033319858260387e-16, 1.0853208395012956e-06, 6.480406164035507e-10, -2.017665863595306, -0.5000000000671956, -1.9999411959043054, -0.5000009953909641, 24135000000, 
-0.06871086663174572, 0.025355940522731893, -0.06867989135794933, 1.4241924157347466e-13, -2.6611982094186526e-06, -5.35169612956363e-08, -2.017665377882624, -0.5000000000681835, -1.9999411446131437, -0.5000009953608028, 24235000000, 
-0.033551604835593093, -0.014135048933182117, -0.03358666235381424, 4.176901672650672e-14, -2.316619108035274e-06, -1.803016153222143e-08, -2.0176649556742103, -0.5000000000690422, -1.9999411331583112, -0.500000995413967, 24332000000, 
-0.06105015865990856, 0.008102369388328205, -0.06102274961200523, 1.776501311723522e-13, -1.7304269561706394e-06, -1.0266260042867358e-07, -2.0176648469989624, -0.5000000000692638, -1.9999411849740225, -0.5000009953154283, 24432000000, 
-0.03148021368844231, 0.008822780812033491, -0.03150969669077632, 9.45021634224674e-14, -1.430427656267351e-06, -6.606567134549632e-08, -2.017664420749285, -0.5000000000701339, -1.9999411787702508, -0.5000009954334937, 24532000000, 
-0.06548710563653003, -0.030389883277255093, -0.06545319570469416, 7.952958248342819e-15, -4.4304462845992654e-07, -1.795069331048704e-08, -2.017664253204908, -0.5000000000704775, -1.9999411079163916, -0.5000009954382949, 24632000000, 
-0.04876612625581843, -0.003575505933367866, -0.04878277936861773, 4.865513741778525e-13, -6.147953887954485e-06, -7.914037467508321e-08, -2.017663630304737, -0.5000000000717593, -1.9999411115209702, -0.5000009954618013, 24727000000, 
-0.05695451583944285, 0.0003503345113213284, -0.05694635993076267, 2.5686523232890037e-13, -3.1609208776938597e-06, -8.12627845706482e-08, -2.0176637615266255, -0.500000000071489, -1.9999411427696536, -0.5000009953829878, 24827000000, 
-0.04551591438179257, -0.006971000696370851, -0.04552732145511512, 8.386002121858544e-14, -1.952801073376413e-06, -4.294345305412527e-08, -2.017663507908971, -0.5000000000720134, -1.9999411002775955, -0.5000009954651722, 24923000000, 
-0.08459677796346086, 0.01701286272395784, -0.08455778599587478, 4.4435865686577535e-13, -3.6231169828187387e-06, -1.2264540697222258e-07, -2.017663246960723, -0.500000000072555, -1.9999410960445, -0.500000995400416, 25018000000, 
-0.07859473639124945, -0.008364413672427967, -0.07860068667231847, 2.504129181565167e-13, -6.658452991638655e-06, -3.7608273043449044e-08, -2.017662740970174, -0.5000000000736073, -1.999941110430422, -0.5000009954995952, 25114000000, 
-0.06953168328659332, 0.014723829252322407, -0.06954073343585992, 9.293690986766267e-13, -5.353903735206937e-06, -1.735871888329171e-07, -2.017662633937109, -0.5000000000738313, -1.9999410868360024, -0.5000009954295193, 25212000000, 
-0.058608014389749614, 0.018917729883729462, -0.05861892460911155, 6.935554790902243e-13, -3.957149147263729e-06, -1.752664489711743e-07, -2.0176624770018594, -0.5000000000741602, -1.9999411135360443, -0.5000009955135908, 25313000000, 
-0.07183065993252477, -0.022246017201713292, -0.07181747395962562, -8.06512565437075e-14, -3.981988890946683e-06, 2.0254013447167948e-08, -2.0176622795423644, -0.5000000000745776, -1.9999411105697855, -0.5000009955327201, 25418000000, 
-0.05220702309463671, -0.00038100906858949896, -0.05222659370836116, 4.301356105247069e-13, -5.982257286430738e-06, -7.190189086323026e-08, -2.017661961326209, -0.5000000000752557, -1.9999410566719287, -0.5000009955412058, 25513000000, 
-0.05674926694535169, 0.012621810250323969, -0.05674475277764402, 6.997013967256455e-13, -4.277247219192613e-06, -1.6358684940771868e-07, -2.017662038931955, -0.5000000000750905, -1.9999410875706445, -0.500000995444769, 25610000000, 
-0.06702271849847852, -0.01485204921204888, -0.06701246048227844, 1.954118432532544e-14, -2.5830326687986682e-06, -7.565209902828588e-09, -2.0176619059147685, -0.5000000000753746, -1.9999411172676465, -0.5000009955143069, 25710000000, 
-0.0705340961057351, 0.03193280100331992, -0.07053058082716186, 4.617591339736469e-13, -3.322694001039843e-06, -1.389713087720803e-07, -2.017661493799823, -0.5000000000762617, -1.999941063081922, -0.5000009955601916, 25806000000, 
-0.06389462891917143, 0.03999013990130922, -0.06390125091176213, 7.366971467030748e-13, -3.805211687071472e-06, -1.9360214550114666e-07, -2.0176611076763815, -0.500000000077093, -1.999941021826537, -0.5000009955645404, 25901000000, 
-0.057752913915744886, -0.005269050940672289, -0.05775904936332227, 2.9783184178211264e-13, -5.178151116743031e-06, -5.7517023946849165e-08, -2.0176608590478247, -0.5000000000776318, -1.9999410525422507, -0.5000009955932152, 25997000000, 
-0.06689621763290128, -0.00873971965770437, -0.06688709812282112, 4.296730471670233e-14, -2.0457004219513394e-06, -2.1003713083129228e-08, -2.0176608022681597, -0.5000000000777559, -1.9999410611225368, -0.5000009955628382, 26097000000, 
-0.07540306198044576, -0.008261463500286687, -0.07539456232772969, 3.411746246569723e-13, -5.118183612738865e-06, -6.66593171467722e-08, -2.0176603283752184, -0.5000000000787947, -1.9999410293767599, -0.5000009954949196, 26193000000, 
-0.049355648089426496, 0.017100437194148766, -0.04938163428138453, 6.516885942629688e-13, -4.373706747524443e-06, -1.490014378837425e-07, -2.0176600715539794, -0.5000000000793582, -1.9999410585150905, -0.5000009956170407, 26288000000, 
-0.06331230969263864, 0.021699071314879255, -0.06329840633713621, 2.9471511797537847e-13, -1.7813558150520797e-06, -1.6544427311214194e-07, -2.0176600264120648, -0.5000000000794576, -1.9999410436895726, -0.5000009955464797, 26389000000, 
-0.036521615169777186, -0.006423126522353813, -0.03654833791491294, 2.6870490969032915e-13, -4.42457774010082e-06, -6.073006860180207e-08, -2.017659576160336, -0.5000000000804551, -1.9999409936279717, -0.5000009956365432, 26489000000, 
-0.07173797369715695, -0.04003971276186558, -0.07170285389819214, -1.9309375684037594e-13, -2.083324246682401e-06, 9.268540753935397e-08, -2.0176596519717203, -0.5000000000802858, -1.9999410432054299, -0.5000009955426906, 26585000000, 
-0.03811873603785653, -0.00285806042314315, -0.03815225242153922, 1.228923157145697e-13, -2.7304913504163503e-06, -4.500739974723995e-08, -2.0176591275633804, -0.5000000000814595, -1.9999410450235287, -0.5000009956593647, 26685000000, 
-0.04593513099957795, -0.03019937520751435, -0.04592736327309577, -9.273285115171676e-16, -5.321457010416461e-08, 1.7426214469119505e-08, -2.017659022647541, -0.5000000000816933, -1.9999410113390335, -0.5000009956084194, 26775000000, 
-0.051480180623691627, -0.0012844049591019422, -0.05147463843752825, 1.6369762240870624e-14, -2.4796513414197113e-07, -6.601638693082634e-08, -2.0176585798035163, -0.5000000000826823, -1.9999409808041928, -0.5000009956739878, 26880000000, 
-0.06422084206683734, 0.02845025628064113, -0.06420812077095166, 2.4929088982060204e-13, -2.88343446609024e-06, -8.64562356981968e-08, -2.017658082143134, -0.5000000000837928, -1.9999410255868597, -0.5000009956121618, 26981000000, 
-0.02653069315106494, 0.01190068450296188, -0.026568294765700787, 2.159914123845206e-13, -2.4420158650888257e-06, -8.844799719458995e-08, -2.0176577240880156, -0.5000000000845941, -1.9999410017883488, -0.5000009956930351, 27082000000, 
-0.05584005875320036, 0.0018636411416685194, -0.055810845125063305, -7.478646269274999e-14, 1.0015716417465653e-06, -7.466910960291918e-08, -2.0176577041437653, -0.500000000084639, -1.9999409583279393, -0.5000009956907883, 27177000000, 
-0.06819574555940217, 0.043580187421460526, -0.06818338480965372, 3.0343453602038975e-14, -1.85562396244187e-06, -1.6352156587862302e-08, -2.0176570448080584, -0.5000000000861262, -1.9999409927785805, -0.5000009957303381, 27277000000, 
-0.057978014033295784, -0.0025209777917601546, -0.05798819837498053, 3.160199245659905e-13, -4.467696970092937e-06, -7.073441343077856e-08, -2.017656557818365, -0.5000000000872283, -1.9999410057073113, -0.5000009956207054, 27374000000, 
-0.08323582571410647, 0.00785920277920995, -0.08321062785563246, 1.497921754664682e-13, -1.5736872803597327e-06, -9.518547765870413e-08, -2.017656410874123, -0.5000000000875611, -1.9999409453345978, -0.5000009957369681, 27469000000, 
-0.0790722426431235, 0.025076236691081822, -0.07907637195595217, 5.136468481382274e-13, -4.672874075255587e-06, -1.0992096937902892e-07, -2.017655748364135, -0.5000000000890662, -1.9999409446622742, -0.5000009957465602, 27569000000, 
-0.07630155273571752, -0.005887613640759263, -0.07630432124896477, 1.5999777570508643e-13, -4.586402479307694e-06, -3.488524533704632e-08, -2.0176554379734646, -0.5000000000897743, -1.9999409741218857, -0.5000009957572646, 27669000000, 
-0.05658539459455397, -0.02182746505546767, -0.056605073416448826, -1.3197138014666466e-13, -4.6385227333908124e-06, 2.845116597072105e-08, -2.0176551307408617, -0.5000000000904786, -1.9999409642801502, -0.5000009956881729, 27770000000, 
-0.030423110299370414, -0.026896275862383124, -0.030449239467453038, -1.9866590106195567e-13, -3.819229121598822e-06, 5.2017277502007874e-08, -2.017655030446532, -0.5000000000907089, -1.9999409191266828, -0.5000009957796725, 27870000000, 
-0.042667151271283885, 0.01668781022740536, -0.042654957427774136, -1.5321042216194388e-13, 1.2030848098882468e-06, -1.2734798154103152e-07, -2.017655106543717, -0.5000000000905344, -1.9999409452704546, -0.5000009957786495, 27960000000, 
-0.054674430857548785, 0.0020821259438000357, -0.05466243493899285, 5.643231532487258e-14, -9.974675479126893e-07, -5.6575590296610065e-08, -2.01765456090292, -0.5000000000917826, -1.9999409100612355, -0.5000009957993331, 28057000000, 
-0.06627889490096692, -0.014380903420708352, -0.06626730107499158, 2.7141084194164407e-13, -3.870628225861525e-06, -7.01206176631013e-08, -2.0176541177140095, -0.5000000000928021, -1.9999409288940648, -0.5000009957456164, 28158000000, 
-0.037935179159846844, -0.0056610441353204454, -0.037963454091738597, 1.3483499311042268e-13, -3.0289452258944888e-06, -4.4515494026671966e-08, -2.017653837848324, -0.5000000000934475, -1.9999409412108324, -0.5000009957929711, 28258000000, 
-0.03292704134063616, 0.014514636299236643, -0.032932067333294214, -5.5012589594650417e-14, 5.182958121153873e-07, -1.061412967434957e-07, -2.0176537648128123, -0.5000000000936164, -1.9999408920180304, -0.5000009958268209, 28353000000, 
-0.0972574571634639, -0.013564562717475172, -0.09719325977051851, 9.669905311444271e-15, -1.3976887391561887e-07, -6.91849697328332e-08, -2.0176533784626733, -0.5000000000945117, -1.9999409067593084, -0.500000995850075, 28453000000, 
-0.0499327613448884, 0.04459923219984516, -0.04997992660546829, 4.405926682747422e-13, -6.014457627111919e-06, -7.325559436791814e-08, -2.017652436972257, -0.5000000000967038, -1.9999409123483662, -0.5000009958177202, 28553000000, 
-0.03754249660882736, 0.018349267719577303, -0.0375549087235382, 3.8609021935388834e-13, -2.0926302773654343e-06, -1.8449996806887723e-07, -2.017652537111401, -0.5000000000964699, -1.9999408790654298, -0.5000009958392478, 28648000000, 
-0.08613816239032362, -0.015038554389620068, -0.08608967568410947, 1.8243645842937973e-14, -5.841844106057974e-07, -3.1229258281677475e-08, -2.0176523690227404, -0.5000000000968636, -1.999940904132125, -0.5000009958708664, 28754000000, 
-0.07388566134128527, 0.016309570465821124, -0.07389784015353953, 4.532208185883596e-13, -5.616614686685187e-06, -8.069288065331778e-08, -2.017651569898647, -0.5000000000987503, -1.999940898507315, -0.5000009958029086, 28849000000, 
-0.06180475845788349, -0.0054585005532313035, -0.06181682668370182, 3.612251105085956e-13, -6.429981789804473e-06, -5.617824782666764e-08, -2.017651397134741, -0.5000000000991588, -1.9999408453952994, -0.5000009958444875, 28944000000, 
-0.0762329191426673, -0.00042038425485900715, -0.07621853119207564, 3.826343868557373e-13, -4.67014650386028e-06, -8.193198790219041e-08, -2.0176514211061045, -0.500000000099102, -1.9999408861207144, -0.5000009958400733, 29039000000, 
-0.07457467574040301, 0.00676368925319433, -0.07457631555542546, 2.650515627699782e-13, -3.1879995344369708e-06, -8.314040196896976e-08, -2.0176511254285074, -0.5000000000998049, -1.999940897389474, -0.5000009959151672, 29135000000, 
-0.041424468792978064, -0.010001270727592507, -0.04145755375130042, 2.7766013699996274e-13, -5.94543278426788e-06, -4.670141721804929e-08, -2.0176506936231764, -0.5000000001008352, -1.9999408433167702, -0.5000009958429357, 29235000000, 
-0.040989074457799035, 0.027989627488238713, -0.04098954159927537, 8.465024989524695e-13, -3.3130410328719925e-06, -2.555061922123728e-07, -2.017650876527313, -0.5000000001003972, -1.9999408401157683, -0.5000009958546685, 29340000000, 
-0.06738434130845729, 0.0009070333974750556, -0.06735799874686586, 1.6239925187630752e-13, -1.9401254154763695e-06, -8.370554325037424e-08, -2.0176507912246646, -0.5000000001006019, -1.9999408723377188, -0.5000009958655971, 29435000000, 
-0.07262594949315855, -0.018180644085376518, -0.07262069139646073, 5.334131390044522e-14, -2.736061379324077e-06, -1.9495656897003816e-08, -2.0176503254462657, -0.5000000001017313, -1.9999408577241706, -0.5000009959496543, 29535000000, 
-0.057116230112399066, 0.029078562572953204, -0.05713170289584411, 3.4429794698154715e-13, -2.4780489954832202e-06, -1.3893912009371266e-07, -2.0176498549374644, -0.500000000102876, -1.9999408070726672, -0.5000009959636775, 29630000000, 
-0.06206787342204182, 0.004044814282515951, -0.06206294654777489, 2.460934917134433e-13, -3.1760689748012647e-06, -7.748367358074835e-08, -2.017649545751154, -0.5000000001036289, -1.9999408323768917, -0.5000009959800096, 29730000000, 
-0.08208411719005228, -0.015640092833653294, -0.08206413533730696, 1.061734122080062e-13, -4.027468617727285e-06, -2.636231893668242e-08, -2.017649238507457, -0.5000000001043813, -1.9999408590854841, -0.5000009958762636, 29826000000, 
-0.06598170878767909, 0.01940014354395905, -0.06599775828893195, 3.882004206114018e-13, -3.157715865845928e-06, -1.2293709665591012e-07, -2.0176488038204963, -0.5000000001054491, -1.9999407963582658, -0.5000009959766022, 29926000000, 
-0.06973428803436109, 0.022309401628882612, -0.06973055831827552, 5.339782320430343e-13, -3.6330400783679898e-06, -1.4697834885512862e-07, -2.0176484728806074, -0.5000000001062629, -1.9999407856546945, -0.5000009959746509, 30021000000, 
-0.03054454142190923, 0.027630444608906263, -0.030583648567711244, 6.305341613895398e-13, -3.8343163559703686e-06, -1.6444500214692577e-07, -2.0176481397543817, -0.5000000001070861, -1.9999408218276038, -0.5000009960101995, 30122000000, 
-0.04837804229430415, -0.00627640531254995, -0.048360283091604006, 7.657419948060969e-15, -1.5818718851349015e-07, -4.840733323614223e-08, -2.017648215655016, -0.5000000001068975, -1.9999408211483787, -0.5000009959443764, 30212000000, 
-0.08035350920874915, 0.03547663642751794, -0.08032157933291637, 3.6559403848825553e-13, -3.933779258954474e-06, -9.293710053914506e-08, -2.0176477533087347, -0.5000000001080546, -1.9999407728993615, -0.5000009959872634, 30303000000, 
-0.08776700497116521, -0.00908280679344813, -0.08775957359471095, 1.1262864210671055e-13, -3.86991789459723e-06, -2.910362575494192e-08, -2.017647340830251, -0.5000000001090888, -1.9999407963516858, -0.5000009960323801, 30414000000, 
-0.0638637202647294, -0.004275197471154315, -0.06388756756790315, 5.28682777881124e-13, -7.898617207919428e-06, -6.693358647017965e-08, -2.0176468485112338, -0.5000000001103279, -1.9999407683246633, -0.5000009960113084, 30509000000, 
-0.08075107239818007, 0.002155457000468897, -0.080734241911517, 3.2267721384102906e-13, -3.4692543226877773e-06, -9.301053881545284e-08, -2.0176470041452403, -0.5000000001099357, -1.9999407744522482, -0.5000009960109395, 30604000000, 
-0.05603240468812947, 0.009995947220804659, -0.05605705644052218, 4.619479375911465e-13, -4.528405661421292e-06, -1.0201116510532733e-07, -2.0176465444654745, -0.500000000111097, -1.9999407956704705, -0.5000009960479297, 30704000000, 
-0.057257814089106664, 0.008709551549874007, -0.05725661516184714, 4.8320712825961817e-14, -5.615379218091437e-07, -8.60506671932036e-08, -2.017646433062499, -0.5000000001113796, -1.9999407439114925, -0.5000009960890768, 30804000000, 
-0.060504688547801645, 0.0026278748784994187, -0.06050144639039161, 2.9324741333573637e-13, -3.993351577477079e-06, -7.343390824631682e-08, -2.0176459232469464, -0.5000000001126774, -1.999940752207472, -0.5000009961025045, 30899000000, 
-0.0524951822865614, 0.0032736888898022695, -0.05250317197395317, 2.052017908154186e-13, -2.525192893581933e-06, -8.126182809121728e-08, -2.0176457171474875, -0.5000000001132039, -1.9999407670873053, -0.5000009960724495, 31000000000, 
-0.08411429574541032, -0.0010207349201254827, -0.08408274716145173, 6.536882325072118e-14, -1.0708709401018729e-06, -6.104267171962159e-08, -2.017645443616761, -0.5000000001139046, -1.9999407281705655, -0.5000009961099906, 31100000000, 
-0.0619110172087943, 0.01604336067741753, -0.06193314386260941, 4.292842260829573e-13, -5.3478791224963185e-06, -8.027186408853856e-08, -2.017644705359178, -0.5000000001158018, -1.9999407530389426, -0.5000009961362061, 31195000000, 
-0.03745331814094797, -0.0040944754639036275, -0.03747774851928447, 1.6339253198044768e-13, -3.270265414248401e-06, -4.99630798370535e-08, -2.017644625464564, -0.5000000001160075, -1.9999407565952527, -0.5000009960586127, 31295000000, 
-0.06879710982466997, -0.02552178124773727, -0.06876585257316858, -7.89354053883501e-15, -1.5543235783090775e-06, 5.078440968786087e-09, -2.0176445781765793, -0.5000000001161298, -1.999940705002982, -0.5000009960729803, 31395000000, 
-0.03845078128408608, 0.008178841451800775, -0.03848103519885224, 3.591918534272123e-13, -4.057040303865299e-06, -8.853544123902254e-08, -2.0176440532647217, -0.5000000001174888, -1.999940732289722, -0.5000009961573846, 31490000000, 
-0.05419007813028752, 0.013397323382182441, -0.05417440003729825, -4.9572274662228237e-14, 4.652542808427501e-07, -1.0654877709547184e-07, -2.017644071114632, -0.5000000001174426, -1.9999407528113304, -0.500000996169963, 31580000000, 
-0.06729679772941657, -0.0191455374987292, -0.0672837009772326, 1.38865627151969e-13, -1.8235861504534503e-06, -7.614974873407482e-08, -2.0176434893658923, -0.5000000001189536, -1.9999407312756012, -0.5000009961225972, 31685000000, 
-0.06448663938643007, 0.032474205207214155, -0.06448943020366699, 7.885031275252887e-13, -5.738034242623417e-06, -1.3741694353583828e-07, -2.017643004798815, -0.5000000001202174, -1.9999406781503735, -0.5000009961895108, 31786000000, 
-0.028259445425839906, -0.03452265515868785, -0.028295602468901483, -5.154568927592836e-13, -4.411505805572945e-06, 1.1684375255907402e-07, -2.017642923238994, -0.5000000001204308, -1.9999407219737355, -0.5000009961215248, 31876000000, 
-0.05234145071143732, 0.01122969050019609, -0.05231745255204033, -1.033378415432713e-13, 9.894862919878657e-07, -1.0443584957166699e-07, -2.017643080856648, -0.5000000001200163, -1.9999407165100798, -0.5000009962052714, 31976000000, 
-0.08563248958456751, 0.0031974257022657506, -0.08559924049374765, 1.183514844382174e-13, -2.077978297316055e-06, -5.695511093214101e-08, -2.0176424629213074, -0.500000000121634, -1.9999406584789696, -0.5000009962118268, 32071000000, 
-0.03126110611764121, -0.014496152705562601, -0.031315335001507766, 5.26330924302118e-13, -8.421680355552921e-06, -6.249713858530338e-08, -2.017641822249906, -0.5000000001233179, -1.9999406833642415, -0.5000009961883843, 32176000000, 
-0.05298480880531379, -0.002440835444061295, -0.0529631822529095, 5.648694694017241e-14, -1.0041685704867583e-06, -5.625245461804393e-08, -2.0176423494554268, -0.5000000001219294, -1.999940715169639, -0.5000009961309143, 32271000000, 
-0.08118966136233348, 0.009444452714470903, -0.081161490656569, 1.5641914447219572e-14, -2.8198679438533325e-07, -5.547037931799385e-08, -2.017641910431321, -0.5000000001230884, -1.999940661514576, -0.5000009962339005, 32371000000, 
-0.060182118463224236, 0.0064880268144089474, -0.06020305519340506, 4.804610887606315e-13, -6.348600117752137e-06, -7.567984750168033e-08, -2.0176411480312515, -0.5000000001251056, -1.9999406350125881, -0.500000996257602, 32471000000, 
-0.05315024246881795, 0.0007679765472625549, -0.05315728060503221, 1.3857448246107728e-13, -1.9508670061263098e-06, -7.103225490303116e-08, -2.0176411782313224, -0.5000000001250255, -1.999940678499364, -0.5000009962622445, 32571000000, 
-0.04495245074422105, 0.036582035417621936, -0.04496063868058489, 4.687802177982223e-13, -3.1730643662809463e-06, -1.4773738055230992e-07, -2.0176408461616484, -0.5000000001259085, -1.9999406572438234, -0.500000996193735, 32676000000, 
-0.030746538976735224, 0.014295808492581403, -0.030760724257408674, 5.323698566184848e-14, -4.696881307367576e-07, -1.1334539277869426e-07, -2.017640705229114, -0.5000000001262842, -1.9999406275793479, -0.5000009962945711, 32766000000, 
-0.013174141445589316, -0.010783333788856542, -0.013191692645060114, -6.461542083433178e-14, 1.0598792933047031e-06, -6.096488651350187e-08, -2.017640452777174, -0.5000000001269611, -1.999940650368118, -0.5000009962867937, 32866000000, 
-0.06229199849587962, -0.007845858103067982, -0.06224299601106787, -6.527271015588915e-14, 7.689588759085281e-07, -8.488452659938306e-08, -2.0176402104696964, -0.5000000001276134, -1.9999406302231155, -0.5000009962197006, 32966000000, 
-0.08696831513499557, -0.04909306225621465, -0.08694363852591208, 3.9905083312624654e-13, -3.4488928209747832e-06, -1.1570404006160452e-07, -2.0176395145503707, -0.5000000001294912, -1.999940622468752, -0.5000009962960423, 33066000000, 
-0.07588587917362817, 0.03303134179916416, -0.07589691400931838, 9.551158226830714e-13, -5.224665387012703e-06, -1.8280899386538056e-07, -2.017638993095284, -0.5000000001309026, -1.9999406469693481, -0.5000009963018017, 33166000000, 
-0.03608936937260057, 0.012419683233275353, -0.03612909676081499, 6.565589229537738e-13, -5.11033021733439e-06, -1.2847680972292294e-07, -2.0176387680510426, -0.5000000001315144, -1.9999405964873858, -0.5000009963349292, 33262000000, 
-0.06531509636153032, -0.031247175296506592, -0.06528596822686905, -2.0656553269670097e-13, -2.9601258214224935e-06, 6.978268666885097e-08, -2.0176389173072535, -0.5000000001311059, -1.9999406033630214, -0.5000009962739708, 33362000000, 
-0.043459954438347485, -0.003189215445480035, -0.043481736245849494, 2.377473022645754e-13, -3.781777016363154e-06, -6.286655750349114e-08, -2.0176385512275745, -0.5000000001321123, -1.999940612638077, -0.500000996281137, 33457000000, 
-0.0859233232658193, -0.007195697774345177, -0.08588096591982466, 2.1959673721439505e-13, -3.5779043594547782e-06, -6.137579855484412e-08, -2.01763849626914, -0.500000000132263, -1.9999405767543867, -0.5000009963284412, 33552000000, 
-0.0502246126533313, -0.04777593961418815, -0.05026019702630721, -6.786029920635245e-13, -6.927822419879048e-06, 9.795328906184233e-08, -2.0176380041981195, -0.5000000001336155, -1.9999405954880904, -0.5000009963883963, 33652000000, 
-0.05712718704905861, -0.023301687611257522, -0.0571203332593821, -1.9799050471218633e-13, -2.2263215873957395e-06, 8.89316735879957e-08, -2.01763819488838, -0.5000000001330902, -1.9999406113505662, -0.50000099631424, 33752000000, 
-0.054637522979388495, -0.0020475244175806664, -0.054640000268739865, 1.4185486104204141e-13, -2.243227947914747e-06, -6.323693549463237e-08, -2.0176378478945525, -0.5000000001340427, -1.9999405568776483, -0.5000009963714498, 33852000000, 
-0.06030467729414475, 0.007752288446226987, -0.060299023359215505, 1.253088067097251e-13, -1.485185239385317e-06, -8.437251016687147e-08, -2.017637514537028, -0.5000000001349547, -1.9999405710815756, -0.5000009963983287, 33947000000, 
-0.03488051003478533, 0.028219840417510876, -0.03490587724238938, 1.6572650333981012e-13, -1.7422314976447278e-06, -9.512312431720525e-08, -2.0176370652240534, -0.5000000001361868, -1.9999406047882284, -0.500000996424836, 34042000000, 
-0.035943499660496855, -0.0263274769350964, -0.035942463751905865, 1.8869280254112942e-14, -7.424454610952848e-07, -2.5415038872048912e-08, -2.0176368842495545, -0.5000000001366847, -1.9999405661818803, -0.5000009963137115, 34142000000, 
-0.07436438875877162, 0.00036057655201439116, -0.07432604313664593, 1.1526094758804349e-14, -1.5762804472492856e-07, -7.312210703950653e-08, -2.0176366071003735, -0.5000000001374496, -1.9999405372584436, -0.5000009964283453, 34242000000, 
-0.06018083192479636, 0.047265374441693604, -0.06019494816006698, 4.851639841886598e-13, -5.4813264218763966e-06, -8.851214958706581e-08, -2.0176358647401114, -0.5000000001395006, -1.9999405678757978, -0.500000996413523, 34337000000, 
-0.06512887494183994, 0.004817174738903964, -0.06512395027255014, 1.8119961705145757e-13, -2.211197333707761e-06, -8.194638004000302e-08, -2.0176358188330106, -0.5000000001396279, -1.9999405717113883, -0.500000996461007, 34438000000, 
-0.06358774726909446, -0.007866328297109388, -0.06358927977048497, 2.5017463084181603e-13, -4.8512486164106056e-06, -5.15691218123795e-08, -2.01763539920995, -0.5000000001407939, -1.9999405149349079, -0.5000009964727605, 34534000000, 
-0.04885155675137079, -0.013642978814795561, -0.04886626443970846, 9.805340360542238e-14, -5.0384202649597296e-06, -1.9461140287829104e-08, -2.0176352495446412, -0.5000000001412112, -1.9999405313614016, -0.5000009963983701, 34624000000, 
-0.043816750539508766, -0.0008208840979039873, -0.043821789482113016, 2.145320455935692e-13, -2.906288420906518e-06, -7.381650219239191e-08, -2.0176352598974945, -0.5000000001411823, -1.9999405675343522, -0.5000009963855813, 34719000000, 
-0.06369736815483729, -0.0013131435699003072, -0.06367753179795718, -2.7336849979228153e-14, 6.305999199303011e-07, -4.335054464049034e-08, -2.0176351167086573, -0.5000000001415824, -1.9999405229212979, -0.5000009964912561, 34814000000, 
-0.09194010413464514, 0.0182128091656234, -0.09191189730703037, 4.453821083260028e-13, -5.6795366652293705e-06, -7.841873986881214e-08, -2.0176344119553122, -0.5000000001435568, -1.9999404872321833, -0.5000009964643493, 34919000000, 
-0.07232509136782043, -0.004235550194377926, -0.07234463818113214, 2.248488708725085e-13, -5.176416993418059e-06, -4.3437163419873116e-08, -2.0176340609062615, -0.5000000001445419, -1.9999405279849347, -0.5000009965153029, 35019000000, 
-0.044864274095842094, 0.00830213598642017, -0.04489169888430401, 6.4219999256016e-13, -5.353383095498508e-06, -1.199615236018072e-07, -2.017633835645016, -0.5000000001451758, -1.9999405158005383, -0.5000009964500085, 35114000000, 
-0.029447777108026985, 0.002865091896066637, -0.029463189791492688, 8.181357275285783e-14, -9.779393145290319e-07, -8.365915096915663e-08, -2.0176339301425696, -0.5000000001449094, -1.9999404808423158, -0.5000009965127059, 35209000000, 
-0.022871074705017834, 0.020937015876078054, -0.02287765337593568, -9.305920523685554e-14, 1.057888647444747e-06, -8.796691926095745e-08, -2.017633734126661, -0.5000000001454642, -1.999940499975479, -0.5000009965409501, 35314000000, 
-0.039671893669627756, 0.0061565490735756975, -0.03965513270579732, 1.9101456154301015e-14, -2.6976823112347115e-07, -7.08069147903424e-08, -2.017633399284203, -0.5000000001464147, -1.9999404888935746, -0.5000009964757772, 35414000000, 
-0.05996660152949163, 0.016429572013260375, -0.059946330175050924, 2.0545674839773423e-15, -2.8047093758587494e-08, -7.325420243757956e-08, -2.0176330181740036, -0.5000000001474998, -1.999940469281884, -0.500000996579844, 35510000000, 
-0.04513938972769599, 0.005808953673769696, -0.045154166551239494, 1.7745718243810555e-13, -2.521853057838898e-06, -7.03677725736239e-08, -2.017632442332074, -0.5000000001491435, -1.9999404997346713, -0.5000009965559189, 35610000000, 
-0.03607139585057166, -0.027267067080373412, -0.03608046004809152, -9.37191001473395e-15, -2.22209450284009e-06, 4.217601907909669e-09, -2.0176322411511984, -0.5000000001497192, -1.9999404582903662, -0.5000009965918341, 35705000000, 
-0.0401684448690548, -0.022434308120655413, -0.04016436467841706, 5.246424357880919e-14, -1.6254576591955873e-06, -3.2276598090394366e-08, -2.017632101471904, -0.5000000001501199, -1.999940453493313, -0.5000009964880218, 35805000000, 
-0.0599076366250964, -0.001798937525837192, -0.059887932344039774, 9.047064685105238e-14, -1.2830508576014768e-06, -7.051212842815705e-08, -2.017631864989002, -0.5000000001507983, -1.9999404685199775, -0.5000009965361024, 35905000000, 
-0.05321434677430368, 0.02958140306052668, -0.05322100644777048, 4.688889695496318e-13, -3.968253116034236e-06, -1.181600457024845e-07, -2.0176313935175423, -0.5000000001521521, -1.9999404341177793, -0.5000009965563326, 36000000000, 
-0.03651747076646719, 0.004350529456395121, -0.03653414044380435, 1.1527908169239937e-13, -1.3696031397709627e-06, -8.416969729762548e-08, -2.017631255820066, -0.5000000001525484, -1.9999404623528734, -0.5000009966311149, 36106000000, 
-0.05272776593016771, -0.003939502759257554, -0.052711604254014985, 6.184667303513244e-14, -9.099233936491966e-07, -6.796909879094309e-08, -2.017631033222433, -0.5000000001531918, -1.9999404673653833, -0.5000009965692664, 36201000000, 
-0.05140074704566247, 0.0052115993964165185, -0.051402054756923415, 3.6991037144735464e-14, -5.903435239280191e-07, -6.266018961062711e-08, -2.0176305923579845, -0.5000000001544697, -1.9999404130011447, -0.5000009966577672, 36301000000, 
-0.07330450386944541, 0.014392811747100826, -0.07328264460872495, 8.931565913213325e-14, -1.167741823092372e-06, -7.648579280616218e-08, -2.017630142287244, -0.5000000001557773, -1.9999404210492302, -0.5000009966695099, 36396000000, 
-0.05977043579857616, -0.008149897443393244, -0.05978392031872211, 1.4261697891195338e-13, -3.160120784670775e-06, -4.513023033922147e-08, -2.0176295254169063, -0.5000000001575734, -1.9999404579352127, -0.5000009966789112, 36496000000, 
-0.06523353403462885, -0.0021161296754457493, -0.06522809469260714, 2.1651334859210282e-13, -3.2984436613555865e-06, -6.564106312585029e-08, -2.0176292405584433, -0.500000000158405, -1.9999404283625974, -0.5000009965705431, 36591000000, 
-0.046713342420731156, 0.025093963467882913, -0.046731819588316736, 2.7359677092298976e-13, -1.867931222674507e-06, -1.464704736458409e-07, -2.0176289204172275, -0.500000000159341, -1.9999403861427825, -0.500000996699427, 36691000000, 
-0.05018642485370277, -0.02872361437528419, -0.05018297667851668, 1.118593424438188e-13, -3.410797613860074e-06, -3.279565518319486e-08, -2.0176286432290262, -0.5000000001601533, -1.999940428421951, -0.5000009966279133, 36796000000, 
-0.07641840478935656, 0.02602612250883444, -0.07639222118544362, 6.140446996078455e-14, -4.157545064730622e-07, -1.4769405744195608e-07, -2.0176284721558324, -0.5000000001606572, -1.999940420030492, -0.5000009967099647, 36891000000, 
-0.06371672899166582, -0.0037037012761414363, -0.06372937845354776, 4.142672581136391e-13, -5.544419658677288e-06, -7.471787556075244e-08, -2.0176277684693154, -0.5000000001627319, -1.9999403802224036, -0.5000009966140293, 36986000000, 
-0.041302612994865595, 0.009221712938010742, -0.041324994383071675, 7.079837381778429e-13, -5.133642816415596e-06, -1.3791059555486766e-07, -2.0176276858971565, -0.5000000001629765, -1.9999403816190116, -0.5000009966260679, 37081000000, 
-0.07037876664731457, -0.0028934334311972957, -0.07034977068254758, -5.654332773823862e-15, 8.985762167549108e-08, -6.29254666259e-08, -2.017627844932694, -0.5000000001625041, -1.999940414785452, -0.5000009966953886, 37186000000, 
-0.04665352827354466, -0.0030251169863023493, -0.04661147523912915, 4.1091956781508166e-11, -0.0005445620352801939, -7.545872484549e-08, -1.9517831721047332, -0.5000001963095082, -1.9999333140511761, -0.5000010089031606, 154778000000, 
-0.07686914217925855, 0.0034612172233566335, -0.07683894451096339, 5.4753454378803555e-12, -2.789599378173399e-06, -1.962771242609595e-06, -1.95182800392565, -0.5000001958358794, -1.9999333235793175, -0.5000010088614737, 154798000000, 
-0.061780547153105714, 0.02071611013524123, -0.05330879023168933, -0.0018106564092334788, 0.10044318415844189, -0.018026672734481403, -1.9485697191427047, -0.5000002308946485, -1.989670913714694, -0.5000029426422172, 155002000000, 
-0.045554140574810366, 0.006966326086809553, -0.04556187932763263, -0.0018931564489225161, 0.09953174032754225, -0.01902063043098067, -1.9386699132211853, -0.5000003347504924, -1.9794718361739605, -0.5000179632809658, 155088000000, 
-0.05271561255912391, 0.021203202905020493, -0.05270847267061447, -0.0013556566034796456, 0.09927407286287622, -0.013655696441025104, -1.9287290785118676, -0.5000181014512505, -1.969268464357462, -0.5000497601703857, 155198000000, 
-0.060556884158862734, 0.02068852927403563, -0.0605490508488215, -0.0010215254743665798, 0.09940757524597821, -0.010276133099905868, -1.9186355331143392, -0.5000553098390013, -1.9590620464997448, -0.5000992377870547, 155293000000, 
0.06711556000083714, 0.038326402359517744, 0.0669881506493516, -0.0010894455091236637, 0.09922235909972342, -0.010979838808596726, -1.9088351957856124, -0.500105040636054, -1.948853350094493, -0.5001639304747003, 155388000000, 
0.058635134076902566, 0.0031185429351535295, 0.05864346985194024, -0.0007976723488495416, 0.1000564937241518, -0.007972219684697968, -1.8989685426736478, -0.5001651043566312, -1.9386466089149041, -0.5002427598774289, 155483000000, 
0.06835460378825182, -0.009149427314350493, 0.06834491143378696, -0.00029404929049255384, 0.09999793129716784, -0.002940553736243961, -1.8889267098390128, -0.5002371968602697, -1.9284468953119085, -0.5003311116729272, 155588000000, 
0.12273920056230879, 0.014970189021119655, 0.12268491410516333, -0.00023713753317699263, 0.10002956358282312, -0.0023706744754579076, -1.8788745527515431, -0.500317402399775, -1.9182515632271686, -0.5004248034812135, 155683000000, 
-0.054477874214492863, -0.003756310616935209, -0.054301066127036474, -0.0007039918127338316, 0.09957711897304147, -0.007069815033757136, -1.868899896862673, -0.5003999379577356, -1.9114542790997902, -0.5004901356953956, 155783000000, 
-0.011624747062586878, -0.010074526465622397, -0.01166733767861989, -0.0006389547606323319, 0.09987432310219066, -0.006397587896326048, -1.8590035010652277, -0.5004841705529925, -1.9012547009545882, -0.500593329680354, 155878000000, 
-0.09040961147581336, 0.012599691137805558, -0.09033102617682356, -0.00040836518794219436, 0.09987302016252168, -0.004088843886744073, -1.8490049077376953, -0.5005762980317311, -1.8910511605276479, -0.5007024830721586, 155983000000, 
-0.03210135730170574, 0.005502568164127946, -0.032159469874905394, -0.0006664797907887075, 0.10002950266077705, -0.006662832195106409, -1.8389515017767053, -0.5006753679865614, -1.880845698396456, -0.5008175466122042, 156074000000, 
-0.07157061501210467, 0.0008342501191905746, -0.07153128217223324, -0.0007819432908212542, 0.10000480129428928, -0.007819057492251692, -1.82891316221034, -0.500778423961896, -1.8706432649028415, -0.5009396032464152, 156174000000, 
-0.030088256225188095, -0.019908173369797243, -0.030129615863229542, -0.0007762764396267718, 0.10008011619500945, -0.007756550143428804, -1.8189900878866203, -0.5008869335850857, -1.8604454258808725, -0.501069585794385, 156274000000, 
-0.05399927620955208, -0.009781661062606084, -0.05397545387144971, -0.000565009232694051, 0.10003684785555428, -0.005648011155948076, -1.8089482586830017, -0.5010045336313197, -1.8502488616953894, -0.5012065333509051, 156374000000, 
-0.038961673067132635, 0.01277268811965162, -0.03897665635918108, -0.00047383996446889856, 0.09993916903055061, -0.004741283813597143, -1.798866864209853, -0.5011304424765741, -1.8400491977693167, -0.5013495169923857, 156474000000, 
-0.047319324737516585, -0.0030233974436999823, -0.04731099832024835, -0.0005742104706567364, 0.10005427358119666, -0.0057389899511963325, -1.7889641895922326, -0.5012597558992237, -1.8298465422747678, -0.5014987858813983, 156574000000, 
-0.04032078306852635, 0.019083243657670175, -0.04032775887682027, -0.0001753350183084414, 0.09990419366133511, -0.0017550316146167895, -1.7789035046371557, -0.5013958612234695, -1.8196443705798546, -0.5016536567684069, 156674000000, 
-0.06603036690093295, -0.01854125758344715, -0.06600471515587099, -0.000554464535969427, 0.10003236768241251, -0.005542851267199504, -1.7689208660389033, -0.5015366687799111, -1.8128444723618105, -0.501759362941005, 156769000000, 
-0.06777264064709942, 0.0034127953900962224, -0.06777087559879051, -0.00035615762330641274, 0.09995865142102746, -0.0035630495034018723, -1.758919771643055, -0.5016794947085862, -1.802646911140188, -0.5019210960337568, 156864000000, 
-0.08134634326287378, 0.010155241778525696, -0.0813327942020951, -0.00030130935952435054, 0.09995160860250095, -0.0030145523792681744, -1.7489100636814083, -0.501827990111486, -1.7924497064670872, -0.5020865904006749, 156964000000, 
-0.06993230834345415, -0.01467763135294878, -0.06994368527510753, -0.00047879976000128155, 0.10005275055957802, -0.004785473236102315, -1.7389765139137234, -0.5019789003790994, -1.7822505375763167, -0.5022561325225987, 157059000000, 
-0.0735597092759863, -0.012443872013921026, -0.07355609976584022, -0.0005550940636866194, 0.10008063361626802, -0.005546468318885516, -1.7289666662687768, -0.5021339712290784, -1.7720495706468207, -0.5024295298743323, 157159000000, 
-0.05172666750030634, -0.009810928995525403, -0.05174845264155534, -0.00046688029095879517, 0.10006047045772563, -0.004665981369296545, -1.7188869032817164, -0.5022949532340453, -1.7618488710949651, -0.502607113066107, 157255000000, 
-0.05493918707361694, -0.01981404081730762, -0.054936002185978085, -0.0004804193362686282, 0.10008169092794604, -0.004800271975965183, -1.708870048092425, -0.5024605270677444, -1.751650043974125, -0.5027884795170617, 157350000000, 
-0.0695345017455926, 0.0013264460096796668, -0.06951993184529981, -0.0003588472258740515, 0.09997947860447846, -0.0035892088144774273, -1.6989758937667847, -0.5026286961130526, -1.744851646375964, -0.5029112196526069, 157453000000, 
-0.05509294556411758, -0.00465265524117262, -0.05510734307421813, -0.000335313034233994, 0.10000832124707794, -0.0033528513432955083, -1.6889860540918888, -0.5028032329243756, -1.7346540065797753, -0.5030984045024474, 157553000000, 
-0.02754724452842443, -0.036125845839126744, -0.02757474907653579, -0.0005627830792147417, 0.10012561168388207, -0.005620770447740864, -1.678919976314422, -0.5029827129082657, -1.7244553541333116, -0.5032888475210411, 157648000000, 
-0.07373123701539253, -0.0024380344425805212, -0.07368517234543916, -0.00022578287437467214, 0.10002882923127077, -0.002257178016676101, -1.6689201482661982, -0.5031643900052406, -1.7142557715792788, -0.503481722648833, 157743000000, 
0.003830119546801622, 0.07829839424889704, 0.0037527597229553844, -0.038185550607827294, 0.10097057202686205, -0.37818494875584613, -1.6589374660360279, -0.5033513592313569, -1.704044485800206, -0.50368284285042, 157843000000, 
-0.05275949735636719, 0.04154712708912627, -0.05270310010983834, -0.019778705246323393, 0.07844354397045195, -0.2521393634863517, -1.6488998928920762, -0.5035419907752191, -1.6937884126583875, -0.5041544409363788, 157943000000, 
-0.08685305583306943, -0.011252170435268218, -0.08681897109310899, 0.004301188697309363, 0.10206733214269403, 0.04214069876242221, -1.6409811919995951, -0.5039905736804876, -1.6835811350705636, -0.50492298050616, 158043000000, 
-0.07467859022784298, -0.029888013294710403, -0.07469070581348916, -0.006391150575109705, 0.09914126419534124, -0.06446509056528686, -1.6307971526825458, -0.5048279610446738, -1.6733974546724935, -0.5058005915986316, 158138000000, 
-0.06007772873129512, -0.011367957963474049, -0.06009231170941977, -0.01144915949114468, 0.10021685926648606, -0.11424384654382638, -1.620943362144078, -0.5055964610274407, -1.6632261058025444, -0.5067894646371437, 158238000000, 
-0.06678524970686488, 0.01807364185468608, -0.06677856973634767, 0.001656068146768067, 0.09812858765324492, 0.016876510570192682, -1.6110123960330651, -0.5064352681976222, -1.656454949223087, -0.5075088660486659, 158338000000, 
-0.052047630375840905, -0.07160479278374769, -0.052062331210559795, 0.005554481844710379, 0.0985574273767314, 0.056357820943099685, -1.6011828542968578, -0.5073779612477575, -1.64631561578352, -0.5085907760717262, 158433000000, 
-0.05143953182528555, 0.0013292582071268485, -0.05144015267397012, -0.0056812647353019574, 0.10047715094522106, -0.05654285259739615, -1.5913819409784788, -0.5083010761837014, -1.6361802047224516, -0.5096177225279577, 158528000000, 
-0.05083350849028649, 0.0034450542894885264, -0.050834113499741866, -0.0044282389822567535, 0.0996329900438849, -0.044445509266622094, -1.5814135230260644, -0.5091835010413646, -1.6260273118704964, -0.5106460343401452, 158628000000, 
-0.06379836826512628, -0.02527208689504877, -0.06378542922321703, 0.0013247365537223266, 0.10114388525378375, 0.013097544655303509, -1.5715437217235375, -0.5101132287486156, -1.6158743973918408, -0.5117163226541317, 158728000000, 
-0.08255739236938081, 0.015632194054939666, -0.08253865729694591, -0.0036424817899854407, 0.10032336244053774, -0.036307413361911206, -1.5614284768134343, -0.5111111652058494, -1.6057290828468438, -0.512806745655911, 158823000000, 
-0.0675212512807016, 0.057193765302245125, -0.06753623816138975, -0.008528843909329021, 0.09778651778945732, -0.08721901650790292, -1.5514705716793897, -0.5120803963930356, -1.5955813179746823, -0.5139329084519131, 158918000000, 
-0.05840419220882086, 0.02874391040725699, -0.0584133054229824, -0.00423086913679687, 0.09720797409860826, -0.04352388964001096, -1.5417536682031658, -0.5130617466574962, -1.5854409718072882, -0.515124538051859, 159018000000, 
-0.04595066850280553, -0.015770786566802468, -0.04596310534394259, -0.0009876225928805227, 0.10064445064331991, -0.00981298607690373, -1.5320341547865974, -0.5141289194111603, -1.5753096936204367, -0.5163607862555589, 159118000000, 
-0.03715269649436834, -0.0370628260286054, -0.03716148888703759, -0.0045384324223880015, 0.10039293603745997, -0.045206690844209994, -1.5219602474852363, -0.5152796215717423, -1.5651816027390042, -0.5176248426501995, 159218000000, 
-0.05645187683725878, -0.030705024462768703, -0.0564326244838173, -0.004267982745833409, 0.10126076217688658, -0.042148435920104144, -1.512067260881397, -0.5164196018067141, -1.5584323728521212, -0.5184909680631146, 159318000000, 
-0.05849052608184511, 0.03518188307605788, -0.0584884719898868, -0.000314655487072232, 0.09856458543992712, -0.003192378739968499, -1.5019849647696302, -0.5176272272220476, -1.5483129773646944, -0.5198231624663793, 159413000000, 
-0.06583506447434698, -0.008381872155402585, -0.06582773181997988, -0.001291915425401219, 0.10004511503151252, -0.012913328401834389, -1.4922899437049402, -0.5188300130926969, -1.5382004853206266, -0.5211733530951487, 159513000000, 
-0.051168453557055994, -0.0176412895772116, -0.05118308290109544, -0.0030677400536644763, 0.10023879943371704, -0.030604317599524138, -1.4822575632844728, -0.5200778853603726, -1.5280896834299915, -0.5225331234943972, 159613000000, 
-0.05467643265912787, -0.006941513464151491, -0.05467294577507668, -0.0015228676421442813, 0.10018609142761374, -0.015200389799062883, -1.4723212144928743, -0.5213269984797904, -1.5179793870482445, -0.5239125523281166, 159713000000, 
-0.05943683333028017, -0.00521521599129926, -0.05943207841463414, -0.00020815462940399038, 0.10007275379903219, -0.0020800329910178154, -1.462395129991943, -0.522605645758308, -1.507873150446635, -0.5253093854385833, 159808000000, 
-0.03592660210697399, 0.0031489722354294167, -0.0359500601121272, -0.002186394748110661, 0.10002395419289961, -0.021858711403211717, -1.4525511741723267, -0.5238888982223981, -1.501136509154052, -0.5262458066633258, 159908000000, 
-0.07366466249475974, -0.03810063877651798, -0.07362702269142554, -0.0026685294701098584, 0.1008178359674074, -0.026468823145267134, -1.4425753602176188, -0.5251914526257708, -1.4910321407364044, -0.5276659470075132, 160008000000, 
-0.05467341181180238, -0.0030658977356819326, -0.054692326951691954, -0.0011638688877410063, 0.1000717166730719, -0.011630347978773003, -1.4325846365028685, -0.5265183036840865, -1.4809300857852148, -0.529107901644665, 160098000000, 
-0.06308043124132519, 0.010617618534132055, -0.06307205933807475, -0.0012719791824295017, 0.09988224660128545, -0.012734787469359262, -1.4225993092597349, -0.5278713181311617, -1.470832106425964, -0.5305664130374385, 160188000000, 
-0.05611112228926301, -0.052253305203086325, -0.05611806865044961, -0.00283548401216042, 0.10066670205119285, -0.028167049822675906, -1.412833552739792, -0.5292062296882841, -1.4607360185142224, -0.5320401437719693, 160288000000, 
-0.05647227904546891, -0.023154868906997604, -0.05647192496901932, -0.0018590209607221605, 0.10062470959459398, -0.018474795785368762, -1.4027013324112096, -0.5306042221770938, -1.4506426895102114, -0.533533127821831, 160388000000, 
-0.055405263537419126, 0.014681312157627649, -0.055406327609898734, -0.0004070987517254576, 0.09972960385951088, -0.004082025155729464, -1.392856383547688, -0.5319912900931971, -1.4405525314604513, -0.5350416788577737, 160488000000, 
-0.044198314897694865, 0.0020635399139140413, -0.04420949996076309, -0.0009781014002432742, 0.10000566983626294, -0.009780459466395233, -1.3828937009595252, -0.5334134821220812, -1.4304640632805958, -0.5365602269599773, 160588000000, 
-0.06305292448125784, 0.014185762040776312, -0.06303411822470446, -0.001255592929073712, 0.09987489590885217, -0.01257165694790402, -1.3730229374929797, -0.5348267070156745, -1.420377085618098, -0.5380904050081184, 160688000000, 
-0.036668365102537126, 0.014633498701612659, -0.03669467763254233, -0.0003715099429841304, 0.09981751095025139, -0.0037218914742252925, -1.3631273299752678, -0.5362533405882469, -1.410292494605263, -0.5396328302740196, 160788000000, 
-0.06914157077567361, -0.0063844720497394465, -0.06910918822810752, -0.0003279284442233912, 0.10002597843693643, -0.0032784327566477227, -1.3532509605020364, -0.5376898808536148, -1.4002096583625683, -0.5411823496873365, 160883000000, 
-0.07847184056449623, -0.0020126961532772646, -0.07846249591586374, -0.0011527169507760174, 0.10002098990719997, -0.011524750473330793, -1.343446390939082, -0.5391197030959155, -1.3934882708981298, -0.5422181597106357, 160983000000, 
-0.06336911117776348, -0.012868172326634045, -0.06338417365232003, -0.0011330557728102713, 0.10014977134467037, -0.011313613177515943, -1.3335204251699042, -0.5405705289587255, -1.383406711231144, -0.5437801076229314, 161083000000, 
-0.060096176630370375, 0.006668234177165597, -0.06009945744784185, -0.0006133264452996761, 0.09992570224517187, -0.006137824718958233, -1.3235243919287838, -0.5420433978555547, -1.3733266367680004, -0.5453526355161025, 161178000000, 
-0.06577213123727696, -0.021637920951571556, -0.06576646926708041, -0.001175854473949714, 0.1001423025627613, -0.01174183580622965, -1.313694537115922, -0.5435032406986907, -1.3632483494041676, -0.5469339681840732, 161278000000, 
-0.06707558344135627, -0.00953238218103799, -0.06707427627080652, -0.00122522315656089, 0.10011765284942369, -0.012237833405899136, -1.3036726096932305, -0.5449978666872447, -1.3531712073210065, -0.5485246557868, 161378000000, 
-0.08019145229175129, 0.011608201153765579, -0.08017836065314615, -0.0005957114862089669, 0.09986066369670166, -0.005965426867362619, -1.2938554171512688, -0.5464738842826421, -1.3430957311644507, -0.5501258892491463, 161478000000, 
-0.06299148794243975, 0.03979758944130973, -0.06300863974373935, -6.317846927786873e-05, 0.09976514970589215, -0.0006332719337776667, -1.2840158667611432, -0.5479654687201405, -1.3330221698778937, -0.5517356068632931, 161569000000, 
-0.03883642092406273, 0.012169631233823863, -0.03886054427124272, -0.0005870451886714129, 0.10000319344958149, -0.005870264422779488, -1.2741778838325892, -0.5494627934603661, -1.3229497416663953, -0.55335209101918, 161674000000, 
-0.03965102958668579, -0.0006796157389448814, -0.03965024029346539, -0.0006139142335784975, 0.10001074942665623, -0.00613848248411254, -1.264327933508158, -0.5509625813861657, -1.312878506675601, -0.5549758019344772, 161769000000, 
-0.08937840825334296, 0.01468023646106592, -0.08932877890434109, -0.0002512534053988632, 0.09991501890018542, -0.0025146710491028785, -1.2543964410321604, -0.5524807290068212, -1.3061649976564749, -0.5560618195932339, 161869000000, 
-0.08701939882970487, 0.0003926786749217533, -0.0870217027031956, -0.0005599788879911434, 0.10000109721459825, -0.005599727438884513, -1.244513807386027, -0.5539976412870009, -1.2960957318161823, -0.5576945749079486, 161964000000, 
-0.07926351530660983, 0.001960440563368777, -0.0792712571512405, -0.0007644713877683486, 0.09999332050347201, -0.007645224540191206, -1.2346336342788946, -0.5555167236662313, -1.286027077881055, -0.5593324678629645, 162064000000, 
-0.05844875402648299, 0.010185698245329142, -0.05846953420366084, -0.0005481212009134454, 0.09992547449482406, -0.005485299956637555, -1.2247368066529063, -0.5570440395099905, -1.2759590871772506, -0.5609775415178663, 162159000000, 
-0.03802896481593515, -0.02635135672780504, -0.03804936400204679, -0.0007429756759305289, 0.10014588528267727, -0.007418933627011883, -1.2148621930798502, -0.5585756658251831, -1.2658924812133434, -0.5626298010881639, 162264000000, 
-0.0650127307845671, 0.0024301795445665583, -0.06498582084034302, -0.0006256048751222058, 0.09998770277946525, -0.006256818165950383, -1.204883523342339, -0.5601290394793359, -1.2558269718082093, -0.5642881354490528, 162359000000, 
-0.0627144807718615, -0.004333341288368635, -0.06271674694288112, -0.0006818089531055948, 0.10003090426580595, -0.006815983101520965, -1.1951101673365447, -0.5616579404863229, -1.2457626040136611, -0.5659531048346004, 162459000000, 
-0.0810864659737281, 0.021997148177404835, -0.08106813230083751, -0.0001990380812976982, 0.09985433524627012, -0.0019932843256811215, -1.1852722688149555, -0.5632031778158177, -1.2356993869120583, -0.5676243228606943, 162560000000, 
-0.0669986347050659, 0.016934466474964945, -0.06701267530335535, -0.0002538772941106162, 0.09996847816934687, -0.002539573461151898, -1.175336738780277, -0.5647706537882994, -1.2256370563150873, -0.5693005232007131, 162660000000, 
-0.04173967042583419, 0.0016837718072710121, -0.0417648923410066, -0.00037995444605903915, 0.09999784187841375, -0.003799626461149247, -1.165464744528134, -0.5663301379856149, -1.2155756779302684, -0.5709814058134609, 162750000000, 
-0.0570693850285717, -0.0045420697563592774, -0.05705411064726798, -0.00042137310826971855, 0.10002016439522854, -0.004212881580604762, -1.1555527218178705, -0.5678985261126768, -1.2088685316118644, -0.5721044092562397, 162855000000, 
-0.0793302523439551, 0.022293815666425652, -0.07930802009253067, -0.00013273534193112497, 0.09991083930894759, -0.0013285379529309766, -1.1457322001263577, -0.5694562748861673, -1.1988083821525657, -0.5737921304627603, 162955000000, 
-0.05700581791805947, 0.020588358348237745, -0.05702807483215146, -0.00024631520133294385, 0.0999761037653821, -0.0024637407546005347, -1.1358725263419236, -0.5710244644941481, -1.1887488983436778, -0.5754835003347057, 163050000000, 
-0.056172865408128096, 0.005869831140625281, -0.056173718334258035, -0.00044729817898889976, 0.09999192967888672, -0.004473342803017699, -1.1259331807310744, -0.5726066799072553, -1.1786899541294984, -0.5771791479917104, 163150000000, 
-0.10715698817059348, 0.01549258074791668, -0.10710610606650056, -0.0002738290823515649, 0.0999368072631144, -0.0027400223186100554, -1.1161285728040802, -0.57416994216716, -1.1686317048314079, -0.5788798822859618, 163250000000, 
-0.046016781044216866, 0.013680167882817614, -0.04607774740728613, -0.0002734651164935789, 0.09996006750388993, -0.0027357436156486897, -1.1061698676804426, -0.5757623080628141, -1.1585744583080346, -0.5805854617254967, 163345000000, 
-0.06553093568786214, 0.006740569358869771, -0.06551152085166595, -0.0004548419486949778, 0.09999026774342264, -0.004548862193889838, -1.0963512219960374, -0.5773350630899545, -1.1485179413533244, -0.5822955903720366, 163445000000, 
-0.034220956791406895, 0.0647103677957904, -0.03425218428235293, -0.029699378903199056, 0.09994059012266157, -0.29717033756502415, -1.0864721179627166, -0.5789202619879619, -1.1384369810532327, -0.5840593719981586, 163545000000, 
-0.03316531482782157, 0.04656797599463072, -0.033166401093761455, -0.020553708015817105, 0.08079082736450352, -0.2544064553651005, -1.0766177152571454, -0.5805063908222154, -1.1283990544550657, -0.5860338541210548, 163640000000, 
-0.05419722194476192, 0.019964032649860783, -0.054176231506279565, -0.003605836789384549, 0.0933800344410399, -0.038614644029300205, -1.068720626465023, -0.5820191552631148, -1.118399760925867, -0.5881896539643678, 163740000000, 
-0.0680112007394434, 0.00173842588929724, -0.06799739218634307, -0.007679949758479751, 0.09978000515176112, -0.07696882503462368, -1.059555899888137, -0.5840162701097164, -1.111757275605644, -0.5896704443163097, 163840000000, 
-0.0360275507620262, 0.01763954323700591, -0.03605945628687125, -0.0054589944895884705, 0.09832558651039489, -0.05551957210050663, -1.0497804893213933, -0.5861862462557078, -1.1018017597364276, -0.5919446848730282, 163940000000, 
-0.04275624539427712, 0.03146315575241358, -0.042749561598676156, 0.004200197762599656, 0.09841582952796817, 0.04267807102521073, -1.0402170972257978, -0.588386775955324, -1.0918627044593554, -0.5942773276434655, 164040000000, 
-0.047057036019520056, -0.06055660867183149, -0.047052736860849514, 0.007834114036261422, 0.09692127262840147, 0.08082966539551752, -1.030627729308002, -0.590649202813884, -1.0819389778610993, -0.5965994393973331, 164135000000, 
-0.05810881938104628, -0.047744843929914335, -0.05809778497342585, 0.0007062522653019704, 0.09606151946445281, 0.007352083011380184, -1.0211953663117053, -0.592832049780053, -1.0720075229340098, -0.5988421316690858, 164235000000, 
-0.029060689568152265, 0.003062773686406452, -0.029089667759207627, 0.0004962250550449329, 0.10000241974190989, 0.004962130479698488, -1.011793947269129, -0.594927983555341, -1.0620512731269094, -0.6010361514286036, 164330000000, 
-0.04387331590112022, 0.005083703449155106, -0.043858561465178525, 0.00314962673093117, 0.09995219292450015, 0.03151133195557071, -1.0020910176813664, -0.5970836313943104, -1.052089945224416, -0.6032100011522435, 164430000000, 
-0.04054223567853213, -0.009048058708707615, -0.04054554496592486, -0.0011294519086501914, 0.09977221797427979, -0.011320304705878664, -0.9922934543123095, -0.599255206784406, -1.0421207746523717, -0.605361961611413, 164530000000, 
-0.05180785050044984, -0.034433900971491974, -0.05179661019693925, -0.00590133640888254, 0.10042309642629603, -0.05876473260525017, -0.9825714238282327, -0.6013778385160083, -1.0321477262284675, -0.6075215665541452, 164630000000, 
-0.06964768979673613, -0.030524006112480233, -0.06962987368526238, -0.003507067842596267, 0.10164330670305032, -0.034503677185966836, -0.9726991144946275, -0.6035450094227308, -1.0221808309913682, -0.6097159520947161, 164730000000, 
-0.04062950840683864, 0.018468903512446684, -0.04065845045463455, -0.0003032298800691765, 0.09936610368497435, -0.0030516430535559927, -0.9628270842900044, -0.6057733726322118, -1.012221403915731, -0.6119365552134205, 164825000000, 
-0.04430128431578963, -0.011557617614579949, -0.044297648280787465, -0.002813905938797649, 0.10007314505495632, -0.028118492101475975, -0.9532163256346735, -0.6079774540946016, -1.005583794523155, -0.6134247582808784, 164925000000, 
-0.06172487129229185, -0.03321730157451344, -0.06170747830823942, -0.0021563425167598995, 0.10090511356435687, -0.02137000237737796, -0.9434185487256477, -0.6102275737461412, -0.995631201341672, -0.615676235581347, 165030000000, 
-0.04974412143801592, -0.007070185127306649, -0.04975606037701117, 0.0007359174355755452, 0.10014899323639659, 0.007348225996026237, -0.9334913059897834, -0.6125369564678067, -0.9856842442802038, -0.6179461328448166, 165125000000, 
-0.027108450308487873, 0.000776302541781718, -0.027131052267852042, 0.0008136335283162068, 0.0999823741934509, 0.008137769630694585, -0.9238454490249828, -0.6148028088078215, -0.9757414240795176, -0.6202151182046065, 165220000000, 
-0.08737435628821293, 0.0006099369356921886, -0.08731423289334167, -0.00047638672385695775, 0.10001679848663615, -0.00476306711537673, -0.914059790401394, -0.6170939951580099, -0.9657969283836643, -0.6224737192630181, 165320000000, 
-0.029164471712845346, 0.031672137329977736, -0.029222504619099893, 0.0007479719391569396, 0.09983991232324575, 0.007491712700380538, -0.9043534973221471, -0.6193582388639903, -0.9558496402517678, -0.6247289374254913, 165425000000, 
-0.05200141055625366, 0.00347268145601177, -0.05197867678315635, 0.0012822613606777943, 0.09999063720022368, 0.012823814274832182, -0.8945486990483115, -0.6216503562012086, -0.9459023441960573, -0.626980391222079, 165520000000, 
-0.05306300381281532, -0.0011974155220086727, -0.053061921140656665, -0.00020606082289093754, 0.09998893625731704, -0.0020608362345274807, -0.884896616996596, -0.6238990771988041, -0.9359528677370464, -0.6292250073422446, 165620000000, 
-0.05550551820315992, -0.0472242472900718, -0.05550307894040337, -0.0015605810425056612, 0.10010898001815786, -0.01558882172431086, -0.8751530568314289, -0.626156073494533, -0.9260023878556589, -0.6314705395545549, 165720000000, 
-0.050637355543060446, 0.0293126593487648, -0.0506422110585191, 0.00022874737859956667, 0.09954718411263383, 0.0022978789469398526, -0.8653638041911069, -0.6284257939695225, -0.919369374316752, -0.6329711276265801, 165815000000, 
-0.07806408042334337, 0.009762358941590598, -0.07803671270226376, -0.00026480732718941026, 0.10002831811258005, -0.0026473235998167484, -0.855613230818113, -0.6307026111161917, -0.9094207644784426, -0.635224532109046, 165910000000, 
-0.034576875089974826, -0.03326801503555147, -0.03462024745357058, -0.0012711195144719098, 0.1000963757587525, -0.012698956429106897, -0.845949898038011, -0.6329567070623462, -0.8994727989328958, -0.6374820607935223, 166010000000, 
-0.03603770983409446, 0.027526656748029604, -0.03603629489366317, -0.0002545650741766499, 0.0996572763627548, -0.0025544052924949216, -0.836129960183231, -0.6352500624553803, -0.8895257526840438, -0.6397473603135766, 166110000000, 
-0.07188409391434818, -0.018247497907701814, -0.07184831724044574, -2.9058470359123878e-05, 0.10004332110685601, -0.0002904588735922371, -0.8265049260729844, -0.6375108785415395, -0.8795809661054994, -0.6420193972752, 166210000000, 
-0.052092978454030756, 0.001984725336455244, -0.05211269366788898, -0.0002787551812692994, 0.09999874198945348, -0.0027875868808299484, -0.8167534315597424, -0.6398040041622209, -0.8696376211977904, -0.6442925370370032, 166305000000, 
-0.06255135750867064, -0.006637136854748713, -0.06254093914322822, -0.00033408555677239243, 0.10002067871872734, -0.00334016486442658, -0.8069668675767652, -0.6421056794948505, -0.8630086813562178, -0.645808614862578, 166405000000, 
-0.041547084726677765, 0.043000096239867634, -0.04156803610238409, 0.0006939561951635173, 0.09985241639886203, 0.006949818744410736, -0.7973122034496821, -0.644379189687867, -0.8530653042289997, -0.6480850208544472, 166495000000, 
-0.08725059413463367, 0.043375329247562884, -0.08720500225727466, 0.0004901065752116586, 0.1002949108598907, 0.004886654477377465, -0.7876140507429615, -0.6466663209326377, -0.8431227417218355, -0.6503611900398931, 166595000000, 
-0.05038253829567909, 0.0225103610907457, -0.050419286413965474, -8.229625645423165e-06, 0.10010858321580206, -8.220699345712172e-05, -0.7776546198010486, -0.6490077823416394, -0.8331799601484532, -0.6526364076098613, 166680000000, 
-0.0585625379037037, -0.00263866237401829, -0.058554410425068766, -8.161796297051371e-05, 0.09999917428274765, -0.000816186369096798, -0.7680892291486654, -0.6512515792753955, -0.8232369028530732, -0.6549125311516195, 166772000000, 
-0.08195080754417766, 0.014345764605799206, -0.08192745723525283, 0.00019754877923484974, 0.09998587132796934, 0.00197576694197982, -0.7583044269319403, -0.6535469285908306, -0.813294116057261, -0.6571895779558601, 166873000000, 
-0.04585500240267252, 0.030185129783265558, -0.04589100207430696, -5.444274324365112e-05, 0.10006245603869686, -0.0005440876168639778, -0.7485999589193666, -0.6558242698621571, -0.806665588639313, -0.6587077772315647, 166969000000, 
-0.062002058516376496, -0.0036905983842968147, -0.0619859791402189, -0.0005129963977133635, 0.10000605218271906, -0.005129653521129682, -0.7387521276363246, -0.6581332103545724, -0.7967229682379473, -0.6609874572919588, 167069000000, 
-0.059191733110624783, -0.05237233684925028, -0.05919452115090331, -0.0007712854601925293, 0.10026525408384092, -0.007692450063983154, -0.7291080526421033, -0.6603949419985966, -0.7867810761567271, -0.6632715952171331, 167166000000, 
-0.08209192352517891, -0.011595419949451367, -0.0820690712372681, -0.0003304708882124415, 0.10009009864235371, -0.003301734064558118, -0.7193991039720234, -0.6626770951202127, -0.7768402995690251, -0.6655595190352284, 167261000000, 
-0.0397125103892139, -0.02146500358872532, -0.039754781637169924, -0.0005802907017322606, 0.10006831644016805, -0.005798945384268785, -0.7096796818935441, -0.6649695546588358, -0.7669002976594762, -0.6678501673681592, 167361000000, 
-0.06481292503425352, 0.016570514694884658, -0.0647879164918875, -0.00016987865358239593, 0.0999093350922311, -0.0017003281367609221, -0.6998166102315583, -0.6672993282977299, -0.7569610047435601, -0.670143842803601, 167461000000, 
-0.05075283451805285, -0.017888150481965518, -0.05076684094677212, -0.0002132882649219293, 0.10002644471951218, -0.002132318763503179, -0.690121978794654, -0.6695953220403673, -0.7470224943171947, -0.6724402479571876, 167561000000, 
-0.06827432684563903, 0.016711521141059622, -0.06825685379758381, 0.00037923747358030864, 0.0999582717204157, 0.003793957889158385, -0.6804779116131514, -0.6718810678638774, -0.7370845079016967, -0.6747375549780761, 167656000000, 
-0.07345146152777993, 0.030231716647342113, -0.07344627657752249, 0.00040147949334761417, 0.1001048185291058, 0.0040105910908862265, -0.6706713202632724, -0.6742075159824494, -0.7271465558224263, -0.6770340218583303, 167756000000, 
-0.06333614241842694, 0.009365324102227032, -0.06334623165221127, 0.00017391910199132413, 0.10003205166155744, 0.0017386337589051135, -0.6608872705601156, -0.6765246634173656, -0.7172084641389751, -0.6793297954968572, 167856000000, 
-0.0669219593741754, 0.006204605118141053, -0.06691839014835775, 0.00011500694035785336, 0.10000532694807837, 0.001150008143241846, -0.6511253962516061, -0.6788324091622936, -0.7072700876865055, -0.681624768761, 167956000000, 
-0.07131555003593162, 0.011369669418848838, -0.07131116099308624, 0.00012240083297549136, 0.100009006738345, 0.0012238980964557565, -0.6414768776035074, -0.6811115817743846, -0.7006443982519699, -0.6831543855301274, 168051000000, 
-0.06778778838628803, -0.023052759301709906, -0.06779130402254147, -0.0003628242540695688, 0.09996881460721166, -0.0036293743753504004, -0.6317363547613707, -0.6834113152069493, -0.6907057872677934, -0.6854487125970996, 168151000000, 
-0.05993376494838374, -0.01318017787171849, -0.05994160612310183, -0.00040256985926904624, 0.10004913154882646, -0.004023721675910622, -0.6219679125996194, -0.6857163823167732, -0.6807670762480823, -0.6877441372230986, 168251000000, 
-0.039217506910708334, -0.01930544807186692, -0.039238189077980906, -0.00039847147485754935, 0.10007538083457825, -0.0039817132998595465, -0.6123318004611848, -0.6879939306251537, -0.6708286980372035, -0.6900421776355475, 168346000000, 
-0.08742710149541869, -0.00027653641883041476, -0.08737900833310502, -0.00018735621374195853, 0.10000151498439291, -0.0018735337536756212, -0.6025491048176794, -0.6903102381176446, -0.6608911041665183, -0.6923428380044051, 168446000000, 
-0.03785108123140548, -0.0011219307624611436, -0.037900509473952425, -0.00023316504744068175, 0.1000012001528235, -0.0023316224913736538, -0.592785284144514, -0.6926261988942581, -0.6509540103174748, -0.69464576888846, 168542000000, 
-0.047212689975441785, 0.014470986381309267, -0.04720339600008698, 9.401384247575087e-05, 0.09996653414987984, 0.0009404531554009455, -0.5830726661296898, -0.6949319435884687, -0.641017545513905, -0.6969507782768147, 168643000000, 
-0.031286918462645204, -0.03678101004555224, -0.03130280271540535, -0.0003366687122786198, 0.09996471275236676, -0.003367875553372696, -0.5733322032766022, -0.6972466901716087, -0.6343934992861725, -0.6984879607002875, 168738000000, 
-0.050029384065098215, 0.023952586818699877, -0.05001069454036983, 0.00027010942924508656, 0.09991788404737043, 0.002703314144613285, -0.5636711452843771, -0.6995416098719274, -0.6244576268380919, -0.7007935538655945, 168838000000, 
-0.0267892935497621, -0.017673539251443875, -0.02681246812377109, -0.00015919721696522825, 0.09995201007333666, -0.0015927365227414864, -0.5539629499315275, -0.7018511518827222, -0.6145215738319736, -0.703098550072747, 168934000000, 
-0.032025919175554016, -0.02911263754038759, -0.03202071584116356, -0.00025707865971646206, 0.10004646438120904, -0.0025695926518393506, -0.5441008351383978, -0.7041945021156544, -0.6045853803334303, -0.7054030383385291, 169034000000, 
-0.06618485181965628, -0.023726082614716346, -0.06615075552728715, -0.000267770495275733, 0.10006092839167025, -0.002676074463626744, -0.5344649196357649, -0.7064857501990158, -0.5946491102145595, -0.7077071804450081, 169134000000, 
-0.0547024330040533, 0.0012069122563000887, -0.054713857834854565, 4.603746596175367e-05, 0.09999161561705615, 0.000460413262428583, -0.5247278851425626, -0.7088036597912173, -0.5880248369544899, -0.7092433614217666, 169230000000, 
-0.04776819573713941, -0.0055108096308159205, -0.04777512700044487, -0.00012132873482848214, 0.09999446847471105, -0.0012133544652939137, -0.5150280522260733, -0.7111154540078523, -0.5780884741972782, -0.7115475408686608, 169330000000, 
-0.052232662280488784, -0.005262797069261394, -0.0522282131517016, -0.00011508901880148898, 0.10000448117963384, -0.0011508386168691722, -0.5052042819136936, -0.7134563117183748, -0.5681521450708096, -0.7138520282148375, 169430000000, 
-0.05712537237537231, 0.0208610033770428, -0.05712048447842494, 0.00029824304893062047, 0.09997352122612398, 0.0029832204094926576, -0.4955658241440349, -0.7157542602982224, -0.5582159422766859, -0.7161570648053853, 169510000000, 
-0.07251077931912327, -0.008384904035526435, -0.07249541915812881, 6.903221820489272e-06, 0.09996963608883185, 6.905318545278238e-05, -0.4858294867347061, -0.7180767139278481, -0.5482798177546494, -0.7184617001989626, 169605000000, 
-0.0663743845888873, 0.004231379793732442, -0.06638049268219302, 3.211492224623209e-05, 0.09999430013786224, 0.0003211675285686806, -0.47606863562112633, -0.7204019369949501, -0.538343518659543, -0.7207654602771686, 169710000000, 
-0.06057409072049658, 0.022641326169396004, -0.06057988486167652, 0.0002251029711954481, 0.10000191308581646, 0.002250986648648175, -0.4662305030589105, -0.7227454976831819, -0.5284070997490432, -0.7230687794821071, 169805000000, 
-0.035948114299416946, 0.05774603469979535, -0.035972696335553694, 0.004057833010786251, 0.10005498282565838, 0.04055603125590312, -0.4566207782494349, -0.7250343170800759, -0.5184725843576043, -0.7253675639574209, 169900000000, 
-0.05983019031199822, 0.04588439021808385, -0.059806379896692206, 0.003139491635874435, 0.1016806117955523, 0.03087601048454512, -0.44692064238493223, -0.7273423530114896, -0.5085337393452091, -0.7276423610762313, 170005000000, 
-0.05290271663865778, -0.02391069620313671, -0.05290960616180537, -0.00042229204084504154, 0.09927872409414201, -0.004253600604743862, -0.43690695879078534, -0.7296822846706896, -0.4985886058540667, -0.729897182869091, 170105000000, 
-0.053627949057802944, -0.014239114910461776, -0.05362723156042661, 0.0002449607227936326, 0.10005134567488731, 0.00244835010605077, -0.4273728622715027, -0.7318788116492457, -0.48864108985714383, -0.7321454964830112, 170200000000, 
-0.060928148299876105, 0.01439576583497606, -0.06092086140773572, 0.0010152548064911136, 0.10001562694431164, 0.010150961779766716, -0.41753071937794867, -0.7341506464613305, -0.482008195435442, -0.7336403408546631, 170301000000, 
-0.067826751959564, -0.0330135039185773, -0.06781985927810358, -0.0009201582293816553, 0.09968342821229509, -0.009230804416377022, -0.4078298006854919, -0.7363873496955652, -0.47205730646790867, -0.7358768625183143, 170396000000, 
-0.07324281583027864, 0.0014947913032941663, -0.0732374029907106, -0.0011730957300013806, 0.09999384386263088, -0.011731679518320659, -0.39814554748943715, -0.7386099275626047, -0.46210484330896323, -0.7381162774700588, 170496000000, 
-0.03401458657987498, 0.012190938584714393, -0.03405373041078994, 0.00019635793911446767, 0.09985313753486082, 0.0019664673936351275, -0.38826429276788704, -0.7408872925283921, -0.45215373671955966, -0.7403669548329685, 170596000000, 
-0.08188945919623025, 0.007071897542615898, -0.08184171855187888, 0.00022447089301869978, 0.10001111356625618, 0.0022444594906944064, -0.3786330662317543, -0.7431190880939419, -0.44220585360830883, -0.7426228395680166, 170691000000, 
-0.08036083601234277, -0.029614974160366864, -0.08036231314093897, -0.0009167854505181872, 0.09994121826122383, -0.009173246699093827, -0.36894070695053816, -0.7453630611063659, -0.4322585474526806, -0.7448789141389508, 170791000000, 
-0.04034701819867649, -0.029719579278305933, -0.04038695281740398, -0.0002044543847745353, 0.10026433597154674, -0.002039153631183035, -0.35912587482341374, -0.7476330920889049, -0.4223115958605506, -0.7471366176343691, 170891000000, 
-0.06681636242185553, 0.0019350882610446101, -0.06678998536478742, 0.0009764110668684739, 0.09998060017012504, 0.009766005257090194, -0.34935592660561365, -0.7499022529956816, -0.4123649986215603, -0.749392254128844, 170991000000, 
-0.056058841093181044, 0.011691756020876045, -0.05606955014907866, 0.0005244333001138667, 0.10009627476055034, 0.005239288888306909, -0.33959553785587615, -0.75217128004974, -0.40241703005934626, -0.7516417671280133, 171087000000, 
-0.06608858352567326, 0.013449193534213524, -0.06607858393650244, 5.0071358817929066e-05, 0.10006798455148738, 0.0005003734115596797, -0.32994725331638836, -0.7544042991981523, -0.3924677900398414, -0.7538877997248136, 171187000000, 
-0.035711401467325724, 0.008630733249637215, -0.03574170741242138, 0.000630099366520029, 0.099987898766708, 0.0063017562554262534, -0.32016246580476104, -0.7566635728135392, -0.38583483587944445, -0.7553845120885673, 171287000000, 
-0.03823065366958762, -0.021023900619767902, -0.038228169336943126, 0.00030603111648943297, 0.09985651293843997, 0.0030647086252460717, -0.3102957036995853, -0.758941246278755, -0.3758850840978481, -0.7576259440466563, 171387000000, 
-0.06212408847493773, -0.022886676562377545, -0.06210023984576435, -0.000287522512771981, 0.09992941722342974, -0.002877255974875911, -0.3006342711531132, -0.7611650307417454, -0.3659342121004825, -0.7598624842093343, 171482000000, 
-0.03829521523069878, 0.02711882512198999, -0.0383189721382707, 0.00020058241360631257, 0.09992022870427401, 0.00200742548538355, -0.29082934024619456, -0.7634187093283878, -0.3559820390836354, -0.7620975673091446, 171582000000, 
-0.03692950953960154, 0.01200510669251663, -0.03693089584671126, 0.00030556984797130716, 0.10001747807757501, 0.0030551644956924705, -0.28119077680585425, -0.7656370827231764, -0.34602990398886596, -0.7643333880650656, 171677000000, 
-0.059946002828361336, 0.01685842378172879, -0.05992303325799471, 0.00010635056331219429, 0.1000529769520781, 0.0010629425185732606, -0.27134799736606524, -0.7679003973705574, -0.33607797343046436, -0.7665690198764868, 171777000000, 
-0.07467226973544255, 0.033582445810074586, -0.07465754934539245, 0.00016782552872044503, 0.10003636297725153, 0.0016776452454454875, -0.2617344887038027, -0.7701078716560211, -0.32612589912489964, -0.7688049749791648, 171877000000, 
-0.07111168501515587, -0.005545696065995677, -0.07111522306161058, 0.00014451642191449281, 0.09998044640912954, 0.0014454468559093826, -0.25194528026162827, -0.772354610075289, -0.3161742219087788, -0.7710414559881125, 171977000000, 
-0.062179158821387887, -0.028241743506920075, -0.062188076348657084, -0.0001863295241454352, 0.09995241399023627, -0.001864182331440605, -0.2421722117372293, -0.7745959117739358, -0.3095396850084077, -0.7725317105996404, 172072000000, 
-0.0342147627337879, 0.0028568755670680982, -0.03424267961524473, -4.003776401481042e-05, 0.09999425457111226, -0.00040040064488242196, -0.23241546264565355, -0.7768319856607822, -0.29958763255320886, -0.7747661816812568, 172172000000, 
-0.03222971350519992, -0.02962324878931624, -0.032231722113328316, -0.00027416157362108713, 0.10001118913726798, -0.002741309007383096, -0.22267793325865526, -0.7790655665755688, -0.2896352674435274, -0.7770005911853382, 172267000000, 
-0.04543001961135399, 0.004075139013324373, -0.04541684732272944, 6.331611968906736e-05, 0.09998913602016916, 0.0006332299908691644, -0.2128849226162282, -0.7813122884429206, -0.2796830359447137, -0.7792350680607841, 172367000000, 
-0.06100584392571733, 0.012092470698588525, -0.06099028558426995, 9.984674050330282e-05, 0.10000525353056923, 0.0009984149529982647, -0.2032366459356028, -0.783528598983519, -0.2697308083487425, -0.7814695393580404, 172467000000, 
-0.05691950169947147, 0.008705993641622646, -0.0569235637468335, 0.00017094897839771233, 0.10000344492633392, 0.0017094308953420493, -0.19342518897755065, -0.785781745841056, -0.25977853458284694, -0.7837041207064068, 172562000000, 
-0.04472685758810779, -0.0040544861857338774, -0.04473902939729218, 7.342929589609555e-05, 0.09998837677111351, 0.0007343783174336837, -0.18368607359069036, -0.7880172487843498, -0.24982639726670774, -0.7859380529854297, 172662000000, 
-0.06434616743167507, -0.020891703244792996, -0.06432659896766678, -3.514022925184015e-05, 0.09997906585269516, -0.00035147587099497663, -0.17396596191487204, -0.7902466430564142, -0.23987402199905677, -0.7881707847148146, 172762000000, 
-0.04824991327677617, -0.0175276695768393, -0.04826595725190742, -4.857297885787569e-05, 0.09999919568025269, -0.0004857336954307886, -0.16425983108872289, -0.7924720835179797, -0.22992131405983743, -0.7904019844895716, 172862000000, 
-0.05332778162129689, 0.0006390711400540922, -0.05332272941301452, 1.1661309939698266e-05, 0.09999715485697871, 0.00011661641730084118, -0.15449476254203445, -0.7947113972689143, -0.21996826114775658, -0.7926320051191674, 172957000000, 
-0.07991980105904466, -0.016485338920116034, -0.07989325651305249, -0.00013257624114475613, 0.09999421136530388, -0.0013258391594331588, -0.14470362141522672, -0.796957190851164, -0.2133327472877075, -0.7941184270146993, 173057000000, 
-0.046215396226099374, 0.011050476816870804, -0.046249006110605284, 0.0001426020546805428, 0.0999814472529097, 0.001426285161884299, -0.1349943139130489, -0.7991840959979339, -0.203379357858926, -0.7963478952661125, 173157000000, 
-0.056906580666631706, 0.016068446645542987, -0.05689594388876318, 0.00023066803847241813, 0.10001909527228098, 0.0023062400019163627, -0.12524036453102935, -0.8014225933304113, -0.1934260241411334, -0.7985771691544221, 173252000000, 
-0.04578786651025244, -0.01462528496291423, -0.045798951861631, -6.164025664875399e-05, 0.0999636804280146, -0.0006166265226012972, -0.11545499127683667, -0.8036668309959316, -0.18347260477860544, -0.8008059244733988, 173352000000, 
-0.06026773790509845, 0.0210653658461372, -0.060253297534365396, 0.0002744114070847942, 0.09998193026987694, 0.0027446100144704875, -0.10579627274006181, -0.8058796705968279, -0.1735190732253415, -0.8030338245022651, 173447000000, 
-0.046049859600769516, -0.006571520252943094, -0.04606403410258057, 5.693541063491514e-05, 0.09997531510211605, 0.0005694946855307292, -0.09604411587919745, -0.8081145411580112, -0.16356537545482416, -0.8052608310788315, 173547000000, 
-0.06545534389448966, 0.015924677932179505, -0.06543599080373053, 0.0002206686308611971, 0.10000558531533615, 0.002206563065106694, -0.08624648773119391, -0.8103570025875801, -0.1536113433547688, -0.8074867944890267, 173643000000, 
-0.05786177298767317, 0.019953724294781188, -0.05786933143685612, 0.00013274356619276411, 0.10004118396517046, 0.0013268891963431687, -0.07647676901813366, -0.8125924858705436, -0.1436571130437504, -0.8097121497696481, 173743000000, 
-0.07155717459074383, 0.014035724595837316, -0.07154351349002339, 0.00017572597545150308, 0.10001582961407021, 0.0017569816311035426, -0.06680013029129174, -0.8148044200949726, -0.13370292144724885, -0.8119375670749241, 173843000000, 
-0.06450489985375442, -0.010417641552200211, -0.06451192369291328, -0.00010694869527425391, 0.09997721119436714, -0.0010697307315997583, -0.05688786081841927, -0.817068842455685, -0.1270667056907759, -0.8134210189306538, 173943000000, 
-0.048028580744909864, -0.04317374525912767, -0.048045030570170726, -0.0004581128053552711, 0.10004301460669521, -0.004579158346599971, -0.047259789097553566, -0.8192665344784835, -0.11711229670233722, -0.8156462079369207, 174039000000, 
-0.10070794674667238, 0.012655165268080809, -0.10065538841523174, 9.4897650766015e-05, 0.09994070555733522, 0.0009495395318334324, -0.03740729900616777, -0.8215165508011826, -0.10715796268130338, -0.8178716186702354, 174134000000, 
-0.011865858537328813, 0.005846659288611649, -0.011954469950633359, -3.93755410342233e-06, 0.09999845249294799, -3.9376150382927286e-05, -0.02779684592076053, -0.823715965174199, -0.09720373797901247, -0.8200973824152974, 174229000000, 
-0.06562585305248789, 0.003860738116556207, -0.06557228862189399, -2.9198846368526554e-05, 0.10000457861898081, -0.0002919750952581348, -0.017949991220399798, -0.82596851203703, -0.08724952692443544, -0.8223237662606596, 174319000000, 
-0.038110971951449475, 0.011087607645950756, -0.038138377847154306, 0.00012103311111149509, 0.09999423820218227, 0.0012104008519648252, -0.00832516946302981, -0.8281703076260927, -0.07729547253952196, -0.8245507856591061, 174424000000, 
-0.03155220757486654, 0.008001669133969658, -0.03155878021390912, 0.00031800126230459834, 0.10000411512132985, 0.003179881767053123, 0.0015621064565644607, -0.8304324412007219, -0.06734171812050473, -0.8267776508831605, 174524000000, 
-0.03763002821855584, 0.002960432536656683, -0.03762396876732301, 0.0001397465724899944, 0.10000547717430512, 0.0013973891874584261, 0.011325608521554228, -0.8326649928538098, -0.057387692067160094, -0.8290030707440976, 174619000000, 
-0.057495806583408804, 0.004658414166349152, -0.057475974022028656, 3.819168833986758e-05, 0.10000696669726683, 0.000381890278259098, 0.020985170524303164, -0.8348705422837486, -0.05075148266037565, -0.8304861441285708, 174714000000, 
-0.07003150703005681, -0.009247046895188484, -0.0700189759790027, -1.9096656893657675e-05, 0.09999058893501706, -0.00019098454261598974, 0.03069781838337903, -0.8370867990212686, -0.04079700384228198, -0.832710578304816, 174814000000, 
-0.05332794750669766, 0.024269922600104844, -0.05334460452812739, 0.0002517808464721275, 0.09998986974415806, 0.002518063551001254, 0.04052405541082831, -0.8393285821545055, -0.030842511462308653, -0.8349346021946296, 174914000000, 
-0.0392158889250775, -0.01035002798454487, -0.03922998892686143, -0.0001964631313902821, 0.0999718866176063, -0.0019651837935374373, 0.05024957255981437, -0.841547580992068, -0.020887849217010392, -0.8371585077326344, 175009000000, 
-0.06113044099899731, -0.002106858714685497, -0.0611085838410798, -0.00010766337765402267, 0.1000046429434255, -0.0010765837913638656, 0.06003860788038482, -0.8437784899754875, -0.010933221461885608, -0.8393831186639408, 175109000000, 
-0.07646693725112329, 0.0015608043226336297, -0.07645160894169949, -4.292191235258901e-06, 0.09999463631559243, -4.292421467199845e-05, 0.06969533665872656, -0.8459812504197111, -0.0009788285503131318, -0.841608676671314, 175209000000, 
-0.032717217060772144, 0.040351392284919574, -0.032760863432365964, 0.0004025382348239295, 0.09999461749884808, 0.004025599026153249, 0.07949944052524108, -0.8482187267471512, 0.008975423619744849, -0.8438347165813549, 175305000000, 
-0.04385082417266461, 0.010960596038712416, -0.043839756007220156, -3.856403430060152e-06, 0.10004528252751305, -3.854657943516346e-05, 0.08921701139994188, -0.8504364946587859, 0.01892957757891759, -0.84606108074373, 175405000000, 
-0.06557256154476573, 0.009881485307906855, -0.0655508716629013, 7.179220172099671e-05, 0.09999986083097392, 0.000717923016336437, 0.09898596351310297, -0.8526618693838732, 0.02888359181858805, -0.8482882416110428, 175501000000, 
-0.028844492789609398, 0.027804714371463996, -0.0288811252712535, 0.00032713739331797066, 0.10001523800762752, 0.003270875516918952, 0.1088365494502002, -0.8549058795775452, 0.03551949424091655, -0.849773185415815, 175601000000, 
-0.049349910989490826, 0.035264233656133605, -0.049329482740239086, 0.0003268289840841509, 0.10011410899883481, 0.0032645646787702494, 0.11861096001562701, -0.8571317883579698, 0.04547326434811304, -0.8520002839924737, 175706000000, 
-0.051214290430782204, 0.016230742368159065, -0.05121240889221125, 8.838006877069068e-06, 0.10005498415296964, 8.833150044336652e-05, 0.12842990887759015, -0.8593644541009066, 0.05542724673921997, -0.8542273236740396, 175806000000, 
-0.09405988109427849, 0.041359365422043375, -0.09401711860758553, 0.0003092964204032006, 0.10000296847177274, 0.003092872392988053, 0.13809563335176103, -0.861558944916343, 0.06538123987315006, -0.8564554331297282, 175901000000, 
-0.09437934523331726, -0.026248547247879537, -0.09437898281440056, -0.00031116654760991085, 0.09991547465725054, -0.0031142978470285487, 0.1477816415005682, -0.863757948797277, 0.07533484150735542, -0.8586848427422942, 176001000000, 
-0.06392778537707086, -0.019181118060092952, -0.06395817486032115, -0.000391993049218023, 0.10005504551944375, -0.003917773933168086, 0.15757821814028114, -0.8659788971872412, 0.08528818443231777, -0.8609152085069913, 176096000000, 
-0.07743189262939607, 0.03661230923776445, -0.07741844517516691, -0.005423917419851865, 0.09994016094690604, -0.05427164983988131, 0.16726619384496, -0.8681784150339886, 0.09524477659467762, -0.8631541039051884, 176196000000, 
-0.056552285910388835, -0.013789308862279952, -0.05657310961422524, -0.0047510552101710825, 0.10056898443715663, -0.047241753874326074, 0.1769733821445378, -0.8703863160758423, 0.10519416724140959, -0.8654336737565625, 176291000000, 
-0.06478334156089585, 0.008453110283561667, -0.06477514724146352, -2.3591441065415895e-05, 0.09960623142874167, -0.00023684703985907968, 0.1867621582656561, -0.8726684876780721, 0.11513262867120619, -0.8677484572052486, 176387000000, 
-0.07129503186733621, 0.0021660640111900824, -0.07128852428919145, -0.0018570935290492835, 0.10003120513730682, -0.01856514201243665, 0.19654814375499116, -0.8749987287183008, 0.12175585721868086, -0.869298808048863, 176487000000, 
-0.04696475015935349, -0.013006625851363841, -0.04698902467244023, -0.0016940128840895953, 0.10023247044560935, -0.016900839384267625, 0.2063131274503122, -0.8773242344528036, 0.1316866720688878, -0.8716370982405836, 176587000000, 
-0.03934946010134127, -0.001982346474067455, -0.03935708398364857, 0.00034009230092562183, 0.10002912374128939, 0.0033999328216172374, 0.21599082846051623, -0.8796480115066296, 0.14161400919714306, -0.8739876274276797, 176682000000, 
-0.08073944799226418, 0.003868205100704419, -0.08069814780442407, 0.0014039232034198342, 0.09998272352825224, 0.014041657937264791, 0.22564417177830978, -0.8819830599599251, 0.15153836926739273, -0.8763380217732365, 176787000000, 
-0.04909363247125479, 0.0011631974452916015, -0.04912517311591351, -0.00016464584257221018, 0.10001656236842603, -0.0016461857783685117, 0.23543840157913742, -0.8843486773397962, 0.1614639078419645, -0.8786761481262872, 176882000000, 
-0.050019146766923865, -0.02772935827902368, -0.0500182540846827, -0.00037877346386769995, 0.1000423678008185, -0.0037861305384317484, 0.24516638561526435, -0.8866837477273537, 0.17139332501941723, -0.8810090614376272, 176977000000, 
-0.02685887068114983, -0.009031774614985772, -0.026881983367367725, 0.0006926847279724698, 0.10002163218174989, 0.006925349175604217, 0.2548748344478922, -0.8890158218287942, 0.18132267014107648, -0.883340740200526, 177077000000, 
-0.05553549197091067, -0.01051183364335822, -0.05550689536977209, -0.00016612247038964365, 0.09993076818118761, -0.001662375596757565, 0.2645572530021525, -0.8913455023356526, 0.1912532906525819, -0.8856681958284005, 177178000000, 
-0.08091700509646463, -0.016976789946573013, -0.08089164510077067, -0.0013011616331711354, 0.1000454779761396, -0.013005701601840083, 0.27440446794255224, -0.8937076615526411, 0.2011847517546605, -0.8879967075898555, 177273000000, 
-0.04630667392025466, 0.0045856337056780294, -0.046341189104863234, -0.0006379133060054773, 0.09994045266961385, -0.006382933926808499, 0.2840980200120663, -0.8960346985108819, 0.2111149620393452, -0.8903322409105664, 177374000000, 
-0.06904274425059491, -0.003429114235517105, -0.06902008752718168, -0.0001109311411924305, 0.10001929289506045, -0.0011090974349200677, 0.2936932127399331, -0.8983512711531595, 0.21773431481013478, -0.8918924338926201, 177474000000, 
-0.04855991808963743, -0.02202864324533098, -0.04858033674757863, -0.0007930133681256506, 0.1000300454956133, -0.00792775174895254, 0.30344928398301424, -0.9007131891522272, 0.22766211709197437, -0.8942346759414385, 177574000000, 
-0.08191184390373948, 0.013136654087946809, -0.08187857841097454, -0.00036791841334317713, 0.099899403649423, -0.0036828889853468324, 0.3132854376945302, -0.9030956608998402, 0.2375894556880537, -0.8965811565377508, 177674000000, 
-0.06916724470537913, 0.01792359775535905, -0.06917992987034534, 0.00028900093534885705, 0.09992873280758963, 0.0028920704509014577, 0.3229407489673457, -0.9054425254247385, 0.24751565125274697, -0.898932358456665, 177769000000, 
-0.06041010802426634, -0.0053480266813353584, -0.060418859655810474, 6.924316238081687e-05, 0.09997769987525203, 0.0006925860713660704, 0.3326546374030289, -0.9078073899469227, 0.25744055185005293, -0.9012840984046477, 177869000000, 
-0.053746333801242704, 0.0034665797826753707, -0.05375299242260655, -0.00018308672834012083, 0.1000032420783073, -0.0018308079271745531, 0.34227649835499085, -0.9101469037979941, 0.26736592257377, -0.9036348143458908, 177964000000, 
-0.05842618084401654, -0.0011002565536028849, -0.05842151643532937, 1.2951794368207106e-05, 0.09999943351522839, 0.00012951867738565485, 0.3520693836941206, -0.9125272926318719, 0.27729125159535895, -0.905986140837116, 178059000000, 
-0.05554679909537855, 0.006543364846231204, -0.05554966750030905, 0.00023126030763336087, 0.09999225572399495, 0.0023127821845693773, 0.36175446305349424, -0.9148833672015749, 0.28721649562357715, -0.9083370527954677, 178159000000, 
-0.06377333513451236, -0.0023951190625468434, -0.06376512731770363, -0.000223838236779944, 0.09999568285124565, -0.0022384790062679755, 0.3714867379397993, -0.9172507876726289, 0.29383348470210596, -0.9099037821282026, 178259000000, 
-0.07467400649117331, 0.012429385891111339, -0.07466311873950113, -8.265479183252727e-05, 0.09997446899215451, -0.0008267589982299741, 0.3812253000894211, -0.9196173528472903, 0.3037591624781768, -0.9122550442092774, 178354000000, 
-0.04266668846067807, -0.009498157731396227, -0.04269862029593987, -0.0001539911648775368, 0.10000389619278854, -0.0015398516531863024, 0.3910403421792885, -0.9220048339562434, 0.31368440522594465, -0.9146084014048764, 178454000000, 
-0.047808389348745164, -0.004830178264820003, -0.047803289349070396, -0.0001730850248118128, 0.10000755147077561, -0.00173071955333685, 0.40074603481587995, -0.9243665755340347, 0.3236090812386854, -0.9169631985568064, 178554000000, 
-0.09159994310383607, 0.008506807746861349, -0.0915562333643917, -0.00017151038935487293, 0.09998936831355519, -0.0017152862574052474, 0.4103179889909699, -0.9266973333730778, 0.33353355588345435, -0.9193192953995412, 178649000000, 
-0.021295994539231713, -0.0033392753701082666, -0.02136611369335019, -0.00014949572607645504, 0.10000219818093009, -0.0014949243996214786, 0.42004454212117104, -0.9290674924374561, 0.3434576276025478, -0.9216773590653836, 178749000000, 
-0.08032250446299917, -0.011703479721202193, -0.08026366546905522, -0.00016082025843398658, 0.10002043552229921, -0.0016078740068886448, 0.429912929624663, -0.931474008692289, 0.3533811706471273, -0.9240369501122863, 178854000000, 
-0.05396708742219978, -0.06042603946376025, -0.05399333075793393, -0.0006931079523912426, 0.10009221622599786, -0.006924693832598097, 0.43947167652209956, -0.9338065535387144, 0.3633044959804051, -0.9263975830475062, 178944000000, 
-0.05433408553037379, -0.0019337692335679682, -0.05433374492587595, -8.750178914932319e-05, 0.10001178467272152, -0.0008749147856491508, 0.44919359165086575, -0.9361805495604232, 0.37322750340372335, -0.9287592312050834, 179049000000, 
-0.046897803963544135, 0.0189229550098498, -0.04690522452941458, 0.00013414136794811049, 0.09998284932238358, 0.0013416437804806558, 0.458926836908805, -0.9385644476418484, 0.3831502790979652, -0.9311216291049502, 179144000000, 
-0.038853540176818545, 0.018915774813546962, -0.03886157533051229, 0.00012825568066969254, 0.10002260423007599, 0.0012822669601230707, 0.4686007714761044, -0.9409347158041619, 0.3897654122383716, -0.932696916129156, 179239000000, 
-0.05926089712609574, -0.026243820202231233, -0.059240538114025215, -0.0003077044918212027, 0.09996538476952713, -0.0030781104132257746, 0.4783873787211018, -0.9433312042242827, 0.39968792119450697, -0.9350603038891044, 179339000000, 
-0.07436558271829713, -0.015591575836688604, -0.0743504872509945, -1.533935680220934e-05, 0.10004321609028337, -0.00015332730595512276, 0.48809329139934376, -0.9457066082979194, 0.40961025670099843, -0.9374241365011106, 179439000000, 
-0.07537883044886304, 0.000880047325875973, -0.07537780341580884, 8.259162033109322e-05, 0.0999952852489811, 0.0008259551450395487, 0.4978478928287729, -0.9480971065007582, 0.4195325640860689, -0.9397871032808472, 179535000000, 
-0.05044617435192047, -0.005759951708112087, -0.050471055492106065, -0.0001625472486651893, 0.09999290804380428, -0.0016255877726246504, 0.5075584517534708, -0.9504769689212329, 0.4294551478553068, -0.9421489766022559, 179635000000, 
-0.0739700634954749, 0.016709638747224274, -0.07394661086840312, 6.01614516398892e-05, 0.09997282993623947, 0.0006017780198705877, 0.5172612298301477, -0.9528540775759946, 0.4393780626551543, -0.9445112675015391, 179735000000, 
-0.05547286469027747, 0.008489121391189312, -0.05549130085210261, 0.00014423324069975195, 0.1000009082583818, 0.0014423193070115213, 0.5269046246997608, -0.9552182956388289, 0.4493006371254492, -0.9468744944210638, 179835000000, 
-0.0643913060294784, 0.028383134304466085, -0.06438242322569193, 0.000340894494478935, 0.1000380893899517, 0.0034076469928380707, 0.5365981007496919, -0.9575941768642207, 0.4592230489473959, -0.949237711023398, 179935000000, 
-0.038814363238119154, 0.004143286478592368, -0.03883987964206225, -5.4519005977342554e-05, 0.10001256011536108, -0.0005451215918726281, 0.5463830428031513, -0.9599909814960478, 0.46583804849208005, -0.9508130917596366, 180025000000, 
-0.04745059007955471, -0.0015504749279567683, -0.0474419961585215, -1.5221440661339025e-05, 0.09999792832325816, -0.0001522175600691792, 0.5561435896614647, -0.9623782647394538, 0.4757605984989977, -0.9531766698901709, 180125000000, 
-0.030400344668481273, -0.014854283298168274, -0.03041735185161172, -0.0001666801985612045, 0.099999428504979, -0.0016668115113568419, 0.5658318847186776, -0.9647484382185949, 0.48568291259376445, -0.9555404971735034, 180220000000, 
-0.029975943559071325, 0.015445160388640078, -0.02997638378949362, 4.2313788980644536e-05, 0.09997780291863614, 0.0004232318349212006, 0.5754884162297195, -0.9671109978723861, 0.4956052217273179, -0.957904582104414, 180320000000, 
-0.0402258380331089, -0.009860836371246264, -0.040215608721798884, -0.00028195995586637127, 0.09999926459502617, -0.0028196202942916, 0.5852653010679194, -0.9695047180205874, 0.5055275558630746, -0.9602695652507901, 180416000000, 
-0.15397373225550068, -0.1429463339666557, -0.15386020071900136, 0.06683592965391258, 0.0996174298567825, 0.6709260593251696, 0.5949579440833566, -0.9718773777359883, 0.5154183740317362, -0.9625817430628738, 180513000000, 
-0.0724878894859846, 0.19739379398369047, -0.07256909121021915, 0.08515846849692814, 0.16693659161319313, 0.5101246387864912, 0.604652838807964, -0.9742527974424063, 0.5253508371510927, -0.9644194152691199, 180613000000, 
-0.031659537950039215, 0.1432288096274441, -0.031700365986472495, 0.029851467959761777, 0.1587671674653058, 0.1880204102418404, 0.6209527604883218, -0.9771033192416835, 0.5353833084904519, -0.9657882438484632, 180718000000, 
-0.07395083668883169, 0.02512511396424535, -0.0739086762153125, 0.025568123555632545, 0.09868322308595906, 0.2590929111968826, 0.6368172092558363, -0.9790580946279069, 0.5454662361366192, -0.9668513880846374, 180813000000, 
-0.08992968907442678, 0.007373897525158405, -0.08991369980259956, 0.02937816658407136, 0.09356052296136746, 0.31400173549908483, 0.6465802177818132, -0.9800737337518765, 0.5555799164078413, -0.9675992616173892, 180913000000, 
-0.12182249705623935, -0.1759517095071782, -0.12179065553573568, 0.0013372388503937024, 0.04826709267982979, 0.027704980270181423, 0.655911947413276, -0.980801963774502, 0.5657346573641874, -0.9680566620269838, 181013000000, 
-0.052046777064243405, -0.16974971353112636, -0.05211637587620188, 9.36413887447068e-05, 0.09527859053778073, 0.0009828166875282991, 0.6607601616930543, -0.9810274984173103, 0.5725171440898091, -0.9682962324125842, 181113000000, 
-0.09501400995272, -0.004935755914305055, -0.09497119692847317, 0.014318997291879843, 0.09967971946500441, 0.1436500560869552, 0.6703676486130543, -0.9814476676229625, 0.58271347027017, -0.9686445171349259, 181213000000, 
-0.0587644381371584, 0.0917713281636375, -0.058800570612863416, 0.012595155367494835, 0.11108622545021576, 0.11338179253502012, 0.6802240597784325, -0.9818776021276333, 0.5928925990252919, -0.968925555032032, 181308000000, 
-0.05509332446868498, 0.0047322941330236405, -0.055097024805349, 0.002327436658368652, 0.10032713923193898, 0.023198475269867125, 0.6912814335212697, -0.9822025650670159, 0.6030714357497172, -0.9691069551890914, 181403000000, 
-0.09277380846986769, 0.0064226628790891305, -0.09273620637036428, 0.0113187949534691, 0.09966922659741605, 0.1135635876777491, 0.7012916476070712, -0.9823837507000808, 0.6132570664013035, -0.9692198077900169, 181503000000, 
-0.08671886619124897, -0.055934632116676146, -0.08672487143662085, 0.017465570960137535, 0.09121998001822172, 0.1914665071911733, 0.7113367277351942, -0.9825422176192152, 0.6234327775315555, -0.9692290038624125, 181603000000, 
-0.07523366358154532, 0.015862627516916243, -0.07524513011710003, 0.01234939481253023, 0.10031464935320661, 0.12310659402345282, 0.7203830783322753, -0.9825812959611944, 0.6336067677243805, -0.9690838913373115, 181703000000, 
-0.03571765227071648, 0.03952912919252814, -0.03575709980093365, 0.008086465562373756, 0.10369018896246826, 0.07798679550387103, 0.7304393852973982, -0.9824338823497567, 0.6437823349653029, -0.968814676303888, 181798000000, 
-0.051411267178336315, 0.028070068931359757, -0.05139564415617223, 0.01277356563969203, 0.10095155392499937, 0.12653163961380906, 0.7408394621636197, -0.9821530706454661, 0.6539534302272789, -0.9684413292995846, 181898000000, 
-0.07605096487122529, 0.0037556252053682444, -0.07602635843495678, 0.011174914376972012, 0.09884235990003881, 0.11305794791093028, 0.7509436656239092, -0.9818010590694085, 0.6641194736493584, -0.9679433507675427, 181998000000, 
-0.04817293990928192, 0.07146193542740326, -0.04820073617585601, 0.006761226703655105, 0.10713554669284166, 0.06310908855526344, 0.7608229135603198, -0.9813314959873175, 0.670895071675042, -0.9675469921074441, 182098000000, 
-0.03516000033919245, -0.02352964154558332, -0.03517301548583948, 0.00595640670413469, 0.0980288905268282, 0.060761747604442806, 0.7714805233990149, -0.9807040996054067, 0.6810629486467942, -0.9668932907411223, 182193000000, 
-0.04399794674554486, 0.054242315008604255, -0.04398913862026734, 0.009084705611140097, 0.10258280896138473, 0.08855972753251332, 0.7812284169467657, -0.9800687177233943, 0.6912274593458344, -0.9661790973338801, 182294000000, 
-0.0223923043146641, 0.029603097930854107, -0.022413857681685762, 0.0063274493739789595, 0.10194133553114024, 0.0620695161684055, 0.7915524941126414, -0.9793329536143343, 0.7013833031371263, -0.9653934227635269, 182389000000, 
-0.04741882424577891, 0.04056351274873233, -0.047393868925149144, 0.005270954296671847, 0.10209956712587888, 0.05162562824750541, 0.8017159408560253, -0.9785173315945889, 0.7081525315617527, -0.96483223426152, 182470000000, 
-0.07856049906106029, 0.05782268952456307, -0.07852939410314727, 0.007011774542392453, 0.1024951200478105, 0.06841081350138131, 0.8118249051583787, -0.9776428993139603, 0.718304700173087, -0.9639470141375409, 182570000000, 
-0.038167261920337495, 0.003824793783922663, -0.038207543022488015, 0.006484241282718691, 0.09969634607179494, 0.06503990906596673, 0.822063993774505, -0.9767042472584401, 0.7284495534190877, -0.9630038433214674, 182670000000, 
-0.05827643800414536, 0.00859466520707874, -0.05825640871818063, 0.004938179286020229, 0.1001402786036396, 0.04931261780852236, 0.8320320731126652, -0.9757214182013133, 0.7385873553353359, -0.9619958136887068, 182765000000, 
-0.07731315857187618, -0.017239466189697357, -0.07729413939772398, 0.004758648019614071, 0.09881565468499781, 0.04815682327646945, 0.8419361102383802, -0.9746795318423536, 0.7487215741806327, -0.9609299912100469, 182865000000, 
-0.05605848426120384, 0.030255435686346345, -0.05607967656176281, 0.006186444460963062, 0.10104258416834591, 0.06122611087079777, 0.851746371528081, -0.973598846302136, 0.758850129193849, -0.959811034274178, 182965000000, 
-0.04292792435647329, 0.02380689550721802, -0.04294104930924869, 0.005032093672358776, 0.10105336611685713, 0.04979639833610008, 0.8618029877595927, -0.9724420302625015, 0.7689727269704528, -0.9586366570912848, 183065000000, 
-0.06014172165609153, 0.026505376638027753, -0.06012455486944372, 0.0040377583632762665, 0.10104038520893735, 0.03996182669856957, 0.8718741187265082, -0.9712209217326618, 0.7790903908174821, -0.9574127305015638, 183160000000, 
-0.044101786415265055, 0.04403574073028442, -0.044117776579924245, 0.004693115457654769, 0.10148769148574809, 0.046243198450462576, 0.8818579330981793, -0.9699597370215922, 0.7892028835183116, -0.9561450677419239, 183260000000, 
-0.06008477411160612, 0.03586793316768662, -0.06006883854653104, 0.004853208100842463, 0.10134691486378158, 0.04788708277272738, 0.8918796739569314, -0.9686532138587242, 0.799309696219953, -0.9548326763261286, 183360000000, 
-0.05700102366818721, 0.02471224670363803, -0.057004084799436056, 0.003918553929071145, 0.1009202914433479, 0.038828206627513004, 0.9019890840645868, -0.9672878870190357, 0.8060444944908743, -0.9539325795166704, 183455000000, 
-0.038309692804506676, -0.008617069878888562, -0.03832834946457879, 0.00341080390990815, 0.09946342986335151, 0.034292039944672184, 0.9121231093138272, -0.9658694768226799, 0.8161432155259734, -0.9525495740120686, 183555000000, 
-0.07311278350943519, 0.007805450356430849, -0.0730780680455787, 0.003926575114867639, 0.10005418438630556, 0.039244486764364345, 0.9217789004939395, -0.9644792278966375, 0.8262371702919377, -0.9511298341387238, 183655000000, 
-0.07025092890007505, 0.01941282253112752, -0.07025374960779687, 0.0036912523870710695, 0.1005447601219472, 0.03671252865484068, 0.9317733908943734, -0.9630058807103186, 0.836325379162135, -0.9496724390623711, 183755000000, 
-0.06901896843529377, 0.025589857161474057, -0.06902020004150418, 0.0033062935029555636, 0.10075493615142611, 0.03281520121243971, 0.9416513240140431, -0.9615097058709142, 0.8464086479848244, -0.9481782770022784, 183850000000, 
-0.07733960340661329, 0.03586720764551073, -0.07733129987874152, 0.003498586023189006, 0.10099852139054476, 0.03463997269485309, 0.9516795404265045, -0.9599533324433364, 0.8564877622449937, -0.946651106113413, 183950000000, 
-0.060746972438953196, -0.027163304086126626, -0.06076352313268943, 0.00295206493313961, 0.09889161391364285, 0.02985151941920477, 0.9615612568115229, -0.9583862310327845, 0.8665619063331902, -0.9450922625312256, 184046000000, 
-0.03154303208695774, 0.0439592438804825, -0.03157219344663272, 0.003351177500152593, 0.10115149339857063, 0.03313028199146636, 0.9713650943338923, -0.9567969795291928, 0.8766311356475655, -0.9435010016213475, 184147000000, 
-0.05318069128724663, 0.024428854418321863, -0.05315912563255713, 0.0028544345670333555, 0.10066386099306464, 0.02835610057943253, 0.9813452373693707, -0.9551484252748268, 0.8866958288063814, -0.941879458979093, 184247000000, 
-0.06856231948695747, -0.0011710363461374955, -0.0685469465707609, 0.0027899938351877525, 0.0998317540805232, 0.027946957968277047, 0.991324572405176, -0.9534660268035448, 0.8934031947432016, -0.9407826682646514, 184347000000, 
-0.08067889765490527, -0.014567667918347602, -0.08066678927210863, 0.0024926790943989746, 0.09946955928942758, 0.025059717889630947, 1.0010780678796243, -0.9517930949903375, 0.9034604900165151, -0.9391137963642614, 184442000000, 
-0.024756445568914588, -0.021708489054053384, -0.024812243571555474, 0.0023625482712919463, 0.09934154318785249, 0.023782077421773327, 1.0109331956288057, -0.9500746177785533, 0.9135133228130701, -0.9374174514482325, 184537000000, 
-0.0768651855480536, 0.2320683384171502, -0.07681323587276384, 0.0527841247035654, 0.10270458497392498, 0.5139412687073944, 1.020679595219816, -0.9483497808206078, 0.9235462258496299, -0.9356895637819639, 184637000000, 
-0.06905278083546981, 0.055424506977085765, -0.06906052472812925, 0.04210156588254701, 0.10589060790352278, 0.3975949020984548, 1.0307779905258334, -0.9465374607002351, 0.9334214527928415, -0.9335968900981705, 184733000000, 
-0.05370606359955833, 0.050397570454648044, -0.05372138725264634, 0.04607019462049126, 0.10073821176152341, 0.45732591253012095, 1.0411012879890178, -0.9441323128512397, 0.9431836077908147, -0.9310055776394064, 184833000000, 
-0.052496887707078305, 0.024625428867526607, -0.05249811033539207, 0.04464623194816645, 0.0896255492352371, 0.498141794712856, 1.0508024035479788, -0.941460968025755, 0.9528035769496929, -0.9279175555129509, 184933000000, 
-0.07318256749085392, 0.028411385986125647, -0.07316192370977379, 0.045678222068016326, 0.09032641718433704, 0.5057016927262461, 1.0593007048628957, -0.9386975156458637, 0.9622533198786759, -0.9243424146102245, 185028000000, 
-0.03651023621233471, 0.07160161363979148, -0.036546812280685945, 0.05428347505462334, 0.10762824203539136, 0.5043608817541898, 1.0678660547391663, -0.9354337448281772, 0.971508079836395, -0.9202909356750638, 185128000000, 
-0.060036135949974576, -0.046909627408593516, -0.060012697360019726, 0.025868720889489504, 0.06485034150840899, 0.39889876117514617, 1.0776403758478785, -0.9311230356392846, 0.9775609301031276, -0.9173305271087254, 185228000000, 
0.021802930671421493, 0.14803604531747752, 0.021721285900852566, 0.057263536619956174, 0.13584939769598736, 0.42152219730928986, 1.0834157698456506, -0.9282224788993598, 0.9864857235601988, -0.9125588138892545, 185328000000, 
-0.05863464495474225, 0.042916362613018885, -0.05855445278713228, 0.036028550638877575, 0.10330511267521339, 0.3487586403603248, 1.0952835214253016, -0.9216595799983589, 0.9952098869605304, -0.9074197704847262, 185428000000, 
-0.04141270081310421, 0.06684629459004507, -0.041429807036941005, 0.033699534758615084, 0.11071449819040788, 0.3043823104419287, 1.1041487488584176, -0.9162580315659161, 1.0037523013822225, -0.9019622602326564, 185523000000, 
-0.06374803724998433, 0.012976513793659527, -0.06372576461692259, 0.025870721881954828, 0.09574956182502342, 0.2701915433224856, 1.1133134784652055, -0.9102238802142192, 1.012129322292712, -0.8962379797627597, 185618000000, 
-0.011160577169798423, 0.1491408440855833, -0.011213033385400632, 0.03464419472248641, 0.13038640230365078, 0.26570404666742137, 1.1211831713397344, -0.9046950792204214, 1.0203534214853685, -0.8902850440016825, 185718000000, 
-0.08192120958888009, -0.05904349615051645, -0.08185064745954515, 0.01814546040790292, 0.07950190021830128, 0.22823932960190862, 1.1316993028973656, -0.896872558067514, 1.0284255406515481, -0.8841264680778497, 185823000000, 
-0.06339865621872226, -0.04316684677721325, -0.06341706999622189, 0.018900088479686498, 0.08539996234667396, 0.22131260904967592, 1.137947951827581, -0.8919598264335421, 1.0363459748078059, -0.877771495513621, 185918000000, 
-0.06489862065218151, -0.03546555240093584, -0.06489714122648522, 0.019658337580677875, 0.08729617972424557, 0.22519127002779923, 1.144586064914667, -0.8864913145775903, 1.0441140320330156, -0.8712299191380913, 186013000000, 
0.0003786155728253554, 0.12498785247087947, 0.00031347399469409953, 0.028537105207869853, 0.12126807072074414, 0.2353224969958089, 1.151092239641015, -0.8808834955509449, 1.0517255384374526, -0.8645058918815983, 186113000000, 
-0.0695189720206695, 0.07132408477818397, -0.06944927997021523, 0.024894775216931658, 0.11056144891017256, 0.22516686840055636, 1.1601833799985357, -0.8726897999558346, 1.0591792438914498, -0.8576060840220484, 186213000000, 
-0.07022397535399037, 0.0011282654248575916, -0.07022320303013048, 0.020162554508756522, 0.09531873749344856, 0.2115277125879089, 1.1681859789189446, -0.8651251307947514, 1.0640609277436457, -0.852912676663323, 186313000000, 
-0.08813612544265864, 0.058766673647119634, -0.0881182463561706, 0.02204114261508843, 0.10730685892192131, 0.20540292425413387, 1.1749836494016157, -0.8584044735363068, 1.07125507569265, -0.8457386497280072, 186408000000, 
-0.04781575467881262, 0.10535848228064706, -0.047855974992587244, 0.02321696421755853, 0.11644435838851305, 0.19938247364544565, 1.182415916260033, -0.8507379835911569, 1.0783000968336702, -0.8384146135441213, 186513000000, 
-0.05053240945931901, 0.08052721950831347, -0.05052973836501002, 0.020688382363015446, 0.11162061393877985, 0.1853455346013625, 1.1904013588865299, -0.8421567712215156, 1.0852022025733326, -0.8309524146398968, 186608000000, 
-0.06334385655430579, 0.07502622936726001, -0.06333106765013169, 0.018680303243336867, 0.11010475356800295, 0.16965937108064574, 1.1978220451428698, -0.8338544202641806, 1.0919704159300063, -0.8233639945151794, 186708000000, 
-0.06077744013471064, 0.045589083034501605, -0.06077998856333261, 0.015641278588114822, 0.10483425379218397, 0.14920007556996578, 1.2049928900264897, -0.8255267306005359, 1.098612427609673, -0.8156625229676219, 186808000000, 
-0.05900550492600584, 0.1167443093739813, -0.05900727429788995, 0.016823616759190283, 0.11460359200150314, 0.14679833734155232, 1.2116780809837036, -0.8174918365572523, 1.1051359031512116, -0.8078579293898759, 186908000000, 
-0.0432936682514705, 0.11335068541165547, -0.04330934998179034, 0.01615056147606734, 0.11399662442299945, 0.14167578696136265, 1.2188749000360606, -0.8085755708977967, 1.1115464128578754, -0.7999581368688864, 187003000000, 
-0.051388098468312146, 0.06459017701961381, -0.05138003610807378, 0.013933685234966447, 0.10693616044073968, 0.13029909786865793, 1.2259373921185692, -0.7995580964501517, 1.1178484260510222, -0.7919696896341689, 187103000000, 
-0.06487287578949982, 0.0021347234296837762, -0.0648594101939994, 0.01181608851442947, 0.098534799684588, 0.11991792292929017, 1.2323803073658433, -0.7910860023967942, 1.124046044366232, -0.7838986231125865, 187203000000, 
-0.05111011010814231, -0.00757267976457956, -0.05112383144301913, 0.011799787560380845, 0.09742295352573598, 0.12111917298076705, 1.2382431385996333, -0.7831655798216135, 1.128121056518411, -0.7784743696633569, 187303000000, 
-0.05302969685030273, 0.058950719520496055, -0.053027793492143836, 0.012998609646231939, 0.10531676592013689, 0.12342393476162151, 1.2439442738627329, -0.775267263027677, 1.1341489417293698, -0.770274740224978, 187398000000, 
-0.046866899324451976, 0.06504422246340172, -0.046873047301688724, 0.012593088928222328, 0.10624211828612798, 0.11853198271430368, 1.2500341547516132, -0.7666114214339566, 1.1400771035185004, -0.7620019324810402, 187498000000, 
-0.05721053473369608, 0.00029990385241394544, -0.0572002181660494, 0.010671097761511747, 0.09858358992730916, 0.1082441587832225, 1.2560212642469346, -0.7578733612954358, 1.1459091699709907, -0.7536597137784056, 187598000000, 
-0.05531680271022392, 0.04503594056811375, -0.05531868131355982, 0.011295224777850695, 0.10343294083628865, 0.10920336100400088, 1.2615041979083195, -0.749664762429627, 1.1516482035301525, -0.7452521833719105, 187693000000, 
-0.05753442428096082, 0.026607284231857733, -0.057532212592539954, 0.01006753693900187, 0.10160904770786174, 0.09908110710718648, 1.267134744722815, -0.7410341054887457, 1.1572977554065849, -0.7367827974867174, 187795000000, 
-0.06867603090676791, -0.025400109423389664, -0.06866490925000235, 0.008157959340219777, 0.09650699264629946, 0.08453231332281695, 1.2726410532338794, -0.7323898354616161, 1.162863032901341, -0.7282565012796205, 187890000000, 
-0.0519154795905751, 0.055697496072204034, -0.05193219420807202, 0.009110718535808552, 0.10377591916041931, 0.08779222202527528, 1.2777183296833077, -0.72424051640859, 1.1683492827366535, -0.7196777898997032, 187990000000, 
-0.04719720964875368, 0.008474530577579619, -0.0472019350515842, 0.008116172519350859, 0.09988167096088932, 0.08125787685839687, 1.2831819892001577, -0.7153044676187722, 1.1737599262785003, -0.7110503247401897, 188080000000, 
-0.04091515642493987, 0.032005188809808995, -0.04092143001520647, 0.00839665413471691, 0.10175598761667423, 0.08251754350169554, 1.2882683042939207, -0.7068175290936541, 1.1773263659469462, -0.7052730129389065, 188176000000, 
-0.03869687898509863, 0.014266660752705199, -0.038699098821078824, 0.007807938265063126, 0.10039139982566406, 0.07777497154758375, 1.2934697214187938, -0.6979779425837243, 1.1826174166048324, -0.6965702060293688, 188282000000, 
-0.054787963721503685, -0.0036269062033993335, -0.0547719067069844, 0.007590867715430019, 0.09897414030239514, 0.07669546501982925, 1.2985102848005807, -0.6892463877604951, 1.187840193407463, -0.6878257638744311, 188377000000, 
-0.037844399725013994, 0.03174932312834898, -0.03786129266744697, 0.00787941055883913, 0.1016776176650647, 0.0774940516879007, 1.3033170869704362, -0.6807675048804428, 1.1929944737087104, -0.6790408948175098, 188477000000, 
-0.09184007410183964, 0.008049564954572274, -0.0917862028020978, 0.007175904150727508, 0.09993082096794881, 0.07180871808337352, 1.3082908517044507, -0.6718375852860837, 1.1980817336158094, -0.6702163037268112, 188577000000, 
-0.09110334505899856, 0.009381731784290274, -0.09110402563507268, 0.0068733621818390465, 0.10004611275639556, 0.06870194145948623, 1.3130692050293225, -0.6630990683594147, 1.2031040365546406, -0.6613540988595201, 188673000000, 
-0.04143231794392238, 0.05251391749787333, -0.041481889357543995, 0.007255877543170635, 0.10297650449902546, 0.07046148612705438, 1.317805722154665, -0.6542878564592531, 1.2080634652112738, -0.6524560508073249, 188773000000, 
0.07652551225693024, 0.2242012556037959, 0.07640774126805847, 0.09547905181513261, 0.10870066793638605, 0.8783667444528398, 1.3226318829997974, -0.645160094720306, 1.2128168688657568, -0.6435493836117185, 188873000000, 
-0.07407374475209506, -0.005732087829377676, -0.07392356893165627, 0.04425380691067522, 0.06159313677214825, 0.7184860072053728, 1.3276425841874364, -0.6355172054329197, 1.2170381645409176, -0.6343538661030821, 188968000000, 
-0.06451078139708784, 0.030716381799604866, -0.06452017226472889, 0.04519855477613465, 0.08536608465320561, 0.5294673518148449, 1.3300157988871426, -0.6297664095089687, 1.2207835545753025, -0.6249701261368255, 189068000000, 
-0.06453624940567863, 0.03474240819164654, -0.06453623188767439, 0.043845761445992705, 0.09386718804390345, 0.46710423908176746, 1.3326712690713973, -0.6217227515589715, 1.2230156282578921, -0.618620256909771, 189168000000, 
-0.11225239894872137, 0.03695215257952405, -0.1122047773190762, 0.047675492195908616, 0.09405521230333963, 0.5068883587455981, 1.335132015094077, -0.612703227957449, 1.225959990519588, -0.6089548076375269, 189263000000, 
-0.01771525355986709, 0.08117782037035827, -0.0178095517220081, 0.05680587146307, 0.11122516149424054, 0.510728604030946, 1.3371971206930577, -0.603460366414388, 1.2284070306198123, -0.59915207705142, 189368000000, 
-0.018474261374981808, 0.14597385274178623, -0.018473595188026583, 0.07018255108262454, 0.13754027448968809, 0.5102690927658894, 1.3390687474284602, -0.5924772954827047, 1.2303517782754267, -0.5892378138712557, 189459000000, 
-0.06901343841227686, 0.0501775267275781, -0.06896300296734748, 0.04971258066308291, 0.09957774639269515, 0.49923383952711886, 1.3406700516931327, -0.5789281977704507, 1.2317896727287263, -0.5792374028698201, 189559000000, 
-0.05119967749278047, 0.04121423828057333, -0.05121740507908952, 0.04767608148148786, 0.0956264743571491, 0.49856571417059214, 1.3413422058895033, -0.5689131144260837, 1.2327168515719256, -0.5691767315096474, 189659000000, 
-0.10566916173225313, -0.010310087620411221, -0.1056148201213784, 0.03724318513624089, 0.07522811427086426, 0.49507003461690013, 1.341500600920402, -0.5594243406132732, 1.2331304607972444, -0.5590816902178452, 189759000000, 
-0.021397667606936316, 0.14305151260412657, -0.02148170958367089, 0.06879249929406468, 0.13610356510417387, 0.5054423022748213, 1.341252385411322, -0.5518578772824366, 1.233029439898327, -0.5489786120534479, 189860000000, 
-0.11346201357122494, -0.043933106508398906, -0.11337022392375591, 0.03043969288338274, 0.062124734299391, 0.48997703131715664, 1.3401302901582552, -0.5383003274820601, 1.2324137984358887, -0.538893713140132, 189955000000, 
0.0034921795949178344, 0.16884325482091353, 0.003375559702805772, 0.07384509958673063, 0.14596915686053985, 0.5058952259159986, 1.3393134449616135, -0.5322003333041365, 1.2312849139294924, -0.5288531360602359, 190055000000, 
-0.004831340250730839, 0.14628158754948054, -0.00482315060836761, 0.07026648920221812, 0.13751094860807203, 0.5109883243005525, 1.336652488431711, -0.5177089044467635, 1.230248701414353, -0.5221969862429994, 190157000000, 
-0.068948588181476, 0.09628322215714515, -0.06888459257937328, 0.05924631303416098, 0.11788432360839798, 0.5025800820724251, 1.333486034247789, -0.5043459582791554, 1.2282717302875867, -0.5122882028743494, 190252000000, 
-0.0002639704882725993, 0.15006732643902118, -0.00033245133054581044, 0.06796979674346666, 0.13995084287166917, 0.4856690774330883, 1.3301884331880724, -0.49303605428272973, 1.22579424023765, -0.5024915026675918, 190353000000, 
-0.14266688993134946, -0.038435993385324975, -0.1425248466449831, 0.029474603303329096, 0.06815662691004773, 0.4324539614061199, 1.3255742880409191, -0.47973522740558777, 1.222836611084029, -0.4928239479505933, 190453000000, 
-0.1024957354072966, -0.05417614172097726, -0.10253568367780741, 0.026679125266878823, 0.06406811622170151, 0.4164181318295405, 1.323059847332982, -0.47349046053990324, 1.2194356579916563, -0.48329561700915946, 190553000000, 
-0.07617500295873167, 0.06922056251476415, -0.07620130540361042, 0.04442524237695917, 0.10935356207301583, 0.406253271816571, 1.3203675938399249, -0.4675496353126358, 1.2156272956030594, -0.47391604841816065, 190649000000, 
-0.07065048746116495, -0.035085985931800984, -0.07065602979693283, 0.0257179273070033, 0.07558758145797766, 0.340240113666039, 1.3154714599499573, -0.4578594996492787, 1.2114408621849788, -0.4646936812992829, 190749000000, 
-0.04918474465195349, 0.10084190868741891, -0.049206167955788416, 0.03926741936312506, 0.11995090982528347, 0.32736241367673397, 1.311776703773626, -0.4512259955115188, 1.2069151753711131, -0.4556273776930212, 190844000000, 
0.012315585496266258, 0.20710754595358014, 0.012254190037927201, 0.04762413500146476, 0.15134710032818277, 0.3146683015280507, 1.3056722319686929, -0.4410961663741995, 1.2020773586072082, -0.4467176182359401, 190944000000, 
-0.05669090576759056, 0.06531167252303235, -0.056622102463003976, 0.03157976384367502, 0.11037302551718234, 0.2861184940405465, 1.297368740243121, -0.4282721807516797, 1.1986944287181507, -0.4408630211333024, 191039000000, 
-0.09115232341034912, -0.02342383680801481, -0.09111786391449596, 0.023227668692986043, 0.08616152227060883, 0.26958284952341655, 1.2911312298342497, -0.4192785527008734, 1.1934080977021173, -0.43220001424573373, 191140000000, 
-0.07172658184653521, 0.01959883513252033, -0.07174593240009242, 0.025989468791772476, 0.0976514349541276, 0.2661452830056332, 1.2860368733279655, -0.41236088431610135, 1.1878855413384277, -0.4236838844762806, 191235000000, 
-0.009196466421622664, 0.13520243723427658, -0.009258887507037468, 0.0343913587150817, 0.12636901020899244, 0.2721502578694282, 1.2800085098725182, -0.4046195256834938, 1.1821371004020331, -0.41531809230473066, 191335000000, 
-0.06970611731995462, 0.09358789825479379, -0.06964579160950958, 0.03189474946933581, 0.11622527729929864, 0.274421797137999, 1.2718959415391033, -0.39475728995407267, 1.1761682933771724, -0.4071082244897777, 191435000000, 
-0.0970074415316044, -0.006651872628950475, -0.09698013622197606, 0.022611296150762895, 0.09164077387954883, 0.24673838067411805, 1.2642799499981061, -0.3860011008002557, 1.169981075186802, -0.3990614072675579, 191530000000, 
-0.040936712668173, 0.1265587496207054, -0.040992640187717026, 0.028772949134890518, 0.12349178943845746, 0.23299483524959053, 1.2581263931282785, -0.3793059253445645, 1.1635860440048182, -0.3911747593052435, 191630000000, 
-0.044457748576570776, 0.11942328496765242, -0.044454290211252266, 0.026955082974713326, 0.12109636084483445, 0.22259201504207, 1.2495474729401312, -0.37041857844399156, 1.1570023148128545, -0.3834409252298165, 191735000000, 
-0.059608642481366575, -0.011338829137893695, -0.05959352073318411, 0.019061834077418217, 0.09291555153539553, 0.20515224590962844, 1.2409071874424868, -0.36187534095033413, 1.1502444694884777, -0.3758561664799329, 191830000000, 
-0.024516719795103975, 0.10194975908502969, -0.024551723788076636, 0.023398586202871222, 0.11565550495490569, 0.20231277544457896, 1.2342106060258338, -0.35554345508250007, 1.1433222556439637, -0.36841829941861576, 191930000000, 
-0.03661351839957982, 0.0953178175853198, -0.03660148054811451, 0.022400257180421358, 0.11440950804971338, 0.19579017130890877, 1.2256526556867997, -0.3477751238165339, 1.1386225382306503, -0.363538546759047, 192025000000, 
-0.051866238212862056, -0.009154733801956607, -0.05185100554439257, 0.017547491519319492, 0.09443429481967996, 0.1858169381454694, 1.2169541869949732, -0.34019426142036435, 1.1314551686324543, -0.356330748533978, 192125000000, 
-0.07775155216088842, 0.047966551787928836, -0.07772570174009633, 0.01976001079434442, 0.1048453050911391, 0.18846824640519283, 1.2097392442004111, -0.334152799363293, 1.1241528992118826, -0.3492595271991715, 192220000000, 
-0.052751454032190476, 0.003726437116035408, -0.052776378433417995, 0.016594090043714517, 0.09724052956689339, 0.17064993493581465, 1.2015152065387342, -0.32752145934287574, 1.1167192546241853, -0.34232618714608737, 192320000000, 
-0.06227293247841259, 0.020920640341332057, -0.06226345403752011, 0.01675273323015705, 0.10039263176831881, 0.166872139270322, 1.1938704056063045, -0.32159314311332654, 1.1091614636525298, -0.335524497094514, 192420000000, 
-0.06812400556964511, 0.08807672374848767, -0.0681181549961566, 0.018797877756150085, 0.11121273695447667, 0.16902630284015693, 1.1857774030263146, -0.3155344202712421, 1.1014884307973873, -0.3288520437815809, 192520000000, 
-0.06523102203682984, -0.004242686413623884, -0.06523390418372521, 0.014246248152043355, 0.09663031917812741, 0.1474304159730856, 1.176786054460905, -0.30903599249189073, 1.0937049883673804, -0.32230663568676515, 192620000000, 
-0.08235746844151107, 0.0849422026115818, -0.08234037707916166, 0.016053058874146257, 0.10984784647890208, 0.14613904039738718, 1.1688784470800755, -0.3035213690666799, 1.085819018891774, -0.31588256238267254, 192720000000, 
-0.04590155135577346, 0.04047710034091545, -0.04593791730459121, 0.014536261576155191, 0.10351549364481115, 0.14042595039958872, 1.1598503060283567, -0.29742065129969714, 1.0778380219173065, -0.3095749868332713, 192815000000, 
-0.011727704046616702, 0.032044132106865436, -0.011761844776294189, -0.045048086664432295, 0.11121623373450838, -0.4050495611276458, 1.1511353684305266, -0.2917138143834103, 1.069759668731651, -0.3033613710201999, 192915000000, 
-0.013407573516576603, -0.02509438832876653, -0.013405937249949238, -0.08097964990603675, 0.04821569322434481, -1.6795288938239081, 1.1417200037298547, -0.28573593898686456, 1.0618311686322932, -0.2966045178921415, 193020000000, 
-0.10498350449322633, -0.07355783449130229, -0.10489210831270877, -0.09804692908941362, 0.06008550306786867, -1.6317901004950595, 1.1377704701446778, -0.2829963453191707, 1.0571354231104364, -0.2913517320734709, 193110000000, 
-0.037291308122809695, 0.06286888926813249, -0.03735877725829789, -0.01700146230642693, 0.017467375516188544, -0.9733266620775507, 1.1334817521790526, -0.2788056795582579, 1.0511717543423347, -0.28288305672478603, 193210000000, 
0.02535357840648721, -0.04833735698816586, 0.02529099745778096, -0.06608588593871055, 0.07714985580454706, -0.856591178940552, 1.1324494476858546, -0.2774022586721562, 1.0459588909104096, -0.27392543937666175, 193310000000, 
-0.0658128099615663, -0.0377472929179074, -0.06572188731329834, -0.053578356304832445, 0.08560383234926765, -0.6258873561434755, 1.1284645991565987, -0.27071277163996965, 1.041562230129914, -0.26454144224210424, 193405000000, 
0.07954375365889799, -0.08434122482314049, 0.07939878318813812, -0.002754428417711866, 0.13280374536625464, -0.020740592896047683, 1.1247268809831172, -0.2629912756526266, 1.037864264140036, -0.2549498230178479, 193505000000, 
-0.07760697719884757, 0.026934495218507222, -0.07745028877359894, 0.03776356344088893, 0.09943967551518462, 0.37976354252204253, 1.119709287327722, -0.2507218228570569, 1.0343885578731284, -0.24535541406925762, 193605000000, 
-0.10911579021463834, 0.12151362456977723, -0.109084183441155, 0.015809980161370942, 0.13656593633070313, 0.11576810869649123, 1.1159798043179734, -0.24154904085137693, 1.0308024817203765, -0.23582874943530485, 193705000000, 
-0.06750455386583465, 0.128345073035578, -0.0675460514886349, -0.005954159287854481, 0.11617320876481378, -0.051252430325036014, 1.1103409032106684, -0.2290544486828215, 1.0271449399796564, -0.2263170654317831, 193800000000, 
-0.03974420471889149, 0.1387331187495313, -0.03977195274063726, 0.002087156132128856, 0.09293289512440198, 0.022458744337351635, 1.1054509464133597, -0.21854630348330922, 1.0247067137965937, -0.21997079164450464, 193900000000, 
-0.036126618717113576, -0.04106436287735377, -0.03613025574514458, -0.005053149547992679, 0.09931583726792566, -0.05087959470512976, 1.1015683450899345, -0.2100902618217393, 1.02105374310296, -0.21043897689610175, 194000000000, 
-0.055002688929527525, -0.1691035177919747, -0.05498385304490999, -0.04646489299774679, 0.10685450524016829, -0.43484261981571465, 1.0974279393864677, -0.20112577548974078, 1.0175027763278104, -0.20082330712840601, 194095000000, 
-0.052493473915521664, -0.05625969416703604, -0.05249595895531892, -0.046246658524972103, 0.10501847981791776, -0.4403668631002381, 1.0929666430179235, -0.19133577150478184, 1.0143210835301817, -0.19104050993256705, 194190000000, 
-0.04416151951941893, -0.06816441574572057, -0.04416983605669977, -0.040648833461486296, 0.11264762238515813, -0.36084945781192074, 1.0890505347815713, -0.181638312474492, 1.0116068052490006, -0.18111586647743755, 194292000000, 
-0.03486345583588944, -0.062372675491297144, -0.034872743680259374, -0.042673635857771244, 0.10790923658052651, -0.3954586021552135, 1.08528085783487, -0.17098028926435355, 1.0093188947724778, -0.1710985025326947, 194387000000, 
-0.05820265326156088, -0.03483154693033966, -0.058179370439727277, -0.03942674099286705, 0.09895652372740774, -0.3984248790051941, 1.082052307591518, -0.16068001333443765, 1.0074298584823997, -0.16100054090713947, 194487000000, 
-0.06671489210877386, -0.05191012957113765, -0.06670637185695111, -0.02348418751398188, 0.11070514811982855, -0.21213275003762536, 1.079457397736821, -0.151087202459088, 1.0059205717204347, -0.1508535570501442, 194587000000, 
-0.07954109043091431, -0.03562255238117808, -0.07952828113386982, -0.008856479989584618, 0.10589369007893583, -0.08363557812540837, 1.0769988603147786, -0.1403056950650374, 1.0046710633510831, -0.14069180568861708, 194687000000, 
-0.03576550269382815, -0.1621405757715388, -0.0358091767176004, -0.015524428119341351, 0.11260318524914098, -0.1378684633564554, 1.074875623347774, -0.12999168314674792, 1.0035843361186458, -0.13052011207234118, 194787000000, 
-0.03408664839797, -0.11776929317417019, -0.03408836698315383, -0.017174695995364326, 0.11415748690912339, -0.15044739035851828, 1.0727090194049793, -0.11900486327434612, 1.0029453836505513, -0.12373302837337316, 194882000000, 
-0.051757686549833835, 0.0736374950784208, -0.05174005472598013, -0.006672033339359647, 0.0884399242522354, -0.07544141851965692, 1.0706290925863173, -0.10763870306619867, 1.002098212651337, -0.11354601295529664, 194982000000, 
-0.028708842440130066, -0.05319548105051815, -0.028731825710226387, -0.012706048091944316, 0.10326222745754896, -0.12304642660519564, 1.0691676622802155, -0.09890343074672253, 1.0013496960931052, -0.10335632900374671, 195077000000, 
-0.03437640834728069, -0.05401767601691421, -0.0343707746160623, -0.018687537897486645, 0.10453327398874113, -0.1787711910706959, 1.0675483098280079, -0.08875344160226194, 1.0007091064986682, -0.09315283240318852, 195178000000, 
-0.07577435821966752, -0.02231166291490956, -0.07573303721218685, -0.016195833299858145, 0.10134584876440496, -0.15980756486146774, 1.066030672755853, -0.07842949552401712, 1.0002281280087406, -0.08293091176365973, 195278000000, 
-0.06620164633866012, -0.08335307204154266, -0.06621115699331341, -0.015460409702363261, 0.1110411126527577, -0.1392314011721973, 1.0647350677308085, -0.0683718696735168, 0.9999227435193343, -0.0727041905591197, 195373000000, 
-0.06423720736095759, -0.03515006204051033, -0.06423917752386127, -0.016415977235347056, 0.10289335001734676, -0.1595436170809823, 1.063490869540906, -0.05732207682564825, 0.9997777658767385, -0.062474665491105384, 195473000000, 
-0.05954766126521157, -0.016935940045957915, -0.05955234302332872, -0.015995009949707734, 0.10045987865681705, -0.15921789040128745, 1.062481164981546, -0.04707114781967964, 0.9997991321410249, -0.05224434270714869, 195573000000, 
-0.06269931955356783, -0.09881799047266664, -0.06269617697492166, -0.013828194071167333, 0.11362604063446036, -0.1216991632723805, 1.0616640399817432, -0.03715419324711791, 0.9999800647327564, -0.04201958580608409, 195668000000, 
-0.05464953598971104, -0.04599457158665537, -0.05465756685537618, -0.010403196519466099, 0.10455465369098745, -0.09950008107924946, 1.0609066953688475, -0.02577328429638394, 1.0002906551048751, -0.031801863913078515, 195768000000, 
-0.07966000299705783, -0.0034816431231996237, -0.07963505039460499, -0.010523577558567565, 0.09950472585399248, -0.10575957541965653, 1.0603352943385682, -0.015247513034084255, 1.0007154980257364, -0.021589515526062975, 195868000000, 
-0.06875166720636416, 0.0040156520401269935, -0.06876252817196156, -0.009732715709363059, 0.09873544445744592, -0.09857367597669317, 1.0598989103506586, -0.0053810975443733386, 1.0010619358153392, -0.014784858336995867, 195968000000, 
-0.07752717871655804, 0.04495482046268347, -0.07751843123261046, -0.007449571571557235, 0.0950239281829436, -0.0783967966175324, 1.0595649383451884, 0.0045238218756550545, 1.0016678615877215, -0.004584557935471744, 196068000000, 
-0.025968420823206852, -0.04596931958989774, -0.0260198664284981, -0.009540631543017987, 0.10301488846786752, -0.09261410350401833, 1.059339162898363, 0.014003193131067217, 1.002364284041302, 0.0056076376934136585, 196168000000, 
-0.07627667433011072, -0.05221812681932832, -0.07622651741678499, -0.010176684134594573, 0.10405171041353714, -0.09780410234631362, 1.0591729866025692, 0.024394802523953277, 1.0031489692023174, 0.015794034032244213, 196263000000, 
-0.058213378304055326, -0.036888840685498366, -0.058231354878925015, -0.008899593526535573, 0.10287867993736753, -0.08650571267004631, 1.0591045436829751, 0.03469268010450506, 1.0040259956751918, 0.025973450264259082, 196358000000, 
-0.04473734636777995, 0.01805746858266297, -0.04475081336638104, -0.007232642340563727, 0.09795935327397913, -0.07383309606317019, 1.0591357026110562, 0.04496984892075059, 1.0049922181473174, 0.036143674158935414, 196458000000, 
-0.08133750342312476, 0.02329893934741966, -0.08130098928113202, -0.007649687866513188, 0.09786134454913929, -0.07816863646985799, 1.0592508919382024, 0.054838151503478844, 1.006042710406777, 0.04630522082196717, 196558000000, 
-0.07622742468901805, -0.0004891310612588524, -0.07623248716150069, -0.00757929253815792, 0.09958415007186175, -0.0761094263764722, 1.05943676289024, 0.06456304016558416, 1.007177481294717, 0.05645726849677546, 196653000000, 
-0.08402390804552817, 0.008028571342977122, -0.08401613147659806, -0.006666090080359439, 0.09899999773244093, -0.06733424477822036, 1.0597027421457152, 0.07445610026341304, 1.007978602657054, 0.06321976429710552, 196753000000, 
-0.050498598041860555, 0.015867798637459175, -0.05053204789793827, -0.006460803413539461, 0.09861205912336035, -0.06551737658633833, 1.0600460768172113, 0.08442085230574298, 1.0092404521527378, 0.07335454866212404, 196853000000, 
-0.04523401655593523, -0.03928974525219822, -0.04523930314826378, -0.007292912427335865, 0.10221509535127557, -0.07134868291491404, 1.0604546488382356, 0.09432673208696511, 1.0105713445974782, 0.08347998935816373, 196948000000, 
-0.05042698015510836, -0.014113726231258329, -0.05042180253074937, -0.006465177998726179, 0.10066554005113094, -0.06422434127351155, 1.0609435125348998, 0.10454427744514236, 1.011970607889839, 0.0935963416826003, 197048000000, 
-0.06605227755204152, 0.011859338305754485, -0.06603667792107362, -0.005675436732405075, 0.09898223335215504, -0.057337933689708055, 1.0614992024742973, 0.11464703925072267, 1.0134356832480633, 0.10370277314899082, 197143000000, 
-0.10091136392550346, 0.1710896261685155, -0.10087655883359065, 0.04959152908424329, 0.09226702774129943, 0.5374783419195993, 1.062099525158667, 0.12441155996294297, 1.0149432976148476, 0.1137797224451175, 197243000000, 
-0.021714857774869846, 0.19540407388152714, -0.021793853421023954, 0.06650842418376979, 0.1634621324456169, 0.4068735871037094, 1.0627200065893918, 0.13365703050409133, 1.016059068218727, 0.12381180825359989, 197343000000, 
-0.041815496026446526, 0.25064284876867204, -0.04179551362644156, 0.08073242311325068, 0.16835849539106645, 0.47952687463572186, 1.0629329737364024, 0.1499218994740033, 1.0166676352186874, 0.13389297917752435, 197438000000, 
-0.060181398611331136, -0.043909123981397805, -0.06016305943978556, 0.030652456743390604, 0.06309915838697433, 0.48578233889278377, 1.0624736285589453, 0.16668096388968245, 1.0167605901234529, 0.143995532183078, 197538000000, 
-0.026710436773063527, 0.025817909780097813, -0.026743819371482354, 0.045370046323313255, 0.08966047269046033, 0.5060206015190964, 1.0619944999011985, 0.17304206219267534, 1.0163375751297765, 0.15408997631871907, 197638000000, 
-0.0845375998154295, 0.04323225341113281, -0.0844799203762488, 0.047887208091706386, 0.09652294077449236, 0.4961225560210169, 1.0608761661114183, 0.18199471195602715, 1.0157699488683782, 0.16080190115390047, 197738000000, 
-0.11255572320945932, 0.005647065836751239, -0.1125277040432675, 0.04044624385995861, 0.08181714469985307, 0.49434924682761805, 1.0592089843445478, 0.19141377355044295, 1.0144934589506684, 0.17082363091985764, 197833000000, 
-0.1024901280059521, -0.012296057426060849, -0.10250014514858333, 0.03699549859128354, 0.07470255037509309, 0.4952374236960238, 1.0573932417398595, 0.1993707020450672, 1.0127084105965696, 0.18076759303795956, 197933000000, 
-0.06508331509091997, 0.054597766599165265, -0.06512065364209177, 0.050488897041257315, 0.10093276274709208, 0.5002230759081439, 1.055374398770022, 0.2065626604193833, 1.0104196843053577, 0.19060775936517685, 198033000000, 
-0.08505469405651861, 0.060962053145123055, -0.08503479884272194, 0.051884519243921366, 0.10362535112796334, 0.5006933021616591, 1.0521181714265233, 0.2162853769747168, 1.0076326627306877, 0.20031886454776207, 198128000000, 
-0.012969950074774889, 0.17865425901813534, -0.013041865773409489, 0.07659913595665449, 0.15012212580408454, 0.5102454787818517, 1.04839012651582, 0.22578479257845796, 1.004354709672422, 0.2098755904724252, 198228000000, 
-0.0975170722604921, -0.03259890870324564, -0.09743277373746798, 0.03260879246540263, 0.06652834438586773, 0.49014886461430635, 1.0422592793217003, 0.23939384190981114, 1.0005944650132963, 0.21925313750909145, 198333000000, 
-0.10620359109566477, -0.040650694926250314, -0.1061948371012324, 0.03142372411699595, 0.06350634519955392, 0.494812353289332, 1.039212480318278, 0.24533262386033017, 0.9963613325718282, 0.22842705836909258, 198428000000, 
-0.007761686644895837, 0.17399667752395467, -0.007859913855381706, 0.07499412146679424, 0.14823821522520567, 0.5059027549195871, 1.036015547157336, 0.2508750610452992, 0.9916663086551718, 0.2373734744065771, 198528000000, 
-0.020265048012456686, 0.15552867261957215, -0.02025266826816738, 0.07220268181771122, 0.14099692896476262, 0.5120869110259545, 1.0280003217060933, 0.2632980815579085, 0.9865217178410063, 0.24606903340514427, 198623000000, 
-0.040345815022765005, 0.06992849557099307, -0.040325764961095745, 0.052332548914451396, 0.1086500950539439, 0.4816613265590675, 1.0198329043584016, 0.2746555517566097, 0.9809410955537959, 0.25449381929786863, 198723000000, 
-0.03052048820028416, 0.041045436451921206, -0.030530274532895765, 0.04307248049400694, 0.098426581278307, 0.4376102464863323, 1.0130364043653717, 0.2831595923135387, 0.9769912547246404, 0.2599544510717158, 198823000000, 
-0.017482101428582565, 0.1853320413264497, -0.017495117813671683, 0.06111418020300752, 0.15250297872846297, 0.400740895112767, 1.0064530671186913, 0.2906276918096919, 0.9707554832693442, 0.2679226531408429, 198923000000, 
-0.04955824011945721, 0.09069455323543803, -0.049526244303509256, 0.04615653202680423, 0.11707417435802647, 0.3942503312955441, 0.9959233434485673, 0.30155758738391203, 0.9641945491354563, 0.27563812468094, 199018000000, 
-0.06633548318118421, 0.08717846504636051, -0.06631870702104158, 0.042965719418618514, 0.11675196479530382, 0.36800853410859896, 0.9875181408003931, 0.30961307186443987, 0.9573414020256448, 0.2830979123260918, 199119000000, 
0.010921141118962259, 0.18028167948331297, 0.010844059112968207, 0.04740467640979285, 0.1476145775018189, 0.32113817762482666, 0.9787493831370414, 0.3173810768021742, 0.9502185068518929, 0.29031077229959673, 199214000000, 
-0.014508605172046158, 0.21123714246150682, -0.014483302702810976, 0.04552932007732464, 0.15254880845435798, 0.2984573956272286, 0.9673372257093089, 0.3267625030441653, 0.9428635947661141, 0.29729432365964326, 199319000000, 
-0.10670363839147223, -0.009805756553271518, -0.10661160818437555, 0.025499685210449166, 0.08924214065371862, 0.28573592053774455, 0.955278522392954, 0.3360425283024082, 0.9353019988135091, 0.3040555779765445, 199415000000, 
-0.008095885553144885, 0.1295787834769632, -0.008194199992289153, 0.036213639015264816, 0.12614211546961746, 0.28708602896379376, 0.9480352844770643, 0.34128086039378036, 0.9275397191451334, 0.31058810759350364, 199515000000, 
-0.06455004152814812, -0.03129630772198076, -0.06449380209460036, 0.020427157759156673, 0.0851949350139261, 0.23976962663117962, 0.937661076546961, 0.3483405725479238, 0.9195911883292952, 0.3168986420320919, 199615000000, 
-0.040731126017824554, 0.17592505353455132, -0.040754835788886654, 0.036017522236331034, 0.13327893643543276, 0.2702416690860959, 0.9304012371804993, 0.3529832579364324, 0.9114774449880816, 0.3229971079510656, 199710000000, 
-0.027941076357769767, 0.12274143989942234, -0.02795386514332677, 0.03470561555148533, 0.12327829666972694, 0.2815225103609651, 0.9190353700303423, 0.35986940779366977, 0.9059789646902161, 0.3269414396829473, 199811000000, 
-0.021874730891116422, 0.0912441459044843, -0.021880798238203103, 0.029028023037131836, 0.1170598613773728, 0.2479758876832468, 0.9083800232867376, 0.36593875425858025, 0.897600206243419, 0.33266948656968337, 199906000000, 
-0.05165167931455436, 0.0007673892721382271, -0.05162196985672535, 0.021281535976008552, 0.09457419207260606, 0.22502477165938028, 0.8980039159127228, 0.3714701844333736, 0.8890746592273798, 0.33818515852159453, 200011000000, 
-0.024221558654771873, 0.1299040158308883, -0.02424890106837196, 0.0286881047215164, 0.12238948916372241, 0.2344000691361646, 0.8894386718710888, 0.37576579391424025, 0.8804187168510116, 0.34350027460373184, 200101000000, 
-0.06422118950583754, 0.10088874637114026, -0.064181297232501, 0.025496203511151422, 0.11724656688709935, 0.21745799632412752, 0.8785603626498125, 0.38091459231556357, 0.8716441553824914, 0.34862121972187987, 200201000000, 
-0.05634134656355673, -0.005742928948864891, -0.05634917246454694, 0.016983306731812156, 0.09487287993549373, 0.1790111857399027, 0.8678322463446884, 0.3856928540706664, 0.8627614392033497, 0.3535574180157034, 200296000000, 
-0.09554786928178277, -0.05559533375615597, -0.09550874899159384, 0.014151758831566151, 0.08717583495721752, 0.1623357991180845, 0.8590748461143348, 0.3893669452558634, 0.853782505469018, 0.3583220875616121, 200401000000, 
-0.04854064252695887, 0.03500072050366079, -0.04858751444072194, 0.01709559766655303, 0.10254724716037077, 0.1667094743149731, 0.850953987028887, 0.3926041194542264, 0.8447170223284958, 0.3629241976762204, 200491000000, 
-0.02475119020619362, 0.08479474376366855, -0.024774977702458144, 0.018887115537238767, 0.1106779643892012, 0.17064928544241978, 0.8414713999598736, 0.3962063916211157, 0.8386286444523203, 0.36590452327969486, 200592000000, 
-0.02752410465221759, 0.09294191242216814, -0.02752136059053905, 0.01852535141263736, 0.11236619900606636, 0.16486587226855673, 0.8309931420420751, 0.39999040676187253, 0.8294339536304953, 0.3702488058354271, 200692000000, 
-0.041224956400377794, 0.02756926093100729, -0.04121128093877872, 0.015713111797815673, 0.10166824007591241, 0.15455280612788416, 0.8202779934692158, 0.40365318795547966, 0.8201700517199592, 0.374446371997159, 200792000000, 
-0.055567874401784734, 0.042661701032008295, -0.05555354581684333, 0.015845115527068226, 0.10383092056014809, 0.15260497972652884, 0.8105381307477191, 0.4068028551824468, 0.8108415427671318, 0.3784999401178071, 200888000000, 
-0.019057585701058206, 0.05325404879479903, -0.019094008153288072, 0.015586051656280317, 0.1054774265223237, 0.1477667039305478, 0.8007592603596435, 0.4097978935342795, 0.8014519880705807, 0.3824114329206825, 200988000000, 
-0.06333204696367681, 0.04324219009163103, -0.0632878971340678, 0.014270397092649269, 0.10401078296903549, 0.13720113131825606, 0.7905523578794041, 0.41275698464226956, 0.7920045809728476, 0.3861856113844972, 201088000000, 
-0.0757678992979567, 0.010206661082379088, -0.07575544402294448, 0.012441878100878122, 0.09946897084898969, 0.1250830082455256, 0.7806137479933365, 0.4154785826769675, 0.7825047768333006, 0.38982942565313683, 201188000000, 
-0.058660203748872965, 0.002636385024402693, -0.05867726420851167, 0.011707778064568568, 0.09861931470511101, 0.11871688725050332, 0.7709464204351384, 0.41798516312605044, 0.7729568885897092, 0.3933488186336935, 201284000000, 
-0.05435440481032729, 0.062258992295753046, -0.05435871776072021, 0.012571469209519398, 0.10565558094939705, 0.11898537773920727, 0.7613705478185737, 0.420340110083742, 0.7633645160674505, 0.3967485915834173, 201380000000, 
-0.02566394238883966, 0.08088131756218539, -0.025692580278215985, 0.08206725011345836, 0.09657578252633826, 0.8497704907653933, 0.7509757118366177, 0.4227659934065239, 0.7569644805537079, 0.39893393288030304, 201480000000, 
-0.09903248480163701, 0.036159269410965006, -0.09895929066881287, 0.03390960046111335, 0.09954556473263854, 0.34064401113388054, 0.7416536206112191, 0.4248229622910148, 0.7472584040322193, 0.4017506169381868, 201580000000, 
-0.06650670774145226, -0.011876498518628494, -0.06653909514238093, 0.007191918790366161, 0.09399180935668833, 0.07651644158773069, 0.7317334373592299, 0.42615257405475443, 0.7374325537082387, 0.40417197405051897, 201676000000, 
-0.02263385237307281, 0.10868296445937975, -0.02267766814605094, 0.02204295390842853, 0.10629342961057239, 0.20737832986655316, 0.7224153854058217, 0.4270782572812141, 0.7275031846670906, 0.4063648430578604, 201776000000, 
-0.077118102879425, -0.051295728439199106, -0.0770637728769766, 0.016118959420523316, 0.08570024814937569, 0.1880853296063734, 0.7118444149696601, 0.4280469664726948, 0.7175351130628153, 0.4083753492957216, 201871000000, 
-0.06330984344336639, -0.0023194606544761076, -0.06332356762200791, -0.012818888798543033, 0.10126760135443676, -0.12658430363801057, 0.7033091827992657, 0.4286511698745034, 0.7075165313392451, 0.4102445148959224, 201976000000, 
-0.0631157514721824, 0.069614948441721, -0.06311595941572351, -0.01510803986647486, 0.08948762999373631, -0.16882824886000833, 0.6931220378343935, 0.4291806619822131, 0.6974822185318853, 0.4121669382273868, 202072000000, 
-0.04698090865660819, -0.12907773736512201, -0.04699700763272047, 0.014185887951208143, 0.1226247697164225, 0.11568533815813806, 0.6842734953396289, 0.42975383506906456, 0.6874870004276896, 0.4141641569117964, 202167000000, 
-0.03833163259980419, 0.0500905754332689, -0.03834028191931751, 0.0025891020222959115, 0.10561069123104996, 0.024515529555919666, 0.6719636015999906, 0.4307578139809606, 0.6808063477169612, 0.4154581090356083, 202267000000, 
-0.03760275278337269, 0.009329975057405149, -0.037603488973679336, -0.005084385160024758, 0.10045485579231724, -0.05061363256084242, 0.6614615460072041, 0.43149136016482453, 0.6707981358724903, 0.41737800274573883, 202367000000, 
-0.10025011575994792, 0.009953726257493238, -0.10018759380543865, 0.008245809395132838, 0.0997624121149991, 0.08265447096074269, 0.6514033362823707, 0.4321692829218572, 0.6607815590755799, 0.41929146414925605, 202457000000, 
-0.03522475344175876, 0.011959085783829308, -0.03528958572886312, 0.016257489145870475, 0.09933361689897485, 0.16366553089881758, 0.6414675015029255, 0.4328895381745223, 0.6507686521941592, 0.42113770293423186, 202542000000, 
-0.03137738864468697, 0.04407991159185728, -0.03138129202270217, 0.005909127025242373, 0.10602671441153466, 0.05573243552852675, 0.6315811321696607, 0.43352415708994935, 0.6407386960709078, 0.422845364683123, 202640000000, 
-0.04931112207332069, 0.032636954858822696, -0.049293228140378474, 0.002965478806404618, 0.10161674522908189, 0.02918297372858506, 0.6210080320114064, 0.43402986399837146, 0.6306829115109291, 0.42445423779649355, 202745000000, 
-0.0607008497657653, 0.06346527763200516, -0.06068946443627059, 0.012321155653766718, 0.10126739329026935, 0.1216695251397435, 0.6107495034956254, 0.43446335650582496, 0.6206167891032494, 0.4259881352383665, 202845000000, 
-0.05665171911604696, 0.03389658886451821, -0.056655748049708334, 0.009352999780012014, 0.10281285692654299, 0.09097111061405948, 0.6006450395223147, 0.4348604016327193, 0.6105344739332831, 0.4274173043464098, 202940000000, 
-0.03499850498941422, -0.04064554988757129, -0.03502011910730454, -0.00018820937537481213, 0.09636256919939312, -0.001953137789273446, 0.5904281867805471, 0.4351376347669571, 0.6004338416614458, 0.4287674472071692, 203040000000, 
-0.0689943691836868, -0.014603835540986904, -0.06896046201104523, 0.0043075170168062095, 0.09995003145815617, 0.0430967049631149, 0.5808370096172006, 0.43531119600162466, 0.5936961095597969, 0.4296514208171704, 203141000000, 
-0.059403214206197034, 0.018106012492955844, -0.05941275164879682, 0.0068850433668179965, 0.10034937792379214, 0.06861072294884252, 0.5707596025298305, 0.4354954712868436, 0.5835852237443384, 0.43094645492971245, 203241000000, 
-0.02952733150225558, -0.010181093064749916, -0.029557156842420718, 0.0023601111256352533, 0.0990927660274643, 0.023817188885222267, 0.5608026093983254, 0.4356342388986296, 0.5734719001941511, 0.4321885174743466, 203336000000, 
-0.06650842351183464, 0.06253254098226019, -0.06647154543201259, 0.0018788660164321032, 0.1014138204583738, 0.018526725528531886, 0.5508266739890941, 0.4357053892393757, 0.563348893321297, 0.43339218284700215, 203436000000, 
-0.07101101040108057, -0.02908053114142096, -0.07100647955292783, 0.005417663501011763, 0.09925139965151919, 0.05458526046014141, 0.5407515953531916, 0.43575309438247173, 0.553222760041355, 0.4345725621589307, 203533000000, 
-0.05681087032781123, 0.03568366170317126, -0.05682503666782213, 0.005961631753900265, 0.10151359197274712, 0.05872742396408115, 0.5307268562897761, 0.4357820748628958, 0.5430944292330329, 0.43571087255031754, 203633000000, 
-0.022430793220458274, -0.004922220243742631, -0.022465118471928523, 0.0016814186673041714, 0.09958231290442973, 0.016884711935922274, 0.5205565566583366, 0.4357554050018317, 0.532959747613852, 0.43680585336052835, 203733000000, 
-0.06789868936000254, -0.024205410788494815, -0.0678533462183128, 0.002189874811143825, 0.0995072390189512, 0.022007190961521525, 0.5107194014286253, 0.43567177076203595, 0.5228214221345447, 0.4378737199433911, 203828000000, 
-0.06388366713371425, 0.002030080230700464, -0.06388762816757948, 0.004063806564671285, 0.09987502989122535, 0.040688914627582166, 0.5006740353443614, 0.43556960450832877, 0.5160608738302284, 0.4385691650873444, 203928000000, 
-0.08047259581162015, -0.02201283834883174, -0.08045604339404334, 0.00207494743626831, 0.0989743170886158, 0.020964503694534446, 0.4907681257553246, 0.4354468283336892, 0.5059181463910267, 0.4395806125714652, 204028000000, 
-0.03185402925369394, -0.0012961503919817347, -0.031902533407402345, 0.001273895586404548, 0.09991640270363279, 0.012749614196811263, 0.4808475652464758, 0.4352838446126631, 0.49577010984724984, 0.4405628589189616, 204123000000, 
-0.06445559442835391, 0.0024810040591561576, -0.064423105989758, 0.0025366398300729273, 0.09994931290613965, 0.025379262311238035, 0.47085682972311155, 0.4350987147768159, 0.4856184755546048, 0.4415277399034765, 204223000000, 
-0.04266655098680962, 0.03203441349992599, -0.04268826343324214, 0.0030464084138958256, 0.10068118600298824, 0.030257971075205725, 0.4609400701861388, 0.4349022945911617, 0.475466499286673, 0.44247242542940013, 204323000000, 
-0.039634364036279145, -0.006226380150586521, -0.03963741150134273, 0.001421077633683065, 0.09974119747449031, 0.014247649613857084, 0.45073889279842205, 0.43467453414017776, 0.4653128714780282, 0.4433914682441192, 204423000000, 
-0.04053229860668939, 0.017652929156538745, -0.04053140507034743, 0.0018688993646115337, 0.10019114196752005, 0.01865333928639513, 0.4408282777368142, 0.43442286925692686, 0.455155814414996, 0.44429033526748135, 204523000000, 
-0.03754518601804762, 0.003284219305086293, -0.03754816589599749, 0.0024670536973475914, 0.09996823552562321, 0.024678375929874766, 0.43078576360549403, 0.43415361988322737, 0.4449977384210282, 0.44517068741636345, 204618000000, 
-0.09073697338888216, -0.020774422759629, -0.09068389037712923, 0.001635449050662561, 0.09941141851799674, 0.01645131992927443, 0.4208270239294107, 0.4338679705607857, 0.4348376563847195, 0.44602905574806845, 204718000000, 
-0.06260585470627895, 0.01702873318373664, -0.06263387572933635, 0.001120185196165482, 0.10023682723006237, 0.01117538560547658, 0.410829915865121, 0.4335566202407108, 0.4246752194970321, 0.44686879631816395, 204818000000, 
-0.041435263105210104, -0.0124898396228453, -0.041456418846829414, 0.001223455910477362, 0.0998196907587489, 0.012256658993607727, 0.40083269003107214, 0.4332287088945048, 0.4145114746705324, 0.4476948315669942, 204918000000, 
-0.05436449109947821, -0.019524817542873187, -0.0543516083819961, 0.0013852154153013898, 0.09971306718364345, 0.013892014902622665, 0.3909223822316703, 0.4328925839132867, 0.40773490769015835, 0.4482372640496738, 205013000000, 
-0.0764303655891827, -0.048000600258863636, -0.07640833037201633, 0.0005482017858847702, 0.09930444260913894, 0.005520415516982314, 0.38089454796883115, 0.43254024760283283, 0.39756918485948584, 0.44903781027964673, 205113000000, 
-0.07474296821290988, 0.021640839946910823, -0.07474462941456801, 0.00130342358602112, 0.10008462874492122, 0.013023214477250704, 0.3709738701002896, 0.4321777989811297, 0.3874018176701907, 0.4498259020933871, 205208000000, 
-0.06862281394564192, 0.00928054843151016, -0.06862892280032698, 0.0014114119054798866, 0.10007481752458218, 0.014103567115005633, 0.36094297668262115, 0.431805773489456, 0.3772334753085015, 0.45060279481516674, 205308000000, 
-0.045182946912511596, -0.0032033951574107758, -0.045206345452371, 0.0011679931938794854, 0.09991169685215318, 0.011690254801776136, 0.3509873912470091, 0.43142351904180815, 0.36706450155016285, 0.451367200817155, 205409000000, 
-0.06660366113655565, 0.02096830132478259, -0.06658230603147247, 0.001177899108617965, 0.10020875490915063, 0.011754453088313986, 0.3410328147502253, 0.4310273082810136, 0.3568944550318443, 0.45211903450482877, 205504000000, 
-0.08791583274538099, 0.012055409736806116, -0.08789454112054614, 0.0013097097862223984, 0.10010101998853141, 0.013083880527615523, 0.33097292376019083, 0.43061516071163486, 0.34672365854865933, 0.45285948048267055, 205604000000, 
-0.036555974249384345, -0.011147779737485835, -0.03660720955749079, 0.0009715799558567882, 0.09981481233577134, 0.009733825402470813, 0.32102218688964607, 0.43019571234996273, 0.33655185647764785, 0.45358775924880956, 205705000000, 
-0.054510874296159424, -0.025674721613207507, -0.05449300599373792, 0.00043328437904480307, 0.0997331571211801, 0.004344436610167106, 0.31106234657544474, 0.42976289533752976, 0.32637881744787056, 0.45430495860919595, 205800000000, 
-0.06897885250259198, 0.027818833142439388, -0.06896439497910886, 0.001103064718711572, 0.10009628294713172, 0.011020036770937661, 0.30112161978844343, 0.4293212316438687, 0.31959637268863755, 0.45477834988280463, 205895000000, 
-0.09049680251045081, 0.016556442440215778, -0.09047531235322671, 0.0009353131540608556, 0.10015271806108712, 0.009338869400332909, 0.2910173574167099, 0.4288679072731644, 0.3094221425696341, 0.4554814967785578, 205995000000, 
-0.04290274197065008, -0.029412276175580867, -0.04295021876885022, 0.0003125008748940624, 0.09970499522701395, 0.003134254950642571, 0.2809653808928675, 0.42840571479022715, 0.2992472576926706, 0.4561769393865066, 206096000000, 
-0.039546878312035606, -0.026151642125319393, -0.039550274423927605, 0.0003417464168518704, 0.09990480096433971, 0.0034207206616011804, 0.2711060173188901, 0.42794311459429163, 0.2890716427931907, 0.45686582467162556, 206191000000, 
-0.09145752284868594, 0.010028049657984275, -0.09140571875101852, 0.000910170258257939, 0.1000163642976746, 0.009100213396570151, 0.26113402217604814, 0.42747212869844586, 0.2788957539639772, 0.4575483214004917, 206291000000, 
-0.07271150052754669, -0.034847988115916446, -0.07273015654245209, 0.00024132503506213654, 0.09966263254332296, 0.0024214194317738243, 0.2509592365565396, 0.42698807350734214, 0.2687194193765718, 0.4582234259794915, 206391000000, 
-0.0594629153996235, -0.02628505369292402, -0.05947615543537886, 7.872360352715649e-05, 0.09992493449088696, 0.0007878274219367738, 0.2410943472744535, 0.4265096046893768, 0.2585424064039353, 0.45889241710516127, 206491000000, 
-0.05124363684090115, -0.010661790372470352, -0.05125185234673435, 0.0005131813758644554, 0.09997679595878203, 0.00513300482319945, 0.23118634216784525, 0.42602666327535227, 0.24836505157116479, 0.45955647429599994, 206586000000, 
-0.05297999881945799, 0.00424621055252036, -0.05297827360812007, 0.0008020813085160086, 0.1000014138558323, 0.008020699684029811, 0.22120393295968863, 0.42553930842015475, 0.23818746554620115, 0.46021424398128663, 206687000000, 
-0.0521419583667351, -0.0029694696048121246, -0.052142792482420465, 0.00039816098284353203, 0.09996085797692728, 0.003983168921333534, 0.21114462033134407, 0.4250430222923019, 0.23140219228805278, 0.46064881303980376, 206783000000, 
-0.012703821202767383, 0.02132889434871187, -0.012743180963327556, 0.0007419397769710313, 0.1000688520312001, 0.007414292878464366, 0.20116329551584633, 0.424542505382802, 0.2212237478992437, 0.46129628946509815, 206878000000, 
-0.06463001140816725, 0.005105642759062334, -0.06457822797050214, 0.0007717618010442149, 0.10002142474829617, 0.0077159648843870485, 0.1911907629382881, 0.4240384447771138, 0.21104496626599464, 0.4619384279421323, 206983000000, 
-0.0775126371429759, -0.021075584214114023, -0.07749972792004645, 0.00033040499697568985, 0.09982048203352474, 0.0033099920000859463, 0.1812424831031919, 0.4235282307334399, 0.2008660565978367, 0.46257393004151687, 207078000000, 
-0.025032592868874805, 0.021952288727494322, -0.025084954533245975, 0.000569049932055156, 0.10005981919841257, 0.005687097344507133, 0.17125536543048453, 0.4230083345580738, 0.1906865881163056, 0.4632031621446211, 207178000000, 
-0.07067961894506963, -0.01256663771573844, -0.07063411500782676, 0.00031054940894831464, 0.09991858407748701, 0.003108024516315034, 0.16129185414758485, 0.42248635210733193, 0.1805064445250209, 0.4638279325260018, 207273000000, 
-0.07464599451223297, -0.0008374625585666304, -0.07464198992347544, 0.00034125440319440303, 0.09998423896090784, 0.0034130819691274316, 0.15129274296515371, 0.4219568213294266, 0.17032597856498377, 0.4644486960782938, 207368000000, 
-0.040418219106252054, 0.004347394342737448, -0.04045237386308602, 0.00018703804931584838, 0.1000074633038577, 0.0018702409113963954, 0.14136375811111188, 0.42142790296802357, 0.16014520641214688, 0.4650660377496365, 207468000000, 
-0.059152492577500604, 0.004742095057281438, -0.05913382935726043, 0.0003209389544018893, 0.10000082985449464, 0.0032093629109765267, 0.13130171486039968, 0.42088847335737894, 0.14996424478216377, 0.46568103184664994, 207563000000, 
-0.05852478515902365, 6.996048111071983e-06, -0.05852539240743447, 0.000273832260153637, 0.09999074312897425, 0.0027385761079946292, 0.1213770193407872, 0.4203545301471935, 0.1431768437126651, 0.4660894310560717, 207668000000, 
-0.073219172645037, -0.020345208180413694, -0.07320450759940889, 4.4521534235898374e-05, 0.09993735136384585, 0.00044549443854887717, 0.11137527397834605, 0.41981324273160076, 0.13299568210632406, 0.4666996954755163, 207768000000, 
-0.03725380537099187, -0.007041978889386349, -0.03728968360725753, 0.00020996596380842567, 0.09998582906057524, 0.002099957221750097, 0.10132605941579126, 0.41926662383171426, 0.12281426256685801, 0.46730725781197024, 207863000000, 
-0.056208854908851594, -0.0033078939662669034, -0.05618997310793558, 0.00025579241005528207, 0.09998696153436934, 0.0025582576580983154, 0.09131616380717625, 0.4187216916330444, 0.11263271366339803, 0.46791198099045617, 207963000000, 
-0.03282516696697472, 0.04260796925139351, -0.03284848459444174, 0.0006871158993635592, 0.1000995141676736, 0.006864328014745333, 0.08137672565246308, 0.41817849579289507, 0.10245105900394161, 0.46851370988092333, 208059000000, 
-0.04897190679089035, -0.006543955664541367, -0.04895581521949868, 0.00015937521483886302, 0.09995021974228865, 0.0015945459174556654, 0.0713318848194993, 0.41762696953445577, 0.09226910461841209, 0.469112613802445, 208154000000, 
-0.047892071418042075, 0.03216062251627417, -0.047893132557125136, 0.0006368528664512637, 0.10004186352385022, 0.006365863689648648, 0.061496654913199514, 0.4170801519618178, 0.08208709936826564, 0.46970892698983496, 208255000000, 
-0.04370577931302681, -0.03844264496275707, -0.04370995785805347, -7.173693867614402e-05, 0.09974775848905584, -0.0007191834660025456, 0.051435354093866424, 0.4165191747211304, 0.07190494498569165, 0.47030216008968745, 208351000000, 
-0.034057904685272006, 0.0017622456503072121, -0.034067537026988455, 0.0002297621900967035, 0.09999183260822825, 0.0022978095720769553, 0.04152159382401488, 0.41596005419866544, 0.06172249298766332, 0.4708923634943807, 208456000000, 
-0.0701017674026186, -0.005946526646734581, -0.070065804718138, 2.3330030724827246e-05, 0.09998377229120757, 0.00023333817268743774, 0.03147880056749042, 0.41539437466776324, 0.0549340834995579, 0.4712844431538623, 208551000000, 
-0.02864978601975413, 0.01658382459981558, -0.028691118719220088, 0.0003088532968185421, 0.09999643504231852, 0.0030886430770040484, 0.021531582088129938, 0.414831774078811, 0.04475116972508533, 0.471871661972054, 208651000000, 
-0.0771389591391154, -0.010910230123482502, -0.07709060766593825, -3.4553119624256463e-05, 0.09996329901187433, -0.00034565805616471306, 0.011478934369448145, 0.41426297326002887, 0.034568161823700906, 0.4724577783512433, 208751000000, 
-0.023651220739450717, -0.06951725846045327, -0.023704552670660073, -0.033738438081850425, 0.1008994441556632, -0.33437684780304894, 0.0016034517357551717, 0.4137011194857102, 0.024375446170097646, 0.4730491220977033, 208846000000, 
-0.05419078481178917, -0.14007218989925818, -0.05416035981836634, -0.15826940542917045, 0.0943259975336006, -1.67789802989141, -0.008466877371289079, 0.41312885693089313, 0.0140271208696157, 0.47416370798558527, 208941000000, 
-0.027498604009766642, 0.035542789346160036, -0.02752521607010197, -0.03439203947971895, 0.05410537397468684, -0.6356492332131229, -0.01797694386916193, 0.4129081362015553, 0.003908742221081154, 0.4769064402084415, 209041000000, 
-0.06154334490093752, -0.10926658011489042, -0.06150938768707553, -0.08237607475386163, 0.12029369403300683, -0.6847912969673942, -0.023391169223040912, 0.4137037498374602, -0.005738480338908213, 0.4805295450580208, 209141000000, 
-0.021161543315853567, -0.14042741495143382, -0.021201808429437655, -0.08733854523609495, 0.13685894327910061, -0.6381646909108658, -0.03504923010800943, 0.4161907877732351, -0.015155003740075888, 0.48473161280705473, 209241000000, 
-0.061700329722860096, -0.04529932810711372, -0.06165991512066987, -0.047557774853285134, 0.10309871257394806, -0.46128388673305776, -0.04807903792639851, 0.4199097293015934, -0.02429924156343165, 0.4894787789008655, 209336000000, 
-0.018132116585204416, 0.15973424309438777, -0.018175563656471307, -0.004428969601086602, 0.036003380705299765, -0.12301538117598632, -0.05786098581517465, 0.42338314991608583, -0.03024298615048213, 0.4928861327544901, 209431000000, 
0.0269945954975001, 0.1351535535144865, 0.026949520399439174, -0.001491331865701108, 0.08287915890255038, -0.017994051646380987, -0.06126205322286862, 0.4247717149065543, -0.03903582113491111, 0.49804596694285763, 209531000000, 
-0.08855639814068116, 0.17802119826102447, -0.08844112161457421, -0.025575905781354, 0.0962158350535726, -0.2658180513333739, -0.06872714965244614, 0.42792917305400546, -0.04785588301650881, 0.5031544547133338, 209626000000, 
-0.08081786266207378, -0.13460265088401935, -0.08082546617510852, -0.0002728875181722474, 0.13288700906450854, -0.002053530439832363, -0.07759303077528348, 0.4316977682684454, -0.05665646987908606, 0.5083339942641879, 209728000000, 
-0.01670660171459298, -0.1765626225900987, -0.016770595111818873, -0.0008187438451245134, 0.10021219159788944, -0.008170102180878328, -0.08968266141983795, 0.4372204475875768, -0.06544045362169991, 0.5135287516141489, 209824000000, 
-0.08553882922689106, -0.044291799397386235, -0.0854701979779179, -0.013890016065818538, 0.10058065885557016, -0.13809828076155328, -0.09889523525291248, 0.4414311501328937, -0.07421480290431445, 0.518759567494138, 209924000000, 
-0.03459072896637051, 0.022700966496124686, -0.034641506746012546, -0.023125069016154465, 0.0939738418583746, -0.24607985114629688, -0.1079635842910244, 0.4455851311302811, -0.08293834183924047, 0.524105028872515, 210025000000, 
-0.07792967280330082, -0.02504990870402124, -0.0778864698090282, -0.0145297965518883, 0.10250494718224579, -0.14174727124199632, -0.11641905518595452, 0.44959946508608695, -0.0915599551351307, 0.529613610027426, 210125000000, 
-0.05025404251226517, -0.011586365719709953, -0.05028161927158064, -0.014611028990501746, 0.09984914992157772, -0.14633103037910047, -0.12577871566723384, 0.4543273942749211, -0.10009728199197643, 0.5352499023474323, 210220000000, 
-0.030094050988342776, -0.04681600852566574, -0.03011419740056506, -0.022990110152364584, 0.10382407339177747, -0.22143332852692066, -0.134529884001306, 0.45890840928548393, -0.10574060540333073, 0.5390836276150772, 210321000000, 
-0.062390047295717836, -0.038407865040059885, -0.06235783540337225, -0.01629825798443737, 0.10522119566229328, -0.1548951984612161, -0.1435823430467027, 0.46381545376397826, -0.114108834259466, 0.5449827405592863, 210417000000, 
-0.03996709239087001, 0.054160520509933335, -0.03998943927694928, -0.007951669245717372, 0.09086140833103157, -0.08751426366568507, -0.1528931328504871, 0.4691302234597633, -0.12236306484224206, 0.5510251577487144, 210522000000, 
-0.06830015697484396, 0.0065249939712025435, -0.06827190156679688, -0.010432635199664538, 0.09879455209297025, -0.10559929650621772, -0.16062343203998747, 0.4737059957771404, -0.13053589911847702, 0.5571594232239886, 210617000000, 
-0.05099634907998271, -0.01595598385755912, -0.05101358928519379, -0.01145337368805407, 0.10064067885795397, -0.11380461477430576, -0.1691833908140795, 0.4788734026954905, -0.13864833904904914, 0.5633715672012776, 210707000000, 
-0.060951773629247835, -0.009516935627986103, -0.06094185478316813, -0.005291654728249943, 0.10054162294697569, -0.05263148309273554, -0.17766056656746007, 0.4841152573623464, -0.1466993503296786, 0.5696590141742147, 210802000000, 
-0.03446341343178838, -0.02517521587119575, -0.034489838396921185, -0.0059836388919093965, 0.10115754570397166, -0.05915168117482773, -0.18604027525984315, 0.4894282433365777, -0.15204166708559025, 0.5738796072396942, 210895000000, 
-0.058141349212741264, -0.014377961523179154, -0.05811774460526181, -0.0085241640320217, 0.1004601985535637, -0.08485115652520593, -0.19465742611773415, 0.49495473594398304, -0.16002300676662473, 0.5802481570915151, 210995000000, 
-0.06951228108432743, -0.046539598933703866, -0.06950090842187781, -0.008004893186794974, 0.10338206376166323, -0.0774301933578095, -0.20301328639108732, 0.5003845474094046, -0.16796207611066863, 0.5866751322623724, 211090000000, 
-0.059695890284373485, -0.0485319531650793, -0.059705675040643384, -0.006274265349579807, 0.10340694382156292, -0.06067547417711679, -0.21167281697812967, 0.506115906832505, -0.17585237774986276, 0.5931615142386323, 211186000000, 
-0.05577126130253625, -0.009621245724972083, -0.05577518759113654, -0.007495272172640245, 0.10026157361115286, -0.07475717667976527, -0.22019800551516464, 0.5118541703903263, -0.1836980420932122, 0.5996996828786955, 211281000000, 
-0.06601172431382353, -0.02567513148491892, -0.06600150752934443, -0.008464155521826222, 0.1014375172063076, -0.08344206123077215, -0.22846211088277024, 0.5174894190530648, -0.191497726957243, 0.6062941275917505, 211381000000, 
-0.082598085956146, -0.021076718812886898, -0.08258152181767323, -0.0060617641854419325, 0.10135700953879359, -0.05980606780946749, -0.2369330916449926, 0.5233587682793123, -0.19924724759201845, 0.6129459071235964, 211481000000, 
-0.07659958576276604, 0.03557515172378911, -0.07660555532515188, -0.0048691229769346365, 0.09767646946579348, -0.04984949807834542, -0.2451093888399269, 0.5291271003468077, -0.20438977627874216, 0.6174072598971486, 211576000000, 
-0.06023413866755728, -0.011476623828143453, -0.06025047639778471, -0.005892539923562274, 0.10038206222945378, -0.0587011244109837, -0.2530266896118137, 0.5347830027182996, -0.21207076758342902, 0.6241340108469381, 211671000000, 
-0.07151238937288257, 0.061842270412278674, -0.0715011497355625, -0.004182680286282257, 0.09622632438573264, -0.0434671106163795, -0.2612248260641667, 0.5407012352043841, -0.21971459375073776, 0.6309032663156044, 211771000000, 
-0.07141203351835732, 0.0403068154264698, -0.07141212155040669, -0.00326917349115999, 0.0981682028476058, -0.033301755520929566, -0.2689981144832792, 0.5463829649451802, -0.22732278692195937, 0.6377108613033946, 211866000000, 
-0.02735437761757333, 0.000986670139791067, -0.02739834658285692, -0.0038760103862814387, 0.09990553942232366, -0.03879675149839943, -0.276893819002363, 0.5522070111660038, -0.23490118882573344, 0.6445483502838446, 211966000000, 
-0.07075713028142298, 0.00711538671703931, -0.0707138577572036, -0.004177195194715809, 0.09964179245466732, -0.04192212014467977, -0.28483436522756284, 0.5581050451374077, -0.24245364555952703, 0.6514150807333953, 212061000000, 
-0.09937757830015997, 0.013425809850359878, -0.09934897107685689, -0.003208187725674282, 0.09936275664608704, -0.032287628020439205, -0.2928713124126227, 0.5641227264239613, -0.24747292035725346, 0.6560101735490194, 212161000000, 
-0.042071343384126395, -0.0023742440144294474, -0.04212850568841252, -0.003417077618293656, 0.10002144430385448, -0.03416345006889661, -0.3007975324043269, 0.5701099036990093, -0.2549803328563166, 0.6629252276634074, 212256000000, 
-0.08485792433075656, 0.008289869027150419, -0.08481527976474998, -0.0037079528574092686, 0.09966247740152208, -0.03720510420858392, -0.3088468331823981, 0.5762309555748288, -0.26246314845455915, 0.6698666776505146, 212352000000, 
-0.03313519662095761, -0.007293745235779237, -0.03318677272810904, -0.0035300472115925934, 0.10020010207088773, -0.03522997620396854, -0.3166485936182409, 0.582206410724115, -0.26992052721476245, 0.6768361065403761, 212452000000, 
-0.1077270916292941, -0.0010659201229632621, -0.10765269970726463, -0.002969099959946511, 0.09998717744434961, -0.029694807232647794, -0.32460637495415307, 0.5883478077047737, -0.27735221307728414, 0.6838321510391282, 212542000000, 
-0.056384738737436116, -0.02586882990123635, -0.05643590326384571, -0.0032849093814754284, 0.10071965658524779, -0.032614382265045996, -0.33253531485527454, 0.5945117735733613, -0.28476067047544706, 0.6908514698996857, 212642000000, 
-0.04274943281008566, 0.0016159434555335812, -0.04276309150081598, -0.0028404030053059805, 0.09990612284586861, -0.028430720003898527, -0.340423860521453, 0.6006821723776938, -0.2921478647372042, 0.6978931146794297, 212738000000, 
-0.05192057997695659, -0.008887389929464222, -0.0519114403060443, -0.002544990505401076, 0.10022502173216676, -0.025392765812534347, -0.34821978493768513, 0.6068209708118434, -0.2970610225650704, 0.7025995265460043, 212838000000, 
-0.035883628660518474, 0.016061957794999353, -0.03589962403921393, -0.002118220339944279, 0.09958004725592802, -0.02127153378929714, -0.3561140849904045, 0.6130734226477281, -0.3044148829504963, 0.7096745762366516, 212938000000, 
-0.04766153059574134, -0.006898536505074877, -0.04764979173417514, -0.0023426973943172953, 0.10013834454334475, -0.02339460877849106, -0.36397414983918985, 0.6193314531451971, -0.31175155706957963, 0.7167668834866328, 213033000000, 
-0.03725081146661835, -0.03313031866895637, -0.037261189171185205, -0.002378803283839858, 0.1007569322592527, -0.02360932623195669, -0.3717446685805451, 0.6255454854715446, -0.3190721247888249, 0.72387566946858, 213128000000, 
-0.07930896271340851, -0.00445032829108713, -0.07926699852542803, -0.0019040948925783962, 0.10009461432905711, -0.019022950488812106, -0.379538191593362, 0.6318076691224028, -0.3263774350732191, 0.730999562815708, 213228000000, 
-0.05499623298393386, -0.013435203650495858, -0.05502045451328291, -0.0019868307694926595, 0.10024914481479952, -0.019818929858834555, -0.38738048857455404, 0.638139326733844, -0.3336687609092049, 0.7381374344856773, 213333000000, 
-0.04615133966876606, 0.041512227194331675, -0.04616019063589816, -0.0013974620628127623, 0.09918089747343407, -0.01409003243983628, -0.39526404179787744, 0.6445292764582832, -0.34094669464705724, 0.745288861862053, 213428000000, 
-0.05803528228932095, 0.013787481246397972, -0.05802343037730806, -0.0014902293665629881, 0.09981232963416041, -0.014930313439482756, -0.4028668433365671, 0.6507169717910537, -0.3482113933187653, 0.752453502627131, 213528000000, 
-0.07513333180917177, -0.02289275709305828, -0.075116255406221, -0.0015897262160619065, 0.10034024104576682, -0.015843356558579588, -0.41063405320231167, 0.6570564759807352, -0.355463695120594, 0.7596303319975362, 213623000000, 
-0.08236535077166043, -0.0049485613490536425, -0.08235811539979285, -0.0014265426904522065, 0.10007782863789887, -0.014254332951344465, -0.41848498118637023, 0.6634839515331123, -0.3627048741420903, 0.7668180266031791, 213723000000, 
-0.057835627490169406, 0.012161496399381385, -0.057860100240400156, -0.0012690435313452615, 0.09982868389920618, -0.012712213381742807, -0.4263130507746101, 0.6699136840130485, -0.36752638226343254, 0.7716157201395075, 213823000000, 
-0.031049682100156076, -0.007456352358606794, -0.031076438453728004, -0.0014788063042579145, 0.10009916612276179, -0.01477341282188409, -0.4338497864186451, 0.6761223529676349, -0.37475006547047834, 0.7788208198028469, 213923000000, 
-0.05818339640733103, 0.009833847887322687, -0.058156343241294775, -0.0012885577256533083, 0.0998622163168955, -0.012903355975640405, -0.4415764866104406, 0.6825036582754402, -0.38196347855434637, 0.7860361620495797, 214014000000, 
-0.046573392170966676, 0.015443255584333584, -0.04658495143837979, -0.0010619560275690497, 0.09980661168364885, -0.010640137057603652, -0.4492801163002274, 0.6888850955964774, -0.38916661480548354, 0.7932617473964262, 214114000000, 
-0.019896863856920466, -0.026582691718318015, -0.019923498183540667, -0.0014520763596785505, 0.10028731001766883, -0.014479163509547923, -0.4570074447392843, 0.6953030200968454, -0.39396329389659973, 0.798083893414436, 214204000000, 
-0.08227341782661515, -0.016936553176670532, -0.08221119210297431, -0.0013354688304481614, 0.10024915077863958, -0.013321497689262364, -0.4646704773038955, 0.7016814270732336, -0.40115094975644056, 0.8053242854833718, 214299000000, 
-0.04719530073185276, -0.04009248079648499, -0.04723024593444271, -0.0014437460096655486, 0.10052833750809599, -0.014361582469711861, -0.47229867162301803, 0.7080494447556793, -0.4083299777441101, 0.8125732084304097, 214399000000, 
-0.04904283667153421, -0.00021368642461965046, -0.04904102727819187, -0.0009756718251270768, 0.10000783655671809, -0.009755953720424076, -0.480009082598301, 0.714503392227435, -0.41550086936556163, 0.8198299104334147, 214495000000, 
-0.038230361281227754, -0.011594068746860064, -0.03824114986037741, -0.0011315264361185743, 0.10011867916640058, -0.011301851418134869, -0.48782289080859065, 0.7210629923419262, -0.42266425341449315, 0.8270937358580273, 214591000000, 
-0.05407385304697509, -0.0191858798352274, -0.05405805154782972, -0.001037537130057809, 0.10022158347160519, -0.010352432022307494, -0.4953963680979885, 0.7274336989218034, -0.4298203764848269, 0.8343648232766355, 214686000000, 
-0.06711473460196994, -0.00784460275484326, -0.06710170345155471, -0.0007559211216020465, 0.1000823279253032, -0.0075529929935905455, -0.5029935482847526, 0.7338388489578018, -0.4369697635775635, 0.841641963621098, 214786000000, 
-0.056426103405713385, -0.02564793723327084, -0.05643675702791567, -0.0008182796648832976, 0.10019342055907142, -0.008166999991789494, -0.5106423931282048, 0.7403009963184529, -0.44411366429535903, 0.848924176023846, 214881000000, 
-0.05602037995531701, 0.0017164631106387433, -0.05602079494536506, -0.0005943298152880385, 0.09998977833310668, -0.005943905719123447, -0.5183914103600857, 0.7468578165317852, -0.4512528463316415, 0.8562109936029342, 214976000000, 
-0.05572842015922721, -0.0370595493159887, -0.05572871138606927, -0.0009906843316150745, 0.10022149953647468, -0.00988494820170321, -0.5259090213235803, 0.7532295103297327, -0.45600965557406625, 0.8610714016828835, 215077000000, 
-0.04749652704763359, 0.0027279505010935024, -0.04750474227176183, -0.000500941940069434, 0.0999745400339421, -0.005010695121971659, -0.5335967346367054, 0.7597531247918509, -0.4631410162795901, 0.8683657179721291, 215177000000, 
-0.0813027731503449, -0.0004939163524940736, -0.08126904207633592, -0.0005893723244617726, 0.10000831226868316, -0.005893233383224786, -0.5411638122445318, 0.7661873183561123, -0.4702681731862495, 0.8756640444473194, 215273000000, 
0.000592751003928112, -0.2102350606095455, 0.0005110536222543427, -0.07419704854557858, 0.10280997348814433, -0.7216911553248744, -0.5488135058741909, 0.772698325358219, -0.47739788375274755, 0.8829888396376622, 215368000000, 
-0.04453289695616286, -0.26989688239467574, -0.0444879333072958, -0.1255338114349338, 0.1989707521304937, -0.6309159014114962, -0.5566361207474144, 0.7793654612398377, -0.4841811142843061, 0.8908270184494477, 215468000000, 
-0.05111959814464454, 0.0367611900603043, -0.051112987527083265, 0.006780685770044066, 0.11666584533823053, 0.058120572909628465, -0.5709190888755858, 0.7934357141605197, -0.4903151704916793, 0.8990986655176955, 215565000000, 
-0.03751179169499064, -0.0374644117476919, -0.037525366916024955, -0.022072412309829422, 0.09983632862719308, -0.22108597755283854, -0.5786281062981475, 0.8020605399947024, -0.49618310178212016, 0.9075014232057161, 215665000000, 
-0.0006816277707650219, -0.09001509323415996, -0.0007183963306741162, -0.034522247954381365, 0.11296609720266257, -0.3055983061223052, -0.5853068117761658, 0.8094469211450213, -0.5018198061013099, 0.9160572888846494, 215765000000, 
-0.030257793502607575, -0.19274195863963117, -0.030228308845742253, 0.0010394091075482182, 0.15502242348353384, 0.0067048952286481445, -0.5926915050663005, 0.8179853194892092, -0.5072424909956087, 0.9247197261370722, 215865000000, 
-0.11435795470684217, 0.21405662296120137, -0.11427399802775291, 0.01701113162971464, 0.10075355294589988, 0.16883902485154892, -0.6025138501374, 0.8300679917813689, -0.5108346401061981, 0.9304993041651056, 215965000000, 
-0.0894556673288739, -0.012111713360238283, -0.08948043511150838, -0.011632202297908796, 0.09997762813714356, -0.11634805220576358, -0.6088012386626321, 0.8377913533122091, -0.516279118965836, 0.9390997376797121, 216060000000, 
-0.07536831398720403, -0.03526541567331973, -0.07538239675584485, -0.012042678450828818, 0.10269477097890692, -0.11726671510180722, -0.615356882629527, 0.8455756944849069, -0.5217299756730053, 0.9477363280809382, 216160000000, 
-0.057973366624079016, -0.08644728176632734, -0.05799073941977717, 0.0024199551477737564, 0.11041248686349923, 0.021917404602665086, -0.6218334989603451, 0.853453680278203, -0.5271018906003871, 0.9564280236648512, 216256000000, 
-0.06206492443287685, -0.044716836160655984, -0.0620608588835809, -0.009682201757207924, 0.09952179058397251, -0.09728725438313401, -0.6286694505660236, 0.8619687218670137, -0.5324342000770905, 0.9651322888618772, 216356000000, 
-0.052630588470588706, 0.045956202047408246, -0.0526399998793579, -0.022000663462120876, 0.09375718018209857, -0.23465577163680046, -0.6349567134615162, 0.8697658066361079, -0.537705513355362, 0.9738932029313043, 216456000000, 
-0.03831813278646308, -0.06425152075405112, -0.03833242382150563, -0.015805288885450467, 0.11113820485127299, -0.14221292224938642, -0.6407809096568483, 0.8771353430306728, -0.5428319955937602, 0.9827428969990665, 216551000000, 
-0.06862693761608563, -0.014530243394391535, -0.06859670408401192, -0.002879990192402711, 0.1018381973052301, -0.028280058648041326, -0.6474361259632218, 0.8859756346676882, -0.5478433091175281, 0.9916478365771703, 216637000000, 
-0.06971276191451979, -0.038951882193778646, -0.06971164747062471, -0.010301016084132619, 0.10104956435356195, -0.10194023249907769, -0.6534819844038321, 0.8942475162944667, -0.5527877195963816, 1.0005898196648637, 216749000000, 
-0.05526460279358087, -0.03000229698297499, -0.055279020212413175, -0.010501560161476024, 0.10216561764018488, -0.1027895725004205, -0.6594157324459045, 0.9024148087135043, -0.557640652490268, 1.0095823265928032, 216849000000, 
-0.05604629164001251, -0.05588664338617761, -0.05604552498569688, -0.0019335077796277837, 0.10569312971181292, -0.018293599450595915, -0.6653846282366925, 0.9108089271273057, -0.5608260876396954, 1.015600296708808, 216950000000, 
-0.07447878856490528, -0.03632206417181003, -0.07446039201731132, -0.002130326981088027, 0.10073801768704894, -0.021147199736509262, -0.6713591861993008, 0.9193979291809988, -0.5655765910460788, 1.0246304281662226, 217045000000, 
-0.0675084252677137, -0.02935215633099069, -0.06751536265114456, -0.0067335366494888655, 0.10050928405883833, -0.0669941758370007, -0.6770784820051707, 0.9276518167961996, -0.5703153442105074, 1.0336657770620306, 217145000000, 
-0.043741431305432205, 0.016432025568365177, -0.04376515731393088, -0.0037326484262959272, 0.09869139504741424, -0.0378214172015975, -0.6827974332501053, 0.9359425617561734, -0.5750225120547262, 1.0427249117306643, 217245000000, 
-0.06680088727426223, 0.01829373268516168, -0.06677789699220299, -0.0011084453695889105, 0.09934358049502857, -0.011157694982056543, -0.6883919117189594, 0.9441704388412767, -0.5796881667619873, 1.0518041723685736, 217340000000, 
-0.04832928477062408, 0.0042707787637822825, -0.04834769584940877, -0.004847350686341161, 0.0999877575879373, -0.04847944191645672, -0.6939432255447417, 0.9524021120965462, -0.5843253459964276, 1.0608961288415388, 217445000000, 
-0.049432871329471814, -0.0032321709229495366, -0.04943178784913076, -0.006591846526517331, 0.0999537809425524, -0.06594894624652507, -0.6994758407101386, 0.9606258902209044, -0.5889264025025579, 1.0700093845688035, 217545000000, 
-0.04048399564654398, -0.024859154285470787, -0.04049292494126557, -0.003643344411031085, 0.10145912441566289, -0.03590948011836616, -0.7050367793068788, 0.9689781828462899, -0.5934804455388472, 1.0791453357912892, 217640000000, 
-0.059713032418432205, -0.007316345337251336, -0.05969385036903489, -0.0025746713883061786, 0.10022102521423418, -0.025689932654375837, -0.7106533733651544, 0.9775362901638374, -0.5979995900164744, 1.0882971675476052, 217740000000, 
-0.059048805804288826, -0.027652495277154136, -0.05904944893305058, -0.0048624074400732695, 0.1006696032481933, -0.04830065166826347, -0.7160763906600381, 0.9858650475196429, -0.602487779362521, 1.0974652076428801, 217835000000, 
-0.05886439112443944, 0.011465189871575049, -0.058864575361173906, -0.0033487894690884383, 0.09935005225990919, -0.03370697239622669, -0.7215228132043748, 0.9942765756110064, -0.6054576540237302, 1.103588002429298, 217935000000, 
-0.051740249533947, -0.007804661605826681, -0.05174735896818852, -0.0019037472726335083, 0.10023151832030265, -0.018993499295798754, -0.7269016758254797, 1.0026719340485684, -0.6098834527288288, 1.1127850618826949, 218030000000, 
-0.05338961507653877, 0.022098972895636834, -0.05338797564575062, -0.002212874912824181, 0.09958478488423042, -0.02222101413781933, -0.7322804974928315, 1.0111300506853065, -0.6142850603973865, 1.121990557157632, 218130000000, 
-0.04652852999043572, -6.897639106963338e-05, -0.04653537518197293, -0.0029974485324253865, 0.09998996642794346, -0.029977493137628576, -0.7375961286969868, 1.0195239733647574, -0.6186670111952912, 1.1312059105929415, 218226000000, 
-0.02461695319486818, 0.0041309391714699755, -0.02463882743695233, -0.0016301022367289858, 0.09986003770016463, -0.01632386963064704, -0.7429389621291644, 1.0280023894322292, -0.6230258900429534, 1.1404327473292062, 218331000000, 
-0.04695863481835099, 0.0029194667432009165, -0.046936359285150185, -0.0012273161365920948, 0.09995731863193419, -0.012278401955852326, -0.7482252805556604, 1.0364472409720835, -0.6273652792798574, 1.1496676320976122, 218426000000, 
-0.07398755874566404, 0.030070060137697044, -0.0739605610640946, -0.0019417785051139716, 0.09965033430662884, -0.019485920630622537, -0.7535876704737214, 1.0450447091354131, -0.6316882099595439, 1.158910555367345, 218521000000, 
-0.08175449021830626, -0.009953950239143639, -0.08174671106845709, -0.0024429461131310437, 0.10018511010725144, -0.024384323284326284, -0.7587807619292767, 1.0533938800286269, -0.6359909778476738, 1.1681631639988805, 218621000000, 
-0.04845057679526138, 0.007409205410527871, -0.04848380572247883, -0.0014972487721957007, 0.09980720546377844, -0.0150014096200607, -0.7640713229901289, 1.061936341539678, -0.6402733238405373, 1.1774246954677645, 218716000000, 
-0.0556687777365666, -0.00016545180520877514, -0.05566160659416505, -0.0018347930548578634, 0.100009853474442, -0.01834612281805566, -0.769313088865914, 1.0704464186522402, -0.6431189715773312, 1.183603247900588, 218821000000, 
-0.054247645201640694, -0.011184280621903218, -0.05424905576342763, -0.002247745761684706, 0.10020056031844997, -0.0224324669896165, -0.7745703690983199, 1.079010473596729, -0.6473731739904411, 1.1928775729985723, 218916000000, 
-0.06711632848123986, 0.013787094387715445, -0.06710348639153461, -0.0016227040517054964, 0.09968451799405047, -0.016278395927062067, -0.7797885031455536, 1.0875460161850412, -0.6516086922866691, 1.2021609057638576, 219011000000, 
-0.03279500593404816, -0.007279493034792972, -0.03282924526910026, -0.001447575354395798, 0.10011890938458287, -0.014458560958103162, -0.7849248951956075, 1.0959902763146512, -0.6558260902309283, 1.211451995224021, 219116000000, 
-0.06451655377658798, -0.010441865252235262, -0.0644849293528659, -0.0016320743540019897, 0.1001567693352921, -0.01629519766695288, -0.7901203238353239, 1.1045627191565293, -0.6600285512692698, 1.2207490071118294, 219213000000, 
-0.02902702352340327, 0.003554344681311778, -0.029062410059623796, -0.0014288470270856456, 0.09994317852139337, -0.01429659380684789, -0.7953400234151783, 1.113203406128364, -0.6642173242034806, 1.2300521884199762, 219308000000, 
-0.06776298818500821, 0.03122761548582171, -0.06772436456713324, -0.0006434770217922386, 0.09956193328558591, -0.006463082832536741, -0.8004562544480004, 1.1217043210985709, -0.6683929055177924, 1.239360970385952, 219404000000, 
-0.029587850740378303, -0.02090167320353671, -0.0296259104316453, -0.00114419054369923, 0.10014009227600686, -0.011425898635539536, -0.805607354462249, 1.130290716751422, -0.6725578588788143, 1.2486741532207928, 219504000000, 
-0.05165082838641301, -0.05180942297160653, -0.05162884706595651, -0.0016769357448547005, 0.1005948472366191, -0.01667019525274703, -0.8107691808879984, 1.1389076924900914, -0.6753289243523829, 1.2548853562277398, 219604000000, 
-0.04352002539886828, -0.0038463061941393976, -0.04352811757929277, -0.0009890640023041603, 0.10006331489017391, -0.009884381737600072, -0.8159438563304113, 1.1475686285995939, -0.6794768312660411, 1.2642061740585182, 219699000000, 
-0.05441201097335261, 0.00020862673576375022, -0.05440114837586527, -0.0008723343279251717, 0.10000365607582182, -0.008723024358867201, -0.8210016098549285, 1.1560660909824472, -0.6836151507541864, 1.2735310438543843, 219799000000, 
-0.0804203406534166, 0.015915344719174752, -0.08039437284674097, -0.0009298461688716614, 0.09986949251739592, -0.009310612735012092, -0.8260811351883933, 1.1646191274951017, -0.6877447098761196, 1.2828595961969311, 219894000000, 
-0.04236156981325698, 0.011205611213488877, -0.04239952592421406, -0.0008721391493426349, 0.09989948608082118, -0.008730166525952422, -0.8312140478691559, 1.1732791659710886, -0.6918647634223041, 1.292192617347618, 219994000000, 
-0.05114637764734598, 0.003588493330791556, -0.051137647805516384, -0.000481180492218774, 0.0999743820897108, -0.004813037921924764, -0.8363612644748964, 1.1819819457439695, -0.6959753891078438, 1.3015293476154062, 220089000000, 
-0.06875630269470755, 0.0335915115688531, -0.06873871869291737, -0.0002476647445583144, 0.09984877385033095, -0.00248039845666561, -0.8414401207630207, 1.1905864776872837, -0.7000793380394031, 1.31086885668686, 220194000000, 
-0.04497445813779093, -0.01146464986228201, -0.044998174304328606, -0.0009172981717966204, 0.10003794862006249, -0.009169502018483587, -0.8464408746028771, 1.199068002024268, -0.7041767939111375, 1.3202112115481193, 220289000000, 
-0.05789103694797803, -0.0017539129298802512, -0.057878169357321124, -0.0007217553160481238, 0.10002150914858539, -0.0072160010600913, -0.8515356341121453, 1.2077138098545168, -0.7082670042617234, 1.3295566327984767, 220385000000, 
-0.04653157995900241, -0.009137735231894664, -0.04654290331361415, -0.0007162350034379965, 0.10006848834460548, -0.007157448016717317, -0.856680524224857, 1.2164630743333755, -0.7109900890939521, 1.335788563941403, 220485000000, 
-0.0517476107210495, 0.0032939630373870752, -0.0517424159603016, -0.0006977844084054145, 0.09998592422936145, -0.006978826407652549, -0.8616432649945986, 1.2249167404527765, -0.7150695035694666, 1.3451387022417243, 220580000000, 
-0.05250141908916722, -0.002432261039355725, -0.05250066108089296, -0.0008620259001135802, 0.10002428704114766, -0.008618165903636612, -0.8667002738526719, 1.2335448350470168, -0.719142310473552, 1.3544918792888365, 220680000000, 
-0.09787141704906742, -0.0009273675229925698, -0.0978261362791836, -0.0006308676011759153, 0.10001019139709261, -0.0063080331350536265, -0.8717872380025729, 1.2422379450060388, -0.7232075007380661, 1.3638484372487432, 220780000000, 
-0.03330723736572126, -0.022314925951727325, -0.0333716265665691, -0.0007073484036971823, 0.10014046438530592, -0.007063562247679919, -0.8768191306486344, 1.2508540825189962, -0.7272658863474084, 1.3732074916163424, 220875000000, 
-0.07513076496145242, -0.018399471795610748, -0.07508908879774437, -0.0007085962132319726, 0.10013416927386032, -0.007076467687009105, -0.8818882631718238, 1.2595465437665279, -0.7313190663347211, 1.3825688030034284, 220975000000, 
-0.054159364495541346, -0.03708177412810831, -0.054180251718076555, -0.0008522836680905989, 0.10026252145625524, -0.008500520989415294, -0.8868805911265529, 1.268121281301932, -0.7353670977413852, 1.3919322845484228, 221075000000, 
-0.07715554357521387, 0.013487300605319406, -0.0771326136071793, -0.0002233137760017937, 0.0998871422504361, -0.0022356608765711156, -0.8919662663646593, 1.2768704555411985, -0.7394103833815243, 1.4012975595826054, 221171000000, 
-0.054994883707591855, -0.012240187019324014, -0.055016976504315473, -0.0004692180232049194, 0.10002849313017531, -0.004690843663857731, -0.8969335020976938, 1.28543275867965, -0.743449773653397, 1.410664433207623, 221271000000, 
-0.05226275379779754, -0.009963187070124101, -0.052265501956338244, -0.00044698777971520487, 0.10004908483470078, -0.00446768484143268, -0.9020394601160631, 1.2942386839955828, -0.7474855482082495, 1.420032907228398, 221366000000, 
-0.06414108419078976, -0.013131442531615703, -0.06412923178859503, -0.00042447319271431654, 0.10006091048676449, -0.004242148014138483, -0.9070060526878683, 1.3028136837587014, -0.7501741213497329, 1.4262793175162378, 221466000000, 
-0.0764086644380257, 0.0036200639734291877, -0.07639640887975639, -0.0001692873133439385, 0.09998279640218456, -0.0016931644186363214, -0.911986626060203, 1.3114216013923625, -0.754204498994115, 1.435649811933881, 221566000000, 
-0.08862427399665818, -0.010544147701460992, -0.08861206973068057, -0.0004324583160371538, 0.10001923910619208, -0.004323751309265667, -0.9170911776563886, 1.3202523718718175, -0.7582326514444533, 1.445021164210346, 221666000000, 
-0.04930703386265178, 0.006917870331582065, -0.049346259617001245, -0.00026382375370582404, 0.09996960490576831, -0.002639039675654467, -0.9220675480436109, 1.3288648296278822, -0.7622582789016029, 1.4543938532974068, 221761000000, 
-0.06439111424105476, 0.009600094503394965, -0.0643760989203037, -0.00011163911772452802, 0.09997725471740215, -0.0011166451613428428, -0.9270063721135593, 1.3374207938433764, -0.7662808733290049, 1.4637677461919998, 221861000000, 
-0.08195653765541591, -0.022157628299187965, -0.08193899163231412, -0.0004356059519107007, 0.10002459998476254, -0.0043549881926751985, -0.9320470349914651, 1.3461584414138326, -0.7703009344976594, 1.4731426528397253, 221961000000, 
-0.05184343728122763, 0.003032572667581361, -0.05187347196054823, -0.0002843683756281147, 0.09998708809155335, -0.002844050977539543, -0.9371114892879276, 1.3549396217283398, -0.7743185806488881, 1.4825187082276223, 222056000000, 
-0.05330977892633046, -0.17315887345091083, -0.05330834489894261, -0.024345221700070308, 0.10084432585492531, -0.24141389705052274, -0.9420306000475448, 1.363477494603395, -0.7769946350578132, 1.4887775388169573, 222151000000, 
-0.07215163237461605, 0.01574351034479982, -0.07213282686468848, -0.01235039142045808, 0.09366114019598594, -0.13186249275435774, -0.9470532629378813, 1.3722012174993663, -0.780883083720463, 1.4982461699765846, 222256000000, 
-0.07639564579396907, 0.023174303180387316, -0.07639139045609218, -0.0009007191490575612, 0.09679955792417239, -0.009304992381919105, -0.9515110129844244, 1.3803939842082888, -0.7846090688429755, 1.5077741580252833, 222351000000, 
-0.09383264218079065, -0.0024981830866072133, -0.09381523460889736, -0.00782102671461743, 0.10008588561030032, -0.07814315342194993, -0.9560921250541251, 1.3890830579295852, -0.7882487956039904, 1.5173119270202082, 222442000000, 
-0.0618393690083568, 0.022808725313034746, -0.061871280398736926, -0.006899933991427506, 0.09781529563566416, -0.07054043998525462, -0.9606802006293048, 1.39780543651635, -0.7918316427582559, 1.5268724995233034, 222538000000, 
-0.07546804084401032, -0.004555526784094313, -0.07545447032703619, 0.0038696230511733654, 0.10050386254558062, 0.03850223218454325, -0.9651620991013597, 1.4064874299937904, -0.7953662205490097, 1.5364430230301405, 222638000000, 
-0.0677296361254627, -0.08286220539145381, -0.06773734517982638, 0.0030126545702748465, 0.09661856984755514, 0.031180906269138692, -0.9697266525139456, 1.4154842494294093, -0.79772860637562, 1.5428179788310026, 222738000000, 
-0.06396235204210857, 0.020415726191308083, -0.06396611841252903, -0.0020934125097099563, 0.10072966807365147, -0.02078248196131547, -0.9741506261061718, 1.4241211112350707, -0.8013014168259269, 1.5523626495859484, 222833000000, 
-0.08702761270861142, -0.011632426217622853, -0.08700459664884524, -8.579694750599877e-05, 0.10023629329385987, -0.0008559469298657155, -0.9787152161954521, 1.432964255638817, -0.8048871541136252, 1.561912195739301, 222928000000, 
-0.06293221615303903, 0.036146824735412655, -0.06295623967587824, 0.002793858502616348, 0.09991932446638951, 0.02796114282734303, -0.9832899557000122, 1.4418718434526685, -0.8084716092089338, 1.5714621399525939, 223023000000, 
-0.05915160290692426, -0.028573806102618192, -0.05915539938717026, -0.0020020723796129536, 0.09928773204247672, -0.020164347985674992, -0.9878623964652842, 1.4507767665655462, -0.8120652958019932, 1.5810057579564012, 223124000000, 
-0.05378425096207748, 0.01540383283299877, -0.05378961076120251, -0.004040805926982864, 0.0996791344104674, -0.040538132186654856, -0.9924437852983464, 1.4596380476338606, -0.8156521804359479, 1.5905601872006592, 223224000000, 
-0.03546305686053853, -0.020372862170526397, -0.03548134620634998, -0.0018528119661927335, 0.10077629518912154, -0.01838539472715939, -0.9970098709476304, 1.4685138011863323, -0.8192074936535034, 1.6001256951788683, 223320000000, 
-0.07112773568167519, 0.00437837226129221, -0.07109216014110699, -0.0008615766380271788, 0.09992059578425823, -0.008622613098579162, -1.001566173763295, 1.477459568062104, -0.8227425622877322, 1.6096972444426707, 223420000000, 
-0.027939249723271355, -0.036454445157061366, -0.027982315794204016, -0.0035555487716548953, 0.10033844393099821, -0.03543555822033689, -1.006083694181279, 1.486369482246066, -0.8262612357135127, 1.6192760104988007, 223520000000, 
-0.04504263848165899, -0.017972433335511184, -0.04502561188304045, -0.0024234089708436925, 0.10059316607931992, -0.024091188947495512, -1.0106697016660475, 1.4954338967086382, -0.8297536248653452, 1.628864273843842, 223620000000, 
-0.06504785694740507, -0.006761844172348238, -0.06502787424906854, 0.0002465890947370645, 0.10016361903357979, 0.002461862871132838, -1.0151368271045547, 1.5043425061124738, -0.8332257846616185, 1.638457457531198, 223715000000, 
-0.05949820490787828, 0.0028587305208574772, -0.05950372291324517, -0.0008276445063361131, 0.10002329039596307, -0.008274517895379262, -1.0196004652765662, 1.5132973776299026, -0.8355375827992308, 1.6448533956890414, 223815000000, 
-0.058401043730963505, 0.011955305968403829, -0.05840214363222762, -0.0012584545701168587, 0.09991194158665254, -0.01259563721945504, -1.024051725304954, 1.522221942581156, -0.8390001541777226, 1.6544487628855309, 223915000000, 
-0.06491554424431906, 0.015302536543955744, -0.06490904325642374, -7.359172542442845e-05, 0.0998078689654864, -0.0007373339014970504, -1.028543256088602, 1.53124588954583, -0.8424540647238395, 1.6640481744057114, 224012000000, 
-0.06361187042316957, 0.012239946998277925, -0.06361316433864435, 0.00022285749690946935, 0.09998614240575618, 0.0022288838387732367, -1.0329972512817112, 1.5402229745001346, -0.8459022511713596, 1.6736482982332461, 224112000000, 
-0.06297154992627196, -0.04260486744592191, -0.0629721896466702, -0.0014234295928328795, 0.09992284450789385, -0.014245286949576674, -1.0373936809402384, 1.5490856766473184, -0.84934964640372, 1.6832481356575406, 224207000000, 
-0.06058127169418988, -0.012260704249191748, -0.06058365717754012, -0.0011158711404372723, 0.10017392927066135, -0.011139336837055522, -1.0418795711304394, 1.5581237504466068, -0.8527918007438945, 1.6928517201280264, 224312000000, 
-0.05518128047763343, 0.015857613085206623, -0.05518667151576222, -0.0001887815647641299, 0.09982541740972542, -0.0018911172090499868, -1.0462904619405893, 1.5670429025316461, -0.8562249891094421, 1.7024580455840939, 224407000000, 
-0.05742419597965751, -0.049361360471614636, -0.05742196233615261, -0.0012124742945492462, 0.10010339841953148, -0.012112219102370422, -1.0507277701202882, 1.5760404911256356, -0.8596521832841846, 1.7120665651784066, 224502000000, 
-0.07621478253257812, -0.0018323057192259438, -0.0761960266496105, -0.0012778077234324673, 0.1000255775751589, -0.012774809747760034, -1.0551161628465129, 1.5849431806200778, -0.8630717205400357, 1.7216782278677276, 224602000000, 
-0.05783714441005805, -0.004735605646393083, -0.057855465902469316, -0.0006025623052958747, 0.10005834007526518, -0.00602210974959828, -1.059532833743968, 1.5939304382523776, -0.8653455571019091, 1.7280880475265838, 224697000000, 
-0.05547879301013522, -0.006819696271611105, -0.05548116436261633, -0.0004103802632696074, 0.10004404502707767, -0.004101995907487896, -1.0639504569360185, 1.6029487354549048, -0.868750386957841, 1.737704307404857, 224797000000, 
-0.08257978759201869, -0.011117759768250695, -0.08255274247933439, -0.0008683050980673261, 0.10005136070394217, -0.008678593593911148, -1.0683383036214227, 1.611919961745533, -0.872150638690706, 1.7473216078071088, 224897000000, 
-0.022280712890021728, 0.03612427839210405, -0.022340863889203096, -0.00012223215782755555, 0.09968868872637746, -0.0012261386862360557, -1.0727345836139959, 1.6209177733763536, -0.8755455624996963, 1.7569412601498575, 224992000000, 
-0.0505058974461801, 0.008087012757134106, -0.050477788349070775, 4.524145043106819e-05, 0.09999004861893669, 0.00045245953028269763, -1.0771066726324607, 1.6298857972539549, -0.8789356679489148, 1.7665620604425256, 225093000000, 
-0.0581959178725284, 0.0034407357872999885, -0.05818821463486872, -0.00021824865922624107, 0.10000480811726037, -0.002182381660793091, -1.081494496087466, 1.6388888963485357, -0.8823236688211543, 1.7761834504638763, 225188000000, 
-0.05987728960524054, 0.00798915796322399, -0.05987560332954405, -0.0004249189371892376, 0.09998762485786547, -0.004249715280198614, -1.085848289794874, 1.6478211499903312, -0.8857088632701201, 1.7858060755543608, 225288000000, 
-0.04774330878570876, -0.009836842117420749, -0.04775541628299963, -0.00037739388618253324, 0.10004275840966453, -0.0037723258752737016, -1.0901960556701635, 1.6567459545840242, -0.889090115357154, 1.7954300275220143, 225383000000, 
-0.06056874154401486, 0.0057445134988470216, -0.06055595330763983, -0.0003098867968008018, 0.09998248566918795, -0.003099410809070343, -1.09459283045692, 1.665781040549516, -0.8913426284633967, 1.8018465511103037, 225484000000, 
-0.057442821440337945, 0.0014050104479869552, -0.057445927751397945, -0.0005666900803407811, 0.1000007283976893, -0.005666859526133968, -1.0989832097323153, 1.6748116767767278, -0.8947184961625761, 1.8114725252443813, 225579000000, 
-0.06909887926954494, 0.013464431100861762, -0.06908724900569437, -0.00034567162270345567, 0.09992825395458162, -0.0034591980648492754, -1.1033340293684135, 1.6837680363300271, -0.8980894390275663, 1.8211005901045174, 225679000000, 
-0.040137241006811805, 0.028587844442371793, -0.04016613257795071, -9.66447583908047e-05, 0.09990376036744891, -0.000967378585504114, -1.107682294723746, 1.6927319977080726, -0.9014550944833166, 1.830730347626026, 225779000000, 
-0.035328911792022626, 0.02696339579074938, -0.03533373894754521, -0.00011790143790458402, 0.09998126631036403, -0.0011792352933257698, -1.1120783550706974, 1.7018024474303457, -0.9048163039865439, 1.840361485602489, 225874000000, 
-0.01797439737552311, -0.047835570856821726, -0.017991721723142746, -0.0008810544117662106, 0.100060088666448, -0.008805253158461816, -1.116451741577217, 1.7108283588413558, -0.9081737036361914, 1.8499938471497035, 225974000000, 
-0.05764737086213188, 0.011955934023577017, -0.05760779416600206, -0.0001617091858399888, 0.09989891863413487, -0.0016187280908637755, -1.120775829257982, 1.719755234037831, -0.9115274518272259, 1.8596273745881193, 226069000000, 
-0.05219174258569177, -0.0035026317795250417, -0.05219714724501612, -0.0002893006291458316, 0.10000536650732277, -0.0028928510463950745, -1.1251338481469733, 1.7287721946557262, -0.9148782099269728, 1.8692619386130385, 226174000000, 
-0.023821088460782083, -0.01987824023713117, -0.023849407389786515, -0.0006147279976948073, 0.1000614504249999, -0.006143504767158765, -1.1294591487101007, 1.7377251700307772, -0.9182260321988771, 1.8788975560454246, 226269000000, 
-0.0689518544553095, -0.027911368852203113, -0.06890684173668249, -0.0006940934302149004, 0.1001743520868124, -0.006928853701128907, -1.133830249312935, 1.7467796021068973, -0.9204558400800088, 1.8853220860301843, 226369000000, 
-0.058230412085600126, -0.0017787757541277243, -0.05824106654697137, -0.00017620506442146341, 0.10001144042522124, -0.0017618490811879897, -1.1381757710876754, 1.7557952617854873, -0.9237971779246738, 1.8949601467417363, 226464000000, 
-0.04768254261450758, -0.014510501493992975, -0.04769307949091832, -0.000382786592222835, 0.10002664441763831, -0.003826846281322778, -1.142518279518329, 1.764820625323009, -0.9271357817362268, 1.904598678508383, 226564000000, 
-0.0749064069989404, -0.035547977670449524, -0.07487924747504206, -0.000701281620894278, 0.10013875975746486, -0.00700309872613537, -1.1468577861129334, 1.7738438289832925, -0.9304723011698036, 1.9142379339901663, 226644000000, 
-0.038180518712049555, -0.00460272370033261, -0.038217143471372624, -0.00014118390176049103, 0.10002765613934847, -0.0014114486653951765, -1.1512547042635755, 1.7829953898115691, -0.9338062596699822, 1.9238781917056058, 226744000000, 
-0.06759979254218948, -0.03225914532612624, -0.06757046813581302, -0.00026754991157154834, 0.10004444533161543, -0.0026743105095410917, -1.1555432886433354, 1.7919377157238474, -0.9371385765155541, 1.9335187614685918, 226850000000, 
-0.04717752193161978, -0.018222965799086388, -0.04719787353044546, -0.00031971458313693134, 0.1000451470222536, -0.003195703066594679, -1.159837177117429, 1.800894318591104, -0.9404702403940185, 1.9431594745981369, 226955000000, 
-0.060611607006047966, 0.010325916599722727, -0.060598219567969104, -9.809850375862956e-05, 0.09996960033602977, -0.0009812833444255969, -1.1641714311621436, 1.8099412818873604, -0.943800619765277, 1.9528007484845253, 227055000000, 
-0.06585364468664223, 0.00746195135681083, -0.06584839913456701, 0.00013192064012790812, 0.09998901043055242, 0.0013193513923165975, -1.168509655952855, 1.8190039796560395, -0.9471296176898375, 1.9624423791467547, 227150000000, 
-0.08328009106313113, 0.012363171877358952, -0.08326269349405123, 4.517816948487719e-05, 0.10001156146109268, 0.0004517294683220477, -1.1728109767546715, 1.8279918543244582, -0.9493489030102346, 1.9688700772611674, 227246000000, 
-0.060418469551443005, -0.021351288705087634, -0.060441267375380386, -0.0003462271261460522, 0.09998590876700789, -0.003462759206928326, -1.1771270740689426, 1.8370075632899594, -0.9526774068427543, 1.978511780718325, 227346000000, 
-0.048782148630368796, 0.015377090522099865, -0.04879378389243546, 0.00011823172187252298, 0.09994634202254966, 0.001182951966824837, -1.181440206824055, 1.8460160444423495, -0.956004997270745, 1.9881539914980375, 227446000000, 
0.07069774137465352, 0.2071814014124401, 0.07057848898202715, -0.07252796590674172, 0.10251047165191322, -0.7075176295453918, -1.1857716503060898, 1.8550708000717668, -0.9593286066075754, 1.9978210994719834, 227541000000, 
-0.05812688155613533, -0.04337277723835098, -0.057998434457430026, -0.05392121402331408, 0.09435176997314965, -0.5714912824492728, -1.1901721272019194, 1.864268722472418, -0.9621556871438351, 2.0077744884866564, 227636000000, 
-0.0128226135458564, -0.1683003181711219, -0.012867690746100668, 0.01388948533479932, 0.1741897792625573, 0.0797376596583409, -1.193625644617352, 1.8730201085512295, -0.9643168167351418, 2.0178189553108443, 227736000000, 
-0.09985132031685254, -0.019775671466252073, -0.09976451748354723, -0.012771945805240294, 0.10088145698977659, -0.12660350262917608, -1.199155737787988, 1.8897639423813954, -0.9662406765875307, 2.0278873806203888, 227836000000, 
-0.0829576439387361, -0.04999322549046063, -0.08297441604937086, -0.026489831910263564, 0.10340036546133191, -0.2561870240213979, -1.2023806889315625, 1.8992705445841107, -0.9679129141432132, 2.037993484883839, 227936000000, 
-0.0394084180851378, -0.13732186359418, -0.03945189328851807, 0.0031805164069470017, 0.13374866325612417, 0.02377979958466142, -1.2056014579877883, 1.9091735381847152, -0.968889207352792, 2.044742955004057, 228036000000, 
-0.07416710118178368, -0.1331976012174622, -0.07413245856558418, 0.013510844703407176, 0.09600778277225969, 0.14072655688191743, -1.2093675550223368, 1.9218550819022588, -0.9703219739297834, 2.0548408390380866, 228137000000, 
-0.08387505685943972, -0.03183533798210547, -0.0838653328554103, -0.00989396857687729, 0.09703158979015501, -0.10196646884045127, -1.2121262602370522, 1.9310646164902265, -0.9718441834343291, 2.0649037616434023, 228233000000, 
-0.08141167152342088, -0.030900958314621595, -0.08141411898760816, -0.014590386479710398, 0.10169232761973244, -0.14347578446890885, -1.215045008098334, 1.9403321444853112, -0.9733620918944472, 2.075004879593124, 228328000000, 
-0.051633647482977316, -0.03226206683095683, -0.0516633674321933, -0.0002741949790242931, 0.1046865015102958, -0.0026192009004840644, -1.21800271891689, 1.9500693697869282, -0.9747649070522628, 2.085130289574425, 228423000000, 
-0.04424849630722171, -0.012735741710094865, -0.04425589632229318, -0.009002800107915657, 0.10016624511180623, -0.08987858232947309, -1.2208957396144757, 1.9601091997051105, -0.9761038460453125, 2.0952511606693376, 228524000000, 
-0.024097853725874866, -0.12966696616739928, -0.02411797012513955, -0.024981225308799947, 0.10991905705223687, -0.2272692832229093, -1.2236905688775448, 1.9698181227220048, -0.9773573410195301, 2.105400548860224, 228625000000, 
-0.04307769485345622, -0.03822748384042372, -0.04305877313861705, -0.014563557912718702, 0.10565292838576396, -0.13784339095215317, -1.2266139909022034, 1.980331868761859, -0.9784419200092017, 2.1155707701826736, 228725000000, 
-0.06398313625600222, -0.07715382623176548, -0.06396225276748119, -0.004126704785999487, 0.11002970922263006, -0.03750536846052792, -1.2292243533661114, 1.9906126809094122, -0.9793954753323181, 2.1257444316530067, 228820000000, 
-0.05892210725043704, -0.00011713376870660375, -0.058927137716958115, -0.008710775647545042, 0.09987140602169621, -0.0872199160353535, -1.231769763305109, 2.001252339691439, -0.9802722590824605, 2.1359234010426995, 228920000000, 
-0.05436266534445551, -0.011003757683706442, -0.05436722008520231, -0.010289660942441436, 0.10021144965701137, -0.10267949398655878, -1.2340662199465262, 2.011012300177313, -0.9808028484047095, 2.1427141907006764, 229015000000, 
-0.045994689797147714, 0.044774971053232304, -0.04600304555806724, -0.0017830773864720001, 0.09542927468071345, -0.018684804976646915, -1.2362796607014994, 2.0208032427727662, -0.9815160262425614, 2.1529052062591854, 229116000000, 
-0.0537025412629683, 0.0068200526068009845, -0.05369485621816845, -0.0023805464589023756, 0.09994581589142096, -0.023818370360681747, -1.2382906498892743, 2.0301439561063903, -0.9821782130193342, 2.1630892816177747, 229216000000, 
-0.057090454902629095, 0.009861237445829127, -0.0570870655813562, -0.006656609313221214, 0.09965719300763305, -0.06679507130720974, -1.2403574287363115, 2.039831868618214, -0.9828173970688727, 2.173273679628022, 229312000000, 
-0.029302334680137657, -0.00869139450590389, -0.029330063351718748, -0.005274184007294428, 0.10029291768507764, -0.05258780110331921, -1.2424082095836981, 2.0495574481073238, -0.9834105442030834, 2.183467089516606, 229413000000, 
-0.06701568334006601, -0.07165612526816284, -0.06697807226595072, -0.002777466177195361, 0.10364679483708195, -0.02679741502437334, -1.2444359931240154, 2.0595015560508263, -0.9839501975870542, 2.1936608167302305, 229509000000, 
-0.04572626965573995, -0.008881820682543817, -0.04574747873951166, -0.0049180881188971405, 0.10021282093497809, -0.0490764362584722, -1.2464454253927575, 2.069630539760498, -0.9844520095862929, 2.2038568741934346, 229609000000, 
-0.0373167189368278, 0.02992437106606694, -0.03732513261142394, -0.006743502242353737, 0.09833292915229169, -0.0685782707836338, -1.2483623205333565, 2.0794301790443477, -0.9849018687861427, 2.214057756048603, 229704000000, 
-0.0508419488462247, -0.025932773462176303, -0.05082845830659011, -0.004436602293137738, 0.10154185907756806, -0.04369234848998192, -1.250199705871394, 2.0890734977215124, -0.9851661178176077, 2.2208599545934744, 229804000000, 
-0.057567515301180615, 0.011998555563295892, -0.05756078938779258, -0.0036870751286528954, 0.09939092735594462, -0.03709669712053823, -1.2520520946765885, 2.0991709088874186, -0.9855207995314262, 2.2310628064795015, 229899000000, 
-0.07871075488071147, -0.028119771032369074, -0.07868964638788546, -0.005390675069759793, 0.1009348806696014, -0.05340745472722696, -1.2537950355195533, 2.1089139761264626, -0.9858320120748055, 2.241265658209134, 230000000000, 
-0.03045148133793244, -0.0025050656281101983, -0.030499622595474916, -0.004391039322599945, 0.09997719712522005, -0.043920408341716455, -1.2555165627705303, 2.1187468339646003, -0.9860962991035562, 2.251471102473114, 230095000000, 
-0.03217972475896115, 0.030109504988704208, -0.032178047838266145, -0.0025349810191159115, 0.09862100040059367, -0.025704271999056415, -1.2571945616224864, 2.1286382773639665, -0.9863143228791037, 2.2616768181138878, 230200000000, 
-0.03547476826442654, -0.013766312435595698, -0.035471477618529326, -0.0033526532057581732, 0.10032760243064257, -0.03341705696670958, -1.2588248096600878, 2.1385118379238457, -0.9864968211416031, 2.2718809185273914, 230296000000, 
-0.07357709014763752, -0.0026094445134503164, -0.07353906024013035, -0.0037856129477247635, 0.10003007130990654, -0.037844749065472805, -1.2604147218013981, 2.1482999120652035, -0.9866471685788851, 2.2820860003208034, 230392000000, 
-0.04641792792687012, -0.0024026690054216038, -0.04644499421391471, -0.0027238539433850845, 0.10003469363873527, -0.027229092670808745, -1.2619920036537633, 2.158217117475586, -0.9867630940010318, 2.292291177327518, 230492000000, 
-0.07187908753088751, -0.010558751217612447, -0.07185370369954369, -0.0022275211485821202, 0.10026532497612421, -0.022216266182875796, -1.2635153874907419, 2.1680356816797994, -0.9868498795832955, 2.3024958455438056, 230592000000, 
-0.03624871996015045, -0.02505139528638799, -0.03628425315331879, -0.00320224834946201, 0.10053593174014369, -0.03185177969742098, -1.2650423151437904, 2.1780558417687943, -0.9869104393304149, 2.312700947799257, 230687000000, 
-0.04482604900093947, -0.011588565777495086, -0.044817523902286514, -0.003100069855910972, 0.10032374553650442, -0.03090065905466978, -1.266541917205218, 2.1880473584604974, -0.9869410635519464, 2.3229064228746483, 230784000000, 
-0.07578491375173674, -0.011338593173488294, -0.07575400771025526, -0.00241046897939033, 0.10031718302228822, -0.024028475548947364, -1.2679761878586233, 2.1978165145573483, -0.9869447622880065, 2.329709966158265, 230884000000, 
-0.04000016810904537, 0.028383339274381702, -0.040035849949933165, -0.0021865161436137345, 0.09930853411770743, -0.02201740427486446, -1.2694190244142713, 2.207856318744046, -0.9869290191876866, 2.3399145526884, 230984000000, 
-0.06823277452134673, -0.02321710690063554, -0.06820463332359013, -0.0029561273900647164, 0.10049294264671213, -0.02941626856780508, -1.2708221213235642, 2.217790930700172, -0.9868878262036953, 2.3501192023704, 231084000000, 
-0.06286256700185917, 0.015335965344262117, -0.06286789784288142, -0.0021200032355561684, 0.09952823320618852, -0.02130052114121473, -1.272188440968477, 2.22762308226017, -0.9868196601541673, 2.3603239677005754, 231179000000, 
-0.030116164130774413, 0.011180725399542856, -0.030148849885921564, -0.0017920982320184416, 0.0997556556916286, -0.017964878478251862, -1.2735191445971585, 2.2374073229345113, -0.9867266802464998, 2.370527694590638, 231274000000, 
-0.08505622151263924, 0.019363686482996967, -0.08500142337901138, -0.00187328350934269, 0.09965866510865624, -0.018796995798611982, -1.274868774638498, 2.2474902091795386, -0.9866121379775109, 2.3807311232489763, 231374000000, 
-0.052004967063673926, -0.005612633764570785, -0.052037896825631307, -0.002267144313801277, 0.10009642254604974, -0.022649603813345763, -1.276154870637514, 2.257234162732954, -0.9864755952888926, 2.39093427477008, 231474000000, 
-0.0511953202711249, -0.00019658899734398098, -0.05119616065677469, -0.0018182569634806439, 0.09999682676164892, -0.018183146629388715, -1.2774483281430296, 2.2671759357914487, -0.9863167813943402, 2.4011368810011855, 231574000000, 
-0.05380682556219895, 0.008105803849202125, -0.0538042196170993, -0.0017956718464933116, 0.09985331188393008, -0.017983097531913697, -1.2787069811481264, 2.2770247369753296, -0.9861997974879254, 2.4079383944273562, 231669000000, 
-0.04137760528493954, 0.15810162895550556, -0.041390006869899534, 0.04842387912863797, 0.09688752304102899, 0.49979478893409107, -1.2799514339395968, 2.286904228910932, -0.9860160286804762, 2.4181255740745056, 231769000000, 
-0.04061100637573765, -0.11129819923960009, -0.04061178909905815, 0.01482045235879376, 0.039979574283973834, 0.3707006046018521, -1.2811501021150054, 2.29655582800717, -0.986207854617553, 2.4282170702896715, 231864000000, 
0.014771874274210808, -0.027802799829930218, 0.014716605910560024, 0.00041541966873928713, 0.08393421048017394, 0.004949348619147531, -1.2818457698504258, 2.300519395151845, -0.9869031705789149, 2.4383070607854034, 231964000000, 
-0.042015391473831154, 0.12990339519669133, -0.041958771209102234, 0.029120388289577893, 0.09995043470940215, 0.29134829052262834, -1.2836019125185762, 2.3087195284252795, -0.9878531356109227, 2.448427466898464, 232064000000, 
-0.03586803535060931, 0.059052515929307284, -0.03587411272078527, 0.03092256713309272, 0.10761324481208877, 0.28734908223508027, -1.2857440935853544, 2.3186967466896466, -0.9890373213100622, 2.4585198510231008, 232159000000, 
-0.0750925466760652, 0.10778399484249641, -0.0750534040406754, -1.2296333666695674e-05, 0.12912333190351952, -9.522937090783445e-05, -1.2882645186669044, 2.328941159555944, -0.9904177122978786, 2.4686121770246916, 232259000000, 
-0.06035202752322208, -0.014975672257534121, -0.06036670169034269, -0.016041728971164827, 0.10032152613276614, -0.15990315926748463, -1.2916958386617354, 2.341369758815122, -0.991841307665318, 2.478705915346887, 232354000000, 
-0.03163256029139639, 0.023902076690448366, -0.031661236800677395, 0.008059342569928489, 0.09740821075955494, 0.0827378154991717, -1.2943546444984824, 2.351001176826962, -0.9932475615441682, 2.488800242568199, 232459000000, 
-0.09227468447002217, -0.030077339969997133, -0.09221419167574257, 0.005808232403138558, 0.09689225107087307, 0.05994527259863178, -1.2968250686480205, 2.3605389242509527, -0.9942270335868199, 2.495524350568666, 232554000000, 
-0.04451465018666493, -0.08972943946883767, -0.044562253850763935, -0.004572252218095766, 0.09495431070298473, -0.048152129000206045, -1.299319757585844, 2.3698487677625937, -0.9957441756209832, 2.5056007200955106, 232654000000, 
-0.052043312052031665, 0.030475704809669355, -0.05203584511577358, 0.006814434556300688, 0.09869999399374059, 0.06904189433621293, -1.301803835098177, 2.378903111174574, -0.9972642075977044, 2.515689102108772, 232754000000, 
-0.06121806582961911, 0.010562966951767845, -0.061208901334334646, 0.015676103108735948, 0.09936020695837314, 0.157770435354502, -1.304391315503644, 2.3885130021952925, -0.9988177917645902, 2.5257575220197452, 232849000000, 
-0.08365199102313373, 0.019756459529324668, -0.08362959187715263, 0.00859469351896284, 0.1015753112393797, 0.08461400131679603, -1.3070418741824719, 2.3980907503024693, -1.0004925341875317, 2.5357911355774934, 232944000000, 
-0.05496155120209839, 0.05088280265839318, -0.05499016098583284, 0.0041562820283111875, 0.10385690444333379, 0.040019313598730746, -1.3099113456699936, 2.407857629189399, -1.0022863214634157, 2.5458132392739126, 233039000000, 
-0.058965606463069406, 0.05841701399734669, -0.058961638623121995, 0.012100729356557963, 0.10162658072723917, 0.11907051550849414, -1.3129228469404284, 2.4177957460754382, -1.004163614867146, 2.5558198020898666, 233139000000, 
-0.07362689309779352, -0.006831137336662668, -0.07361225690411918, 0.01033952815592994, 0.09775468899625046, 0.1057701503845665, -1.3158894097601639, 2.427445993429744, -1.0061505746417645, 2.565804910620987, 233239000000, 
-0.05485769021296003, 0.06758633859272084, -0.054876405769541094, 0.004635907737932271, 0.1065040462378843, 0.043527996369054786, -1.3188599764923659, 2.4367174021239473, -1.0075321789794207, 2.5724516231378445, 233339000000, 
-0.04454985518385488, 0.018680994114046313, -0.044560161178248375, 0.005093079820450078, 0.10049818874001235, 0.050678324498223716, -1.3222582974785857, 2.4469518567584023, -1.009650249043517, 2.5824210009942385, 233434000000, 
-0.039436739374091825, 0.01855488264149452, -0.03944185213815717, 0.007454496640374951, 0.10041821336334092, 0.0742345077720365, -1.3254697116216652, 2.4564827342227407, -1.0118122132116294, 2.592381263411747, 233534000000, 
-0.0377931684478026, -0.031729593018121616, -0.0377948137653367, 0.003571366257990337, 0.09730446245798358, 0.03670300588251506, -1.3286852488892484, 2.465868206297912, -1.01403083972128, 2.6023251969388648, 233629000000, 
-0.04315157340225546, -0.0005609560724526841, -0.04314622668074563, 0.0013973016769835975, 0.09989631193973303, 0.01398752015816743, -1.3319511765176884, 2.4751776288135026, -1.0162966154707462, 2.612264260782418, 233724000000, 
-0.056386326766908024, 0.008722763696296624, -0.05637311264501871, 0.003999279949874947, 0.09998523326837143, 0.039998706000319434, -1.3352827192464447, 2.4845622161183836, -1.0185891472314477, 2.622196800163075, 233824000000, 
-0.07938585736300756, 0.021503855307329636, -0.07936288990937937, 0.005219284318777829, 0.1005551763633093, 0.05190468066925144, -1.33864441267958, 2.493989941910746, -1.0209196099612277, 2.6321190173161106, 233924000000, 
-0.04205304484533842, 0.027891646601394204, -0.04209027941656456, 0.0031487239438707077, 0.10122038484499045, 0.031107606918237704, -1.3420261951941275, 2.5033552706364928, -1.023292794767714, 2.6420320879652346, 234024000000, 
-0.07990323489382908, -0.015185996465689832, -0.0798654971402358, 0.0031716762216698387, 0.09936597146607136, 0.031919138663609924, -1.3455160614440151, 2.512866674191523, -1.024892878902017, 2.6486366770890886, 234124000000, 
-0.06921158415287336, -0.006818033554582887, -0.0692222159811164, 0.00457411047200732, 0.09953818933598846, 0.04595332206182226, -1.3490055477520082, 2.5222862417952117, -1.0273210154723205, 2.658536746830633, 234219000000, 
-0.039894288698742245, -0.0018482275402745066, -0.03992355743217164, 0.0037451481802028334, 0.09966713564493832, 0.03757656077871878, -1.352448805847031, 2.5314897113089803, -1.0297904950235155, 2.6684244729032405, 234314000000, 
-0.057264087835734126, -0.02123570431953472, -0.05724678156468062, 0.0024745050957842036, 0.09905243847226002, 0.02498176858591116, -1.3559771966784688, 2.5407919599987716, -1.0323016673028431, 2.678302805754589, 234411000000, 
-0.018123853333972588, 0.034895888288476985, -0.01816289746694256, 0.0035710598108054954, 0.10071858189538388, 0.03545581901177625, -1.3595487040808376, 2.5501024511291592, -1.0348458284714226, 2.6881747710436223, 234513000000, 
-0.07207263506789974, 0.018638245248229185, -0.07201883272245009, 0.0035663680921833242, 0.10047022548560289, 0.03549676608115481, -1.3631992216571405, 2.559547780138381, -1.0374202709393372, 2.6980384566252646, 234608000000, 
-0.08059005972470538, 0.004249153893426337, -0.0805815049384434, 0.002328061548303768, 0.10002145473048124, 0.023275621761121, -1.3668185518871885, 2.5688140483754025, -1.0400256664406538, 2.7078946739493257, 234708000000, 
-0.03210838976542375, -0.003915501896783184, -0.032156765384266955, 0.001828484952408133, 0.0998219791348949, 0.018317458422029493, -1.370512620331455, 2.57817448934033, -1.0426562574600624, 2.7177449128375897, 234808000000, 
-0.06472648525924833, 0.020892870923850813, -0.06469398014983078, 0.0026860047678308537, 0.10028364425545348, 0.02678407618483397, -1.37419887616759, 2.5874514730015967, -1.0453093299581828, 2.727589073360291, 234903000000, 
-0.0196453837508676, 0.003636937586274509, -0.019690341840426485, 0.0022301619587494193, 0.09999140261899596, 0.02230353710755671, -1.3779764395457046, 2.596907710724273, -1.0470917361670862, 2.7341482692662273, 235003000000, 
-0.04714930110321114, -0.03213279336654715, -0.04712189681046046, 0.0014006609224294984, 0.09921916542087342, 0.014116838379844222, -1.381651691486177, 2.6060357129090184, -1.0497841412168567, 2.7439822087036636, 235098000000, 
-0.05840814869150341, -0.009156226115630764, -0.05839688440902743, 0.0019145327089450453, 0.09980139646045402, 0.019183426052597097, -1.3854496870668815, 2.6154091546698686, -1.052495803641494, 2.7538115996920727, 235198000000, 
-0.08510081051573168, 0.0010038228307930972, -0.08507415929685871, 0.0021937936733805595, 0.09993150871935806, 0.02195297260588234, -1.3891224911234032, 2.624436269304018, -1.0552263413303002, 2.763635494256163, 235298000000, 
-0.02628990044969194, -0.026013225524416875, -0.026348566617543367, 0.001505343825673836, 0.09935702783690292, 0.015150854030626763, -1.3929659226463293, 2.633832291502491, -1.057977607353085, 2.773453178951881, 235393000000, 
-0.056992596254148056, -0.0014911602168349702, -0.05696201304490278, 0.00156516516802758, 0.0999220066848055, 0.015663868450568105, -1.3967212201392045, 2.6429547647782132, -1.0607481426366048, 2.783266243775691, 235498000000, 
-0.029392901329402858, 0.0016646589397313165, -0.02942041487788912, 0.0019380835127711595, 0.09995343173269285, 0.0193898646517131, -1.4005129276162478, 2.652126465406644, -1.0635358486092898, 2.793074348456618, 235594000000, 
-0.09153479509092693, 0.022409878125415467, -0.0914728042970562, 0.002053314815917954, 0.10036037503028244, 0.020459417527070745, -1.4043372193886245, 2.6613363673383974, -1.0663420983837566, 2.8028770577288205, 235695000000, 
-0.06871928629603338, 0.0460680105342324, -0.06874199344463894, 0.001841944031267038, 0.10086821757111372, 0.018260896004912923, -1.4082338292414132, 2.6706694098863646, -1.0691662149313952, 2.8126750652475225, 235792000000, 
-0.07845063509849085, 0.028574894019844945, -0.07844094518326457, 0.001747252628284232, 0.10045732881166965, 0.017392983159644416, -1.4121353580944362, 2.67996031922222, -1.0720056645982285, 2.8224687809574287, 235887000000, 
-0.05274936005601431, 0.00961238236610145, -0.05277499964642486, 0.001704900846994401, 0.1001026214275219, 0.017031530470246616, -1.4160265143217585, 2.689179384301165, -1.0739071411187755, 2.8289954623949507, 235982000000, 
-0.02833375711860127, -0.0028653413001015334, -0.028358149074831078, 0.0012976417676392748, 0.0998993047098768, 0.012989497488574413, -1.4200123571266348, 2.69857730669707, -1.0767724323840113, 2.838781684303194, 236082000000, 
-0.05409522071480946, 0.041049039779578925, -0.05406953465135726, 0.0015546113235865833, 0.10049088987280096, 0.015470171729540603, -1.4239039105474882, 2.707708770040991, -1.079651982750068, 2.8485641516399687, 236183000000, 
-0.06635135021698638, -0.0412448827195705, -0.06633909249207968, 0.0007000487859457163, 0.09932941768757682, 0.007047748816444252, -1.427809278204261, 2.7168399490227997, -1.082543647560995, 2.8583434348638446, 236284000000, 
-0.039040490842680964, 0.004460011475518686, -0.03906773426749251, 0.0011037357021357467, 0.0999995161068114, 0.011037410430634737, -1.4316970141625756, 2.725891624495302, -1.0854462400076963, 2.8681196695244098, 236384000000, 
-0.06877093170421646, 0.012050354764643337, -0.06874128736522524, 0.001029265784304888, 0.10010345680848369, 0.010282020392902741, -1.4356504338234313, 2.7350785062059337, -1.0883590916939205, 2.877892949494958, 236479000000, 
-0.07808226268687557, 0.003988962394858523, -0.07807293964536889, 0.0009808309203166224, 0.10000880723985385, 0.00980744543792297, -1.4396935851386137, 2.7444454161959544, -1.0912813560495742, 2.8876634572480437, 236579000000, 
-0.07587529414953922, -0.022238402389900123, -0.07587748667250352, 0.0006520198453128215, 0.09975355249540901, 0.006536307018668128, -1.4436303998330626, 2.7535397712723455, -1.094213146885929, 2.8974312345789337, 236680000000, 
-0.050768953441744494, 0.025155690669384376, -0.05079401110326373, 0.0012821781507406597, 0.1001324861738498, 0.012804816895433363, -1.4475679158848553, 2.762611563731516, -1.0971540840061844, 2.9071960866636952, 236780000000, 
-0.08014416277767764, 0.0543704912720767, -0.08011487080954816, 0.046939324276394224, 0.09871398318841247, 0.47550836021683496, -1.4515857863954928, 2.77185207322998, -1.0991233687042814, 2.9136893401796407, 236875000000, 
-0.07891838243592003, -0.11558083046706163, -0.07891958162564391, 0.015054313043023909, 0.0399548033815702, 0.3767835596449951, -1.4555634613114323, 2.780966856098199, -1.102405824178785, 2.9232345275478315, 236975000000, 
-0.04192154451421434, -0.18318646288665819, -0.041958468698079565, -0.000298519406102643, 0.03250632702632136, -0.009183424687166986, -1.4573342573388752, 2.7845463351935917, -1.1061680105421434, 2.932623690715305, 237071000000, 
-0.0589870232115842, -0.02979417306263195, -0.05897002155946972, 0.027563288233181014, 0.09975355188710029, 0.2763138526072412, -1.4588771980108428, 2.787390833125773, -1.1101761888777169, 2.9419665125955268, 237166000000, 
-0.03779044066042093, -0.019415042519202938, -0.037811578619119005, 0.023836768568656158, 0.08751854078028234, 0.27236250006154705, -1.463612926629153, 2.7961398671138475, -1.114392466981636, 2.9512139417095034, 237266000000, 
-0.046821681616835316, -0.018927717931010793, -0.046812688421884525, -0.00041854125882679623, 0.09433975098491193, -0.0044365313079290924, -1.4680262511800513, 2.8037824186054165, -1.1187882618539433, 2.9604032845108126, 237361000000, 
-0.018271489643327282, 0.22113225201419567, -0.01829997295763668, -0.012605065876795815, 0.09922278233661312, -0.1270380207040874, -1.4729398418467534, 2.811776607891229, -1.1232279316271945, 2.9695778049431043, 237461000000, 
-0.03788976678630731, 0.049423557052082644, -0.037870216341273286, 0.008200719393965163, 0.09470737433428687, 0.08659008289068637, -1.4781073385383647, 2.820192439952927, -1.1276589465214606, 2.978754798150728, 237561000000, 
-0.037045143271070426, 0.03476061097009598, -0.037045965586108245, 0.010165022968253591, 0.10195161581618603, 0.09970438317113726, -1.4830048361012746, 2.8283991025573587, -1.132157616878086, 2.987896096218095, 237661000000, 
-0.041820192798420495, -0.10058455275362373, -0.041815428857855136, -0.003912138976546217, 0.09059968077046257, -0.04318049405116291, -1.4883086853835654, 2.8371127448991023, -1.136716792416008, 2.997016434317641, 237756000000, 
-0.06590153448310841, 0.011216249617258638, -0.06587749511945162, 0.007313673358014633, 0.09964190338040425, 0.07339957497693639, -1.493076603253998, 2.8447730256506825, -1.1397536290150665, 3.003097708768248, 237861000000, 
-0.06587961923781945, 0.06563002653511392, -0.06587961610990954, 0.016592797439240213, 0.10331848594717198, 0.16059853459064738, -1.498261524944349, 2.8531834588684215, -1.1443472101311878, 3.01218941802061, 237956000000, 
-0.09260702920087241, 0.0009681996467795148, -0.09258035491519508, 0.008927702148386731, 0.09860147573890479, 0.0905432913806194, -1.5037965297526104, 2.862017031274251, -1.1490479253114714, 3.0212087239868155, 238056000000, 
-0.04125884306140572, -0.013887322979613714, -0.041310061302449144, 0.005098810647433028, 0.09816255956387043, 0.0519425193280075, -1.5091844652093906, 2.8703141298137376, -1.1538655374718063, 3.030174542360962, 238151000000, 
-0.03694707828284918, 0.033690088245554375, -0.03695143189075208, 0.01319880622776682, 0.10082822849388107, 0.13090387905176587, -1.5145751209956948, 2.8784526705445, -1.1587642755786765, 3.0391029991685743, 238246000000, 
-0.06934311876081097, 0.06977253722451739, -0.06931079069908246, 0.012982411806671063, 0.10719853225851392, 0.12110624588929457, -1.520161889452145, 2.8867932528736238, -1.1637539142221243, 3.0479781490004756, 238346000000, 
-0.06806518524193113, -0.03848093124204803, -0.06806642886625695, 0.0019271661250461578, 0.09519380656244084, 0.020244658708779173, -1.5262946200535692, 2.895695790863146, -1.1688304046152465, 3.0568103423873425, 238446000000, 
-0.06428397460083828, 0.005536772022206621, -0.06428774834023618, 0.002339836921279549, 0.10000082879393855, 0.023398175290136953, -1.5318270476890654, 2.903520760320714, -1.1739514993036995, 3.065621129863058, 238541000000, 
-0.04975798281847162, -0.007123989331859168, -0.04977248300101799, 0.0063033211609273354, 0.09955860824289325, 0.06331266850927762, -1.5376159996027623, 2.911673253950802, -1.1791105341403114, 3.0744086347677246, 238642000000, 
-0.05069376964472582, 0.03430586123133409, -0.05069284948678748, 0.00393108427839928, 0.10184052049378481, 0.03860039461050465, -1.5433340128151876, 2.919686004025792, -1.182579066280913, 3.0802502205063216, 238742000000, 
-0.026960339754563314, 0.018104543161654565, -0.02698402453788543, 0.0016369433758265943, 0.10060014377256128, 0.016271779685796742, -1.5492922893427847, 2.927925907077166, -1.1878128848134752, 3.0889971470379676, 238837000000, 
-0.06051578143105207, 0.019908198625996493, -0.060482316339952144, 0.0049220041038898115, 0.10015777008090113, 0.04914250886290826, -1.5552838753557454, 2.9361450153443, -1.1930687304890575, 3.0977348170611907, 238937000000, 
-0.05754933631649686, 0.005499309481740114, -0.057552262882972244, 0.0057615066145921, 0.09987279996212228, 0.057688445870919876, -1.5611380405183362, 2.944147866670455, -1.1983526192556535, 3.1064501009071224, 239038000000, 
-0.06015822690401196, 0.026471221494120192, -0.06015562542537995, 0.003805766295307076, 0.10122969587018849, 0.03759535443223484, -1.5670980137751405, 2.952212718967573, -1.203680797628337, 3.1151349739664873, 239133000000, 
-0.07265361984799809, -0.014447472444805806, -0.07264114639089458, 0.0033863999169275135, 0.09925910973210425, 0.03411676697551742, -1.5731212388425106, 2.960265195858088, -1.2090508545989906, 3.1237978556730392, 239233000000, 
-0.047734108207625664, -0.011516448754025129, -0.0477589648007549, 0.005038304454317846, 0.09933037190779709, 0.05072269797796213, -1.5791977597151203, 2.96832599216466, -1.21445595295942, 3.132438014127161, 239333000000, 
-0.0730882946646939, -0.013293192717049287, -0.0730630154303368, 0.004010255515578517, 0.09903817877674742, 0.040492015959001676, -1.5851395475107835, 2.9761514017842443, -1.2199022318300228, 3.141052377197407, 239434000000, 
-0.06016218348481636, -0.037036844232739854, -0.060175057916949624, 0.0019390665189670986, 0.09836683497889376, 0.019712604551962637, -1.591176207859806, 2.9840194987670943, -1.2253850054160165, 3.1496455136134904, 239534000000, 
-0.04280276109118158, -0.03811270660073708, -0.042820098050458846, 0.002376658985260028, 0.09914502817411844, 0.02397153976381086, -1.5972095425685973, 2.9918176247309214, -1.2308947387207234, 3.158222314588957, 239629000000, 
-0.05321805586867606, 0.019346676475969802, -0.05320767811187014, 0.003673734635157937, 0.1003024346920989, 0.03662657488260679, -1.603299718111572, 2.999657159249625, -1.2345827536074778, 3.163930762886243, 239730000000, 
-0.07114039696750439, 0.013141260282809875, -0.07112249950097992, 0.002678685602062887, 0.10032663347140819, 0.026699646039915, -1.6094208742833043, 3.007497638638919, -1.2401384707138214, 3.1724775347366414, 239825000000, 
-0.06264241571718848, -0.012093574813493983, -0.06265087824928242, 0.00218867349079681, 0.09956619215614382, 0.021982094960149138, -1.6156296101791536, 3.0153910406843925, -1.2457193272939964, 3.1810092910361725, 239925000000, 
-0.04248664499732977, -0.004788146354023479, -0.04250676833570462, 0.0029830699256941564, 0.09976697018289027, 0.029900376048562653, -1.6219182571724, 3.0233422234720932, -1.2513215260341217, 3.1895276723341817, 240025000000, 
-0.054443848630994544, 0.004806563535386048, -0.05443193493084791, 0.0030462517149307806, 0.09999597370477747, 0.030463743709565387, -1.6280401479535052, 3.0310470491650148, -1.256946943053793, 3.198029546608698, 240121000000, 
-0.055234090706191015, -0.02986609939111532, -0.05523328971449206, 0.0017973146382109203, 0.09899342097332707, 0.01815589986222611, -1.634245584967753, 3.0388099077933735, -1.2625977535611859, 3.2065148776911894, 240216000000, 
-0.045471398845962255, 0.016854367490082334, -0.045481140586251745, 0.002232134136770135, 0.10022095632394253, 0.022272129688677533, -1.6404666083372041, 3.0465441564015374, -1.2682702888568793, 3.214986341395589, 240316000000, 
-0.07732940132137828, 0.02471295939965155, -0.07729761612109706, 0.0027825041802790845, 0.1004356462674635, 0.027704348841139356, -1.6467800005091475, 3.0543640460865324, -1.273963189666236, 3.223444201253227, 240416000000, 
-0.07348539208495984, 0.006770364785260042, -0.0734891959527399, 0.002271575644423611, 0.10007970799942743, 0.02269766458987477, -1.6531757148286659, 3.062249794266308, -1.2777704890552688, 3.2290748062737364, 240511000000, 
-0.06908841772981299, -0.025716882229556915, -0.06909280909120127, 0.0016117776909313694, 0.09933891725577841, 0.016225037834682203, -1.6594060941912694, 3.0698878743979376, -1.2834978536819237, 3.2375099529797224, 240606000000, 
-0.026442636285702936, 0.0022463325455393543, -0.026485200624753638, 0.0021937049883234273, 0.09995438421354343, 0.02194706120780832, -1.6656897364688366, 3.0775562010617983, -1.289242657368921, 3.245933762801909, 240711000000, 
-0.059071503965502474, 0.01832071000091985, -0.05903898236730429, 0.0023198271788236646, 0.10031184561543487, 0.02312615389130788, -1.6720967366030592, 3.085349287768732, -1.2950049753030832, 3.2543452598757345, 240806000000, 
-0.04493417406148733, 0.013639213271624272, -0.04494825015166102, 0.0018307270985886118, 0.1002347655007863, 0.01826439249338345, -1.678477231838402, 3.093075183947971, -1.3007854012245081, 3.262744424551288, 240906000000, 
-0.06480731322274803, -0.01648571631600059, -0.06478749339247036, 0.0014929843161785663, 0.09963962804160287, 0.014983840722038781, -1.6848604562977871, 3.100768130781036, -1.3065821043774224, 3.2711333017360436, 241001000000, 
-0.08576946783293302, 0.024457218954693976, -0.08574852699770424, 0.0021710728920912243, 0.10029253423566208, 0.02164740285642551, -1.6912823792784861, 3.108479097651046, -1.3123932240501, 3.2795118586032417, 241092000000, 
-0.08129827291615094, 0.019653169357801925, -0.08130271344109352, 0.0018720018641419835, 0.10034765591088626, 0.018655162865034085, -1.6976801597770808, 3.116137535940123, -1.3162760229867587, 3.2850914573078915, 241183000000, 
-0.08316887118100671, -0.013352377396579332, -0.0831670079907547, 0.0013033449704758834, 0.09969430416252782, 0.013073414588972803, -1.704175309766359, 3.1238785883422873, -1.322112790655213, 3.2934524186548133, 241285000000, 
-0.053261517358008346, -0.022169307878884804, -0.05329136238143946, 0.0013245364998451098, 0.09966005039624518, 0.013290546157450202, -1.71052269650002, 3.1314147472643827, -1.3279630841211074, 3.3018045170675863, 241386000000, 
-0.029903512606175905, 0.005382832436640151, -0.029926853230511988, 0.0016991802242447124, 0.10001500253994597, 0.01698925342291583, -1.7169556601368876, 3.139032513587532, -1.3338261314152289, 3.3101474773361157, 241486000000, 
-0.04383851701423788, 0.03660816359112089, -0.043824632750316485, 0.0017040980141437697, 0.10056632079037041, 0.01694501698730678, -1.723428631536295, 3.146677007993895, -1.3397024336606909, 3.3184810594688594, 241586000000, 
-0.04759849997357503, 0.00646190756405368, -0.04759473324277059, 0.001284219230140082, 0.10006524849488505, 0.012833818428040244, -1.7299868926205006, 3.1543955599208595, -1.3455910841249907, 3.3268061832526916, 241681000000, 
-0.08090580514483815, 0.08375193761726896, -0.08087255967551071, -0.08792660049691814, 0.10398943672718855, -0.845533962527266, -1.7364233861388152, 3.1619446623224268, -1.351466836568367, 3.3352208762853417, 241781000000, 
-0.0005175776420596138, 0.15284198682566652, -0.0005977825352687233, 0.0038085195163119526, -0.005903485384083293, -0.6451306759529394, -1.743230788178658, 3.16990960027604, -1.3568720303822808, 3.3440010112203535, 241881000000, 
0.0551590023744489, -0.25450426703084167, 0.05510337573775234, 0.0074910077150633445, 0.1843254430105451, 0.040640117786858054, -1.7428961450621878, 3.169442771154805, -1.361776476926648, 3.353016307979875, 241981000000, 
-0.019374246911935813, -0.010835594724442454, -0.019299926770842774, -0.00986626277310551, 0.10065178921406281, -0.09802371969883494, -1.7526606219962817, 3.1850990438891076, -1.3665014658353727, 3.3621030384709534, 242076000000, 
-0.0829857109790132, -0.015903544832056013, -0.08292215217155023, -0.024979701753503614, 0.09950402668283093, -0.2510421194624255, -1.7579989352223913, 3.1935816327085496, -1.3695490624990265, 3.3682057071028693, 242176000000, 
-0.1079353795853689, -0.016809043744886468, -0.10791041483066893, 0.008723108792207656, 0.10554190373209502, 0.08265066749553979, -1.7632213104643566, 3.2020627908207007, -1.3739655142586409, 3.37743248792076, 242276000000, 
-0.11402146015621284, -0.03131206167368635, -0.11401536126363275, 0.020678522496052093, 0.0951154742073641, 0.2174043988990711, -1.768541537516275, 3.2112091560602734, -1.3783630697092373, 3.3866146255713425, 242376000000, 
-0.024665389713828194, 0.007203502036510177, -0.024754559589127756, -0.004954199849515559, 0.10235016914260453, -0.04840441291907266, -1.773371523352192, 3.2193563825073617, -1.3829275044805402, 3.395686257980512, 242471000000, 
-0.040816818292760064, 0.035805156679434444, -0.040800788282668574, -0.004522844988001759, 0.09782287322921301, -0.04623504543159436, -1.7787834720027658, 3.228051151068061, -1.3875929167241843, 3.404752905792884, 242567000000, 
-0.09205581261085352, 0.09631975946648859, -0.09200465963800811, 0.012289285404414766, 0.09582244717623105, 0.12825059019639762, -1.7838744326949483, 3.2363192186880747, -1.392251104247343, 3.4138280508942005, 242667000000, 
-0.042537973486985806, -0.04460476784967615, -0.04258734069218839, -3.398635423069913e-05, 0.09439986872939961, -0.00036002543952812216, -1.7889201280957854, 3.2445983158056073, -1.3969351371690997, 3.4228891107643173, 242767000000, 
-0.03614956273787121, -0.019387233645514902, -0.036155986654389315, -0.018448485063856275, 0.10038565723644854, -0.1837761047915708, -1.793930233878599, 3.2525842020313616, -1.4016006977156532, 3.431976913205073, 242862000000, 
-0.06854472366303055, -0.021726207481130987, -0.06851239900424581, -0.01062252808434638, 0.10213240088893832, -0.10400742557592099, -1.7992848868254838, 3.261120306306784, -1.4061595837972054, 3.4411222765609577, 242962000000, 
-0.040777670521006344, -0.022010835896521655, -0.04080534923350658, -0.00205682611943399, 0.10225656666544214, -0.020114367091586496, -1.8045155077500588, 3.2698106056348673, -1.4091518591954306, 3.4472395803219484, 243062000000, 
-0.041920816490297455, -0.051651895521194695, -0.0419197029698609, -0.011051333636877962, 0.10094626012713061, -0.10947739542762687, -1.809717316701008, 3.27865843343117, -1.4136054122487294, 3.456425480349268, 243157000000, 
-0.05959874597588101, -0.027029605884621603, -0.05958110166937468, -0.009823740430229409, 0.10202917725307005, -0.09628363860920787, -1.8148585228739051, 3.2874439072838832, -1.4179913959516732, 3.4656528189356126, 243257000000, 
-0.059907943556281214, -0.023051023595223475, -0.05990761698794922, -0.00013919323630350342, 0.10002302799701422, -0.001391611902687634, -1.8198367465862684, 3.296170421688255, -1.4222594598004399, 3.4748489581232436, 243357000000, 
-0.053106845538306316, -0.007508099036035179, -0.05311363272111247, -4.375391472432341e-05, 0.09428013892890184, -0.0004640841138059728, -1.8246820244909416, 3.3048539541904107, -1.4263734839825104, 3.4837932010587846, 243454000000, 
-0.10375405182038214, -0.02869058152246675, -0.10370351215602586, -0.004052405910494445, 0.0916058148917935, -0.044237430945636175, -1.82933494404, 3.3131954592029844, -1.4303451461715964, 3.492423118597324, 243554000000, 
-0.06330443371103552, 0.036163933689798505, -0.06334475157569312, -3.5273704801677143e-05, 0.08742335253958108, -0.00040348149295357794, -1.8338004432871682, 3.3212019342889683, -1.4341568227581258, 3.500734816130245, 243649000000, 
-0.13351916248976484, -0.03595026202097626, -0.1334491275075667, 0.0022310494306932637, 0.08664215051336238, 0.025750162218667234, -1.838083367516558, 3.328961529216142, -1.4378672073690075, 3.508840742105938, 243749000000, 
0.004931105663001556, -0.01824048323653098, 0.004793002560862736, -0.001403505564659079, 0.0844899115719407, -0.016611516553240026, -1.8421786089338446, 3.336381760908623, -1.4414986512974497, 3.516756562224157, 243849000000, 
-0.015740619778391758, -0.034104812294890534, -0.01572012722206973, -0.003804706296784279, 0.08397111993336301, -0.04530970052327016, -1.846333693638299, 3.3438658783123114, -1.4450506176921687, 3.5245265215880415, 243949000000, 
-0.09016545531687613, -0.01208996044184028, -0.09009115845010107, -0.0007692250096487886, 0.08299033122968831, -0.00926885094023594, -1.8503695690316773, 3.351164243230346, -1.4473792240176124, 3.5296537021347065, 244049000000, 
-0.08562892939878444, 0.030782559749245843, -0.08563338201568818, -0.0011443095358871789, 0.0811742501281961, -0.01409695234732695, -1.8543373381831878, 3.3584162575168484, -1.4508277194436383, 3.537274299626439, 244144000000, 
-0.07683428633501121, -0.0016164359263500373, -0.0768430670827387, -0.002996834755124043, 0.08057235959770731, -0.0371943278077873, -1.8582291449170925, 3.365545062316337, -1.4542223890971437, 3.5448119751331983, 244240000000, 
-0.03989805643424536, 0.012491845055731279, -0.03993492719267613, -0.0019118647883741911, 0.07835775303726543, -0.024399178310599914, -1.8620860573494353, 3.3726337405393214, -1.4575489451045518, 3.5522585826455817, 244340000000, 
-0.0609390572379711, -0.00901061948484766, -0.060918094703494574, -0.0006893012950988051, 0.07744628430173166, -0.008900379163618476, -1.8658096669328328, 3.3795385424317734, -1.460785319997295, 3.559562307730473, 244440000000, 
-0.058239228342755925, 0.0014806917742969305, -0.0582419014478822, -0.0013182150504597258, 0.07557316092193059, -0.017442899494722507, -1.8694574730178832, 3.386342483182527, -1.4639185675436195, 3.5666646455508944, 244540000000, 
-0.007395883023578836, 0.03118289472423943, -0.007446627228478497, -0.0015441844341851645, 0.07358175822325368, -0.020985968145800078, -1.872999394950743, 3.392963038468262, -1.4669779597914956, 3.5736264801689304, 244635000000, 
-0.09589534974539188, 0.006956622170036186, -0.09580707753956713, -0.00046963400824558154, 0.07222146389543702, -0.006502693007241206, -1.8765003536716691, 3.3995343835929703, -1.4699594012926411, 3.580443017696538, 244735000000, 
-0.09673096682750204, -0.020035715300746153, -0.09673004392009922, -0.00026551421617319914, 0.07120704312391157, -0.0037287633993053496, -1.8798981108793855, 3.405944763019823, -1.4728731854761625, 3.5871220991887425, 244830000000, 
-0.04251421483524182, 0.014910422326527737, -0.04256832171107257, -0.0008073290921406322, 0.06961551972654417, -0.011596969976118705, -1.8832055707767663, 3.4121946408481456, -1.475728272547553, 3.5936792516158795, 244930000000, 
-0.058057700775440486, 0.03178342475592129, -0.058042242016628456, -0.0005942605129000753, 0.06819874529054702, -0.008713657566108408, -1.8864515816942855, 3.418333911192549, -1.4775990417751785, 3.597987159028967, 245030000000, 
-0.0828359999408841, 0.0010778542786789112, -0.08281125518699128, -0.00039195277191308894, 0.06707229211694973, -0.005843736057650536, -1.8896133151410963, 3.4243305589033217, -1.480355855902918, 3.6043516517544187, 245130000000, 
-0.09114365398949563, -0.008060444110603965, -0.09113533747520983, -0.0006936478034473032, 0.06595064062507361, -0.010517681054694515, -1.8927881864388514, 3.4303647821507157, -1.4830532949034816, 3.6105933293142507, 245230000000, 
-0.10174747120379782, 0.002661885030027628, -0.10173687948163018, -0.0008297291527940041, 0.06467065594407684, -0.012830071702249353, -1.8958183502839852, 3.4361322894257076, -1.48569504468179, 3.616721264012399, 245325000000, 
-0.12348289477439164, -0.01676099400014002, -0.1234611912197822, -0.0006330267179081207, 0.06373274314709337, -0.009932519559798531, -1.8988250401890951, 3.441869588837383, -1.4882698004635888, 3.622712869940169, 245425000000, 
-0.06645014658626235, -0.003329337497296009, -0.06650704279278397, -0.0004849870944774594, 0.06252026726398835, -0.00775727801081893, -1.901766446144552, 3.4474998944596376, -1.490791940895809, 3.6285991743248274, 245525000000, 
-0.11902441382346068, -0.005320613888932643, -0.11897200069660208, -0.0006313932104460358, 0.06111461061663688, -0.010331297280230977, -1.904670220787517, 3.453071595711418, -1.4932549903373558, 3.6343626706676906, 245620000000, 
-0.08514477476089642, 0.007278861297376885, -0.08517853345254336, -0.0004896653570944357, 0.05973846262725887, -0.008196818859395952, -1.907492167289199, 3.458496604107753, -1.4956629913899964, 3.6400130192408833, 245720000000, 
-0.07550985009452353, 0.011369426279252628, -0.07551949874726897, -0.0002749458207451523, 0.05873053475636431, -0.004681479947113165, -1.9102326789937785, 3.463778383819997, -1.4980245406021226, 3.6455678498882826, 245820000000, 
-0.07180496269893064, -0.015513117766181484, -0.07180866917713162, -0.00042503425105283355, 0.05765867478322658, -0.007371557751731051, -1.9129372918695655, 3.469001397130576, -1.4995713786004141, 3.6492119312743854, 245920000000, 
-0.06443455316055904, -0.009149872827201349, -0.06444191194190386, -0.0004236396526289402, 0.05657641758134747, -0.007487919361805066, -1.9156180668880536, 3.4741843281834144, -1.5018478853584627, 3.6545828933393767, 246015000000, 
-0.03459807409419905, 0.02187022955891227, -0.034627857887565464, -0.0002354533895570086, 0.05526098733421773, -0.004260752493128463, -1.918202645041052, 3.479190422792752, -1.504075161199172, 3.659847276448902, 246115000000, 
-0.07845706981320646, 0.027197355742551076, -0.07841332779485624, -0.0001887660114955879, 0.05430604040016105, -0.003475967131918314, -1.9207175596978305, 3.4840705042284754, -1.50625902980211, 3.6650176237197285, 246215000000, 
-0.10592116219217478, -0.004830394366047995, -0.10589370853553857, -0.0003429901547324172, 0.05341223919225901, -0.006421564793376543, -1.923217846501582, 3.4889272473792086, -1.5084032678095878, 3.670101635719615, 246310000000, 
-0.06929857016171834, -0.001378947223496807, -0.06933509134359081, -0.0002740834550786485, 0.05228886057420216, -0.0052417178739188955, -1.925668993272873, 3.4936926337190433, -1.5104856736450663, 3.675046891768034, 246410000000, 
-0.056051986335493166, 0.009049399130440583, -0.05606524236645796, -0.00016430166884254927, 0.05129291837732679, -0.0032032037567816807, -1.9280257014881035, 3.4982816815506794, -1.5125244863771468, 3.679896009432259, 246506000000, 
-0.09255015775441533, 0.0018637246993281034, -0.09251374514038442, -0.00023328625137095758, 0.050576376989246725, -0.004612553631917083, -1.9303648840288927, 3.5028424023813853, -1.5145288729055544, 3.6846693589220516, 246607000000, 
-0.04114643629083845, -0.012187813272355772, -0.041197700288299936, -0.00031404612753849063, 0.04960963377011809, -0.006330345613791921, -1.9326828532906188, 3.5073653293978833, -1.5164940771747775, 3.6893558280770598, 246707000000, 
-0.03466532712727933, -0.012472118328500849, -0.0346718461671768, -0.00023205984223633098, 0.04848642983783125, -0.004786078146245935, -1.9349521425368366, 3.5117983318866046, -1.5184151324611554, 3.6939439239742162, 246802000000, 
-0.06286369697353245, -0.012240656061740199, -0.06283556109896254, -0.00020702295745776713, 0.04771186027100169, -0.004339025061732744, -1.9371532827846822, 3.516104949811408, -1.5196755992806752, 3.6969574808167938, 246898000000, 
-0.06113753296873171, 0.0020919282858057084, -0.061139227072695534, -0.0002076927670108373, 0.0468146316714724, -0.00443649260061144, -1.9393231131391064, 3.520355314009127, -1.5215391924463424, 3.701417133239556, 247003000000, 
-0.07592802940049664, 0.008443258153048624, -0.07591326959157643, -0.00016460173785354728, 0.04577849293806764, -0.003595612858558539, -1.9414588003122675, 3.5245432837326653, -1.5233644881991915, 3.7057902607791973, 247098000000, 
-0.08462518408958275, -0.005793649418267511, -0.08461648891071936, -0.00013491299709298313, 0.04477313564818761, -0.0030132577301059398, -1.9435202843664345, 3.5285901976084832, -1.5251467919666892, 3.7100654181974595, 247193000000, 
-0.06072134490178068, 0.028137250583192223, -0.060745191606176134, -6.037885829323538e-05, 0.04400279688431843, -0.0013721595573110716, -1.9455547997015021, 3.5325876930810476, -1.526882898253404, 3.7142334537109614, 247288000000, 
-0.07038451195244964, 0.02492814472806472, -0.07037489133242672, -7.222232832822058e-05, 0.04324775219505587, -0.0016699672159256665, -1.9475503359128878, 3.536511528501846, -1.528587046098325, 3.7183278212365303, 247390000000, 
-0.07226400446635875, 0.0002332800854592331, -0.07226211851589377, -9.703709956437302e-05, 0.04229002474110091, -0.0022945623739506686, -1.9495114155517692, 3.5403689222689674, -1.5302559502257094, 3.7223405805620766, 247490000000, 
-0.07731397167256877, -0.004780749005334106, -0.07730892924567559, -9.980506200253571e-05, 0.04160352115909704, -0.0023989570887730572, -1.9514288060142222, 3.5441419413538218, -1.5318935245483576, 3.72628067051676, 247590000000, 
-0.09653152719783704, -0.006483074454934636, -0.09651234225249697, -0.00010884030865634942, 0.04094721435891789, -0.002658063811186831, -1.9533027270091379, 3.5478315190092187, -1.5335020937114274, 3.730153536372607, 247685000000, 
-0.0666732245718772, -0.003425715949706638, -0.06670300325838027, -0.00011811931932610157, 0.040124956491013705, -0.002943786851271859, -1.9551791715159972, 3.551528249627035, -1.5345569103371266, 3.732694638801197, 247785000000, 
-0.06897525914668491, -0.017972416121209377, -0.06897299084213086, -0.0001410112336934839, 0.03939356475238316, -0.0035795499742112893, -1.9569805570276315, 3.5550794759257407, -1.5361119949646778, 3.7364433141713067, 247885000000, 
-0.07700094195644878, 0.007356970075101017, -0.07699292939772637, -8.361831537121547e-05, 0.038575750787308793, -0.0021676393502294564, -1.9587863765834375, 3.558642022910997, -1.5376361541767607, 3.7401204683978593, 247985000000, 
-0.06559446266856668, 0.010602580643494246, -0.06560583772107206, -7.163215923833207e-05, 0.03781233300274815, -0.0018944125778519389, -1.9605095865250852, 3.562044656421323, -1.5391312206986525, 3.743730286132089, 248080000000, 
-0.045180535566577265, -0.011703091307905858, -0.04520091954242034, -9.170198358762901e-05, 0.03708471876814161, -0.0024727700959783867, -1.9622130299489424, 3.565410047921775, -1.5405855508234456, 3.747244059050943, 248180000000, 
-0.043965210533829784, 0.00021806226620374914, -0.04396644340027611, -5.724881675777696e-05, 0.03635714746599278, -0.0015746234440236417, -1.9638865053953074, 3.56871778489591, -1.5420098747388362, 3.750687333586228, 248280000000, 
-0.04344769205680328, 0.017881083283345048, -0.04344820940897255, -1.263165286708458e-05, 0.03555099108415984, -0.0003553108501864737, -1.965540824379156, 3.5719896643241915, -1.5434060853887306, 3.754064321960831, 248380000000, 
-0.08360969953047066, -0.022350968817001323, -0.08356961779676227, -6.987675780818183e-05, 0.0349481366016261, -0.0019994415898251508, -1.9671310691336044, 3.575136058558259, -1.5447760510641468, 3.7573790406779852, 248475000000, 
-0.0666935783547388, -0.02381267425352219, -0.06671041994492576, -8.436925281107083e-05, 0.03450359627459555, -0.002445230698261751, -1.9687013173250225, 3.5782431615586776, -1.5461232753788183, 3.7606399712422003, 248571000000, 
-0.03351287555325881, -0.005380396834755953, -0.03354600627162335, -4.548963467124538e-05, 0.033698198601954985, -0.001349912949608123, -1.970272833040532, 3.5813543117909994, -1.5470072235993486, 3.762780331266007, 248676000000, 
-0.040983383622128236, -0.005633923047326897, -0.04097596081084219, -4.6465125018309395e-05, 0.03306301589661974, -0.001405350472672998, -1.9717932592589524, 3.5843661667604927, -1.548309754377385, 3.765935177026726, 248771000000, 
-0.07105085666959846, -0.014575368430580835, -0.07102084142134646, -7.154509642685722e-05, 0.032522399244252494, -0.002199871414452948, -1.9732784120008011, 3.587309136113102, -1.5495864725184625, 3.769028597234517, 248866000000, 
-0.044729815445092705, -0.021634066717636694, -0.04475605337519213, -6.35002147781772e-05, 0.03201072886457378, -0.0019837166172261946, -1.974731396448816, 3.5901893647342584, -1.5508416573009565, 3.772071167914184, 248966000000, 
-0.07096440276713542, -0.010329096915995524, -0.07093824634476757, -3.203828921463232e-05, 0.031151311809945785, -0.0010284731959314581, -1.976170137876598, 3.5930429074348127, -1.5520726219379475, 3.7750562988029763, 249066000000, 
-0.020576319428986738, 0.001962173980579386, -0.020626580222164854, -2.835015059509105e-05, 0.03056060472581985, -0.0009276698170549863, -1.9775865386009077, 3.5958535241236156, -1.5532751106521283, 3.777973132322673, 249166000000, 
-0.06510535189271482, 0.025419617589491808, -0.06506096170587777, -8.661054049349078e-06, 0.029999211924718317, -0.000288709385802654, -1.9789653807585617, 3.5985903193188564, -1.554448484169869, 3.7808200879889102, 249266000000, 
-0.08084403706390335, -0.019534240066813528, -0.0808282848900243, -3.0874000325577276e-05, 0.029493025744976784, -0.0010468237675083471, -1.9803023582409762, 3.6012446334088977, -1.5556016489382238, 3.783618707782676, 249361000000, 
-0.055076083185127696, -0.004727187205149398, -0.055101783248711664, -7.853638485939024e-06, 0.028944100255624376, -0.00027133814547967907, -1.9816395785906562, 3.6038996191325507, -1.556732190196, 3.7863628742540416, 249461000000, 
-0.06313369520221963, -0.01923207353274377, -0.06312567882660211, -3.0086205657752695e-05, 0.028321134934411483, -0.0010623234459857952, -1.9829422605242866, 3.606486709268177, -1.5578386309527428, 3.7890488239203255, 249561000000, 
-0.07253572138304361, -0.01314112557804339, -0.07252632954375028, -2.8641069355400714e-05, 0.02781374172557729, -0.0010297452833921523, -1.984207267007006, 3.608999147307519, -1.5585640523130795, 3.7908100369397633, 249656000000, 
-0.05210347944728616, 0.004533564829784096, -0.052123860881231, -1.6717146370650585e-05, 0.0273654969477528, -0.0006108840779528896, -1.9854534345178494, 3.611474819271336, -1.5596364536575194, 3.793414072886497, 249756000000, 
-0.07162958959545303, -0.020996809869615763, -0.07161012231892643, -3.1267671450627335e-05, 0.026767524916285142, -0.0011681196355814109, -1.9866865788619537, 3.6139252447024925, -1.5606904049032186, 3.795973830970464, 249856000000, 
-0.08447176652384014, 0.016701033289437728, -0.08445892987360196, -5.637865343173744e-06, 0.02621876311694446, -0.00021503170527255528, -1.987895669689187, 3.616328239250511, -1.5617222652601115, 3.798480429244271, 249951000000, 
-0.07300004061925182, 0.013507939758999523, -0.07301147584407994, -5.911900869881471e-06, 0.02581879181884992, -0.00022897666596332673, -1.9890760182888356, 3.6186747956741105, -1.5627338219717941, 3.800938196686745, 250056000000, 
-0.04520151187632648, -0.009805714585365114, -0.045229265692142716, -1.5035019840452155e-05, 0.025312739661783587, -0.0005939704686787253, -1.9902284849207843, 3.6209660451189025, -1.563728607474973, 3.8033556191399636, 250151000000, 
-0.06891103942232946, -0.035092644835610635, -0.0688874044792239, -3.394401675358304e-05, 0.024837536184800217, -0.0013666418641940699, -1.9913811857866, 3.623257890283386, -1.5646973534154904, 3.805710040975522, 250246000000, 
-0.05423951713178636, 0.007852121988003476, -0.054254135166442854, -1.4741601961926367e-06, 0.02429298332796145, -6.068255085392763e-05, -1.9924958363943943, 3.62547441519606, -1.5656457209925154, 3.808015203091981, 250346000000, 
-0.05927742414471241, 0.00806548915734857, -0.05927241039449507, -3.821891866996008e-06, 0.023863302848026506, -0.00016015770705906613, -1.993571439797057, 3.6276140200409928, -1.5665760562926936, 3.810276717929316, 250441000000, 
-0.042705361667853575, 0.0046832112480831075, -0.04272189511556114, -1.0247354498101117e-05, 0.0234579417853627, -0.00043683945470848024, -1.9946432214369465, 3.6297460544106817, -1.5671871707227008, 3.811762368148007, 250541000000, 
-0.020049991220885174, -0.025242417586069484, -0.020072617520919024, -2.1398878900575996e-05, 0.022908508821222126, -0.0009341017814635046, -1.9957003051949989, 3.6318489351680285, -1.5680891628720914, 3.8139554258555823, 250636000000, 
-0.05702720314264192, -0.042376749962229704, -0.05699032211792917, -2.236616831955322e-05, 0.022524396902669393, -0.0009929752355279523, -1.9967347625871585, 3.6339070297888343, -1.5689718597347937, 3.816101818968174, 250736000000, 
-0.05693016982767062, 0.0030673143665260793, -0.056930229334896595, -4.655217957529096e-06, 0.022182310553116938, -0.00020986172501651188, -1.997738528897096, 3.635904530802013, -1.569838810565819, 3.818210054218825, 250831000000, 
-0.04123085881767779, 0.001447774081368025, -0.041246526335709445, -1.0888256858557293e-05, 0.021767192681628057, -0.0005002141074327512, -1.9987404796617712, 3.6378989082467936, -1.5706873863427426, 3.8202736959825048, 250931000000, 
-0.021204775724047116, -0.010100116781222662, -0.021224777130030067, -1.0500555597453203e-05, 0.02123721937535542, -0.0004944411700920931, -1.9997218631604274, 3.639852449610843, -1.57151764413611, 3.8222930051849877, 251031000000, 
-0.039842751803368395, -0.003744720060028609, -0.039824170798514205, -1.1116340002678642e-07, 0.02085344104466611, -5.330698170564986e-06, -2.0006750376581124, 3.6417500757737846, -1.5723306518479243, 3.824270523691303, 251131000000, 
-0.03172826162048012, 0.018194891606660726, -0.03173634102080901, 1.319678106605492e-05, 0.02050377974632124, 0.0006436267473280222, -2.0016057446515725, 3.64360320070666, -1.5731293863760827, 3.8262133440204438, 251226000000, 
-0.04649665801836618, 0.010047811490941144, -0.0464819268762488, 3.421510557918453e-06, 0.020098782777239144, 0.00017023471499941483, -2.0025202587423245, 3.6454240861654723, -1.5739129202801432, 3.8281191369232825, 251331000000, 
-0.08690071720255009, -0.01731829778399, -0.08686037861835502, -8.170182165095642e-06, 0.019608515993959928, -0.0004166649922723539, -2.003438292010625, 3.647251687422636, -1.5744259557341602, 3.829366991106803, 251426000000, 
-0.06131602364104292, -0.012237941294090119, -0.06134151621271686, -3.043362484615195e-06, 0.019280583427711974, -0.00015784597473544144, -2.004313519312551, 3.648993996493413, -1.5751826134878353, 3.831207439018495, 251531000000, 
-0.058676570603720356, -0.009636350698046563, -0.05867922965567565, -5.132601382346556e-06, 0.01900304804166529, -0.0002700935855707478, -2.005174644111199, 3.6507084086990487, -1.5759266555685398, 3.8330171979373016, 251621000000, 
-0.05913255143369458, -0.0042189860247420115, -0.05913209845617299, -8.504791682780327e-06, 0.01865642006688701, -0.0004558640753311162, -2.0060354485018004, 3.652422250144588, -1.5766581066379983, 3.8347963517731665, 251721000000, 
-0.00913974149443677, 0.0013270944235546798, -0.009189633577632847, -5.714829834016007e-06, 0.01817663241751376, -0.00031440531462305344, -2.0068712552196666, 3.654086434953862, -1.5773748432730625, 3.8365398370743238, 251816000000, 
-0.057759617818065975, -0.0015128815421124719, -0.05771114466633918, -3.69396064406169e-07, 0.017893916307401805, -2.0643667828789867e-05, -2.007694437337783, 3.655725668638605, -1.5780716816795035, 3.838235092785525, 251917000000, 
0.004916877746317636, 0.025659344849211042, 0.004854378105507463, 0.003684368343271138, 0.047387616778776925, 0.0777496019787436, -2.008484385871381, 3.657298847339281, -1.5799868415914131, 3.842883634149043, 252017000000, 
-0.06892936382450293, -0.007506810659322433, -0.06885573200452483, -1.1704282539790816e-05, 0.0006776916850661022, -0.017270807356370585, -2.0106187902068773, 3.6615494441299883, -1.5801720662760184, 3.8433290214302227, 252117000000, 
0.06578652428732756, -0.02041233870348777, 0.06565215128713076, -3.6031232617143464e-06, 0.000350126411562221, -0.010290921058019169, -2.010649756555665, 3.6616099311609274, -1.5801727177781417, 3.8433306772598104, 252217000000, 
0.0290402824040675, -0.00744970307020397, 0.029076820533235126, -2.2895784321649204e-08, 1.8605115915902408e-05, -0.001230617665868957, -2.0106654817999927, 3.6616407778003666, -1.5801724644053683, 3.8433300751590656, 252312000000, 
0.010891806820091419, -0.006796117648043913, 0.010909955283428453, 2.658443684940127e-07, 0.0002127155576592478, 0.0012497645749065178, -2.010666203280334, 3.6616421966923403, -1.5801713211139639, 3.8433272668723384, 252407000000, 
-0.08353602776266111, 0.02932917781963691, -0.08344177030937838, -8.40458137937762e-08, 0.00020250681721170052, -0.00041502708378412146, -2.010675791406288, 3.661661058817285, -1.5801708011197995, 3.843326036096203, 252508000000, 
-0.07556732535323729, 0.01006682699253368, -0.07557518327046928, -3.970143954660927e-08, 9.827233472187343e-05, -0.0004039940605763642, -2.0106853279540036, 3.661679813681492, -1.5801708784328774, 3.8433261927814923, 252608000000, 
-0.04918624311892204, 0.03520918916893469, -0.04921257866872755, 4.670911946988669e-10, -5.202796100373282e-06, -8.977695563840274e-05, -2.0106901256315934, 3.661689249907481, -1.5801716657167184, 3.843328145862749, 252708000000, 
-0.06798176930580636, 0.035361247761952756, -0.06796303706624503, 9.50393659790311e-10, 3.694433898977865e-05, 2.572501459704707e-05, -2.0106901144644453, 3.6616892279413347, -1.5801722500648763, 3.8433295587421816, 252808000000, 
-0.0789752893309265, -0.0008944679826355492, -0.0789642983775346, 1.4355954255360358e-10, 6.711672652975377e-06, 2.1389532829787468e-05, -2.010692089464515, 3.661693112909577, -1.580172019029768, 3.843329016766602, 252903000000, 
-0.05761118761976972, 0.002784729468680803, -0.05763249734983533, -1.6587097708088882e-11, -5.812183270505547e-06, 2.8538497387481947e-06, -2.010692747790412, 3.6616944078761007, -1.580171335965372, 3.843327394233474, 253003000000, 
-0.04197448328169142, 0.008445749093131562, -0.041990109477067154, 3.835422719168667e-11, -5.562808628001986e-06, -6.89475942037979e-06, -2.0106927467928277, 3.661694405913806, -1.5801709673191147, 3.8433265053438865, 253098000000, 
-0.06157551216255193, 0.0026583036961053833, -0.06155596541816609, -1.5767174540150996e-10, 1.682721303724547e-05, -9.370045119920822e-06, -2.010692685014295, 3.661694284392455, -1.5801712560030123, 3.8433272033830987, 253198000000, 
-0.06470908632705728, 0.01139453380120473, -0.06470593888583774, -6.80287590446216e-11, 1.1123478249911063e-05, -6.115781189680082e-06, -2.010693724147353, 3.66169632842073, -1.5801717957211783, 3.8433285014640877, 253298000000, 
-0.062086312554891165, 0.0172193812786697, -0.062088926292617266, -7.987783277570257e-12, 1.794892202203885e-06, -4.450285798647038e-06, -2.010694536662702, 3.6616979266839933, -1.5801719839671837, 3.8433289494574012, 253398000000, 
-0.05635998570667568, 0.001256918088055996, -0.056365702602468426, 8.774289290217702e-11, -1.4235850471359598e-05, -6.163516052567607e-06, -2.010694897677852, 3.6616986368221327, -1.5801718382427623, 3.843328582950808, 253494000000, 
-0.04998668162670285, -0.028273594633753108, -0.04999304737934088, 5.213598998963774e-11, -1.1584303102798316e-05, -4.500571983224759e-06, -2.0106945102573173, 3.661697874742201, -1.5801714096440298, 3.8433275654862213, 253589000000, 
-0.07461936745527453, 0.000269656978030685, -0.07459478976268027, 1.4133331818014641e-11, -2.8096505288489892e-06, -5.0302810520013496e-06, -2.0106942118819577, 3.6616972878187055, -1.5801712016682743, 3.8433270704408917, 253689000000, 
-0.05089767610764202, 0.004011609263775907, -0.05092132520247084, -1.3213705089574873e-11, 3.1432490746633943e-06, -4.203836468476463e-06, -2.010694422212023, 3.6616977015519137, -1.5801713872524346, 3.8433274916513547, 253789000000, 
-0.055584342583275055, 0.0003382246090942514, -0.05557968835111706, -2.9025987119703076e-11, 5.83067143117115e-06, -4.9781551682930125e-06, -2.0106948013082717, 3.661698447260343, -1.5801717364428158, 3.8433283046904587, 253884000000, 
-0.058577774072050996, -0.017747412085447337, -0.05857478142066243, 2.13032164320664e-11, -3.638518526665434e-06, -5.854914926485203e-06, -2.010695312738784, 3.661699453280439, -1.5801718699379033, 3.8433286119080163, 253984000000, 
-0.05946256527795502, 0.020713017335572282, -0.05946167868245231, 4.9082979566584166e-11, -8.444698656124086e-06, -5.8122831335123185e-06, -2.01069541276602, 3.661699650041349, -1.5801716993200512, 3.8433282008617566, 254079000000, 
-0.05984903288267818, 0.0010485936751188337, -0.059848645708751744, 3.7691547750306184e-11, -8.19567049804501e-06, -4.598958408503258e-06, -2.0106952993116742, 3.6616994268680054, -1.5801714549226284, 3.8433275984049695, 254179000000, 
-0.06483802896243143, -0.0295371042151232, -0.0648330489343739, 1.5489319196591135e-11, -2.605910074665943e-06, -5.943919303729904e-06, -2.0106951994117264, 3.661699230356912, -1.5801713916040152, 3.843327443867936, 254279000000, 
-0.03444376814357274, -0.015980595582791707, -0.034474096130762195, -4.391891457290859e-13, 7.000801799383893e-08, -6.273412079281216e-06, -2.0106953823950433, 3.6616995902999676, -1.5801715104832799, 3.8433277169097213, 254380000000, 
-0.07409741496189355, -0.01209401872863098, -0.07405787035958672, -1.5607044711917855e-11, 2.77649641391986e-06, -5.621129072478728e-06, -2.0106955366728894, 3.6616998937774827, -1.580171696176274, 3.8433281765591674, 254480000000, 
-0.06672114431328335, 0.01680874280200036, -0.06672846567385143, 3.80507900659853e-11, -6.731195554688166e-06, -5.652902186073551e-06, -2.010695992980414, 3.6617007913741806, -1.5801717764967553, 3.843328346334213, 254575000000, 
-0.050333400214685964, -0.000508108439458411, -0.05034976188861756, 3.962926508442984e-11, -7.5401131350519984e-06, -5.255791839542013e-06, -2.0106959941670657, 3.66170079370843, -1.580171668721632, 3.843328105065156, 254675000000, 
-0.058409020013064666, -0.006642665743835123, -0.05840097633012806, 3.812264997262385e-11, -6.414855637318535e-06, -5.942869509150706e-06, -2.0106958806697324, 3.6617005704486494, -1.5801715296197532, 3.843327761725302, 254770000000, 
-0.05386301618252451, 0.010193968627606846, -0.05386754452043876, 8.163188749425749e-12, -1.5183085030970322e-06, -5.376502030235983e-06, -2.010695851881888, 3.661700513820215, -1.5801715186701588, 3.843327737617806, 254870000000, 
-0.030551306468644783, -0.022260865301998695, -0.030574575652842505, 2.0188650860800931e-13, -3.460553928916893e-08, -5.8339362066002275e-06, -2.0106960273663597, 3.6617008590153954, -1.5801716222007312, 3.8433280049439618, 254971000000, 
-0.049845278777601594, -0.0029445889632152287, -0.04982604621613204, 3.096798689744922e-12, -5.640310224864359e-07, -5.4904758183214926e-06, -2.0106961638254943, 3.661701127444265, -1.5801716952126454, 3.843328167159812, 255067000000, 
-0.060245599650131626, -0.0042965453832865645, -0.06023520038846379, 1.61436681529359e-11, -3.224578319375483e-06, -5.006443185434091e-06, -2.0106963634505934, 3.6617015201275174, -1.5801717002758189, 3.8433282004991254, 255162000000, 
-0.047606763852929244, -0.0006693822926484615, -0.04761936650267068, 2.603715524283947e-11, -5.026374497028863e-06, -5.180106507827914e-06, -2.0106964876321496, 3.6617017644058354, -1.5801716189947799, 3.8433280088348942, 255257000000, 
-0.04036463296402673, 0.013471748709115598, -0.040371872737359954, 5.152322969959307e-12, -1.097902691886768e-06, -4.692877618420751e-06, -2.0106964782290824, 3.6617017459089793, -1.5801715496475257, 3.843327845007088, 255352000000, 
-0.05008270097591759, 0.005495265387863118, -0.0500730091175545, 4.549576346632228e-12, -9.079370345537602e-07, -5.010894118740611e-06, -2.0106966117455274, 3.6617020085506815, -1.5801715652558963, 3.8433278801685002, 255452000000, 
-0.05976514121607714, 0.02333528936249473, -0.05975546793446926, 4.929827464322858e-12, -9.108358069703087e-07, -5.412421675341052e-06, -2.0106967918076006, 3.6617023627532257, -1.5801716287565506, 3.8433280622103347, 255552000000, 
-0.05250165572081719, -0.01891455687175807, -0.052508894458358345, 1.2937957991340144e-11, -2.522239651363452e-06, -5.129551422421834e-06, -2.0106970244157565, 3.66170282032044, -1.5801716706421913, 3.8433281614495094, 255652000000, 
-0.03936364750775231, -0.007082824553402003, -0.03937676600970199, 2.711921350421889e-11, -4.338559905001267e-06, -6.250740821385747e-06, -2.0106971467816277, 3.6617030610286214, -1.58017164576234, 3.8433280950968887, 255748000000, 
-0.06501150061885186, -0.01095915527192469, -0.06498591663377244, 4.747452530540168e-12, -1.1547282706492537e-06, -4.111315753853399e-06, -2.010697128563623, 3.6617030251915987, -1.580171611718179, 3.8433280359999276, 255843000000, 
