imu_ax, imu_ay, kf_ax, kf_ay, kf_vx, kf_w, kf_x, kf_y, odom_x, odom_y, stamp, 
-0.07176726229909805, 0.026431054912526113, -0.07173130296403617, -1.278852466992053e-13, 2.0037901462702783e-06, -6.382167660482929e-08, -1.9997184607051914, -0.5000010528216215, -1.999905827864896, -0.5000010558348338, 609931000000, 
-0.06735051863943217, 0.00894312440543963, -0.0673548899488506, 1.1291632078351761e-13, -3.1551342226723844e-06, -3.57881195583109e-08, -1.9997171668321316, -0.5000010528008167, -1.9999058043007363, -0.5000010558939564, 610026000000, 
-0.05830341043142177, 0.012714080445740676, -0.05831243790765475, 1.716687051328621e-12, -1.6708657087520506e-05, -1.027423713549543e-07, -1.9997121461922174, -0.5000010527201243, -1.9999058248481918, -0.500001055915846, 610128000000, 
-0.049863458296762725, 0.03205889698120902, -0.04987188983945513, 2.5493822804368266e-12, -4.14939594345267e-06, -6.143984124868815e-07, -1.9997132318192214, -0.500001052737561, -1.9999058541999273, -0.5000010558444894, 610223000000, 
-0.053684332126827286, -0.0018011100983428075, -0.05368052677714697, 7.473983357505088e-14, -1.2957675389500475e-06, -5.76799706185047e-08, -1.999713138676453, -0.5000010527360659, -1.999905808757185, -0.5000010559244586, 610328000000, 
-0.005108723652230425, 0.0151256189954291, -0.005157198029779417, 2.1743870087153354e-13, -2.295891904280714e-06, -9.470772577146026e-08, -1.9997127413071725, -0.5000010527297124, -1.9999058197842519, -0.5000010559374602, 610423000000, 
-0.038845463009985814, -0.011259510988824564, -0.03881184190191038, -6.044621974152277e-14, 1.4438385271595524e-06, -4.186494445499937e-08, -1.999712918159048, -0.500001052732539, -1.9999058131461342, -0.5000010559566147, 610523000000, 
-0.0403207295239818, 0.01045161575922873, -0.04031922325785303, -2.414869246835084e-14, 4.821689407684925e-07, -5.008346748727131e-08, -1.99971238342983, -0.5000010527239974, -1.9999057843129229, -0.5000010559639301, 610623000000, 
-0.05553748013179164, 0.012470016803865024, -0.05552229181424339, 1.249852608525184e-13, -1.739689195759224e-06, -7.184344258571609e-08, -1.9997119114749085, -0.5000010527164607, -1.9999058202614157, -0.5000010558995008, 610724000000, 
-0.06463829267444399, -0.00973255933791306, -0.06462919432108079, 5.0249193202588196e-14, -1.3867670720750513e-06, -3.6234775265754745e-08, -1.999711542526633, -0.5000010527105706, -1.9999057877464903, -0.5000010559775401, 610825000000, 
-0.04183060835074992, 0.013638386861734578, -0.041853360822692774, 5.88743926007725e-13, -5.44297358039212e-06, -1.0816586141968946e-07, -1.9997110474246746, -0.5000010527026703, -1.9999057700293348, -0.5000010559153607, 610925000000, 
-0.05204186313704336, -0.03605431112350212, -0.052031693291147874, -6.104204850470946e-13, -4.286730351811194e-06, 1.423976865699483e-07, -1.9997104626423805, -0.5000010526933408, -1.9999057654640822, -0.5000010560039491, 611022000000, 
-0.06027073064177761, -0.01677327701704727, -0.06026250753293985, 6.586742550882388e-14, -4.1033849427175514e-06, -1.605197329237208e-08, -1.999710376694679, -0.5000010526919715, -1.999905766757749, -0.5000010559821914, 611117000000, 
-0.04778461679907995, 0.004796877240539604, -0.04779706919581833, 4.3692871989075613e-13, -4.371389099042458e-06, -9.995191688300276e-08, -1.9997101849323569, -0.5000010526889137, -1.999905792847479, -0.5000010559578977, 611192000000, 
-0.05342317920240212, -0.02194701319899965, -0.053417563832770104, 1.1520758532175674e-14, 2.8231856211233947e-07, 4.080765517497699e-08, -1.9997101401275956, -0.5000010526881993, -1.9999057412527963, -0.5000010560251139, 611301000000, 
-0.060492633900398524, 0.031440975788249115, -0.06048557239797076, 6.275497950931116e-14, -1.1031950346634609e-06, -5.6884755222321235e-08, -1.999709562632807, -0.5000010526789972, -1.9999057380486018, -0.5000010560625876, 611397000000, 
-0.04460871972696155, -0.0018774480458826216, -0.04462456431808518, 1.247760107658611e-13, -2.1494949591638335e-06, -5.8048989709843156e-08, -1.9997090827726092, -0.500001052671349, -1.9999057709573433, -0.5000010560624057, 611497000000, 
-0.039436779950976164, 0.011542775429907764, -0.039441956945814066, 2.0810683015376922e-13, -2.0767515324171884e-06, -1.0020786160756937e-07, -1.9997088554660751, -0.5000010526677273, -1.9999057768925472, -0.5000010559653562, 611592000000, 
-0.055052693124031285, -0.01678725686968466, -0.055037113140156954, -1.166124288911628e-14, 4.696004294859821e-07, -2.4832266235106534e-08, -1.9997086701282953, -0.5000010526647755, -1.9999057096626975, -0.5000010560782069, 611692000000, 
-0.064305126212037, 0.011073935708238537, -0.06429587614176438, 1.1953037151860262e-13, -1.8490159953378146e-06, -6.464539615665383e-08, -1.9997080745559979, -0.5000010526552957, -1.999905702230329, -0.5000010560858095, 611787000000, 
-0.04077247620779282, 0.0018418302404080553, -0.04079595203709736, 4.2112474208730476e-13, -4.811492663574397e-06, -8.752476030472766e-08, -1.9997076165993397, -0.5000010526480074, -1.99990576552595, -0.5000010560005483, 611882000000, 
-0.06840066536525494, 0.007662016840741196, -0.06837311531363494, -4.068206573975771e-14, 4.5836966409106006e-07, -8.875383544508692e-08, -1.9997076881816649, -0.5000010526491462, -1.99990576424663, -0.500001056119467, 611982000000, 
-0.04445418266195408, 0.010013206387553987, -0.044478053171917956, 2.469422325109639e-13, -3.8663583368002755e-06, -6.386946345881862e-08, -1.9997069353662908, -0.5000010526371769, -1.9999056953665426, -0.5000010559976151, 612082000000, 
-0.08119977662994551, 0.014338523997086862, -0.0811631277189257, 1.0024888150401057e-13, -7.999931051060755e-07, -1.2531218189776527e-07, -1.9997068745838549, -0.500001052636211, -1.9999056612862953, -0.5000010561250889, 612182000000, 
-0.04246899349372958, -0.014694848010218711, -0.042507609633041135, 5.633765323859508e-13, -7.1439469141749284e-06, -7.886068291858472e-08, -1.9997061522146693, -0.5000010526247368, -1.999905696009377, -0.500001056034395, 612283000000, 
-0.05165845018385132, -0.004022433660835703, -0.0516493171732858, -2.726489596528208e-15, 8.281285432138602e-08, -3.2923507091629195e-08, -1.9997064408485774, -0.5000010526293179, -1.9999057226072126, -0.5000010561488939, 612378000000, 
-0.04352137830432509, 0.01159381534900692, -0.04352948952278401, 1.9755172847170877e-13, -2.7466668745907905e-06, -7.192416754257497e-08, -1.9997059260613286, -0.5000010526211516, -1.9999056753584152, -0.5000010560710813, 612475000000, 
-0.06824245765124903, 0.00903873332214778, -0.06821779355036771, 2.9644897266893307e-13, -2.7057595534613413e-06, -1.0956220122726756e-07, -1.999705764483715, -0.5000010526185888, -1.9999056646767162, -0.5000010561029131, 612570000000, 
-0.07508140127524104, -0.011005318535571773, -0.07507455069187564, 3.232832419724941e-13, -5.737095497499248e-06, -5.634963582415711e-08, -1.9997053622979448, -0.500001052612213, -1.999905702852589, -0.5000010561461724, 612660000000, 
-0.06436697338975637, 0.009940577839001945, -0.06437765886985991, 3.616128238159197e-13, -3.0517809516380015e-06, -1.1849239167110896e-07, -1.999705193563376, -0.5000010526095398, -1.9999056824974522, -0.5000010561761743, 612757000000, 
-0.07834763532896383, -0.015204570931305218, -0.07833369258507793, 1.9250996858469446e-14, -2.393050016628699e-06, -8.0445442948117e-09, -1.9997048582298462, -0.5000010526042292, -1.999905638809233, -0.5000010561982929, 612854000000, 
-0.07799957569276113, -0.018944966633305648, -0.0779999083358213, 2.8583991168237157e-13, -6.945289710952665e-06, -4.115593784829514e-08, -1.9997042920498953, -0.5000010525952695, -1.9999056624404807, -0.5000010561653351, 612955000000, 
-0.060138601136350944, 0.028362611345809263, -0.060156426049561285, 8.612675356387491e-13, -3.3342966690459025e-06, -2.5830561018591e-07, -1.9997042163693532, -0.5000010525940719, -1.9999056433607956, -0.5000010561976755, 613050000000, 
-0.055978867456854944, -0.006557833653731827, -0.0559830360811554, 1.1762300188269081e-13, -2.75835797739106e-06, -4.2642399154420946e-08, -1.9997039482321297, -0.50000105258983, -1.9999056382127023, -0.5000010562377915, 613146000000, 
-0.0824351684718036, -0.015430735493765, -0.08240876855756432, 6.46540820239704e-14, -2.976861601253905e-06, -2.1718873996942615e-08, -1.9997036672869923, -0.5000010525853926, -1.9999056660846741, -0.5000010562499054, 613241000000, 
-0.05568658984570103, -0.03990107094953096, -0.05571325785969287, -2.4915961298360465e-13, -4.654202293508103e-06, 5.35343324743628e-08, -1.9997031148022248, -0.5000010525766689, -1.9999056265665442, -0.5000010561949754, 613338000000, 
-0.060556360255728935, -0.0019434207295378548, -0.06055152628520204, 3.637023038131561e-13, -4.5464047600425606e-06, -7.999778352549308e-08, -1.9997030379127456, -0.500001052575455, -1.9999056109269224, -0.5000010561838397, 613439000000, 
-0.06588674692940845, -0.006109420695800055, -0.06588142174807378, 1.2565051743111304e-13, -3.4700162958875916e-06, -3.621035370353298e-08, -1.9997028867041178, -0.500001052573067, -1.9999056314041679, -0.5000010562716274, 613529000000, 
-0.08563522890202173, 0.018408524515042567, -0.08561551384526772, 8.269274475758889e-13, -5.599638948045743e-06, -1.4767513678082477e-07, -1.9997025736845342, -0.5000010525681261, -1.9999056003606979, -0.5000010562396983, 613635000000, 
-0.057195763165946906, -0.008347048163904709, -0.057224125337052456, 1.5825946166497565e-13, -5.759622089838989e-06, -2.747740375955809e-08, -1.999702258797089, -0.5000010525631567, -1.9999056210972765, -0.5000010562936706, 613725000000, 
-0.050542619403309744, -0.026517388005079412, -0.05054928702813041, -1.1357131039695399e-13, -1.1133858045520029e-06, 1.0200535154357577e-07, -1.9997022720252677, -0.5000010525633652, -1.9999056247836162, -0.500001056301232, 613826000000, 
-0.0495889991835316, -0.0006167553103196626, -0.04958995705358872, 5.745977446567273e-14, -1.0627150518870837e-06, -5.406884410232102e-08, -1.9997018797036286, -0.5000010525571809, -1.999905572619922, -0.5000010563109221, 613921000000, 
-0.06860735821971604, -0.007472745304867705, -0.06858837825139566, 3.202082242245949e-13, -4.045730878061461e-06, -7.914718845016819e-08, -1.9997014787504865, -0.5000010525508564, -1.9999056002988616, -0.5000010562791275, 614026000000, 
-0.07337585331066579, -0.020214139493240697, -0.07337107469952829, -4.993189117824046e-14, -2.5331301086979965e-06, 1.9711538308588876e-08, -1.9997011952258943, -0.5000010525463857, -1.9999055852111394, -0.5000010563123701, 614121000000, 
-0.047014958060382916, -0.017864180600199214, -0.0470412608760407, 1.544148265804634e-13, -5.454096742461487e-06, -2.831171390457854e-08, -1.9997007244596343, -0.5000010525389663, -1.999905562881939, -0.5000010563471581, 614216000000, 
-0.04370443407087177, -0.0247610743206216, -0.04370776377899892, -1.7982747077151184e-13, -3.7017215422166516e-06, 4.857941601513014e-08, -1.9997008027258854, -0.5000010525401999, -1.9999055916363113, -0.5000010563103987, 614312000000, 
-0.06321340302085536, 0.005571771269063261, -0.06319393586237429, 2.4406479842778234e-15, -2.9757405565697392e-08, -8.201817120412071e-08, -1.9997007372203104, -0.5000010525391676, -1.9999055774631727, -0.5000010563432988, 614413000000, 
-0.08349080917158044, 0.002564014325020847, -0.08347055215260886, 4.92658658665982e-13, -5.500553243984775e-06, -8.956529221942126e-08, -1.9997001001021544, -0.500001052529124, -1.9999055438170616, -0.5000010562961512, 614514000000, 
-0.057407112337981125, -0.036013900690649386, -0.05743312294124954, -7.782765812546379e-13, -5.82822702991162e-06, 1.335357351833358e-07, -1.9996998108367796, -0.5000010525245663, -1.9999055683472526, -0.5000010563851768, 614609000000, 
-0.03987284918278089, -0.004944057911540361, -0.03989037385825325, 1.5819421761379093e-13, -3.392873566644e-06, -4.6625438439271375e-08, -1.9996998231829926, -0.5000010525247607, -1.9999055397783296, -0.5000010563238273, 614705000000, 
-0.06087221266854126, -0.007883639997825721, -0.060851272296124984, 5.1927988377894434e-14, -1.0666597822783785e-06, -4.8682803308639404e-08, -1.999699766449761, -0.5000010525238665, -1.9999055540438173, -0.5000010564055335, 614806000000, 
-0.05328057844574328, 0.0327210872675533, -0.05328813340676874, 1.489766233195573e-13, -1.7227246517292558e-06, -8.64773271631168e-08, -1.9996992440859882, -0.5000010525156363, -1.9999055617106187, -0.5000010564143332, 614907000000, 
-0.035139948836504065, -0.016520231944378756, -0.03515806029585386, 5.926541582783426e-14, -1.5833878022446235e-06, -3.742950131598786e-08, -1.9996988936107565, -0.5000010525101161, -1.9999055317055263, -0.5000010563643712, 615002000000, 
-0.055185576136491915, -0.004289585383978743, -0.05516558822645316, -4.337841801970028e-14, 7.239429154677103e-07, -5.99196664445224e-08, -1.9996987012543563, -0.5000010525070879, -1.999905506622776, -0.5000010564313907, 615092000000, 
-0.05671476038816868, 0.00907138893524555, -0.05671321376264484, 2.372662095463874e-13, -3.2318735563923937e-06, -7.341444688548949e-08, -1.999698083581174, -0.5000010524973667, -1.9999055567766724, -0.5000010563717255, 615194000000, 
-0.057465459474463174, 0.00535108219833258, -0.057464708157638246, 1.2603801152359843e-13, -1.7491498467440622e-06, -7.205672616226142e-08, -1.9996978351541839, -0.5000010524934583, -1.9999055382759336, -0.5000010564534203, 615291000000, 
-0.038489640612013626, -0.018991725888485442, -0.03850857724399438, 2.2303896090925672e-14, -8.497445137378018e-07, -2.624776709980359e-08, -1.999697429476095, -0.5000010524870789, -1.9999054837905033, -0.5000010564650766, 615387000000, 
-0.0592280393786991, -0.03292613464511134, -0.059207360875361575, 5.223429359931175e-14, -1.3329876605741413e-06, -3.9185879317752666e-08, -1.9996971357295745, -0.500001052482462, -1.9999055053163377, -0.5000010564804733, 615483000000, 
-0.0625888801286788, 0.003858555365463554, -0.06258550476406739, 2.343613601221284e-13, -2.998668395297159e-06, -7.815514395979216e-08, -1.999696675945803, -0.5000010524752364, -1.999905532498798, -0.5000010564357199, 615579000000, 
-0.025972889702160315, -0.007382663459681667, -0.02600942863424261, 1.1141693399771366e-13, -3.0688430593664093e-06, -3.6305842899870125e-08, -1.9996963377377357, -0.5000010524699227, -1.9999054898333672, -0.5000010564853334, 615675000000, 
-0.054442049539473715, -0.0013732296809225463, -0.054413673390825514, 8.450243085136213e-14, -1.0369079450353938e-06, -8.14946314723027e-08, -1.9996963876806895, -0.5000010524707069, -1.9999054654131474, -0.5000010563875068, 615776000000, 
-0.05736857249595458, -0.008438867288814914, -0.05736562295518059, 1.2283304950065732e-13, -2.2368086520152194e-06, -5.491441987672603e-08, -1.9996959525413356, -0.5000010524638753, -1.999905505064106, -0.5000010565141063, 615871000000, 
-0.040747245837276666, -0.018417482186979566, -0.04076383048616568, 8.552484479577679e-14, -2.786606851155546e-06, -3.069139256594861e-08, -1.999695600793261, -0.5000010524583558, -1.9999055005888862, -0.5000010564465049, 615971000000, 
-0.07393547638572785, 0.005308804855506105, -0.0739023705085889, 1.6885639341534808e-13, -1.825956475558048e-06, -9.247558508410901e-08, -1.9996954700157408, -0.5000010524563043, -1.9999054410877122, -0.5000010564575301, 616066000000, 
-0.050426915272945745, 0.010916289879577695, -0.05045034316078875, 6.183807957831894e-13, -5.85756534188242e-06, -1.0556959413865677e-07, -1.9996949166398026, -0.5000010524476256, -1.9999054666405804, -0.5000010564762193, 616161000000, 
-0.009567506381473273, -0.011278177698045665, -0.009608307143876775, -3.3502959157844973e-15, -2.598760058382041e-06, 1.2891901678180918e-09, -1.999694994202286, -0.5000010524488413, -1.9999054810540713, -0.5000010565556463, 616257000000, 
-0.0698013351792196, 0.040239148146709834, -0.06974126214237451, -4.560866962506971e-13, 2.6719420895599975e-06, -1.7069482831710742e-07, -1.9996951562356142, -0.5000010524513792, -1.9999054525391016, -0.500001056504536, 616358000000, 
-0.03601858263389561, -0.00999836261571617, -0.036052237324536884, 2.6921723201995354e-13, -2.858963438142313e-06, -9.416602829831379e-08, -1.9996941718471342, -0.5000010524359604, -1.9999054323405794, -0.500001056573099, 616453000000, 
-0.045193497491676914, 0.011253745499996646, -0.045184374118568044, -7.160813841016239e-14, 8.530295223210978e-07, -8.394567425441065e-08, -1.9996941029329536, -0.5000010524348821, -1.99990545022641, -0.5000010565774612, 616553000000, 
-0.06764821714173322, 0.030467367082662556, -0.06762579766704134, 1.8550652255887882e-14, -6.211928107718173e-07, -2.986295387552721e-08, -1.999693569206423, -0.5000010524265365, -1.9999054080460332, -0.5000010565910372, 616648000000, 
-0.04042126671764722, 0.00842801074631697, -0.040448416305408616, 5.404918902848048e-13, -5.860389497643233e-06, -9.222798083679672e-08, -1.9996929594102315, -0.5000010524170063, -1.9999054395893017, -0.5000010565673568, 616748000000, 
-0.05559176714167229, -0.023857954938436746, -0.055576653593875536, 1.3507989187881012e-14, 1.7431991343117015e-07, 7.748965061994833e-08, -1.9996931393586284, -0.5000010524198181, -1.9999054343630291, -0.5000010565966203, 616843000000, 
-0.03308019451845577, -0.03374623562816176, -0.03310264554598945, 2.85354954004948e-13, -3.3212526200079515e-06, -8.5917870952034e-08, -1.9996925695131806, -0.5000010524109193, -1.9999053946823309, -0.5000010565486014, 616939000000, 
-0.06961307935220659, -0.005362375940732548, -0.06957664141470925, 1.7731180043892413e-13, -2.508751652682828e-06, -7.06773028925797e-08, -1.9996925642669725, -0.5000010524108374, -1.9999054152287825, -0.500001056592642, 617034000000, 
-0.07112761100255045, 0.003590959251912865, -0.07112606245618575, 1.8680279926203031e-13, -2.6061800005193134e-06, -7.167686008825467e-08, -1.999692138107357, -0.5000010524041828, -1.999905411062036, -0.5000010566229199, 617139000000, 
-0.059701272293019636, -0.020132084794298465, -0.0597126735831473, 2.401824784532829e-13, -6.336503699080724e-06, -3.790457480331428e-08, -1.9996916891005019, -0.5000010523971746, -1.999905387279262, -0.5000010565790259, 617234000000, 
-0.08880685969615926, 0.004843685276543776, -0.08877782295606547, 3.4285289281745554e-13, -3.5305637382781335e-06, -9.710995700212622e-08, -1.999691724725028, -0.5000010523977304, -1.999905415621802, -0.5000010566687527, 617334000000, 
-0.06298664709615338, -0.021230172268747585, -0.06301238593371514, -4.2891237573923514e-14, -5.271415886182532e-06, 8.13656871322756e-09, -1.9996911907330568, -0.5000010523894016, -1.9999053910565676, -0.5000010566188258, 617429000000, 
-0.04828170239916098, -0.03074224963630696, -0.04829640307628567, -2.4746076969092736e-13, -2.427424368405158e-06, 1.0194376101345293e-07, -1.9996910936239582, -0.500001052387888, -1.9999053510488431, -0.500001056681638, 617524000000, 
-0.05051005710501841, 0.02620761541402139, -0.05050784736314542, 4.0029436421628264e-13, -2.771045790055278e-06, -1.4445606263630073e-07, -1.9996908365131976, -0.50000105238388, -1.9999054039288973, -0.5000010566219761, 617629000000, 
-0.07026605421311871, 0.008917184132860126, -0.07024633493425594, 8.95072076045024e-14, -1.11746427690438e-06, -8.009849572324308e-08, -1.999690618474523, -0.5000010523804789, -1.9999053943721437, -0.5000010567070609, 617724000000, 
-0.07786314217606412, 0.0078102638751506226, -0.07785553986682867, 2.633649223713565e-13, -3.835210999099045e-06, -6.867025632572114e-08, -1.9996900303604697, -0.5000010523713134, -1.9999053323042317, -0.5000010567111124, 617819000000, 
-0.06213766433346387, 0.022700151478434263, -0.06215335007356109, 6.867163526921177e-13, -4.319220653930915e-06, -1.5899080128428688e-07, -1.9996896341910388, -0.5000010523651425, -1.9999053441252692, -0.5000010567237505, 617924000000, 
-0.06359618845654634, 0.01582084628150708, -0.06359474786839363, 4.892269929184253e-13, -3.4187646377496425e-06, -1.4310051868339571e-07, -1.9996894391420246, -0.5000010523621056, -1.9999053823060597, -0.5000010566871562, 618019000000, 
-0.03152264441499164, 0.020608017853932764, -0.03155465192091599, 3.992824124135777e-13, -3.074409475683007e-06, -1.2987287983975317e-07, -1.999689160517416, -0.500001052357772, -1.9999053485538663, -0.5000010567397782, 618119000000, 
-0.052973673272925674, -0.0038418583603782902, -0.052952296667519015, 2.1537969759673132e-14, -3.295540641876267e-07, -6.5354890441924e-08, -1.99968915197526, -0.5000010523576394, -1.9999053162735045, -0.5000010567288924, 618214000000, 
-0.08669308700326216, -0.027544900381590545, -0.0866594130014195, 1.214636083618485e-13, -2.194494041810567e-06, -5.534925410945065e-08, -1.9996886584157512, -0.5000010523499762, -1.9999053515769736, -0.5000010567649232, 618314000000, 
-0.045809887909573466, -0.010169898428464183, -0.04585065506371562, 2.921631390123592e-13, -5.843593239091699e-06, -4.999717246879622e-08, -1.999688001345781, -0.5000010523397784, -1.999905356037652, -0.5000010566999911, 618409000000, 
-0.06736322242224434, -0.010441923314453016, -0.06734175231928893, 6.3819270348262444e-15, -1.0325396911951487e-06, -6.1808055314941575e-09, -1.9996881283734969, -0.5000010523417492, -1.999905293473954, -0.5000010567536693, 618504000000, 
-0.040496807261156224, -0.010670413578529447, -0.040523597957509, 2.6687742174178595e-13, -4.070531131692562e-06, -6.556329213746022e-08, -1.9996875386183413, -0.5000010523326024, -1.9999053097480881, -0.5000010567921056, 618604000000, 
-0.04231225862264232, 0.017271429720726705, -0.042310473127451315, 2.248306879475064e-13, -1.6462867418916283e-06, -1.3656836456641194e-07, -1.9996875410491566, -0.5000010523326401, -1.9999053302240755, -0.5000010568069357, 618704000000, 
-0.07906456817820465, -0.0044998527148182865, -0.07902788699041935, 3.985179263047959e-14, -6.626149735670939e-07, -6.014321169946268e-08, -1.9996872859328048, -0.5000010523286852, -1.9999053106202112, -0.5000010567588129, 618804000000, 
-0.06679396525743322, -0.008165896929649835, -0.0668061739948646, 2.249993227880378e-13, -4.068573770273781e-06, -5.5301768013142656e-08, -1.9996865720163446, -0.5000010523176276, -1.9999052755034068, -0.5000010568231741, 618905000000, 
-0.06994707642597812, 0.0024858378779822137, -0.06994394113137578, 1.452200765904294e-13, -2.3159200945952613e-06, -6.270513258610876e-08, -1.9996863163518421, -0.5000010523136692, -1.9999053021042372, -0.5000010568296576, 618997000000, 
-0.09780788884767277, 0.012448457415782448, -0.09778007977004588, 2.830675396682579e-13, -3.3042407265307036e-06, -8.566795312321734e-08, -1.999685830563466, -0.5000010523061506, -1.9999052687984866, -0.5000010568460176, 619098000000, 
-0.04063345048287773, -0.004362038212472993, -0.040690482140238786, 6.801803388569677e-13, -9.036603462082848e-06, -7.526946841376536e-08, -1.999685192917154, -0.5000010522962857, -1.999905291190421, -0.5000010567849935, 619198000000, 
-0.0670804739108638, 0.0146730941676153, -0.06705413617123335, -2.5526343179105957e-14, 1.3077637568258832e-07, -1.951907830896139e-07, -1.9996856877087856, -0.5000010523039363, -1.9999052949548977, -0.5000010568511115, 619293000000, 
-0.06915340906128686, 0.03322813985166923, -0.06915131330374699, 2.1420899999207638e-13, -3.2568626733122177e-06, -6.577157881029924e-08, -1.9996849998455013, -0.5000010522933055, -1.9999052520354095, -0.5000010568684612, 619389000000, 
-0.06847023306803073, 0.026525849553545502, -0.06847091210810226, 6.927439603361856e-13, -4.504526138355766e-06, -1.5378842059268186e-07, -1.9996846403706874, -0.5000010522877569, -1.9999052674695728, -0.5000010568862182, 619489000000, 
-0.06774618650924372, 0.004604288191391036, -0.0677469090962606, 2.300134751394566e-13, -2.7487684669293133e-06, -8.367873755347891e-08, -1.9996843994981992, -0.5000010522840406, -1.9999052655363503, -0.5000010568749342, 619589000000, 
-0.056284504604338904, 0.019743620805927693, -0.0562959434632839, 6.317099644669009e-13, -4.663014532337376e-06, -1.354724417189948e-07, -1.9996839951469174, -0.5000010522778082, -1.9999052358913418, -0.500001056830444, 619689000000, 
-0.045870792947697164, 0.028703418127123004, -0.04588119675242568, 6.450318441822956e-13, -3.2008348866893743e-06, -2.0151987435048623e-07, -1.9996839067741534, -0.5000010522764469, -1.999905264213684, -0.5000010569188007, 619784000000, 
-0.08663505612386166, -0.009444797030456786, -0.08659438310819931, 4.103084520919727e-14, -1.0960066120857884e-06, -3.743667671047375e-08, -1.9996837657965838, -0.500001052274277, -1.9999052487093596, -0.5000010568723057, 619884000000, 
-0.0331509394738746, -0.009829172776767483, -0.03320427541064148, 5.332346814184049e-13, -7.859960451593942e-06, -6.784190387500854e-08, -1.9996829878863986, -0.5000010522623195, -1.9999052007467502, -0.500001056940593, 619969000000, 
-0.054069515339562384, 0.0010226782209858093, -0.05404869140271033, 1.0826034491227136e-13, -1.208454353262417e-06, -8.958579578947698e-08, -1.9996834397248564, -0.5000010522692632, -1.9999052496514667, -0.5000010568749539, 620072000000, 
-0.04836228465296298, 0.009666409595983392, -0.0483679591820852, 1.0780063080270552e-13, -1.5981343917757102e-06, -6.745404601607171e-08, -1.9996830252387687, -0.5000010522628964, -1.999905249198524, -0.5000010569600034, 620173000000, 
-0.03729568604226241, -0.028652108454546354, -0.037306735736336215, 7.422717954977978e-14, -3.2354694892997374e-06, -2.2941702833317398e-08, -1.9996826952269349, -0.5000010522578301, -1.9999051883641186, -0.5000010569693452, 620273000000, 
-0.04102952538977163, -0.0014262269840834751, -0.04102580965796386, -2.8254334018458104e-14, 5.344317302782148e-07, -5.2867994951851844e-08, -1.99968264726215, -0.500001052257094, -1.9999051844406337, -0.500001056972046, 620369000000, 
-0.05157027153653301, 0.012903597027063136, -0.05155974770523193, 9.246373240383981e-14, -1.3316440011131025e-06, -6.943577437104112e-08, -1.9996821870123243, -0.5000010522500324, -1.999905231204004, -0.5000010569380895, 620464000000, 
-0.02716685478869334, -0.0024025172911986414, -0.027191198501624783, 1.180882639379991e-13, -2.0708701085510317e-06, -5.702350111211193e-08, -1.999681803146617, -0.5000010522441449, -1.9999052065124854, -0.5000010569938131, 620564000000, 
-0.06402983405816307, 0.007747546470432797, -0.0639930686353132, -1.0961444027729237e-13, 1.3198971014457064e-06, -8.304771649034591e-08, -1.999681732049692, -0.5000010522430549, -1.9999051624876847, -0.5000010569964716, 620659000000, 
-0.03883123316273329, -0.0032300002660629033, -0.038856344176767296, 2.301396849746604e-13, -3.3388556683238216e-06, -6.892771291614277e-08, -1.9996809763474475, -0.500001052231474, -1.9999051975291864, -0.5000010570274824, 620759000000, 
-0.04993174276533283, -0.02067971733009933, -0.04992068908256195, 3.939575643229506e-15, -1.0609051068707388e-06, -3.713410009731912e-09, -1.9996809260485229, -0.5000010522307036, -1.999905211113491, -0.5000010569531692, 620859000000, 
-0.0479350196985298, 0.00012141647165822133, -0.047937000905202275, 1.0603945207792131e-13, -1.558841120696125e-06, -6.802454122493749e-08, -1.9996805298090452, -0.5000010522246373, -1.9999051575228337, -0.5000010570094894, 620960000000, 
-0.040070545898195004, -0.006271064467666029, -0.0400783961874058, 4.142604694213613e-14, -7.219603287917167e-07, -5.737994913303251e-08, -1.999680211287864, -0.500001052219761, -1.9999051726024692, -0.5000010570364968, 621055000000, 
-0.041615307067049606, -0.0003913935135138187, -0.04161377281423062, 9.198892961356098e-14, -1.2730619180180078e-06, -7.225801692094899e-08, -1.9996798749740992, -0.5000010522146145, -1.9999051729958357, -0.5000010569739577, 621150000000, 
-0.05534403275684355, 0.011439620926896554, -0.05533032948043133, 3.5109115060896016e-13, -3.4011144496729276e-06, -1.0322826702956828e-07, -1.9996795916131416, -0.5000010522102801, -1.9999051400718162, -0.5000010570217208, 621251000000, 
-0.05232281392602042, 0.006471182561742285, -0.052325814893000686, 1.314761304544422e-13, -1.4854145859791168e-06, -8.851140395109234e-08, -1.9996793807046402, -0.5000010522070554, -1.9999051786223025, -0.5000010570716263, 621347000000, 
-0.04685444156552347, 0.02822864940922504, -0.04685990150363478, 3.767484884905185e-13, -3.1729622860850876e-06, -1.1873714671703963e-07, -1.999679007767563, -0.5000010522013572, -1.9999051642732457, -0.5000010570047855, 621447000000, 
-0.06002626679089457, -0.011854320321190583, -0.060013126216255104, 7.346894946561952e-14, -2.4206681337431493e-06, -3.035069055583937e-08, -1.9996788504180756, -0.5000010521989544, -1.9999051026631973, -0.5000010570902096, 621543000000, 
-0.09794033335745447, 0.010040294725300141, -0.09790248122438304, 6.019870868940894e-13, -5.263448411994311e-06, -1.1437123341463464e-07, -1.9996784981271416, -0.500001052193579, -1.9999051435034165, -0.5000010570696859, 621643000000, 
-0.046023109316722925, 0.024741621808121807, -0.04607488421578053, 1.1055926303457866e-12, -5.6976318010010935e-06, -1.9404423959995628e-07, -1.9996780483002596, -0.5000010521867168, -1.9999051561811332, -0.5000010571049714, 621738000000, 
-0.053232535809761436, -0.010884375547771934, -0.053225391978886955, -2.1167154625047827e-15, -1.7921189347704786e-07, 1.1811244340074316e-08, -1.9996781573988474, -0.5000010521883798, -1.9999050941848964, -0.5000010571251742, 621843000000, 
-0.055924273886953896, -0.008098551933853082, -0.05592157984341598, 2.120394201642904e-13, -3.1269017031505114e-06, -6.781134819513194e-08, -1.9996776280240767, -0.5000010521803203, -1.999905104524694, -0.5000010571421617, 621938000000, 
-0.08373159304379937, 0.022942626977954916, -0.08370383796836296, 6.655800439648772e-13, -4.227910520333486e-06, -1.574252909951316e-07, -1.9996773916436632, -0.5000010521767212, -1.9999051400291303, -0.5000010570690061, 622033000000, 
-0.04825226489453676, 0.003643230402982825, -0.0482876449126963, 2.6750614124294515e-13, -3.594849442704537e-06, -7.441372594499827e-08, -1.9996769821882503, -0.5000010521704896, -1.9999051254277262, -0.5000010571485519, 622133000000, 
-0.03529566186879155, 0.0024320501598267463, -0.03530862745228239, 5.702621410953445e-14, -7.664200053769665e-07, -7.44059571898647e-08, -1.9996768595934666, -0.5000010521686258, -1.9999050688227769, -0.5000010571614741, 622233000000, 
-0.07054635066721751, 0.0033151580584399537, -0.07051118288878253, 1.8881423847654627e-14, -2.493311863078877e-07, -7.572828785380589e-08, -1.9996765805171335, -0.500001052164385, -1.999905097384633, -0.5000010571806774, 622328000000, 
-0.0994499087693903, -0.00027422423553557487, -0.0994210270643095, 4.57430844160753e-13, -5.6775565302081415e-06, -8.05682588499006e-08, -1.9996758911364259, -0.5000010521539143, -1.999905109383973, -0.5000010571474434, 622423000000, 
-0.05665175809106842, -0.008685912217066038, -0.05669444106892377, 2.1680733422928594e-13, -7.78490635603736e-06, -2.7849703556311536e-08, -1.9996754832865309, -0.5000010521477228, -1.9999050616574048, -0.5000010570852604, 622524000000, 
-0.03137873617759962, -0.022212720331555157, -0.03140400081191709, -2.857570154800467e-13, -2.99099996307374e-06, 9.553895653893114e-08, -1.9996756950327383, -0.5000010521509356, -1.9999050820373703, -0.5000010571577251, 622619000000, 
-0.0608411690418272, -0.0028112799386139746, -0.06081179028526608, 7.595581965829806e-15, -1.453495993308275e-07, -5.225732991902952e-08, -1.9996756785000884, -0.5000010521506848, -1.9999050653671624, -0.5000010572150926, 622724000000, 
-0.024222655806303818, -0.01815458847790504, -0.024259171342337515, 2.568675220887715e-13, -3.387596078481374e-06, -7.582590017754498e-08, -1.999675088584198, -0.5000010521417301, -1.999905049933846, -0.50000105720981, 622824000000, 
-0.0665603803271085, 0.031207236759409975, -0.06651816326419266, 8.615893604870942e-14, -4.6511768913648846e-07, -1.8524115091960337e-07, -1.9996751833373612, -0.5000010521431679, -1.999905077784145, -0.5000010571305307, 622919000000, 
-0.054085356482620923, 0.014829115424744754, -0.054097763827399635, 2.4434601935937547e-13, -3.6230153434690243e-06, -6.744272275850067e-08, -1.9996745693584579, -0.5000010521338558, -1.9999050572410673, -0.5000010572461235, 623019000000, 
-0.05620376090575159, -0.0255069655812516, -0.05620165857064661, -3.4415265695553605e-14, -1.4021433577607323e-06, 2.4544755359762842e-08, -1.9996743906786445, -0.5000010521311491, -1.9999050220420276, -0.5000010572516874, 623114000000, 
-0.07359802767263965, -0.009040966207973174, -0.0735806654442184, 2.432836101947281e-13, -3.6680678049136675e-06, -6.63247309302272e-08, -1.9996739645812667, -0.5000010521246973, -1.999905053658107, -0.5000010571562444, 623219000000, 
-0.08107848660143036, 0.008758241507068956, -0.08107100300971315, 1.9327484935306284e-13, -2.411387430913646e-06, -8.015089026147628e-08, -1.9996735993140353, -0.5000010521191656, -1.999905015125334, -0.5000010572646979, 623314000000, 
-0.05450010613926788, 0.015539791829651105, -0.054526623234155525, 7.289881455621999e-13, -6.505802751008427e-06, -1.1205199011746916e-07, -1.999673043278211, -0.5000010521107485, -1.9999050214413296, -0.5000010572903072, 623409000000, 
-0.020892045996178693, 0.017932655463369123, -0.020925612921886494, 8.117126714680686e-13, -4.106239317319682e-06, -1.9767787718663903e-07, -1.9996731463703896, -0.5000010521123083, -1.9999050447851263, -0.5000010572607149, 623510000000, 
-0.06340305320447233, -0.012436530187813093, -0.06336066029728586, -2.1317342453594045e-14, 1.2744881084905853e-06, -1.672619957108962e-08, -1.9996733469740604, -0.5000010521153411, -1.9999049962825408, -0.5000010572865244, 623606000000, 
-0.045390685706119524, 0.0008355859191904551, -0.045408619211413856, 2.800121375932471e-13, -3.6470958798048153e-06, -7.677674150103034e-08, -1.9996725998790155, -0.5000010521040611, -1.9999050012661932, -0.5000010572982868, 623701000000, 
-0.03423876535553784, -0.031474957175083515, -0.034249912471050116, -2.7878117103272948e-14, -5.995340578409183e-07, 4.649963874224171e-08, -1.99967250965282, -0.500001052102699, -1.9999050310452176, -0.5000010573244328, 623806000000, 
-0.07454296821142309, 0.0030765099816984377, -0.074502755191832, 1.1920627989614647e-13, -1.4985928237930442e-06, -7.954547626514517e-08, -1.9996722201682195, -0.5000010520983309, -1.9999050254926678, -0.5000010572602483, 623901000000, 
-0.041331091332531864, 0.0003559076081211133, -0.04136419608473703, 5.153320671618618e-13, -6.139093357151494e-06, -8.39426992198361e-08, -1.9996716333297524, -0.5000010520894733, -1.999904966317401, -0.5000010572681188, 624001000000, 
-0.04933490216969484, 0.008833765265932821, -0.049326946956847154, 2.9558085294718634e-13, -2.1767283209907576e-06, -1.357913388165272e-07, -1.9996718345732107, -0.5000010520925092, -1.9999049890152776, -0.5000010573218675, 624096000000, 
-0.07719760155119003, -0.00381675145059839, -0.0771697860091815, 5.212672346848042e-14, -9.359911933891699e-07, -5.56914678649193e-08, -1.9996715605896587, -0.5000010520883782, -1.9999050078515361, -0.5000010573566639, 624201000000, 
-0.06254818915279838, -0.004074007982500455, -0.06256278079325667, 4.085253008453657e-13, -6.280862036995606e-06, -6.504287125542087e-08, -1.9996708668341545, -0.5000010520779274, -1.999904949793734, -0.5000010573797993, 624296000000, 
-0.0519511062607034, 0.008886300270997483, -0.051961696149903626, 7.428322637502296e-13, -5.478302504083148e-06, -1.3559533508720518e-07, -1.99967087401982, -0.5000010520780356, -1.9999049482474442, -0.5000010573958801, 624396000000, 
-0.058834445906572407, -0.03596773634749219, -0.05882758635007512, -4.603492152516116e-13, -3.707926638677611e-06, 1.2415273011328773e-07, -1.999670902426608, -0.5000010520784632, -1.9999049890506047, -0.500001057412485, 624491000000, 
-0.06068026251198491, -0.023357721877516738, -0.0606784129543203, -4.1386600822266565e-14, -1.8133494706648948e-06, 2.2823289990037872e-08, -1.9996706911614008, -0.5000010520752862, -1.9999049637880588, -0.5000010573771522, 624596000000, 
-0.0472557540775561, 0.02330534876522332, -0.04726914933775793, 3.507498456613358e-13, -3.2372699333505298e-06, -1.0834742016657059e-07, -1.9996702527804653, -0.5000010520686883, -1.9999049257857004, -0.500001057418854, 624691000000, 
-0.05615521691462027, -0.023264085932146426, -0.05614634811515758, -6.407505240572932e-15, -3.195829085123579e-06, 2.0049586726647997e-09, -1.9996701115359705, -0.5000010520665621, -1.9999049499526187, -0.5000010574318625, 624792000000, 
-0.060332320092183145, 0.011584351959293832, -0.060328141909290915, 1.624333063988394e-13, -1.6086374573743775e-06, -1.0097570813995809e-07, -1.9996698681864027, -0.5000010520629016, -1.9999049259552129, -0.5000010573988398, 624888000000, 
-0.03429541703510117, -0.028011310149136628, -0.034321397221530214, 2.6055573255053214e-14, -1.9279133772094614e-06, -1.3514908689915875e-08, -1.9996694247427675, -0.5000010520562311, -1.9999049296823628, -0.5000010574410286, 624988000000, 
-0.07554653992168005, -0.018598872588478175, -0.07550539667670406, -3.0349573352622895e-15, 1.4156262730536523e-07, -2.143897293397623e-08, -1.9996692707617623, -0.5000010520539164, -1.9999049542644907, -0.5000010574633206, 625080000000, 
-0.06496306121622994, 0.0010747885772011442, -0.06497358177931063, 2.764977739212597e-13, -4.112137188881475e-06, -6.72394332243737e-08, -1.999668514207691, -0.5000010520425447, -1.9999049068835022, -0.5000010573812488, 625180000000, 
-0.05186747518170051, -0.023697501252514026, -0.051880554492227476, -7.394460522465488e-14, -3.917272615959304e-06, 1.8876553274183226e-08, -1.9996682749661345, -0.5000010520389493, -1.9999048946360924, -0.500001057458289, 625280000000, 
-0.06530232503204225, 0.007335145153429661, -0.06528892952310636, 3.5468120240170583e-13, -3.2772413049624374e-06, -1.0822553769984633e-07, -1.9996681494053474, -0.500001052037063, -1.9999049374579965, -0.5000010573842975, 625380000000, 
-0.07224262610994342, -0.008498542939846596, -0.07223568562840847, 3.607047558368329e-14, -1.714143409478619e-06, -2.104285754868937e-08, -1.999667819291994, -0.5000010520321034, -1.999904906645043, -0.500001057494281, 625475000000, 
-0.06459976034247239, -0.007873122530178172, -0.06460738031836454, 2.6670008530675374e-13, -5.0094233568862695e-06, -5.323967776453371e-08, -1.9996672725265736, -0.5000010520238948, -1.9999048648848399, -0.5000010575071879, 625570000000, 
-0.07867654224863589, 0.0184913224748026, -0.07866250052091725, 1.0886578414270176e-12, -5.940782869453577e-06, -1.8325157901742173e-07, -1.9996671338604624, -0.5000010520218132, -1.9999048916064495, -0.500001057445403, 625670000000, 
-0.06039319909155744, 0.004836682153240142, -0.06041143115283173, 5.432897389173221e-13, -5.290039696112525e-06, -1.0270050323375981e-07, -1.9996669364362711, -0.5000010520188507, -1.9999049204712895, -0.5000010574584752, 625770000000, 
-0.03602705086710934, 0.008588878355843224, -0.03605138599478677, 1.661507186543171e-13, -1.7314577310419133e-06, -9.596002008916214e-08, -1.9996668597809553, -0.5000010520177018, -1.999904864005622, -0.5000010575279578, 625870000000, 
-0.04895823603745053, 0.01940997998854363, -0.04894535458005438, 3.305971239576322e-13, -2.9025357780529393e-06, -1.1389941390469311e-07, -1.9996666745792036, -0.5000010520149281, -1.9999048405689703, -0.500001057555695, 625970000000, 
-0.07260616265894373, 0.012357407508332901, -0.07258254856957669, 7.456325396058436e-14, -8.104325954199493e-07, -9.200426337979068e-08, -1.9996664775509174, -0.500001052011979, -1.999904885999464, -0.5000010575604795, 626065000000, 
-0.05303188508415094, -0.015969637915396215, -0.053051396005468154, 2.8652062250060136e-13, -4.71768292061199e-06, -6.073333611480467e-08, -1.9996658189598335, -0.5000010520021291, -1.999904866201128, -0.5000010574559031, 626165000000, 
-0.04779253974395217, -0.007505446042494642, -0.04779778757877134, 2.249519773531351e-14, -7.62758096506215e-07, -2.949191603255596e-08, -1.999665759724585, -0.5000010520012437, -1.9999048336168568, -0.5000010575876412, 626266000000, 
-0.06011350407819603, -0.04786635605862298, -0.06010121246603119, 2.2980553496617593e-14, -8.119792954822472e-07, -2.83018959036007e-08, -1.999665368061119, -0.5000010519953919, -1.9999048600197045, -0.5000010575760669, 626361000000, 
-0.07288953220178696, 0.013483096990552553, -0.07287676879812584, 1.0229260634593044e-13, -1.4248313379315244e-06, -7.179278250184478e-08, -1.9996648505459127, -0.5000010519876614, -1.999904826698004, -0.5000010576053555, 626461000000, 
-0.07456855062929922, -0.0236727212779075, -0.07456686148825659, 1.651213077514331e-13, -4.1176530427749006e-06, -4.010083074900291e-08, -1.9996642573473642, -0.5000010519788021, -1.999904834050721, -0.5000010576033658, 626562000000, 
-0.0572036233938147, -0.01921374892323842, -0.057220951246593224, -4.885578479930312e-14, -3.5617239436420284e-06, 1.3716892598179804e-08, -1.9996639222475225, -0.5000010519737998, -1.9999048571179552, -0.5000010576086559, 626658000000, 
-0.03521697260808093, 0.001191013015265324, -0.035238932127770344, 3.1495113361954917e-13, -4.243527201251533e-06, -7.421918575817339e-08, -1.9996637132247626, -0.5000010519706805, -1.9999048079728428, -0.5000010576347559, 626758000000, 
-0.05982944607291451, -0.019863316147238998, -0.05980490426437028, 6.340786014714171e-15, -2.3767779520041457e-06, -2.667807486756386e-09, -1.9996637844735452, -0.5000010519717438, -1.999904815163253, -0.5000010575367783, 626853000000, 
-0.05456208775502491, 0.025602578070864343, -0.05456731951500343, 3.538774153611432e-13, -2.720772329834094e-06, -1.300650596452963e-07, -1.9996634236136628, -0.5000010519663606, -1.9999048214414727, -0.5000010576000593, 626953000000, 
-0.032364570512458404, 0.024971142173027313, -0.03238672842452441, 6.67509499041712e-13, -4.312116292723087e-06, -1.5479858466900995e-07, -1.9996631516779768, -0.500001051962304, -1.9999047872426483, -0.5000010575817971, 627053000000, 
-0.024642684084607604, 0.012633754124870162, -0.02465041235852962, -8.929149797613908e-14, 7.980137750819745e-07, -1.118921762559384e-07, -1.9996632596038733, -0.5000010519639125, -1.9999048186168566, -0.5000010576720095, 627148000000, 
-0.0404778337414457, 0.019808516943391166, -0.04046203764963177, -5.608320186508472e-15, 9.695939066868206e-08, -5.784194958147528e-08, -1.999662932585357, -0.5000010519590437, -1.9999048029302837, -0.5000010575691216, 627248000000, 
-0.024171561917210593, -0.012613758454424587, -0.024187819484983022, -2.9111778220218395e-14, 4.399774773920784e-07, -6.616651923361052e-08, -1.9996625133694197, -0.5000010519528066, -1.9999047744142817, -0.5000010577018922, 627348000000, 
-0.04756964502547455, -0.007345913770643185, -0.04754630960658271, -1.0138447295201684e-13, 1.4550465410921934e-06, -6.967782135402705e-08, -1.9996622283043373, -0.5000010519485671, -1.9999047989241556, -0.5000010576892876, 627448000000, 
-0.07553706969892976, 0.006259438674372177, -0.0755091343143761, 2.1602481821502738e-14, -4.954555211864053e-07, -4.360125358937161e-08, -1.9996616160941039, -0.5000010519394664, -1.9999047579304867, -0.500001057716905, 627548000000, 
-0.021265129527410914, 0.0087747272785502, -0.02131926456199773, 2.0738774129384363e-13, -3.0468323898033903e-06, -6.80666721241027e-08, -1.99966091078063, -0.5000010519289866, -1.9999047575720579, -0.5000010577299849, 627648000000, 
-0.058545040710943436, 0.007440396306328348, -0.05850788898039726, -1.500442456466197e-13, 1.6850336424750582e-06, -8.904525219225148e-08, -1.9996609995450905, -0.5000010519303051, -1.9999047831847532, -0.5000010577176658, 627743000000, 
-0.0691297561788768, 0.014288374501123895, -0.06911915492616319, 2.0663191855377926e-13, -4.428200187836691e-06, -4.6662731987897136e-08, -1.999660253875075, -0.500001051919234, -1.9999047383303188, -0.5000010577456793, 627843000000, 
-0.08010329811624149, -0.019154268290794717, -0.08009233521320158, 1.4276953042408367e-14, -5.71413670171373e-06, -2.498531937138738e-09, -1.9996600164384997, -0.5000010519157109, -1.999904749743474, -0.5000010576492244, 627943000000, 
-0.04505829955236729, 0.0019469007598471547, -0.04509326289367409, 3.872627838506107e-13, -4.796159821688489e-06, -8.074434511114243e-08, -1.9996597857481846, -0.5000010519122889, -1.999904760186528, -0.5000010577137429, 628043000000, 
-0.07566065536515443, 0.02828644130365359, -0.07563014850517853, 4.221200172574279e-13, -1.983518131067237e-06, -2.128137931516185e-07, -1.9996598142226056, -0.5000010519127114, -1.9999047269832442, -0.5000010577322836, 628138000000, 
-0.046644189575840295, 0.00469374610317281, -0.04667311694672621, 2.444532490755874e-13, -3.605729899183903e-06, -6.77957739238636e-08, -1.9996592506736774, -0.5000010519043566, -1.9999047477375136, -0.5000010577828607, 628238000000, 
-0.04526151111224647, -0.004667076276599305, -0.04526291943874927, 1.216588741839922e-13, -2.128966777933429e-06, -5.714456206878225e-08, -1.9996591459812636, -0.5000010519028067, -1.999904736349964, -0.5000010576808952, 628338000000, 
-0.058021601222684314, -0.015635915529238285, -0.05800886755114585, 6.319870165323952e-16, -1.975178059217958e-08, -3.199645791846336e-08, -1.999658912227855, -0.5000010518993478, -1.9999047120901787, -0.5000010578150422, 628434000000, 
-0.04501549280570765, 0.0032929141872868133, -0.04502845967732712, 1.0606316937146979e-13, -1.8351743853485536e-06, -5.779459991281715e-08, -1.999658331311237, -0.5000010518907553, -1.9999047339833622, -0.500001057811071, 628535000000, 
-0.06480039306466842, 0.007080189510886819, -0.06478066012199381, 1.749584362021079e-13, -2.014112056920002e-06, -8.686628710701226e-08, -1.999658060100509, -0.5000010518867445, -1.999904723589941, -0.5000010577093047, 628630000000, 
-0.0734627501857736, 0.011330195618706747, -0.07345408477624056, 3.2705513005528734e-13, -3.6722251532195563e-06, -8.906184027647318e-08, -1.9996576184771713, -0.5000010518802162, -1.999904677943262, -0.5000010578314452, 628730000000, 
-0.06615508300343526, 0.03184671566682874, -0.06616236671560889, 6.410659614396629e-13, -3.502696566501373e-06, -1.8302069541809728e-07, -1.9996572546334803, -0.5000010518748408, -1.9999047121817397, -0.500001057827504, 628825000000, 
-0.07105228210685992, 0.01426084013525178, -0.07104740128714727, 2.5292201620821923e-13, -2.4490741170387492e-06, -1.0327250386118777e-07, -1.9996569433247477, -0.5000010518702444, -1.9999046764496538, -0.5000010578571007, 628920000000, 
-0.0773687539519637, -0.004187513167206984, -0.07736244449437368, 4.700466925221143e-13, -6.064239307739493e-06, -7.751123738177956e-08, -1.9996564714904186, -0.5000010518632864, -1.9999046930294557, -0.500001057763816, 629020000000, 
-0.04692721621071225, -0.00017523261806154573, -0.04695758996293809, 3.0802828899156474e-13, -4.480901701898327e-06, -6.874247851968479e-08, -1.999656313125767, -0.5000010518609527, -1.9999047075219791, -0.5000010578290802, 629120000000, 
-0.04182607853660317, 0.025665154245671874, -0.04183119934276193, 1.545485410749644e-13, -8.564706530335073e-07, -1.8044814556993125e-07, -1.9996562919002494, -0.5000010518606401, -1.9999046590233474, -0.5000010578735953, 629220000000, 
-0.04540280529359125, 0.016097610814736932, -0.04539924038781342, 2.125559038072076e-14, -2.9690698059338383e-07, -7.159006614879978e-08, -1.9996559519146648, -0.500001051855635, -1.9999046731499335, -0.5000010579058937, 629315000000, 
-0.060833239969937336, 0.010546062838597783, -0.060817836306672625, 1.5903083494501552e-13, -2.0629782719510173e-06, -7.708798347867015e-08, -1.9996555255954205, -0.5000010518493666, -1.9999046660373834, -0.5000010577905727, 629415000000, 
-0.053531802837422406, 0.00015467579849592927, -0.05353907373814361, 2.758324827971834e-13, -3.5507423084028475e-06, -7.768304732912456e-08, -1.999655131631209, -0.5000010518435768, -1.9999046447117435, -0.5000010578730534, 629515000000, 
-0.04559634203603505, 0.026326478097222685, -0.04560426838991183, 2.1367070110882366e-13, -1.4096773465225795e-06, -1.5157418939582938e-07, -1.9996549526748413, -0.5000010518409482, -1.9999046705934025, -0.500001057923459, 629615000000, 
-0.05715681309071579, 0.012392082511137527, -0.05714528314293657, 1.8936057310034074e-13, -2.063095806950979e-06, -9.178467255972669e-08, -1.9996546411478768, -0.5000010518363747, -1.9999046642729221, -0.5000010578229128, 629711000000, 
-0.0684570921980732, -0.0022916868297387966, -0.06844580237496325, 3.145240076953482e-13, -4.482852220239787e-06, -7.01615829036908e-08, -1.9996542666558632, -0.5000010518308824, -1.999904608936274, -0.5000010579464499, 629811000000, 
-0.06912102627169346, -0.01706356772280202, -0.06912035172343768, 6.462520794181766e-14, -5.760697973830262e-06, -1.1218294768341875e-08, -1.9996540381206918, -0.5000010518275328, -1.9999046504225775, -0.5000010578565732, 629906000000, 
-0.0793818875316191, 0.01216152741905159, -0.0793716457790918, 3.1952080174004393e-13, -2.4493292110532375e-06, -1.3045237050949416e-07, -1.9996539234004698, -0.5000010518258522, -1.9999046652114074, -0.5000010579655522, 630007000000, 
-0.037928659314366085, -0.006219181108719376, -0.03797001883849615, 4.3877139590673305e-13, -6.7190931894913625e-06, -6.530217449476217e-08, -1.9996533819411764, -0.5000010518179206, -1.99990460753942, -0.5000010579322437, 630107000000, 
-0.08583863639775367, 0.022024571331979725, -0.08579086288814647, 8.25736487534237e-13, -3.452747379650064e-06, -2.3915346150169997e-07, -1.9996536723094804, -0.5000010518221703, -1.9999046036167634, -0.5000010579452369, 630207000000, 
-0.05962585895821762, -0.008255312291086385, -0.059651970925132136, 4.1001386123785233e-13, -7.346509639833895e-06, -5.581070213461569e-08, -1.9996531742598902, -0.5000010518148844, -1.9999046406066048, -0.5000010579601373, 630302000000, 
-0.0714893531486423, 0.01433905350141806, -0.0714775387927962, 2.3849263691727194e-13, -1.4407523200119648e-06, -1.6553340473905423e-07, -1.999653314389252, -0.500001051816931, -1.9999046086938328, -0.5000010579862141, 630403000000, 
-0.049963469669459235, 0.020958389762627337, -0.04998494010036041, 2.537813573349808e-13, -2.7245169616132298e-06, -9.314728478868151e-08, -1.9996527395488435, -0.5000010518085386, -1.999904575026356, -0.500001058016212, 630503000000, 
-0.058237599156521526, 0.011891062040385085, -0.058229362464393954, 1.5439746053894488e-13, -1.642089569911867e-06, -9.40249931355642e-08, -1.9996525130463174, -0.5000010518052356, -1.9999045983536663, -0.5000010580345611, 630598000000, 
-0.05437110774051551, 0.01646069960595424, -0.05437495772211568, 4.3211505629707286e-13, -4.0763250703521395e-06, -1.0600603456282841e-07, -1.9996520991312061, -0.5000010517992034, -1.9999046241365561, -0.5000010579611391, 630698000000, 
-0.06621147333958635, 0.019284062693392497, -0.0661996598877157, 4.139960489256568e-14, -3.1243966391956285e-07, -1.3250431898820615e-07, -1.9996519579240208, -0.5000010517971468, -1.999904565105254, -0.5000010580258005, 630798000000, 
-0.025690017570388343, -0.0023068935010754224, -0.02573044600771974, 2.0836290938474953e-13, -2.635109819308125e-06, -7.907181243757702e-08, -1.999651592926467, -0.5000010517918347, -1.999904551596459, -0.500001058006755, 630893000000, 
-0.02607721957662172, -0.010767726733663033, -0.02605970808573933, 1.4660761173490507e-11, -0.0003795216860764672, -3.862957430721525e-08, -1.982570159131428, -0.5000008033701548, -1.999901953607702, -0.5000010625731496, 675078000000, 
0.027932574668829292, 0.006946586480769533, 0.027878693774925894, 7.143049837857027e-07, 0.03346248397317435, 2.1346442313079177e-05, -1.9826043469026375, -0.5000008037442304, -1.998747338184139, -0.5000010474063842, 675168000000, 
-0.07709120811746889, -0.02389621164696725, -0.0769864413767109, -0.004050372489337218, 0.09964630014161174, -0.04064749502571652, -1.9792850711693273, -0.5000007672774531, -1.989640188279415, -0.5000050809260026, 675264000000, 
-0.00966305777025838, -0.020314695688013744, -0.009730245996859163, -0.003483224522494051, 0.10039565694301622, -0.034694972158717, -1.9692876483405042, -0.500000676481738, -1.979438613646788, -0.5000370139632202, 675364000000, 
-0.0666331436337666, 0.025860883540457905, -0.06657635432615402, -0.003293005359513739, 0.0987346748652747, -0.03335206566494604, -1.9592457773927348, -0.500041528071011, -1.9692326918551748, -0.500098806126574, 675464000000, 
-0.03826643017955725, 0.01202513542342354, -0.0382946829139443, -0.003201460139917199, 0.09923379010346174, -0.03226179446113403, -1.9493824328534728, -0.5001158824865587, -1.9590234394079644, -0.500195514198933, 675559000000, 
-0.14542401932026805, -0.005933085783186161, -0.14531710326739605, -0.003038955420154938, 0.09983926649750982, -0.030438479035007085, -1.9394808540225281, -0.5002235153703826, -1.9522155884748864, -0.5002793075491447, 675660000000, 
0.023715460598524963, 0.0006767277705636322, 0.02354676665141786, -0.0022195021258253943, 0.09940498808890802, -0.02232787477264488, -1.9295245897400424, -0.5003637964960141, -1.942005091055712, -0.5004317359738584, 675760000000, 
-0.0664746896329895, 0.043450701975036685, -0.06638484811275602, -0.001246195907240424, 0.09829138381117992, -0.012678587470437853, -1.9196300203750074, -0.5005332406133499, -1.931801342821957, -0.5006096735714631, 675855000000, 
0.1282530557388795, -0.007421556262487902, 0.12805880697943514, -0.0018671536873194948, 0.10002710135708463, -0.01866647800433587, -1.909756319277207, -0.5007242732930822, -1.9216051198678048, -0.5008058072036715, 675951000000, 
-0.04828557196526417, -0.026944420959896007, -0.048109580657226036, -0.0017494507745364097, 0.10005377894869646, -0.017485104440017777, -1.8997950157343262, -0.5009296999298976, -1.9114092141150039, -0.5010183436675998, 676051000000, 
-0.04954987449195637, 0.007090638377760881, -0.04954843663181884, -0.0012342788968470262, 0.09967664337416363, -0.012382829668669939, -1.889812553324786, -0.5011541332973095, -1.9012101996482742, -0.5012459810965009, 676151000000, 
-0.008592385327244434, 0.014599968791416843, -0.008633259157766776, -0.0013105298181559277, 0.09977152298515556, -0.013135309344239579, -1.8797443424611682, -0.5013980667519233, -1.891007489696038, -0.501487695856365, 676251000000, 
-0.03186511561305678, 0.016639812506510487, -0.03184193001130155, -0.0017334653658779963, 0.09984171087951815, -0.017362136031200612, -1.869772103633329, -0.501652159481105, -1.8808026326987828, -0.5017446361372565, 676346000000, 
-0.02670648402753023, -0.03111275824345078, -0.02671160884571523, -0.002126206208396415, 0.10053389670717842, -0.021149147481961648, -1.859841302320553, -0.5019182515469495, -1.8706011859932303, -0.5020195227613274, 676446000000, 
-0.025694080160479898, 0.01305036924665049, -0.02569509547890715, -0.0014172573517995072, 0.0996469874068088, -0.014222781728599124, -1.8497337500209998, -0.5022065573605292, -1.8604048608433885, -0.5023123098917465, 676538000000, 
-0.020016439307208398, 0.0040158006356924136, -0.020022106355825242, -0.0017427246257556946, 0.09990724715454234, -0.017443425531082312, -1.8398335389373117, -0.5025100197263177, -1.8502099139158614, -0.5026223295795834, 676639000000, 
-0.05846163261992075, 0.008745365203307794, -0.058423269582756406, -0.0018427262553485449, 0.09985530002020387, -0.01845396543774545, -1.8297554563454386, -0.5028331987908574, -1.8400124100075324, -0.502951010503243, 676744000000, 
-0.04835140749750716, 0.0018015710488369942, -0.04836145868387796, -0.0017176931209830196, 0.09999180672988725, -0.017178338677518928, -1.8198874630087338, -0.503167032923979, -1.829812297421762, -0.503299169131674, 676844000000, 
-0.04891080087093244, -0.015582081510595498, -0.04891025211528548, -0.0017174282648368205, 0.10028422484766097, -0.017125607416776854, -1.8099083075774587, -0.5035228564682063, -1.8230124004420039, -0.5035415014521147, 676939000000, 
-0.0692571746076432, -0.012918266796048811, -0.06923686779716545, -0.0018768828999569576, 0.10021484428183285, -0.018728591691253096, -1.7998870315297135, -0.503897395209621, -1.81281533609831, -0.5039189475490746, 677044000000, 
-0.018173644023697824, 0.005035533643886655, -0.01822460470648808, -0.0017461134879241831, 0.099878960141272, -0.017482295424926575, -1.7897725218538358, -0.5042927660357325, -1.802621471612349, -0.5043137462337243, 677144000000, 
-0.06326715043285344, 0.007307140340840661, -0.06322219757039926, -0.00162502945310891, 0.09986204970247273, -0.0162727428282365, -1.7798770863781097, -0.5046983199646602, -1.792428654203443, -0.5047269821448483, 677239000000, 
-0.07393505461867199, -0.022129306777133966, -0.07392436244841197, -0.0020757273767951826, 0.10036513837312391, -0.020681756737865736, -1.7698567258355922, -0.5051263930357013, -1.782234690372832, -0.5051587586366117, 677339000000, 
-0.06310211617734517, -0.1156377135941383, -0.06311291590141399, 0.01421705951664324, 0.10241930176411987, 0.13881230658442004, -1.7598835549569758, -0.5055687835814624, -1.7720532294321307, -0.5055911790420591, 677439000000, 
-0.05413835002981497, -0.05325938381515421, -0.05414730720992714, 0.010968252121336374, 0.09089896456860018, 0.12066421409078634, -1.7496269937392075, -0.506044724322639, -1.7618750769103853, -0.5059232668050053, 677539000000, 
-0.06903707832606956, -0.02918528709880942, -0.06902221717039123, -0.0009484158827442304, 0.09649240184463403, -0.00982891776568387, -1.7405770316314937, -0.5063385472750365, -1.7516885375932294, -0.5061614591999967, 677634000000, 
-0.06960112280116795, 0.01620341329755416, -0.06960054403159441, 0.0047749318081252235, 0.09977450927070337, 0.04785723170203834, -1.730903825239072, -0.5065363931768518, -1.7448962044338527, -0.5063053966290036, 677734000000, 
-0.05890428667519146, 0.06880403931537515, -0.058914960561532295, 0.00541704809671252, 0.10293208015793247, 0.05262740331683712, -1.7207863946727133, -0.5067532414515045, -1.734704901175671, -0.5064897021983933, 677829000000, 
-0.03203933052472874, -0.056271470278113314, -0.03206615253269881, -0.0016443342401002547, 0.09717216843643839, -0.016921864218516804, -1.7106337258602542, -0.5069215464956008, -1.724511753952518, -0.5066388582172571, 677929000000, 
-0.07445857302218159, 0.002143456158346258, -0.07441626457623779, -0.004159764893787766, 0.09998211572256972, -0.041605089707546075, -1.7009243203399762, -0.5070321521280774, -1.7143087907345116, -0.506785766173571, 678024000000, 
-0.06546762218340726, -0.02122500772566641, -0.06547655211830333, 7.068049533957222e-05, 0.1008832566064855, 0.0007006167100183439, -1.6907746590143178, -0.5071649616070281, -1.7041009399427607, -0.506968606274286, 678120000000, 
-0.05544570180534767, -0.0014136921200689325, -0.055455712090089884, -0.00017408402987871232, 0.0999921848561405, -0.001740976358594107, -1.6807657710808248, -0.507338169221218, -1.6939016945707155, -0.5071710362414092, 678216000000, 
-0.04873707305555232, -0.0037712458088759726, -0.04874377773919051, -0.003226538957587426, 0.10004603683613654, -0.03225054244649502, -1.6708218646608493, -0.5075095632236912, -1.6837018814769018, -0.5073819238373447, 678316000000, 
-0.0666077025427922, 0.0006040396453312596, -0.06658987377748238, -0.0005930878568625769, 0.09996809937957866, -0.005932771159433806, -1.6608039723289438, -0.5076839975947214, -1.6735030194824305, -0.5076134621076119, 678416000000, 
-0.06451756529010695, 0.007685888731273731, -0.06451963281222543, 0.0027214718234941605, 0.09992575125279467, 0.027234939836572384, -1.6508609658499485, -0.5078892263986481, -1.6633065325774536, -0.507850081178287, 678517000000, 
-0.05921631186162871, -0.013124449798684915, -0.05922160396714431, 0.0011980011551335052, 0.09958750785205606, 0.01202963284223576, -1.640661814807039, -0.5081057307625663, -1.653110128081003, -0.5080731402974962, 678612000000, 
-0.05066423975887824, 0.0006522385424699768, -0.05067277943648554, -4.2685096065131614e-05, 0.10000793315616983, -0.0004268171005841672, -1.6308444725639801, -0.50828683986482, -1.6463125676099624, -0.5082161514889909, 678717000000, 
-0.06233588827782653, 0.015093762441566105, -0.0623242479446326, 0.001737127219986054, 0.09995818399568289, 0.017378539210567083, -1.6209190921799792, -0.5084581787447272, -1.6361154704051795, -0.5084274538542223, 678812000000, 
-0.05239208710267286, -0.007399831997969562, -0.0524019988237931, 0.0013493790179574623, 0.09981216678194028, 0.013519183697368795, -1.6107720565291561, -0.5086337562738324, -1.6259206221942797, -0.508627482397007, 678912000000, 
-0.05793030907232378, -0.007673891152915667, -0.05792479126746087, -0.00026514793215032077, 0.09989887640851525, -0.0026541633067628766, -1.6008575790941229, -0.5087878167993926, -1.6157253189543648, -0.5088129633850109, 679012000000, 
-0.06748520871767084, -0.019624209087728765, -0.06747566678442703, -0.00027748317060451996, 0.10005297327489002, -0.002773362565069908, -1.5908973384789846, -0.5089292250043613, -1.6055267039041592, -0.5089939959756562, 679107000000, 
-0.06496864376242469, 0.0030812083046552726, -0.06497114512172039, 0.0008562704618939663, 0.099980954320212, 0.00856433575490351, -1.5809125158176958, -0.5090736252427404, -1.5953278064811354, -0.5091756758846523, 679208000000, 
-0.07676596758235513, 0.006323320235020836, -0.07675419563616986, 0.00020121656160069959, 0.10004415705620699, 0.002011277495073018, -1.5709069223042686, -0.5092210846145828, -1.585129316423715, -0.5093546181285059, 679303000000, 
-0.05592462320368777, -0.0024424673046094195, -0.05594541045239042, -0.0005537687462045971, 0.09999812970998206, -0.005537791034798909, -1.5608453729765221, -0.5093607495260352, -1.5749308166242397, -0.5095334244849045, 679398000000, 
-0.050914086256356184, -0.018720212363769657, -0.05091910699005526, 0.002750378179816683, 0.10005917754542178, 0.027487515361278594, -1.5509384233250303, -0.5094962714769937, -1.568132741542885, -0.509653850346571, 679498000000, 
-0.028413220693273497, -0.009322944857698398, -0.02843568121414805, 0.0022001815113037756, 0.09963877501450803, 0.02208157929464122, -1.5409247832289859, -0.5096387156462999, -1.5579394941033793, -0.5098146588303342, 679594000000, 
-0.07798092137049886, 0.0039046505257477274, -0.07793147464088637, 0.0002884413906764743, 0.10007355984883534, 0.0028822936958790638, -1.5308655741208324, -0.5097541357296589, -1.547745261621688, -0.5099479555688541, 679699000000, 
-0.043959448554818654, -0.017598990884735103, -0.04399335205071612, 0.0010356292292903423, 0.09992069005259477, 0.010364512382222572, -1.5208912775360064, -0.5098463619697802, -1.5375471956526139, -0.5100672617399054, 679794000000, 
-0.048326591523138514, 0.018338834446637826, -0.04832226647605346, 0.0017655875765402271, 0.10014118095893992, 0.01763098417287646, -1.5109850912912783, -0.5099351051787229, -1.5273493933843347, -0.5101766701201051, 679894000000, 
-0.0658683685702702, 0.03167979497881908, -0.0658508569490104, 0.000534794223442543, 0.10054052578075884, 0.0053191906377009456, -1.500944389343671, -0.5100147283643508, -1.517151640352215, -0.5102748363564341, 679989000000, 
-0.03861953319924985, 0.014415828655041455, -0.03864670957700171, -0.0005100863189754287, 0.10008427291291057, -0.005096568163304598, -1.4908189626947723, -0.5100771357564058, -1.5069525051758748, -0.5103681022213193, 680089000000, 
-0.04479151118944486, 0.025869921096380446, -0.044785378282177976, 0.000703046571622464, 0.09986217290462374, 0.007040168976634717, -1.4807868586529938, -0.5101336042487284, -1.4967534040128936, -0.5104617719049315, 680184000000, 
-0.057517262747605796, 0.015950113587439956, -0.05750455579819672, 0.0008905804296803066, 0.10009311763365018, 0.008897519137528627, -1.4708436800723292, -0.5101946399158767, -1.4865545835746303, -0.5105513350341231, 680284000000, 
-0.073244467806562, 0.014736272807464496, -0.07322875872624568, 0.0001016041587001226, 0.10012724164390396, 0.0010147504019083157, -1.4608920382005728, -0.5102487497549393, -1.4797552897146717, -0.5106080133319492, 680384000000, 
-0.10367944626991407, -0.0013990397003735022, -0.10364905560116286, 0.00023438612573200388, 0.09998829108661848, 0.0023441357301422264, -1.4507758065411482, -0.5102948134334465, -1.4695557056456678, -0.5106918584577739, 680479000000, 
-0.049691681851167076, 0.0296845154569644, -0.04974553053947605, 0.0011088477452137091, 0.10004530919195709, 0.011083455627951145, -1.4407652442576886, -0.5103393683408309, -1.4593564995982118, -0.5107736961115932, 680579000000, 
-0.05440815020598776, -0.012262306591748954, -0.05440349642059446, 0.0004135046525350264, 0.09984504173367889, 0.004141464066267664, -1.4308415362173335, -0.5103811993012237, -1.4491582838858426, -0.5108493365799063, 680679000000, 
-0.05117475571331131, 0.0010021604888398135, -0.05117797745798464, 0.00025884584072836145, 0.0999936187495634, 0.002588623593837998, -1.4208745062667558, -0.5104122622622259, -1.4389598043175031, -0.5109181449206394, 680779000000, 
-0.06818211808276448, 0.002406720708508745, -0.06816514735674939, 0.0006610142193128386, 0.09998835465165817, 0.00661091205686598, -1.4108794959570714, -0.5104392819811486, -1.428760826740134, -0.5109822748711639, 680874000000, 
-0.055465455556698344, 0.021761745677962963, -0.05547812921414663, 0.0010183518642582648, 0.10011946529347868, 0.010171367388680966, -1.4008332036354274, -0.510463836969933, -1.4185620768846252, -0.5110408805078724, 680969000000, 
-0.05193549504568841, 0.0018276977126082668, -0.05193903007454961, 0.00036409781288806786, 0.10000815282314054, 0.0036406813105723168, -1.3908550205429706, -0.5104815945833799, -1.408363077883833, -0.5110930065002961, 681069000000, 
-0.073767015974064, 0.029979095930899792, -0.07374523100898366, 0.0007267254134499309, 0.10009716349782208, 0.0072601998703563965, -1.3808544532629838, -0.510489261338026, -1.4015637092649105, -0.511125323426584, 681169000000, 
-0.026402192098376052, -0.0056910685782683, -0.02644943997361445, 0.0006174484782634048, 0.09993739700259072, 0.006178352616562532, -1.3708749127863245, -0.5104932754567448, -1.39136465206804, -0.5111700782359115, 681269000000, 
-0.05437318119791032, 0.013270451821820586, -0.05434531288329685, 0.0006756321112978943, 0.10006739984887253, 0.006751770429912962, -1.3607892146751963, -0.5104900335314841, -1.3811660216752608, -0.5112089110094458, 681359000000, 
-0.08152416969814322, -0.003083271528322956, -0.08149704453729877, -0.0008259800282984296, 0.09999523143029218, -0.008260194176101585, -1.3508578997450083, -0.5104806484734034, -1.3709668463524898, -0.5112418380787052, 681459000000, 
-0.053173579077570955, -0.02518736394350089, -0.053201845198975334, -0.0006570228701099648, 0.10020337511127678, -0.006556893611421121, -1.3408200093712068, -0.5104644515555296, -1.3607654820564243, -0.511278295061186, 681560000000, 
-0.062241212743137646, 0.006395363935376493, -0.0622321909047806, 0.0004686102847769565, 0.09995276489668416, 0.004688317379327465, -1.3308044335006297, -0.5104565930761733, -1.350564873441432, -0.5113203360934642, 681655000000, 
-0.07406466559453115, 0.0361598718959614, -0.07405285607929112, 0.00027310143939291445, 0.10016729850881423, 0.002726453078585152, -1.3207675297204111, -0.5104552843475699, -1.3403646170019423, -0.511363184583908, 681750000000, 
-0.04535297261356564, -0.020670322931090356, -0.04538161452831102, -0.000484247330959149, 0.09994491820193448, -0.004845142100979539, -1.3107713753360992, -0.5104492771529222, -1.3301644589687807, -0.5114078755746162, 681855000000, 
-0.044672986987815175, -0.0015805433139864204, -0.04467369374504417, 0.0002551131837330424, 0.1000025570975142, 0.002551066604069706, -1.300789044485149, -0.5104405698612465, -1.319964644006041, -0.511454221172797, 681950000000, 
-0.020300944523756324, 0.014243257540602914, -0.020325268198359343, 0.0008186060174066701, 0.10002101826982748, 0.008184339967408753, -1.2907424977553912, -0.5104366607710462, -1.309765330492366, -0.511498600259928, 682050000000, 
-0.03532043457767617, 0.005573762583909559, -0.03530546912288659, 8.5033437112865e-05, 0.10004273200324543, 0.0008499711614243649, -1.2807592564257626, -0.5104302122693389, -1.3029658441330174, -0.5115255395782964, 682145000000, 
-0.046083260529679856, -0.0004126244504143251, -0.04607250389806283, -2.956842480443357e-05, 0.09999908082325354, -0.00029568696593016883, -1.270831487666117, -0.5104156970354612, -1.2927662202100618, -0.5115644117426746, 682245000000, 
-0.07989964788115606, 0.0037717487467316237, -0.07986588776082451, 0.00037022837271496784, 0.09999111527037706, 0.0037026126942765495, -1.2607925620323266, -0.5104001736791673, -1.2825662713376667, -0.5116028597139635, 682345000000, 
-0.042177006964480734, -0.019864757426940976, -0.04221461987461611, -3.214020920470267e-06, 0.09991981956528793, -3.2166000043366925e-05, -1.250838103044606, -0.5103850724672196, -1.272366735967731, -0.5116395168502698, 682445000000, 
-0.09080363872389632, 0.004761728610476003, -0.09075514620650443, -0.0001290830113407138, 0.1000000990323256, -0.001290828835069323, -1.2407827016836224, -0.5103661155950296, -1.2621671535218209, -0.5116740344042362, 682540000000, 
-0.0407876932936386, -0.0028859066286847155, -0.040837560163496704, -2.9341823911450566e-05, 0.09999739420703974, -0.0002934258851855654, -1.2308143631481423, -0.510347356371917, -1.2519670220875814, -0.5117088808824254, 682640000000, 
-0.06077111286699379, 0.024567617537819813, -0.060751218671542775, 0.00046019210967148, 0.09998906450620251, 0.004602424394549, -1.2207608564349381, -0.5103297293952443, -1.2417670642754823, -0.5117441968127, 682740000000, 
-0.06275046137141872, 0.020897056461480053, -0.06274846548647924, 0.00021361365353205538, 0.10008966148110443, 0.0021342229594050804, -1.2106340403395746, -0.5103122676945359, -1.2315671545415603, -0.511778698120703, 682840000000, 
-0.04713360496632965, -0.003298034895984645, -0.04714918807524131, -4.554884116343253e-05, 0.0999913307890833, -0.0004555279023089609, -1.2007486661954647, -0.510290617150834, -1.2213672931304769, -0.5118131017488459, 682940000000, 
-0.038479290633319556, 0.0028950168297537417, -0.03848794276112924, 0.0001977341357423995, 0.09999360610482311, 0.0019774677946419413, -1.190713838095003, -0.5102665267173832, -1.2111674930985712, -0.5118472162440149, 683035000000, 
-0.04787926249865715, -0.007781064724702826, -0.0478698895347499, 4.690503637899481e-05, 0.09997951005280786, 0.00046914649165834266, -1.1807409062563146, -0.5102430383724423, -1.2043676544103987, -0.5118692432965314, 683135000000, 
-0.043172009641146876, 0.004783988516962264, -0.04317669767337917, 6.716039647833458e-06, 0.10000214832618678, 6.715895368494579e-05, -1.1707809695055498, -0.51021761783246, -1.1941679648942836, -0.5119011406792426, 683235000000, 
-0.03115076735540069, 0.0038435068506548513, -0.031162768861894136, -7.341075182553968e-06, 0.09999933622612059, -7.341123911016944e-05, -1.1607538282980905, -0.5101915575523216, -1.1839679421139488, -0.511932744346046, 683335000000, 
-0.04845956929937051, 0.006815022616790579, -0.04844230669643827, -0.000503836495389901, 0.10001004200819587, -0.005037859051680144, -1.150782070424772, -0.5101655742085686, -1.1737676758560138, -0.5119649420439082, 683430000000, 
-0.08536301065740126, 0.005873722888849542, -0.08532616313017385, -0.0004016786279547818, 0.09997621447669196, -0.004017741920488773, -1.1407691822827712, -0.510139561886126, -1.1635666347470177, -0.512001642060453, 683531000000, 
-0.059432765658803906, 0.0029216418312137055, -0.0594586065385275, 4.81801519425586e-05, 0.0999837485271522, 0.0004818798319956418, -1.1307137610828715, -0.5101185096480377, -1.1533659819571744, -0.5120436008680468, 683626000000, 
-0.0937003156917995, 0.0004571939516594901, -0.09366614169775304, -0.00010468836775582963, 0.09999719984664304, -0.0010469129927276066, -1.1206837498925128, -0.510101558894213, -1.1431656711761904, -0.5120878340818913, 683727000000, 
-0.0264149530263924, -0.02998480598321218, -0.026482069124390245, -0.0004925326978378227, 0.10002863042186028, -0.004923917240100335, -1.1107463310417518, -0.5100842857765862, -1.1329654322180487, -0.5121341110944021, 683827000000, 
-0.025508604964936822, -0.008618498731488978, -0.025509576224653094, -9.072121267336799e-05, 0.10004084419785544, -0.0009068417345014044, -1.1007925467057795, -0.5100680234885244, -1.122765326462786, -0.5121821847458892, 683927000000, 
-0.06212531490897792, 0.0017960352266798334, -0.06208877197165494, 0.00014193215667230075, 0.09999766464603946, 0.0014193547136795276, -1.0908397255398492, -0.5100566353689948, -1.112565489467513, -0.512230682515591, 684022000000, 
-0.05459723683104123, -0.010917583449629233, -0.05460471277766963, -0.00022269535261315135, 0.09998383737073488, -0.00222731351855809, -1.0806322917526094, -0.5100458744755252, -1.1057655888176134, -0.512262721367731, 684122000000, 
-0.04697889389683185, 0.010320394877038664, -0.04698650397405882, -9.990327120785044e-06, 0.09997624244243505, -9.992701142511268e-05, -1.0707722990763535, -0.5100340550273784, -1.0955655086249059, -0.5123113114111356, 684222000000, 
-0.060875892442350824, -0.014033287114777741, -0.06086203029149094, -6.38586395906067e-05, 0.09999934742193986, -0.0006385905632079766, -1.060758364790333, -0.5100242484015719, -1.0853654540724729, -0.5123609309126961, 684317000000, 
-0.06338708750347209, 0.00136761424029905, -0.0633845668871445, 2.344969958716796e-05, 0.09999549233368894, 0.00023450756669026016, -1.0508339485245248, -0.5100146292968482, -1.0751656315216718, -0.5124105903329347, 684417000000, 
-0.09493548271109768, 0.01915566872272151, -0.09490399407253401, -3.092589511846263e-06, 0.1000046090176447, -3.0924469804192826e-05, -1.040562745626121, -0.5100053241122805, -1.0649656400392167, -0.5124601937361023, 684512000000, 
-0.05966011821280988, 0.007507833991599262, -0.05969529086272061, -4.299680007468505e-06, 0.09999586067025933, -4.299857992769206e-05, -1.0307220356544564, -0.5099961721708112, -1.0547656462974893, -0.5125108378219935, 684607000000, 
-0.038465041402047054, -0.004402154453954102, -0.03848622870150758, -6.322825624036172e-05, 0.09999605143167463, -0.0006323075294984459, -1.020713617350921, -0.5099868947250048, -1.0445656169347624, -0.5125621614213146, 684708000000, 
-0.062067512631805086, -0.01849476387376804, -0.0620439780150466, -0.00027041602299692733, 0.10001390313656891, -0.002703784319142854, -1.0108118954201148, -0.5099777593730995, -1.0377656278544356, -0.5125966224326716, 684813000000, 
-0.058647166663300714, 0.005866484398049449, -0.05865055606316992, -3.2887738197641495e-05, 0.09998341135639284, -0.00032893194732486674, -1.000649665986556, -0.5099690219856119, -1.0275656423709174, -0.5126489659509555, 684910000000, 
-0.050699247637416844, -0.02828800646143486, -0.05070718251487909, -0.0003854676015211653, 0.10000962445452051, -0.0038543050593741316, -0.9908117676499565, -0.5099632636773488, -1.0173655546808342, -0.5127022075313211, 685005000000, 
-0.07018626171097887, 0.004258892851411027, -0.07016682098875575, -6.473960614336036e-05, 0.09998091325730865, -0.0006475196518434269, -0.9807936197899166, -0.5099577275171835, -1.0071655033971916, -0.5127565447068982, 685100000000, 
-0.08386500328686017, -0.002852915953961602, -0.0838513317362476, -0.0001327001953469791, 0.09999993611716836, -0.0013270028011967564, -0.9708271392540668, -0.5099560645394077, -0.9969654479982902, -0.512812056067445, 685196000000, 
-0.04148248111099001, -0.00017000836909750476, -0.04152476458582708, -3.936052464438781e-05, 0.09999633247674997, -0.00039361968253725187, -0.960737087174084, -0.5099550328541366, -0.9867653612908402, -0.5128687068152682, 685297000000, 
0.005028362532444375, 0.010256894281945629, 0.0049819029164268475, -0.11968986372507753, 0.10229660004841926, -1.170027778718214, -0.9507870251253931, -0.5099553478594102, -0.9764977681660068, -0.5130059975947823, 685392000000, 
0.10175914700215172, -0.0989696358180626, 0.1016625583339765, -0.10721690643495407, 0.05781071596959962, -1.8546199374409273, -0.9405288151819106, -0.5099572547172844, -0.9660780518648928, -0.5142627981268586, 685492000000, 
-0.16206361059100105, -0.2716550045156563, -0.16180040072073623, -0.10371830982893947, 0.16590528153885745, -0.6251658106776252, -0.9347228276821204, -0.5106434061827315, -0.9560680121414832, -0.5172480124049256, 685592000000, 
-0.07808603216155251, -0.02511778999993089, -0.07816958659151498, -0.05497446530730786, 0.07846521766493665, -0.7006220965582565, -0.9189873667181365, -0.515592690685825, -0.9464756362126645, -0.5210269179147325, 685688000000, 
-0.043300043389751026, -0.11933785482421136, -0.04333483803859854, -0.0848703038066787, 0.12472334682836454, -0.6804684605158264, -0.9117280527187318, -0.5183825066741792, -0.9371341267848049, -0.5254107105512061, 685788000000, 
-0.03452462228080691, -0.015486284134304263, -0.03453341646963644, -0.02005774769655235, 0.10481728859313454, -0.19135915425564748, -0.900462111513136, -0.5236355823394062, -0.9310819875281203, -0.5286540325893718, 685888000000, 
-0.25553581522923946, -0.2115058122291859, -0.25531524962098745, 0.02148067566485987, 0.14247452090049956, 0.15076854113348032, -0.8912464077767279, -0.5287190142072486, -0.9221907529516526, -0.5337278151124769, 685989000000, 
-0.011796816357883088, 0.13301056358811386, -0.012039848503887063, -0.0037493249793543537, 0.12127101407904141, -0.030916909599771614, -0.8787588180858652, -0.5359228636610038, -0.91333447878989, -0.5386998301251927, 686084000000, 
-0.052192805091841696, -0.04033625234287154, -0.05215273420970457, -0.012822893248335698, 0.10031570356526565, -0.12782538319130754, -0.8681551911001272, -0.5418264088849559, -0.9043880851714082, -0.5435599794007104, 686184000000, 
-0.03905716028498794, 0.11023766699619371, -0.03907023051882308, 0.008111386303176227, 0.08717211205348832, 0.09305024407575585, -0.8595356097403444, -0.5466604492998028, -0.8954217461264605, -0.5484407680133294, 686290000000, 
-0.039986024786377965, -0.04709966912057802, -0.03998510953738729, -0.007133336102463477, 0.0959870471518108, -0.07431561147184332, -0.8519202766809814, -0.5510580407686898, -0.8864588154559727, -0.5533106067908969, 686385000000, 
-0.103872934592427, -0.1722434881357806, -0.10380917234530447, -0.03788922825353415, 0.11086241361294338, -0.34176802595889466, -0.8435656429078509, -0.5557787346795818, -0.8775039442378967, -0.5582707478616479, 686482000000, 
-0.04537017587790142, -0.14140305747463813, -0.04542849511909174, -0.04748900528114917, 0.1326859681045135, -0.35790525523952343, -0.8340389809120422, -0.5612557570820749, -0.8686673782242144, -0.5634778323684331, 686577000000, 
-0.028402793711715578, -0.06372683252730416, -0.028419786799025307, -0.026021829820032084, 0.11464837833033449, -0.22697076224711885, -0.8226708635563721, -0.5683141170135253, -0.8599964264038381, -0.5689486251237527, 686678000000, 
-0.06934573136754152, -0.06520240896018377, -0.06930488744116911, -0.03144915728909367, 0.10807579582333193, -0.29099167902961925, -0.813217177344271, -0.5746674921820555, -0.8514687798809816, -0.5746416170674976, 686778000000, 
-0.04819883980569611, -0.06963323790055531, -0.048219902766210986, -0.035383262312496, 0.11050681825857715, -0.32019076171120936, -0.8041268457127364, -0.5810789682986971, -0.8431093221416168, -0.5805848678748479, 686878000000, 
-0.06388543995580097, -0.0865690983893416, -0.06386980428419012, -0.023838954483776927, 0.12018193933826235, -0.19835721253157806, -0.7955509826352225, -0.5875206434003639, -0.8376420211205085, -0.5846862828597174, 686978000000, 
-0.06612983668402506, 0.039540438085422236, -0.06612758353829315, -0.014091859206994703, 0.0900667961360887, -0.15646009197109945, -0.7860946742235069, -0.5950942312218108, -0.829566471775875, -0.5909791438467054, 687078000000, 
-0.05903737583455081, -0.0024604324292735787, -0.05904445040895781, -0.01590121546178074, 0.09806653270212833, -0.16214721805327614, -0.7790707466468796, -0.6009540345825027, -0.8242503843357634, -0.5952491660185943, 687178000000, 
-0.054364037834323364, -0.024068441134885543, -0.054368707991600665, -0.016364944114823733, 0.10150946261515228, -0.16121594670309036, -0.7717052142629623, -0.6072999850020063, -0.8163608467895183, -0.6017687860731559, 687268000000, 
-0.05856679713782, -0.11600478454968736, -0.058562605437195214, -0.01680445594877876, 0.116272379746367, -0.14452663638118943, -0.7641960657878243, -0.6139829378338687, -0.8085896186714977, -0.6084245324476701, 687368000000, 
-0.009366424509507275, 0.01691358367567572, -0.00941552403540178, -0.01652188815710021, 0.09537042727947773, -0.17323911225314884, -0.7557011657872641, -0.6217896738346225, -0.8009233524099835, -0.6151954199129939, 687433000000, 
-0.06552253150965931, 0.1878317783709101, -0.0654665387143565, 0.01729884831178999, 0.07179144421915559, 0.24095974805831058, -0.7486994899423067, -0.6284119091931605, -0.7933656191194971, -0.6220488965056289, 687518000000, 
-0.05640653236568511, 0.0007075262231083217, -0.056415571190308315, 0.01798539676794546, 0.09528004019521907, 0.18876353044242236, -0.743407198720829, -0.6335954965079044, -0.7857577226706066, -0.6288054699200255, 687623000000, 
-0.02502351003143813, 0.004671719894955677, -0.025054838054510753, -0.022197082117172588, 0.10430219514778068, -0.2128151002548185, -0.7366059935138594, -0.6399336753748569, -0.7806271466049166, -0.6332584626556864, 687718000000, 
-0.041913006233118937, -0.06697601278202434, -0.04189618053220521, 0.0002946383939323996, 0.11363604062343138, 0.002592825236746643, -0.7289258941712647, -0.6468316368149821, -0.7729568388475888, -0.6399938295807833, 687824000000, 
-0.08838991927856771, -0.018113627641101346, -0.08834351924203436, 0.0035145417450205387, 0.09992796684434871, 0.03517075205277529, -0.7206516248250643, -0.6545838969039913, -0.7653015281768863, -0.6467432576789827, 687929000000, 
-0.03782563026630172, -0.04938584927513355, -0.03787604659275826, -0.011569883914684404, 0.09872521196549573, -0.11719279892483853, -0.7132728780095362, -0.6614935033804593, -0.7576549776343103, -0.6535036347871712, 688019000000, 
-0.022428146813542972, -0.15881166756586743, -0.022443561815355006, -0.027298406033777606, 0.11603214099086866, -0.23526589960902214, -0.7061044456473182, -0.6681586634712615, -0.7500579100300063, -0.6603588102914085, 688114000000, 
-0.06539994801076633, -0.04846507502016166, -0.06535707767346412, -0.0059977155561468445, 0.11026652821622837, -0.054392893774487555, -0.6977124498032403, -0.67614543039063, -0.7425926636983982, -0.6673450065089952, 688209000000, 
-0.0834475543403845, 0.046884654264202644, -0.08342950058724638, -0.006499790726472501, 0.09737659283854772, -0.06674900545400352, -0.6899408059728221, -0.6838974552319892, -0.7376540439985517, -0.6720358756608806, 688312000000, 
-0.054475840193166036, -0.044914165115165244, -0.05450473472586233, -0.01496074529542104, 0.10216177237826889, -0.14644171637926068, -0.682900722940815, -0.6909962500498873, -0.7302904865376828, -0.6791134409536704, 688404000000, 
-0.0814683367021577, 0.01089964891176799, -0.08144142681744179, -0.007002422764305869, 0.09759395389144362, -0.07175057967315118, -0.6759021998446362, -0.6981506432593384, -0.7229964173471465, -0.6862737441314642, 688504000000, 
-0.059808117459102084, -0.044281711162689814, -0.05982970624841864, -0.0008570808219945514, 0.10324754191097948, -0.008301222538871972, -0.6692165825761746, -0.7051841352821019, -0.7157731650290562, -0.6934940974397835, 688599000000, 
-0.059649639109923415, -0.018787015529835707, -0.059649818525776006, -0.004618279453413761, 0.10019814727183168, -0.046091465552597896, -0.6621579082032387, -0.7127168846027656, -0.70858010608422, -0.7007300395846903, 688704000000, 
-0.04086191105864654, -0.019002988923497575, -0.040880660828802706, -0.0066929258594018645, 0.10068569174490256, -0.06647345559644237, -0.6552424122771018, -0.7201091817446373, -0.7014036134487649, -0.7079863724720595, 688794000000, 
-0.06691276697762731, 0.011186749362114168, -0.06688678654722044, -0.00040008984750641646, 0.09924929380423235, -0.004031160647808611, -0.6484560792567596, -0.7274314839867045, -0.6942579063365002, -0.7152754493345564, 688894000000, 
-0.02866569660397652, -0.009266032396495304, -0.028703840698327196, -0.000887266656699711, 0.10004581176100419, -0.008868603703464071, -0.6417627093616601, -0.7347495519226663, -0.687132101647916, -0.7225802975976301, 688990000000, 
-0.06200757231077511, -0.021677421970296103, -0.061974334713721914, -0.006133663209013543, 0.10024658778857565, -0.06118575548875241, -0.6350061340286887, -0.7421427085816312, -0.6823902646803967, -0.7274587990827683, 689091000000, 
-0.02586009677056008, -0.028123057259675455, -0.02589613820600184, -0.00507161381242754, 0.10149189883521524, -0.04997062692325757, -0.6281843247258485, -0.7496206437919086, -0.6753036463977881, -0.7348086621513006, 689187000000, 
-0.06455377739159672, -0.006558139095780717, -0.06451519674325429, -0.0030338943319340272, 0.10023759027890847, -0.030267031794083396, -0.6214198677111151, -0.7571283229098243, -0.6682546255313658, -0.7421945735229271, 689283000000, 
-0.04010862715588359, -0.01724381591854255, -0.0401329843797229, -0.0052240891262904324, 0.10045394377685826, -0.05200481862508931, -0.6147960641373773, -0.7645538286195411, -0.661237607666232, -0.7496074343746627, 689383000000, 
-0.011307002333915205, -0.00875642020080288, -0.011335770426646165, -0.006276883972468215, 0.10024407868529776, -0.0626160073970415, -0.6081097257617023, -0.77209495744578, -0.654253398722765, -0.7570544500373414, 689483000000, 
-0.02099063601571012, 0.0032181338736183146, -0.020981000358224512, -0.0036211793621157423, 0.09964479692881507, -0.03634087753425465, -0.6014909198349139, -0.7796388614696115, -0.6473109519922322, -0.7645411807076694, 689583000000, 
-0.05914777805270189, -0.027170659252692093, -0.059109687081530776, -0.00318920847932562, 0.10092727196515885, -0.03159907542558534, -0.5949702728262454, -0.7871655023394043, -0.640404834259807, -0.7720585778956387, 689673000000, 
-0.07917301699827756, 0.005078554365817459, -0.07915299321622221, -0.004487223743585701, 0.09977921368011931, -0.04497152841844619, -0.5883633437556774, -0.7948479293238977, -0.6335286763767608, -0.779603526045103, 689773000000, 
-0.06611649600489848, -0.03446157444963727, -0.06612950554596808, -0.004755009623429189, 0.10141417859518168, -0.046887029893619876, -0.5818916957355852, -0.8024215404376808, -0.6266866847148815, -0.7871795020658895, 689873000000, 
-0.04728279901490053, 0.01188279696409756, -0.04730160766385301, -0.002876203404902611, 0.09936387570315278, -0.028946167654482404, -0.5753150320232383, -0.8101883856635056, -0.6198775578436928, -0.7947835201511368, 689968000000, 
-0.05270652456852428, -0.0026079670343524546, -0.052701129891349875, -0.0037285028008461943, 0.10003549155431747, -0.03727179966743788, -0.5688973650770355, -0.8178401461227014, -0.6130954362134562, -0.8024116200748332, 690068000000, 
-0.07085230195717557, 0.007801924060237828, -0.07083418652371262, -0.004469702177890682, 0.09962545113020667, -0.04486506336667878, -0.5625612330058635, -0.8254394971760994, -0.6085902441502452, -0.8075117475104445, 690173000000, 
-0.08078165377698482, -0.15843793741192333, -0.08077172461459069, 0.03592678190937019, 0.10764197108193035, 0.33376183609667426, -0.5561040354364089, -0.8332423629217467, -0.6018631761470452, -0.8151750782772001, 690268000000, 
-0.03545834406614543, 0.21444629132242723, -0.03550356189206088, 0.05837099393031701, 0.1520816988589146, 0.38381340008877385, -0.5493622451660634, -0.8414645509765724, -0.594962086087487, -0.8225390007080791, 690368000000, 
-0.05071075613870354, 0.16545460998683756, -0.05069558048358641, 0.06655515663861591, 0.13644771753940677, 0.48777039175752035, -0.5393687977442162, -0.85286454914961, -0.5876877536108618, -0.8295475476240604, 690468000000, 
-0.109113468643963, 0.12083299141258054, -0.10905516784584948, 0.06531870258297089, 0.12589416006321208, 0.5188382253011105, -0.5299884459639537, -0.8627731334839138, -0.5800617419656872, -0.8361752456487412, 690568000000, 
-0.04795593166393122, 0.07324369792759554, -0.04801690967449383, 0.0553610311310494, 0.10828835565879519, 0.5112371574418026, -0.5209001230834691, -0.8714805201323884, -0.5721080199685602, -0.8424048800505295, 690663000000, 
-0.03135151433048136, 0.08547912537344746, -0.03136814548951827, 0.05719631255616028, 0.11335714891222957, 0.5045673175888216, -0.5126715181347278, -0.8785836704284362, -0.5638480545925619, -0.8482214061926453, 690758000000, 
-0.057367758838010874, -0.0938292216197071, -0.057341817556097976, 0.019013805225487308, 0.044957271383627734, 0.4229305880964039, -0.5037833508914195, -0.8854933301026995, -0.5553020278210004, -0.8536188744272818, 690858000000, 
-0.057841130767476615, 0.0618120649271288, -0.057840625586813785, 0.04336566822347279, 0.1063934097793855, 0.4075973155987262, -0.5000085078450891, -0.8881354797046925, -0.5465106321451957, -0.8586196587561733, 690960000000, 
-0.004118601241736049, 0.17410436187126455, -0.004172211528436019, 0.052727446589105165, 0.1477456206515253, 0.35687992887091247, -0.49126073427666084, -0.8937103881667509, -0.5375042689920618, -0.8632426728198671, 691060000000, 
-0.0989608898727126, -0.11566616110692647, -0.0988662997928548, 0.017322746323710756, 0.05279769609727672, 0.32809663307646214, -0.47839658269430196, -0.9012075319443242, -0.5314018469821029, -0.8661346944778018, 691160000000, 
-0.0740374936177621, 0.03967302171275688, -0.07406226700867642, 0.03320554893912952, 0.10145888155853941, 0.32728084943426755, -0.47370377171753153, -0.9037208139220305, -0.5221190129848753, -0.8702067235076043, 691260000000, 
-0.026801470759504887, 0.1406943534630163, -0.026848633417955403, 0.03803803298626556, 0.13250076383378928, 0.2870778392944283, -0.4645583155447486, -0.9082364519899249, -0.5127039906362669, -0.873974970886162, 691360000000, 
-0.03767413287248687, 0.04673606295808358, -0.037663331490656426, 0.030159010093940404, 0.10412201167193566, 0.28965066665216244, -0.45269633378158336, -0.9136157876557771, -0.5031775697629364, -0.8774720361431593, 691455000000, 
-0.04384704071615847, 0.11919206238521844, -0.043840867222703875, 0.04403078579147024, 0.12147550645615038, 0.3624663693611704, -0.44302950275563546, -0.9176747508357465, -0.4935586456467692, -0.8806970318369804, 691555000000, 
-0.0717375723907965, 0.0421702200113792, -0.07170973264522576, 0.030710812567780143, 0.10396324804971069, 0.29540066459923964, -0.4317276539958963, -0.922037043649703, -0.48709765937313426, -0.8826678775170984, 691655000000, 
-0.05625727193882862, 0.07562427272135776, -0.056272692100963154, 0.034094834904625795, 0.1116309452577591, 0.3054245829944361, -0.4219313312800914, -0.925416822931805, -0.4773214823906259, -0.8853657566703349, 691750000000, 
-0.11437738726859498, 0.012604504851373155, -0.11431939985968842, 0.034196354245277415, 0.09225690761791525, 0.37066443183747977, -0.4113031136192325, -0.9287368631431147, -0.46746583394990576, -0.8877625252070354, 691835000000, 
-0.04523357134151178, 0.06732541492302742, -0.045302516465999754, 0.03985726112212819, 0.10934795240449915, 0.36449938243643093, -0.40233369294880733, -0.931241448624084, -0.45754441692876735, -0.8898134583023329, 691922000000, 
-0.042969557285639746, 0.049542901877734684, -0.04297188565204538, 0.03602967209877393, 0.10423394841334571, 0.34566158768059135, -0.39178889689650087, -0.9337649647692504, -0.44755519487588774, -0.8914956332811869, 692017000000, 
-0.021970657855654514, 0.10578896256146723, -0.021991615184336757, 0.045765082060769895, 0.12013159550323686, 0.3809579142694129, -0.38161180367605213, -0.9358147816757318, -0.43751125276971614, -0.8928083197654163, 692122000000, 
-0.04573078750989299, 0.11667699250763477, -0.04570709511577199, 0.05248888314788281, 0.1237475362678257, 0.4241610356935235, -0.36972815950006693, -0.9377853971323794, -0.4274279981395517, -0.8937329496561381, 692219000000, 
-0.011514107696495213, 0.1290162182210054, -0.011548231177559806, 0.0516431390684186, 0.13187469048428357, 0.3916076608693408, -0.3572622623718419, -0.9393660834448345, -0.4206892676731548, -0.8941201357108362, 692319000000, 
-0.004717650353707414, 0.025599910436941528, -0.004724469202591097, 0.0039073293490519126, 0.11151717015465681, 0.03503791697397862, -0.34426149695657204, -0.9404484796084298, -0.41055644601078906, -0.8943714936032886, 692419000000, 
-0.0562364560157535, -0.08339452368413745, -0.05618504815145873, -0.005311059591072684, 0.09733410116981207, -0.05456525027962035, -0.33320821999093314, -0.9409391174412275, -0.4003313790504446, -0.8945502379278771, 692519000000, 
-0.05115563465643048, 0.07476207565505452, -0.05116065356691428, 0.024947017346128936, 0.09641306590917884, 0.25875141622017334, -0.3234701102491325, -0.9413375449926378, -0.39011623870557394, -0.8948644246806418, 692614000000, 
-0.08851096462426117, 0.00978237314957216, -0.0884736877188759, -0.0007548543062514517, 0.10228892595721013, -0.00737962882284271, -0.31375795913952415, -0.9417877736173498, -0.3799418025988367, -0.8951143354059665, 692709000000, 
-0.0416182446394539, -0.002493755109471644, -0.041665005944377276, -0.003044107664823407, 0.10005293292421964, -0.03042497182095624, -0.30351140902970053, -0.9419953966228427, -0.36975260692135464, -0.8953155769442852, 692809000000, 
-0.006388940000812346, 0.026161259592335773, -0.006424145351295554, 0.012604265266491067, 0.09936375115008611, 0.12684973262988716, -0.29359736718099794, -0.9422036377117217, -0.3595674526335984, -0.8954817032164152, 692899000000, 
-0.03280038192218582, 0.06184537049088704, -0.03277405777743652, 0.026908453395739395, 0.10403542148746273, 0.25864703589423266, -0.2836694751171127, -0.9424419674950216, -0.3493959361237526, -0.8955298021690452, 692999000000, 
-0.018269949485363125, 0.09636911765385413, -0.01828442268997376, 0.015509399820505664, 0.12012008518844569, 0.12911579105338086, -0.273082305927036, -0.9425617283298562, -0.33922443707349326, -0.8953896805341303, 693099000000, 
-0.06560016377242664, 0.002067743736561857, -0.06555294439694595, 0.012736206552828153, 0.0983973324166691, 0.1294365023931336, -0.2611475647414845, -0.9423827745725408, -0.33244508777314546, -0.895222445715344, 693194000000, 
-0.07787585906527253, 0.07611365013894146, -0.07786355930592083, 0.023827255385730446, 0.10643395531147845, 0.2238689271295058, -0.2514255467607928, -0.9421121868905252, -0.3222790442003811, -0.8948552070331712, 693299000000, 
-0.05046862591752525, 0.03224383541001538, -0.05049596573279315, 0.016452613442084985, 0.10326917348890502, 0.15931776043363619, -0.24074849353608338, -0.9416781765891775, -0.31213342313448716, -0.894296468976357, 693399000000, 
-0.03690179429866683, 0.0720752843677997, -0.03691536022776247, 0.011017044381801604, 0.10948834272311396, 0.10062298969729322, -0.23044336640362462, -0.941027108363524, -0.3019914142245715, -0.8935534841809547, 693494000000, 
-0.04968063977719254, 0.086598369644515, -0.049667899845511156, 0.01470871009233843, 0.10698908089608801, 0.13747860967816058, -0.21952630581445498, -0.9401626709278874, -0.2918473391639358, -0.8926830598306338, 693594000000, 
-0.06144648366342314, 0.07666044607752083, -0.06143472799608545, 0.01757323165889981, 0.10781510485882949, 0.16299415264595604, -0.20882124145577144, -0.939206474320914, -0.28171950958088987, -0.8916935615414232, 693689000000, 
-0.06588798036407782, -0.047314641838205156, -0.06588353706348755, 0.008510067738444031, 0.09091525155457553, 0.09360440182399453, -0.1981885886842654, -0.9381085197465909, -0.2716047103627418, -0.8905678873972758, 693789000000, 
-0.033109678291057626, -0.0557408087715765, -0.03314238579542364, 0.008134860291173999, 0.09383695316844451, 0.08669143675808934, -0.18903051950499472, -0.9370130498353615, -0.2615009323127239, -0.8893317159318804, 693889000000, 
-0.07903592848515252, 0.029838212190427475, -0.07899012546881687, 0.014839824618766807, 0.10104809722827074, 0.14685902086056296, -0.17983793226305264, -0.9358248199609688, -0.2514138883440005, -0.8879858010660641, 693994000000, 
-0.044404752337207316, 0.0494578892039514, -0.0444392675577315, 0.015048589304000399, 0.10476936842541455, 0.1436353920059517, -0.16984095874567448, -0.934445429421944, -0.24470065441474054, -0.8870121082465693, 694090000000, 
-0.06887358603426703, -0.005382593116929161, -0.06884919990846636, -0.03749159329706087, 0.10589616251230338, -0.35404109466860967, -0.1594859265523253, -0.9328615633611256, -0.234635521498211, -0.8854368309057562, 694185000000, 
-0.05411266817505679, 0.13509582168246762, -0.05412738032880823, -0.013793633979593593, 0.049381890546152434, -0.27932575741915006, -0.14885422280761396, -0.9310793204301314, -0.22443966847338215, -0.884098459424047, 694280000000, 
-0.030154796965774416, 0.0349947646953915, -0.03017871745311926, 0.005935716663146877, 0.0874742610322767, 0.06785672257301706, -0.1440150938856068, -0.9304464667132314, -0.21421253332702528, -0.8831778319233596, 694380000000, 
-0.06263164559399885, -0.008454088498688122, -0.06259925580745977, -0.017624711447790167, 0.10064910627743182, -0.1751104614799952, -0.13536292471744257, -0.9295565267348114, -0.20403325423048052, -0.8824107595922408, 694480000000, 
-0.056626323782532885, -0.06041634253729518, -0.05663228350699414, -0.021053852994519447, 0.10724206166825166, -0.19632085272333316, -0.12529692406634468, -0.9284527334149371, -0.1938344169209759, -0.8817551939225836, 694575000000, 
-0.07144426270191676, -0.11258727094840029, -0.07142947816923234, 0.006821739695845257, 0.12271705027529756, 0.055589175917622635, -0.11462148982726265, -0.9274721034940376, -0.183647356833545, -0.8812057630289557, 694670000000, 
-0.024932248520096324, 0.18689805839118312, -0.02497865369631104, 0.025453883645602637, 0.10846204644571653, 0.23468009759839714, -0.10232994682351489, -0.9265855075155134, -0.17347173631072715, -0.8806286424609114, 694772000000, 
-0.0735049791123039, -0.0324011786367552, -0.07345655071052509, -0.0052780325313665, 0.09468168859009511, -0.05574501902069634, -0.09164694620097454, -0.9257547731716701, -0.16669547234799018, -0.8801827204758085, 694872000000, 
-0.0291365675436034, 0.013740976777943201, -0.029180797913242427, 0.0005750834279166257, 0.09922868271133103, 0.005795536252250946, -0.08217545288007438, -0.924797139129528, -0.1565206611687167, -0.8795068121738308, 694972000000, 
-0.07585544197534291, 0.059552627012235806, -0.07580886006600229, 0.010672667181772977, 0.10009230979727093, 0.10662824350231923, -0.07222671498665037, -0.9238474856359139, -0.14634756593087314, -0.8788165586703576, 695062000000, 
-0.07101045353558798, 0.010312128822434008, -0.07101524154956856, 0.0014530522763380148, 0.10090495301477803, 0.014400207650116126, -0.06236500431439291, -0.9229002305336148, -0.1361901966298602, -0.8780612733281248, 695162000000, 
-0.024424526554973437, -0.05114781427781544, -0.024471023750037832, -0.009016895916540642, 0.09954851901140192, -0.09057790116905587, -0.05233743370825692, -0.9218302244719151, -0.12602312653369058, -0.8772657698546235, 695257000000, 
-0.08054091896251789, 0.001159817780721598, -0.08048496065430036, -0.0009479511396432165, 0.09983154549192944, -0.00949550700604801, -0.04242591013514338, -0.9207582773132835, -0.11583727425835423, -0.8765168353754749, 695358000000, 
-0.0786901901124526, 0.017179326814956965, -0.07869198049439921, 0.0033311831698818496, 0.0998024856725755, 0.033377757552157016, -0.032432833204796216, -0.9197690462867608, -0.10565669359187715, -0.8758109512450242, 695458000000, 
-0.05780167223515687, -0.006627853741571876, -0.05782252005860503, -0.006138569355715818, 0.10008296288066156, -0.061334808433233724, -0.022519088449859982, -0.918797185958002, -0.0954735202115965, -0.8751189730364691, 695553000000, 
-0.08580016313498454, -0.008147262098976128, -0.08577224072319999, -0.006883681589093906, 0.10019782698137615, -0.06870090696052102, -0.012588112014068047, -0.9177903194755319, -0.08528449791076212, -0.8744791023192428, 695658000000, 
-0.08217055654056434, 0.01984189699201354, -0.0821741503415298, 0.0007850620943434305, 0.098685079271967, 0.007955225857192369, -0.0026495200972141766, -0.9168440694452569, -0.07509658391848262, -0.8738894307909028, 695753000000, 
-0.028371244478538463, 0.008870870331055505, -0.028424939070167382, 0.0003653010508030051, 0.1000582572643994, 0.003650883603116469, 0.00730292593116105, -0.9159651202457433, -0.0649104235164014, -0.8733114834575993, 695853000000, 
-0.05977594091878652, 0.00875676140009839, -0.059744652175960436, -0.004647332894072762, 0.10013766710872818, -0.04640943840869338, 0.017188286285504055, -0.9150840763160742, -0.05811915929611093, -0.8729312334749747, 695948000000, 
-0.027707861657520278, 0.00010860900414816528, -0.027739833960254777, -0.0017963337407184753, 0.099942390046114, -0.01797369204288227, 0.027151227877777087, -0.9141925306554123, -0.04792627998064384, -0.8723916525164084, 696049000000, 
-0.07074926735727692, 0.004007550621700235, -0.07070634344726583, 0.00030861137095046965, 0.09993009884870588, 0.0030882724475005986, 0.03720959158983612, -0.913339398079845, -0.03773509590507975, -0.871880049691517, 696149000000, 
-0.06974598504446344, 0.0021685248859809325, -0.06974694275100209, -0.008653718524276344, 0.10018239109508732, -0.08637963647785903, 0.04721456639136046, -0.912509063097251, -0.02754548301174203, -0.8713775166928203, 696249000000, 
-0.04721559383296277, -0.06376839447786838, -0.04723807911522307, -0.015057051864501132, 0.10447131541523184, -0.14412618243252084, 0.05716999022376289, -0.9116798196331835, -0.017322569754873667, -0.8709681564893667, 696349000000, 
-0.06862500320307953, -0.06434409031049519, -0.0686036580414783, -0.0018296729044377728, 0.10894025708188772, -0.016795195398359053, 0.06750636173255806, -0.9109084821381348, -0.00710835511320996, -0.8707098820018531, 696446000000, 
-0.033958085310784036, -0.0339924518564863, -0.03399266191297209, -0.004430488904632422, 0.1005763989732908, -0.0440509796518862, 0.07842507720303923, -0.9102503805232599, 0.003101575113029956, -0.8705133137688756, 696546000000, 
-0.07377654591031078, -0.0055968566381995, -0.07373684110935343, -0.007759924573146715, 0.10004331333741502, -0.07756564945999839, 0.08847365240706431, -0.9096617578643522, 0.013312877634127404, -0.8703786453515987, 696636000000, 
-0.05431518168671173, 0.02448822844875078, -0.05433456409528252, -0.004484966483299786, 0.09784451203984053, -0.045837690738072145, 0.09837670837915058, -0.9091254890987986, 0.023523255115998766, -0.8703138175509586, 696741000000, 
-0.08419008727560194, 0.054524183559575605, -0.0841602907962736, 0.0012501843040845383, 0.09754281096660422, 0.012816775441427092, 0.10821551371334447, -0.9086685101615938, 0.03372844853868001, -0.8702966803205825, 696841000000, 
-0.03946183270935453, -0.024787482084143143, -0.03950644092975055, -0.004206004086042748, 0.0998003481700804, -0.042144182491977364, 0.11796727491090994, -0.9082605988965201, 0.04053105124659091, -0.8702926966103086, 696941000000, 
-0.04351351506673193, -0.02525219358224232, -0.04350951547517112, -0.0052813783041447925, 0.10093168031431811, -0.052326269489398156, 0.12799810300781483, -0.9078281829624709, 0.05073703026673624, -0.8703127623889702, 697036000000, 
-0.047790969057714155, -0.013112483108926107, -0.04778669575232038, -0.0022605888110070376, 0.10060854001690427, -0.022469154314606027, 0.13798895335249803, -0.9074399287915029, 0.06094551548260554, -0.8703758617982751, 697137000000, 
-0.054023602198027154, -0.018461087399406568, -0.054017377280433994, -0.002912214081057106, 0.10040103645427224, -0.029005816910898895, 0.14802841475567255, -0.9071018620692306, 0.0711504802447999, -0.8704728465551554, 697237000000, 
-0.04280197326425944, -0.00028634169687287436, -0.042813165788450826, -0.005311753433909932, 0.09994962131695266, -0.053144307741454094, 0.15818007027494024, -0.9067828213280754, 0.08135547327578842, -0.8705993420368053, 697332000000, 
-0.061630169340393885, -0.0023176622155670554, -0.061611389452342166, -0.004493406066988431, 0.09996793362810019, -0.04494847401472517, 0.1681275443027623, -0.9064994347144368, 0.09156371980387648, -0.870771436178287, 697427000000, 
-0.023696162033308633, 0.011492878998104942, -0.02373400107114295, -0.0024548190490157364, 0.0994200022652909, -0.02469140005112183, 0.17803210589245003, -0.9062697037137887, 0.10176908566605836, -0.870991777152923, 697527000000, 
-0.038932500446537614, -0.016007152448228507, -0.038917331936037074, -0.004162568795804004, 0.1003706915506159, -0.041471954925256876, 0.18799199149308918, -0.9060830538581447, 0.1119734055876974, -0.8712496144930417, 697632000000, 
-0.07397678198386504, -0.017786175134214887, -0.07394179206710624, -0.004970864709629268, 0.10061971517603117, -0.049402492353838305, 0.198003440953621, -0.9059202295985288, 0.11877579861249787, -0.8714452159574211, 697722000000, 
-0.10999575615181958, 0.004600618558583283, -0.10995977346142552, -0.003638718670707821, 0.09965973960298169, -0.036511420611808974, 0.20816170707498188, -0.905797058606893, 0.12897923766818156, -0.8717783511818573, 697822000000, 
-0.053515186848501504, -0.01766782314061026, -0.053571517640716486, -0.003920178687268831, 0.10056244246251585, -0.03898253255662579, 0.21813779890824903, -0.9057258448364999, 0.13917985246190306, -0.872154531524322, 697917000000, 
-0.06272258501823966, -0.009478997913160815, -0.06271345171446926, -0.004913657231002524, 0.10026817036518582, -0.049005155006883405, 0.22808280736805425, -0.9056912005121462, 0.1493788085074344, -0.8725708175184088, 698017000000, 
-0.049137178323009005, -0.027842174970994785, -0.04915072679010812, -0.005250766586040886, 0.10119668114228324, -0.05188674694438123, 0.238143636301474, -0.9056949468567975, 0.15957774827311558, -0.8730337943288664, 698112000000, 
-0.0719133381604824, 0.08772052272958888, -0.07189062100128876, 0.00902228913116533, 0.09579743378219333, 0.09418090626183745, 0.2484345334862233, -0.905749380287108, 0.1697634861800986, -0.8735330312682386, 698212000000, 
-0.04613565133293077, -0.0022559193624878526, -0.04616135391342627, 0.00706561795201851, 0.0989720555146415, 0.07139002939039953, 0.2578805767696108, -0.9058490517931654, 0.17994511628113935, -0.8739880552107575, 698312000000, 
-0.02890678923471005, -0.08849106604332252, -0.028924009414597548, -0.0032941134162139283, 0.09400419327486692, -0.035042196538850004, 0.2677071007755513, -0.905861505124263, 0.19013354417573547, -0.8743996353497606, 698412000000, 
-0.08172310825392937, -0.006111659173933822, -0.08167041357499813, -0.00044706639048742856, 0.10019180817453652, -0.004462105222301491, 0.2771876945728347, -0.905806420176406, 0.20032375568361702, -0.8748122514546036, 698512000000, 
-0.08415497123191329, 0.0025816967409748376, -0.08415249084063088, 0.0016948360143355717, 0.09996189573936119, 0.016954820652407953, 0.2872063485959903, -0.9057835833150625, 0.21051383393592907, -0.8752176469167949, 698613000000, 
-0.05957861337121586, -0.04172071911635542, -0.05960313743968028, -0.0033320772823473167, 0.0993982728255681, -0.03352248673570725, 0.2972155933495955, -0.9057652123931547, 0.21730863665367378, -0.8754809011178094, 698708000000, 
-0.07341402483815367, -0.07984709394492576, -0.07340024060210606, -0.006197186170875755, 0.10256338758281026, -0.06042298637876124, 0.30710677584325613, -0.9057303165190381, 0.2275062418118248, -0.875894912245068, 698808000000, 
-0.06077175029427967, 0.030808718769137086, -0.06078435330610364, -0.0009450029794168705, 0.09812256035839925, -0.009630843059589798, 0.31732154270691343, -0.9057283781167268, 0.2377061134786337, -0.8763576374211581, 698908000000, 
-0.07090128638780004, 0.02905929213661481, -0.07089118887012072, -0.0010580693444997926, 0.09973048756804154, -0.010609286791844074, 0.3271512101510446, -0.9057856155881153, 0.24789868549461494, -0.8768544365012212, 699003000000, 
-0.03843360539049935, -0.02922244253537964, -0.03846599745749021, -0.003827201839121339, 0.1003313335576885, -0.038145629121143644, 0.3371081860445157, -0.9058532015348392, 0.2580883370666353, -0.8773696888351966, 699103000000, 
-0.058528978062262406, -0.020075840957393322, -0.058508954685155684, -0.0020640663465555384, 0.10072095827819763, -0.02049291807624047, 0.34714518167440167, -0.9059319892676349, 0.2682790239376644, -0.8779103815969266, 699198000000, 
-0.04683003267708104, 0.02016831774439371, -0.04684168781476056, 0.001027597658124952, 0.09959239682304837, 0.010318033212422278, 0.357354717445479, -0.9060510767527088, 0.27846505856432296, -0.8784699438121041, 699298000000, 
-0.04223379064530536, -0.03787748847765717, -0.04223838888003732, -0.0008011095066493676, 0.09962609705257545, -0.008041161205247255, 0.36731091068732585, -0.9061878637378623, 0.28865057261114185, -0.8790312688447646, 699398000000, 
-0.07300269758556549, -0.03922242966903245, -0.0729719941721203, -0.0024554152953904116, 0.10032939597007642, -0.02447353810564899, 0.3771514428108539, -0.906312926878766, 0.29883690440516547, -0.8795999836256827, 699498000000, 
-0.0328043342144317, -0.0007228221647836877, -0.03284442104521397, -0.0005840542321031379, 0.10001023174827126, -0.005839944792581021, 0.38718075922068185, -0.9064483728860472, 0.30902195284527467, -0.8801829030098755, 699598000000, 
-0.057590222408265106, 0.015744543963497774, -0.05756552565821192, -0.0002552940919330042, 0.09991217504566918, -0.0025551850093976135, 0.39716994773398223, -0.906607702656509, 0.3158115873296749, -0.8805755067724066, 699698000000, 
-0.04850115866988582, -0.008420427708661037, -0.04851020435199965, -0.001947600245670421, 0.10004896499370601, -0.0194664707005509, 0.40728402995182844, -0.9067749229362478, 0.32599544590842283, -0.8811688262026818, 699798000000, 
-0.04517141242128742, -0.019678410174763336, -0.04517474404304788, -0.0019456550484447186, 0.10037477839504058, -0.019383903800886015, 0.41722424169637606, -0.9069418574159603, 0.3361807031462403, -0.8817761000612848, 699893000000, 
-0.04195146288967441, -0.02673892514393251, -0.04195467928289897, -0.0011449012440288638, 0.10051157021008653, -0.0113907408036291, 0.42719322305949864, -0.9071285633966958, 0.3463650177328512, -0.8824020033615712, 699993000000, 
-0.02295858439879772, 0.00920738831088447, -0.022977542235868068, -0.001383741578951569, 0.0999058386313299, -0.013850457569930606, 0.4372812574166722, -0.9073369223143443, 0.3565471834069727, -0.8830419071046114, 700093000000, 
-0.06366291776621791, 0.013184883668872494, -0.06362231333642045, 0.005736547180985362, 0.099794281049237, 0.05748372672934069, 0.4473589676608981, -0.9075565989934454, 0.36672690467826946, -0.8836945270735168, 700188000000, 
-0.05407669316506398, 0.002169049714680668, -0.05408621911373181, 0.004508602121857674, 0.09977637725167068, 0.0451870697859215, 0.4573051717260582, -0.9077872444125442, 0.3768970078060345, -0.8843092952586573, 700289000000, 
-0.04141312239615317, 0.0001710476137962852, -0.04142576965100447, 0.001354576021767621, 0.09991748609725569, 0.013556946583395131, 0.4673388213005963, -0.907962408950563, 0.38368005851932124, -0.8846892434317744, 700384000000, 
-0.05224047601823571, -0.017325727329202296, -0.05222968250321725, 0.002320082647043855, 0.09968438284455626, 0.0232742841038771, 0.47726317258412676, -0.908090584872781, 0.3904696866935319, -0.8850591246492399, 700484000000, 
-0.021320817785987933, -0.017857625957569002, -0.021351662951746817, 0.0007954796586695051, 0.09953997689233172, 0.007991559607552878, 0.4971260944913018, -0.9083203498393804, 0.3972569074386286, -0.8854212297705334, 700584000000, 
-0.0359413194947716, 0.015749559605308616, -0.035926757981246504, 0.002475735430906936, 0.10006133905395864, 0.024742177691344725, 0.5171278396187162, -0.9084590161780598, 0.40404586355299854, -0.8857759026056605, 700649000000, 
-0.059063780122292665, -0.02654664667065223, -0.05904068678528231, 0.0016807566303872186, 0.09925762573612637, 0.016933274576358126, 0.5445725928329619, -0.908605119103048, 0.40743995536265976, -0.8859499593522401, 700704000000, 
-0.06489404563990073, -0.021837449540057754, -0.06488820390424499, 0.0012320820721075363, 0.09958104514733203, 0.012372656566163247, 0.5473299802242665, -0.9086010928998492, 0.41083451756351386, -0.8861217761201307, 700709000000, 
-0.07693348440071873, 0.026109216589553216, -0.07692146243849907, -7.800404252010545e-06, 0.10032145160337745, -7.775410071666003e-05, 0.5572308658288928, -0.9085819799558663, 0.41422981339751563, -0.8862921067722364, 700715000000, 
-0.040365214788444556, 0.02219219281774697, -0.040401697393936314, -0.0004288310561881232, 0.10000796768333432, -0.004287968910097001, 0.5671112339987595, -0.908550765100485, 0.4176259440511834, -0.8864626076320248, 700720000000, 
-0.03751580137289204, 0.013314875271898348, -0.03751868111438261, -0.001273356593209083, 0.09996332116485257, -0.012738238169469698, 0.5771023793959864, -0.9085192808840714, 0.4210222217906175, -0.8866340195426209, 700735000000, 
-0.06763631484740663, -0.010993235103466146, -0.06760625691281924, -0.0027011156951592986, 0.10015198272345699, -0.02697016695733034, 0.5870097014453654, -0.9084923131079649, 0.42781592095695903, -0.8869823929906425, 700805000000, 
-0.04324774215157151, -0.014413490488651252, -0.043272051342261114, -0.0014878683874741045, 0.10036939568424391, -0.01482392493579267, 0.597269597721671, -0.9084773524370162, 0.438006117695914, -0.8875263619114278, 700890000000, 
-0.053496854380029615, 0.012687628891835917, -0.053486649592089874, -0.0018301837460757745, 0.09981880509125057, -0.018335059655369444, 0.6073968791096003, -0.908490551522387, 0.4481937129112908, -0.8880892066567408, 700983000000, 
-0.04856560069546268, 0.014861509181766985, -0.04857051142058235, -0.0013069446456377934, 0.09972852569928466, -0.01310502322654077, 0.6172127246235047, -0.9085180295571995, 0.45498484415378404, -0.8884747447964387, 701079000000, 
-0.04810137643721513, -0.010842888721225753, -0.048101844112167814, -0.0014283352594189921, 0.10014711530360851, -0.014262370464579186, 0.6271726247558704, -0.9085638629559386, 0.4651706697960755, -0.8890664782883972, 701184000000, 
-0.03976913101430363, -0.02165628910702571, -0.03977744661681829, -0.0010591926766680988, 0.10030934481896782, -0.010559262236032596, 0.6371002284281055, -0.9086225419178245, 0.47535510512225004, -0.8896729031514564, 701286000000, 
-0.04234495500706774, -0.0055498818926193235, -0.04234239224396709, 0.002576516076748616, 0.1000364615795915, 0.025755769806978586, 0.6472342692275904, -0.90869676534943, 0.48553696581108585, -0.8902888638356937, 701376000000, 
-0.04198023885356414, -0.009889448621798191, -0.04198059990481229, 0.0017307314405601729, 0.09966613775955582, 0.017365290553703967, 0.6571731818840587, -0.9087801267710638, 0.49571404437235955, -0.8908873723860883, 701471000000, 
-0.04554606180210623, -0.0010275811587966647, -0.04554250300865949, -0.0006268301783646414, 0.10000439401685816, -0.006268026365511239, 0.66705780497864, -0.9088377459280854, 0.5058951944088367, -0.8914633352774923, 701573000000, 
-0.05171669132225438, 0.03605504781361732, -0.05171052901744793, 0.000743116430497229, 0.09976894369262519, 0.007448374243458681, 0.6771022392908187, -0.9088790210174603, 0.5160777873639584, -0.8920324939261227, 701673000000, 
-0.04025371309370987, 0.010849915972847003, -0.040265146513516016, 0.0011350055575561678, 0.10004879492394107, 0.011344520025643685, 0.687049439922201, -0.9089261452762672, 0.5228666851383109, -0.8924076641194963, 701769000000, 
-0.05389154654325638, -0.022165037228542447, -0.05387794695492967, -0.0005870159174411997, 0.09976073558326799, -0.00588423806229086, 0.697063264319802, -0.9089661450384673, 0.5330502775362409, -0.8929636690819323, 701869000000, 
-0.0401455898766022, 0.009135532850651792, -0.04015929428645658, -0.0007455652599825263, 0.0999541460038781, -0.007459072882815679, 0.7069961477601381, -0.9089945601613578, 0.5432359252137866, -0.8935198156399066, 701960000000, 
-0.041901730758900343, 0.004526915422472184, -0.04189999139752037, 0.00016962584729581567, 0.09996265387721899, 0.001696892196401286, 0.7169948989430385, -0.9090290230462545, 0.5534220641236683, -0.8940835260663781, 702066000000, 
-0.03617660225639744, 0.01307088425103587, -0.03618231378843708, 2.180799106339054e-05, 0.10002297597976235, 0.00021802981614747145, 0.7271751621277914, -0.9090716982547656, 0.5636064467729175, -0.8946508506545031, 702161000000, 
-0.06843457154816279, 0.02395608531712924, -0.06840238328537011, -0.0006157445804771918, 0.10002015684281489, -0.0061562049082252044, 0.7370143902082994, -0.9091112450140791, 0.5737912858903826, -0.8952202735499944, 702261000000, 
-0.04885705271396036, 0.03026009617638325, -0.048876558395321415, 4.772331120729228e-05, 0.09981679895477924, 0.0004781090127816334, 0.7469808469359017, -0.9091510955588015, 0.5839758013253619, -0.8957952124379357, 702356000000, 
-0.06666697149164715, -0.01268902641611628, -0.06664921605618605, 0.0002674544743522777, 0.09998545770254552, 0.002674933740344008, 0.7570701607811996, -0.9091976196131013, 0.5941595682911522, -0.8963723869267136, 702457000000, 
-0.037193161621633844, -0.04700585936284826, -0.03722255826236766, -0.00048560564675934206, 0.09987061742644061, -0.004862347497921632, 0.7670415673018343, -0.9092431159141463, 0.6043432432986319, -0.8969484593255082, 702557000000, 
-0.054869719951297226, -0.023844625014005544, -0.05485210760600581, -0.0005404577698786003, 0.10011834354254678, -0.005398189290346425, 0.7769550335654792, -0.9092857107212041, 0.6145271339821253, -0.8975251816934089, 702657000000, 
-0.0704730592671345, -0.006074500842281778, -0.07045746893719888, 2.5302333933943322e-05, 0.10002829657663685, 0.0002529517626500607, 0.7870113041038035, -0.9093337732624412, 0.6213163776069125, -0.8979107498004509, 702757000000, 
-0.06330562262912158, 0.004473862695427046, -0.0633127595071059, 1.9981515677931462e-05, 0.09999843888550393, 0.00019981827617138973, 0.7970259413615016, -0.9093870611951285, 0.6315000098328525, -0.898489087864392, 702852000000, 
-0.037506231356547355, 0.0020933691586585926, -0.03753198576159569, -0.00023620782654696872, 0.09999967783523558, -0.0023620858752780825, 0.8070915293564224, -0.9094403653847036, 0.6416836268416061, -0.8990675449943342, 702947000000, 
-0.08485061378464173, 0.01914485944434109, -0.08480338918954407, 0.00017023389575836494, 0.09995618589118756, 0.0017030851491640726, 0.8170707374524036, -0.9094930139630096, 0.6518675153741703, -0.8996477183825417, 703047000000, 
-0.03177553031253805, -0.01369310572433188, -0.03182845153661766, 7.250481639291258e-05, 0.09996524822987828, 0.0007253002185937838, 0.8270579133903603, -0.9095480547490444, 0.6620508796786524, -0.9002286553900563, 703147000000, 
-0.08784973640219451, -0.0016901392064324248, -0.08779382656455433, -2.412537974252923e-05, 0.09999829453306412, -0.00024125791199921165, 0.8369785273990464, -0.9096010415891473, 0.6722342643883495, -0.900808598417305, 703252000000, 
-0.08524541450865383, 0.007418024395782019, -0.08524795692287072, 0.0016219522386120779, 0.09996563844668138, 0.016225097581677304, 0.8472200870011755, -0.9096550063943258, 0.6824165149902288, -0.9013866180963074, 703342000000, 
-0.06962116294178372, 0.019643987682889066, -0.06963675771484171, 0.0016078648392929991, 0.10026112174360123, 0.016036772891937195, 0.8570239654819473, -0.9097068908672512, 0.6925987014473889, -0.9019533787828156, 703442000000, 
-0.0578095162463115, 0.017061322936786895, -0.05782131920619306, 0.0001417047490545653, 0.1002657467750912, 0.0014132917133946755, 0.8669937982927433, -0.9097437902796105, 0.7027822320621657, -0.9025093221893373, 703537000000, 
-0.11311694910945828, 0.012377109073024587, -0.11306176324016873, 0.0005881437386463337, 0.10000375753819558, 0.005881216397510836, 0.877061583463084, -0.9097650127097503, 0.7095716372957281, -0.9028780301361088, 703642000000, 
-0.027930566428688384, -0.015530538156683942, -0.028015526673381058, 0.00035102730837984506, 0.09989029759776266, 0.003514128166815146, 0.887064120850507, -0.9097846737859472, 0.7197563080941073, -0.9034279207636867, 703737000000, 
-0.06350980280275619, 0.01777737152751822, -0.06347437904072868, 7.841047943917757e-05, 0.10006416184406176, 0.0007836020208850706, 0.8970667669003081, -0.9097984540050063, 0.7299410977678608, -0.903974108580171, 703832000000, 
-0.06590868384107987, 0.009094098035698758, -0.06590625376559255, -0.00040013664610802504, 0.10001251700092625, -0.004000865672686942, 0.907074370044937, -0.909808722266312, 0.7401267358784597, -0.9045199714556327, 703927000000, 
-0.06626451900980503, 0.006605884219898906, -0.06626416081059165, 9.95282100706022e-05, 0.09996974515618988, 0.0009955833128823342, 0.9170497905697176, -0.9098181804996748, 0.7503126974230914, -0.9050695385108568, 704028000000, 
-0.03999220134544782, 0.02102954553951979, -0.04001842022189285, 0.0002855086501450697, 0.10001432513114754, 0.0028546775651456502, 0.9270920370623139, -0.90983170428444, 0.7604981151663698, -0.905621291033684, 704123000000, 
-0.04893029822813473, 0.037488658606763474, -0.04892140372009202, 0.00018355768010061598, 0.10010808785271645, 0.0018335949076429704, 0.937110530696042, -0.9098441923545356, 0.7706833780143575, -0.9061742378761888, 704218000000, 
-0.03827538269331264, 0.029561067541477422, -0.038286006998930686, 0.00021821412800215355, 0.10005341241204346, 0.0021809763679373224, 0.9470673134118679, -0.9098537574302278, 0.7808685187519274, -0.9067288263397094, 704318000000, 
-0.09206501893439273, 0.027323322703059583, -0.0920113468289051, 0.00038947684709737167, 0.10005429197874582, 0.003892655071509644, 0.9570923965504944, -0.9098615595884135, 0.7876584794705214, -0.9070989855286962, 704418000000, 
-0.0506396717827817, -0.021260384744751924, -0.05068096000768579, -0.00016813920114038775, 0.09991020800602238, -0.0016829031236753372, 0.9671612778452149, -0.9098671938836795, 0.7978431537778509, -0.9076535229786763, 704518000000, 
-0.08265729407194286, 0.01578037644375597, -0.08262538103145713, 4.240009052822721e-05, 0.09997471685054009, 0.00042410813317545447, 0.9770354266954028, -0.909868856994982, 0.8080280345872659, -0.9082071977807779, 704618000000, 
-0.07060498607581801, -0.02326883343930824, -0.0706169816663108, -0.00030538842312002743, 0.0999876625296341, -0.0030542610497521845, 0.987030591800861, -0.9098722007662101, 0.8182131501757951, -0.9087612503245359, 704713000000, 
-0.05307664809175328, 0.0020385258657436693, -0.05309415272826905, -7.213650744447225e-05, 0.09998976192270438, -0.0007214389359206227, 0.9970333676487764, -0.9098751264241014, 0.8283982704538218, -0.9093163084575724, 704813000000, 
-0.06585506958342977, 0.028128195578395448, -0.06584233358458592, 5.5471103870580266e-05, 0.09998127897389468, 0.0005548149057491441, 1.007146636040097, -0.9098811719436646, 0.8351883585583162, -0.9096870361501658, 704909000000, 
-0.06687299524002933, 0.03939032519463165, -0.0668719659832411, 0.00029220794538964493, 0.10002037454574154, 0.0029214842147587813, 1.0170815212499622, -0.9098878344536631, 0.845373444558962, -0.9102447893152245, 705004000000, 
-0.05534717956015517, 0.03259217576955844, -0.055358680689415005, 0.00025492406491410454, 0.10009057363918915, 0.0025469337985119947, 1.0270252414056462, -0.9098939524109152, 0.8555583205071928, -0.9108039870158322, 705089000000, 
-0.05774856879748759, 0.02295035790629979, -0.05774618311980795, 0.00018768691931678888, 0.10005401021358806, 0.0018758560393144505, 1.0371225698523532, -0.9098972327261858, 0.8657430926549599, -0.9113640499842259, 705180000000, 
-0.018211789641153928, 0.1796882030766218, -0.018251244700195707, 0.07258644432128702, 0.09893342102444928, 0.7336898246281086, 1.047124566407385, -0.9098979122528605, 0.8758787502545867, -0.9118635735057042, 705290000000, 
-0.0811280721896846, -0.11652574845925058, -0.08106532857972536, 0.009775099990882575, 0.01859222765146301, 0.5257627097801472, 1.0569554024499477, -0.9098960263191199, 0.8859825906972381, -0.9118681845604856, 705390000000, 
-0.07611316030324483, 0.028593120803159663, -0.07611809471359975, 0.04266157735221121, 0.08969547272706406, 0.4756268745249482, 1.0588121513993825, -0.9097599913790447, 0.8960706149031511, -0.9113642888099113, 705485000000, 
-0.09174253459465495, 0.05365990901455713, -0.09172693939635698, 0.04907819847716223, 0.101312874717667, 0.48442212911173016, 1.0677576322271187, -0.9086302757351671, 0.9061212700472439, -0.9103496544440275, 705585000000, 
-0.020938290018108555, 0.08765077455307407, -0.02100893527150091, 0.05700268093062271, 0.11385909308361698, 0.5006423236549101, 1.0777667732681862, -0.9068767883982444, 0.9161081931476969, -0.9088245749828491, 705686000000, 
-0.019721835418560478, 0.11538488382589852, -0.019723118265512568, 0.05525303976350137, 0.1286084035020542, 0.4296223128422462, 1.0889148775991766, -0.9043603289260598, 0.9260130568906708, -0.9067994319566184, 705781000000, 
-0.00872011096801047, 0.2084649131973149, -0.008731088450090579, 0.05745382569271113, 0.16291953765740502, 0.3526515390285957, 1.1011748883777586, -0.9009376009439904, 0.9325665941786798, -0.9052012703601654, 705886000000, 
-0.09514599817522766, -0.05156903726351681, -0.09505976445876702, 0.02392312256938581, 0.07374541195030565, 0.32440150426587533, 1.1166574999435295, -0.8958968935305652, 0.9423603505466474, -0.9025343439225764, 705986000000, 
-0.0608690218562168, 0.030318997138283947, -0.06090314086144467, 0.03007053855412745, 0.09918361821021875, 0.30318049589997037, 1.1236597771059966, -0.8933408033851378, 0.952066704436716, -0.8995868028098079, 706077000000, 
-0.011850667707641996, 0.12097604140312135, -0.011899619122245457, 0.03378475883206624, 0.12552928854916173, 0.2691384554357203, 1.1327857687294505, -0.8896662993608321, 0.961679203194287, -0.8963508328990026, 706177000000, 
-0.07417450122880252, -0.057269152613667315, -0.07411235515352622, 0.020843246238061906, 0.07845643764474947, 0.26566648784692554, 1.1442746437411382, -0.8846340168633451, 0.9712008512554283, -0.8928419157197515, 706272000000, 
-0.013037072702864666, 0.05663062411920651, -0.013098022711908922, 0.03547780262564635, 0.10548282526413505, 0.3363372429284852, 1.15137234911085, -0.881294792717178, 0.9806135718415617, -0.8890641142191759, 706377000000, 
-0.06021372324908548, 0.04581669575501109, -0.06016670153655767, 0.03131039533604108, 0.10424523769129013, 0.3003532442293728, 1.1608539768652553, -0.8765225051236603, 0.9899015281816552, -0.8849898940905627, 706472000000, 
-0.05705196824486872, -0.015234192755337841, -0.05705507774905811, 0.02273895392439366, 0.08833777872640769, 0.25740916572986094, 1.1699878049681673, -0.8715309889051477, 0.9990656371774326, -0.8806369843954082, 706573000000, 
-0.055435057294777705, 0.07091061383156616, -0.055436671448180284, 0.03387251230928921, 0.10914143283587581, 0.3103542937742613, 1.1775977635601764, -0.8670708582744054, 1.0081002963707761, -0.8760253422181499, 706668000000, 
-0.05758476953500208, 0.09149520817747245, -0.057582624378627524, 0.03433251691650449, 0.1170713187465787, 0.2932615544446306, 1.1868785005735079, -0.8613060641353014, 1.0140428210154646, -0.8727976720706111, 706768000000, 
-0.0439445560864241, 0.03707565973608627, -0.04395816778511042, 0.026134621768436964, 0.10291831365619816, 0.25393558094762886, 1.1967046765035851, -0.8547710164552165, 1.022836026470877, -0.8677371231326018, 706863000000, 
-0.04794079209627024, 0.11148172102111228, -0.04793681534792425, 0.03184567679936475, 0.11969396412899458, 0.26605917041100385, 1.2049730666563132, -0.8489123172453337, 1.0314943184026204, -0.86243728219426, 706964000000, 
-0.05185743754041337, 0.044940469173404794, -0.051853525799863825, 0.0272784763044111, 0.10425195291729508, 0.26165913962351955, 1.214551529607231, -0.8417590980350474, 1.0400131186438386, -0.8569146902668402, 707064000000, 
-0.04960790012169294, 0.11564051616717083, -0.04961013899436016, 0.030857127256325976, 0.1216805310743915, 0.2535913262694501, 1.2227979762315992, -0.8352522628723488, 1.0483860354512828, -0.851174359881633, 707160000000, 
-0.0665036434002244, 0.0481233913453041, -0.06648678475530895, 0.02605550354110426, 0.10510835885917891, 0.24789183109606588, 1.2321521324168077, -0.8274627292469748, 1.0566128238176717, -0.8452239279975603, 707255000000, 
-0.014925048407589753, 0.08228294688919889, -0.01497650586854004, 0.029441487818324147, 0.1126351219106389, 0.26138816488947453, 1.24004745323775, -0.8205414071808181, 1.064687156569743, -0.8390697283812477, 707351000000, 
-0.07465366718232733, 0.03826176852609933, -0.07459410995776933, 0.027394435072461507, 0.10227865035929037, 0.26784118656463246, 1.2483098420398155, -0.8129283908412471, 1.0725985378939908, -0.8327100048930636, 707451000000, 
-0.02832142505065803, 0.10593613931607243, -0.028367602980747926, 0.03228501045864518, 0.11916445560765039, 0.2709281915820918, 1.2556862217269653, -0.8057672729321187, 1.0803373932280007, -0.8261424321803235, 707551000000, 
-0.029781082739742927, -0.09211229792324303, -0.029779677863920963, 0.0359698561082158, 0.05826864997897532, 0.6173106142187017, 1.264008115069516, -0.7972413339278351, 1.0853855474499658, -0.8216533652452516, 707651000000, 
-0.018849891386404954, 0.10988065333815128, -0.01886079246913999, 0.05641256477001028, 0.1251270697728668, 0.4508422108214595, 1.2679371401687827, -0.7929911372560943, 1.0926284800854007, -0.814617476071235, 707746000000, 
-0.08529657455556666, 0.03436638206759168, -0.08523027412645992, 0.04327394956156997, 0.09511979705308762, 0.4549415673944111, 1.27588694999824, -0.7832586738732507, 1.0995095385077631, -0.807223466055207, 707846000000, 
-0.10692118276661204, 0.0018440279104173507, -0.10689953562391824, 0.03978060718709454, 0.08165424163756947, 0.4871835974383884, 1.281559817564872, -0.7756336185348347, 1.1060069199335245, -0.7994863185314857, 707946000000, 
-0.03415313172949512, 0.08308193957210674, -0.03422572887742187, 0.05663098009677284, 0.11198779603802252, 0.5056888527169985, 1.2861682493645608, -0.7688125603076247, 1.1121012305435218, -0.7914274047697575, 708042000000, 
-0.1142207322842371, -0.16603965542519641, -0.11414090551306773, 0.006449967907299751, 0.021460373922668072, 0.30055244752687216, 1.2919461989439842, -0.7592835378824422, 1.1178016671747946, -0.7830662963669539, 708142000000, 
-0.05239334973134123, 0.017538403607317465, -0.05245496560168274, 0.02653411628228232, 0.09597733482598715, 0.276462316133182, 1.292961964978874, -0.757400754450861, 1.1231914069794138, -0.7744857870553439, 708237000000, 
-0.09169018074387406, -0.021271233469222817, -0.09165102435958451, 0.02943271040408501, 0.08514716923153265, 0.3456686895139335, 1.2972937452753863, -0.7487639544821197, 1.1282914778326936, -0.7657280651205782, 708337000000, 
-0.10741873381966037, -0.08966690830984769, -0.10740299885132873, 0.016873824696228015, 0.06312286543872433, 0.2673171532843047, 1.3009316400330724, -0.7409769716946563, 1.1330874434095195, -0.7567928285149346, 708437000000, 
-0.04494226760741936, 0.059440983944104464, -0.04500459832335988, 0.029000060424717432, 0.10760794072693239, 0.2694974016676747, 1.303368316083518, -0.7352481779534482, 1.136137294381983, -0.7507564232307575, 708532000000, 
-0.06816969157511833, -0.06160411731492872, -0.06814657524224471, 0.020005383692363647, 0.0775277230456885, 0.2580416773052152, 1.3073131777713414, -0.7252502147890371, 1.140506441659951, -0.7415944631346908, 708632000000, 
-0.0419342321018458, 0.05362206347366598, -0.041960388666461804, 0.03128116506529118, 0.105370381051241, 0.2968686717577621, 1.3099854614246582, -0.7179041769363086, 1.1446314302588272, -0.7323203786992967, 708733000000, 
-0.03955014412742759, 0.04831068926430751, -0.03955254916609059, 0.029128072494165973, 0.10509771127852306, 0.2771523008429048, 1.3133564467437724, -0.7078291557495472, 1.1484890146299132, -0.7229374533412434, 708823000000, 
-0.06569003568781592, -0.011426156689649535, -0.06566395139227751, 0.021811182656579397, 0.0905072544655843, 0.24098822558884686, 1.3163331304795916, -0.6979604749010156, 1.1520803011234588, -0.7134451041537333, 708923000000, 
-0.04612633210878396, 0.04863797240461631, -0.046145828723356264, 0.029284088173845674, 0.10419050325783707, 0.28106293048011516, 1.3187196436504909, -0.6891932600148127, 1.15541698585699, -0.703861013934372, 709028000000, 
-0.08544099322457732, 0.0007564157012098886, -0.08540177714218064, 0.025167934330236313, 0.09267967664946145, 0.2715582880746117, 1.321225066301054, -0.6790246813071162, 1.1584832121988518, -0.6941871462207665, 709128000000, 
-0.07669327817294654, -0.044300176200945895, -0.07670196949375518, 0.020122462701997603, 0.08204698670700598, 0.24525535317775843, 1.3232263867112444, -0.6697858760530908, 1.1612823809365744, -0.684430932684565, 709224000000, 
-0.058179704609056415, -0.03059205941520541, -0.058198188732180196, 0.021925437126848808, 0.08664907642648173, 0.25303717051677593, 1.3247158277843887, -0.6618545078930239, 1.1638236125555848, -0.674603835289791, 709319000000, 
-0.04938373190978431, 0.042892398081490216, -0.049392526564896067, 0.027328691627755326, 0.10341244071530362, 0.26426889684377264, 1.3260934447526551, -0.6533991348657361, 1.1653728231275147, -0.6680165027766172, 709420000000, 
-0.032844345509916564, 0.12919866681238662, -0.03286085803557564, 0.033054779084625105, 0.12492161669377891, 0.2646041570663665, 1.3275042208696655, -0.6431277792435492, 1.1674764711819645, -0.6580867464887411, 709520000000, 
-0.07802331389167153, 0.0128840998926683, -0.07797824402583133, 0.023613764714435555, 0.09682728091312953, 0.2438751196124272, 1.3288880071613618, -0.6305996153758995, 1.1693196446491119, -0.6481039557399565, 709615000000, 
-0.012932237144172024, 0.08225201089921652, -0.012997151047624875, 0.027923025271810637, 0.11273319182651005, 0.24769125063701364, 1.3296875437818116, -0.6210243827103035, 1.1709100046518732, -0.6380758065850868, 709716000000, 
-0.0765517908114684, -0.030724894743355435, -0.07648836540674081, 0.020471538123662803, 0.08691767403868095, 0.23552791017569524, 1.3303537879771712, -0.6097665806436514, 1.1722527754261132, -0.6280106640210972, 709812000000, 
-0.04096102987709939, -0.016144540953900725, -0.04099648522118551, 0.022267404485752436, 0.09042905649550892, 0.24624169872720422, 1.3306525647583902, -0.6010668020614628, 1.1733484117296058, -0.6179163901044813, 709912000000, 
-0.040007758403362334, 0.04601481254262549, -0.04000874342993831, 0.029703184942765207, 0.10354858598467777, 0.2868526369559545, 1.3307502988459836, -0.5919695914980211, 1.17418695978738, -0.6078013674605909, 710007000000, 
-0.058775381411436026, 0.05980432207910062, -0.05875665143066554, 0.031715700522015194, 0.1074622684751587, 0.29513336143045116, 1.3306057526133184, -0.5816678657483139, 1.1747436207665207, -0.597669842152988, 710107000000, 
-0.013096155792634723, 0.028358866599589, -0.013141723323767118, -0.04650272999653201, 0.12041158942852012, -0.3861981244266974, 1.3301485788047267, -0.5709349974444937, 1.1750365534159675, -0.5874970031907852, 710202000000, 
-0.053776646336638714, 0.13642386150534905, -0.05373609934121752, -0.00889182213776963, 0.05000287161697341, -0.1778262297789976, 1.3292856086816929, -0.5589693849688423, 1.1753246252278409, -0.5806549330846, 710302000000, 
-0.0719961966964444, 0.04994136001267288, -0.07197796837835999, 0.011222001790039552, 0.09028513030179972, 0.1242951275866504, 1.3291144777595667, -0.5538655808443341, 1.176004506327459, -0.5704327722663305, 710402000000, 
-0.04490204362821487, 0.16759432348627507, -0.04492906177943015, -0.013290065288374087, 0.12175305139627202, -0.10915591137932679, 1.328978224128984, -0.5450220298745819, 1.1767311635094402, -0.5602665541001713, 710497000000, 
-0.04617244990478238, 0.050247661062122535, -0.04617121137267115, -0.010546567740344555, 0.09360737513168461, -0.1126681281844288, 1.328639393188332, -0.5327284908167566, 1.1774929583417566, -0.5500911028097173, 710597000000, 
-0.02515012582451015, 0.07371078154739473, -0.025171104502088835, 0.02146258730123541, 0.09378853262968506, 0.2288402078533242, 1.3284857877646163, -0.5234348796807604, 1.1782695668644665, -0.5399394318051696, 710692000000, 
-0.024790263593350736, 0.04345080758031801, -0.024790642659798197, 0.03576232818922309, 0.10134210281426731, 0.3528871732093992, 1.3284349133131004, -0.5139672711687331, 1.1788987599722656, -0.5297846495331741, 710787000000, 
-0.02130213605069569, 0.07822380885312752, -0.02130561536295548, 0.011091496454027506, 0.12164814632876036, 0.09117686367412592, 1.3281501463649836, -0.5039725354481978, 1.179330534465056, -0.5196183610133315, 710887000000, 
-0.05859678011164269, 0.017317968280151027, -0.058559565218604906, 0.008428199469038871, 0.10067353596528465, 0.08371812302237179, 1.3273817961511225, -0.49184405116884966, 1.179658830611749, -0.5094466977056045, 710987000000, 
-0.03847058495672721, 0.044960842052738356, -0.038490633162247476, 0.020015248708972262, 0.10172349549874202, 0.19676131468781255, 1.3266485157881427, -0.4817301494276146, 1.179864767331393, -0.4992783580261644, 711087000000, 
-0.02895117288976885, 0.08044149135908894, -0.02896069169118209, 0.007833752167377285, 0.11385972164752699, 0.0688017856887799, 1.3258124240640126, -0.4714074314125878, 1.179905776506158, -0.4891000961071476, 711183000000, 
-0.04324940446899816, -0.014198348533535085, -0.043235145396879344, -0.003368978520264848, 0.09942702584734552, -0.03388393137130927, 1.324685785168841, -0.460272234260977, 1.1798851281645886, -0.4823086565212688, 711283000000, 
-0.07759720965113483, -0.0007369516733142997, -0.07756291564575862, 0.0036750597118930103, 0.10007720000747035, 0.03672224754108511, 1.3236202232896421, -0.4504064386872085, 1.1798659230228143, -0.4721016573405353, 711383000000, 
-0.06734366349290466, -0.0007905298884006567, -0.06735386162045723, 0.006292594602885327, 0.0996134838155249, 0.06317010872281748, 1.3225716031689125, -0.44038070836452214, 1.1798503928841602, -0.4619026852536913, 711483000000, 
-0.06136193638348292, -0.010969810323547899, -0.06136791570486688, -0.000997183721143312, 0.09938088428244041, -0.01003395902887437, 1.3214967782328104, -0.43045950100090385, 1.1797986439311947, -0.4517119174174258, 711578000000, 
-0.04035757774680372, 0.02515330292120024, -0.04037854553440702, 0.0013356206753590248, 0.0997336986503703, 0.013391869482763497, 1.3203745147997514, -0.42067818696254217, 1.1797294485549525, -0.44151415770067426, 711678000000, 
-0.05845504104124206, -0.027799034814872784, -0.058437000250362026, 0.008664363724800074, 0.09933794002294424, 0.08722109319761263, 1.31925439280669, -0.4108292998839928, 1.179640383207272, -0.4313228013804364, 711783000000, 
-0.0660489954101475, 0.03179415534485647, -0.06604139776650049, 0.008810229277508904, 0.10184399079883352, 0.08650710963311753, 1.3181162933464479, -0.4009402241427511, 1.1794856153683992, -0.4211361037682904, 711878000000, 
-0.06595359365621306, 0.005104962840304356, -0.06595368080617782, 0.004402444253212561, 0.09998604011917273, 0.044030589149898484, 1.3168565098514882, -0.39077664513009014, 1.1792617931294247, -0.4109496589664587, 711973000000, 
-0.06819337549983161, 0.030970002041983975, -0.0681911395251573, 0.007400002524552853, 0.10089765333339845, 0.07334167128843773, 1.3155398457629102, -0.38086114982037333, 1.178981783248071, -0.40076602207284706, 712078000000, 
-0.046732981840704305, 0.009575377591040138, -0.046754396619614585, 0.008774769664644294, 0.09988961922202809, 0.08784466026585118, 1.3141775556105049, -0.3709374377542537, 1.1787552134723756, -0.39397895281677825, 712173000000, 
-0.07335727154342045, -0.014327913187812758, -0.0733307222041937, 0.0654699141158555, 0.09056236238698659, 0.7229263061413164, 1.312743337134154, -0.3610259910759217, 1.1783337868964008, -0.38382402901805573, 712274000000, 
-0.06696008977650547, 0.0722832981327998, -0.0669664446977872, 0.04640262622002841, 0.11286337504043169, 0.4111398068984321, 1.3113476414055543, -0.35194957298462715, 1.177439373466363, -0.37377014869458697, 712369000000, 
-0.03487319829740616, 0.05354780356004007, -0.03490522772609314, 0.0417807060781362, 0.10412675671407293, 0.401248510916978, 1.3088490874469727, -0.34107415851667605, 1.1760451392498192, -0.36376906875204423, 712474000000, 
-0.09654072818995214, 0.0593688306392297, -0.09647921542609499, 0.04973632325597857, 0.10292932471974386, 0.4832084869049779, 1.3061179911778051, -0.3310688542781595, 1.1741566709668756, -0.3538409793613504, 712569000000, 
-0.0798319252648012, 0.06727576572514146, -0.07984853808974195, 0.05285681196302412, 0.10592294040160487, 0.49901193983681436, 1.303020309126258, -0.3212789109897517, 1.1717737167035525, -0.3440207961500663, 712669000000, 
-0.07747250024080654, -0.12686261298860302, -0.0774748774434854, 0.010126408863567492, 0.03912752147515288, 0.25880527265183556, 1.299310306495803, -0.3112601717109246, 1.1689071592549116, -0.33432061651381473, 712764000000, 
-0.10680492906258329, -0.1536146855917076, -0.10677565498716446, 0.01183709491513245, 0.056541018337863146, 0.20935411605782211, 1.2977532508162797, -0.3076278765420568, 1.1657056130314254, -0.324685847384373, 712864000000, 
-0.11037936305333582, -0.05774854954315823, -0.1103757629788799, 0.02469594844508497, 0.08251015603473205, 0.2993079837915879, 1.295436834357905, -0.30259160764697235, 1.1622713689108786, -0.31513470419121303, 712959000000, 
-0.05451381703458353, 0.04842905527929862, -0.054569564000111065, 0.02354632405463725, 0.10645739125858934, 0.221180735092806, 1.2917943903269047, -0.29508220842148664, 1.1585729979407904, -0.30567873363710585, 713059000000, 
-0.07123990408691572, 0.013060030425552937, -0.07122326722774575, 0.017181235827125257, 0.09876167769306414, 0.17396662580522226, 1.2868671963205722, -0.28566106971722527, 1.155985374201372, -0.29942118472807644, 713159000000, 
-0.04662381959880056, 0.03784260630103726, -0.04664836888814302, 0.021017454032417386, 0.1024914571691281, 0.2050654231379993, 1.2820941287087213, -0.2770056165728759, 1.1519528569516984, -0.29008831463760204, 713259000000, 
-0.060068148876115716, 0.04804873002584891, -0.060054755217411666, 0.024235594125149466, 0.10446015124008078, 0.23200803212938872, 1.2770324536931688, -0.26819323129712963, 1.1477448963705017, -0.2808368007841238, 713354000000, 
-0.05339546035883996, 0.04431692774797156, -0.05340210570696461, 0.020625658189715106, 0.10506259549640291, 0.1963178055164388, 1.271631993527661, -0.25921862505752474, 1.1433409738309392, -0.271683327987882, 713454000000, 
-0.03795978484779389, 0.11366155839825974, -0.037975194637412155, 0.024927148074889376, 0.11701779831281119, 0.21302014252784257, 1.266003772314955, -0.2503396888499093, 1.1387438266510406, -0.26262205740771566, 713554000000, 
-0.06382924086155622, 0.03765264566939371, -0.06380343949563909, 0.02498988572470536, 0.10216306061936686, 0.24460784135873936, 1.2595456625628154, -0.2405808427828852, 1.1339557271012624, -0.253663773014022, 713649000000, 
-0.03937367386031464, 0.012976915541051213, -0.039398054743600495, 0.022319396172447492, 0.09726170260170541, 0.22947774484112451, 1.2537452174904928, -0.23220900985499413, 1.1289592175642762, -0.2448210211478784, 713749000000, 
-0.06688645878527615, 0.04714210510546686, -0.06685902400404249, 0.021402484140499774, 0.10542572707298943, 0.20301006912366074, 1.247972255368508, -0.22429617149216627, 1.1237606955043777, -0.23609328629179804, 713849000000, 
-0.04831580496899595, 0.07376638659407794, -0.04833431005044344, 0.022938136643634748, 0.10993408425319848, 0.2086535472547712, 1.2414599389789753, -0.21578984211985583, 1.1183760723634943, -0.22747778979370842, 713949000000, 
-0.0784684637040646, -0.04058755065982293, -0.07843839141097009, 0.018264170976347555, 0.08733853307997293, 0.2091192779666184, 1.2347391571049693, -0.20737658600110864, 1.1146849041219855, -0.2217984807842537, 714044000000, 
-0.10957906192950785, -0.004805027484843983, -0.10954798186896558, 0.018003385170628994, 0.09478818600258017, 0.18993279574037775, 1.2291668664303053, -0.20068618262487634, 1.10899582534037, -0.21338092348372328, 714139000000, 
-0.06569558003408578, -0.004837681561996158, -0.06573934378773716, 0.017011730550424035, 0.09546136600534867, 0.17820539619630912, 1.2229375745104378, -0.19351624550203983, 1.1031354786444638, -0.20507728593207603, 714244000000, 
-0.04800381092427604, 0.0698821466027978, -0.048021509107264805, 0.02127181824296025, 0.10828990109613688, 0.19643399825506996, 1.216453665483366, -0.18633395811156622, 1.0971194694169901, -0.1968827655666845, 714339000000, 
-0.0711560941627511, 0.04953111841909148, -0.07113300555718896, 0.02076296288487721, 0.1052899136046895, 0.19719802376162693, 1.2091142291340227, -0.17849345027407423, 1.0909511309244901, -0.18880420103446824, 714434000000, 
-0.06935443946757214, 0.003128202208778696, -0.06935621459636129, 0.0168045292562922, 0.09698429000950888, 0.17327063233276846, 1.2016740532442396, -0.17084938900874083, 1.0846280860368063, -0.1808460639206321, 714534000000, 
-0.07279805471323143, -0.015636741452815326, -0.07279461934812324, 0.0162549980931446, 0.09411185817315998, 0.1727199782118467, 1.1948558085257697, -0.16411868030182616, 1.0781582163279253, -0.1730056043974134, 714634000000, 
0.0005986030052719197, -0.18939530481859942, 0.0005253557086969257, -0.06378335502403455, 0.081887956101599, -0.7789100871549177, 1.1880449003677207, -0.15762158806515095, 1.0715513965982197, -0.16520962698627267, 714734000000, 
0.06540896997815893, -0.10056037502814794, 0.0653442142604665, -0.13021703017402889, 0.06630835610843018, -1.9638102618784965, 1.1820707290664283, -0.15211555636884566, 1.0653904241339511, -0.15676080533442477, 714834000000, 
-0.29683326178928987, -0.07908910700325607, -0.2964718061445918, -0.07620565014434212, 0.08005122178138818, -0.9519611125043421, 1.1775597140844285, -0.14726127312225096, 1.0608727072135977, -0.14722943707640432, 714929000000, 
-0.02895437200008558, -0.22047234052172202, -0.029221346075963106, -0.20305886722977884, 0.14648850561759758, -1.3861761124101841, 1.173329287375028, -0.14040342167716566, 1.058679410247683, -0.14065381685317532, 715029000000, 
0.04822539657618093, -0.042828653805045976, 0.048148096590994935, -0.08115744706376286, 0.06580570987134698, -1.2332888319635058, 1.1668686319330612, -0.12726047015331537, 1.0564296316151505, -0.13047359151066176, 715124000000, 
-0.09999959291382182, -0.0577571386485621, -0.09985173972507895, -0.06755055140787689, 0.08123156391714648, -0.8315800921520633, 1.1648095321348082, -0.12101095328874625, 1.0554666676203273, -0.12009492347445497, 715225000000, 
-0.07031660096870396, -0.09458916357645555, -0.07034607229542575, -0.053970352010947756, 0.12074862216674305, -0.44696453708945455, 1.163245841366439, -0.11309643768835456, 1.0555864158715769, -0.10972687770444976, 715325000000, 
-0.12919800465077755, 0.00269041161226485, -0.12913927328423339, -0.03912446230051088, 0.08217264021230784, -0.47612517012263167, 1.161882608131245, -0.10103458892449432, 1.0563070290523873, -0.09948787405757294, 715426000000, 
-0.056340363558376565, -0.05607321127747926, -0.056413013975793444, -0.05568428272165359, 0.10175032713326149, -0.5472639183628805, 1.161324788672565, -0.09279536340216361, 1.057407532839128, -0.08927704391179116, 715516000000, 
-0.03898837671456733, -0.05739619522332398, -0.039005764772935124, -0.027317244174714848, 0.11459503912183827, -0.23838068719249667, 1.1611257224437828, -0.08272135077657827, 1.058920758921792, -0.07912437460701376, 715616000000, 
-0.018038583853611647, -0.13179649692880402, -0.018059507916155498, -0.03491137017924228, 0.1235915084252643, -0.2824738578245702, 1.161520669421647, -0.0712422677092132, 1.0607140046346695, -0.06903256852779587, 715717000000, 
-0.05530637456020385, -0.07208275417920543, -0.055269203918026755, -0.057899201010016194, 0.10255635756744756, -0.5645598418600037, 1.1622414124516711, -0.05889103369223924, 1.0620710196924348, -0.06232250641184397, 715812000000, 
-0.07196197639340451, -0.08409335946075212, -0.07194531495168516, -0.05381432268909437, 0.11678108672793579, -0.46081368307922393, 1.1631301314048872, -0.0486542168319818, 1.064507511905397, -0.05232502291353791, 715907000000, 
-0.07185634548926759, -0.0866957677170819, -0.07185643332522966, -0.04606165749367966, 0.11928711102132576, -0.3861411102951844, 1.1647861879615464, -0.03716393078204367, 1.0674257245732348, -0.0424518194824377, 716007000000, 
0.0046604875477803415, -0.1904247473230257, 0.004584126644346945, -0.07807190369210303, 0.14580752719331075, -0.5354449471500587, 1.1670311191783131, -0.025423821938007508, 1.070791360402122, -0.03272951123679203, 716107000000, 
-0.11836813210337693, -0.02497236416258567, -0.11824543125515012, -0.05030916645914068, 0.08539449558459525, -0.5891382824470505, 1.1703510539228867, -0.011092340019737858, 1.0746541578716156, -0.023178670360525882, 716203000000, 
-0.07919924417898606, -0.06673266763886629, -0.07923820891596356, -0.048080854598744914, 0.10932011694380395, -0.43981707981030516, 1.1727219150320094, -0.002899482523516341, 1.0790552877489588, -0.013862910348102832, 716298000000, 
-0.06503107562120922, -0.08247432762535763, -0.0650452530053705, -0.04840447968922721, 0.11559253366570575, -0.4187509188890455, 1.1763590877551822, 0.00736670918451329, 1.0839173010564618, -0.004791303041677825, 716398000000, 
-0.12699545262991432, -0.04018201430471274, -0.1269336273633948, -0.05066142938585417, 0.09558771490398253, -0.5299993773963879, 1.1806784899243092, 0.018047522410945243, 1.089211154570414, 0.004040078997284127, 716498000000, 
-0.13047525380227307, -0.015266432942489663, -0.13047171908331903, -0.04591436454722832, 0.0844919072457388, -0.5434173052063981, 1.1846258682233497, 0.0267449912037958, 1.0949649220854287, 0.01258431197578057, 716593000000, 
-0.027254595534979737, -0.19702481969106037, -0.027357597343724824, -0.06958896577663069, 0.1646780759843054, -0.42257577616623876, 1.1885636535097175, 0.034327022165438245, 1.101152366880499, 0.02080831992616916, 716698000000, 
-0.03757924160747027, -0.06688371445158035, -0.03756904574449512, -0.049276133410955505, 0.10755126613766902, -0.45816414051212095, 1.1968939521611335, 0.04841829157379821, 1.1054794654792042, 0.026129506887914152, 716793000000, 
-0.08753124617150188, -0.2529875825198298, -0.08748137476013422, -0.01979080490946634, 0.19351452393629504, -0.10227038522432286, 1.2027252184367934, 0.057398426586189634, 1.1122534951929561, 0.03385052100758687, 716893000000, 
-0.00664149609620715, -0.01863344909997875, -0.006722182838864471, -0.0007453895460629068, 0.10319897812133622, -0.00722283843921899, 1.2140099665334974, 0.07315683957916445, 1.1191029027052866, 0.04140961884715186, 716993000000, 
0.028657641105131762, -0.1367833966488276, 0.02862233171057512, -0.04578641912387176, 0.10098256766208037, -0.4534091396555454, 1.2201412614551306, 0.08153622220547238, 1.1259282813440306, 0.04899400163244338, 717088000000, 
-0.07058132836262612, -0.23624664615019217, -0.07048231464783819, -0.0207419586318531, 0.18450546888436103, -0.11241920771927438, 1.22606352336497, 0.08961686551561553, 1.132887690042405, 0.056487141532291674, 717188000000, 
-0.08554105838177296, -0.021286487940128943, -0.08552603715335347, -0.004859116715740168, 0.10250632924283025, -0.04740308965926644, 1.2376346387541184, 0.10400285472757116, 1.1399306690016275, 0.0638997252351788, 717288000000, 
-0.03607942136082647, -0.03881698587945148, -0.036128768597605325, -0.019692862836997043, 0.10129170766029723, -0.19441732489140323, 1.2441557305921827, 0.1119261818097825, 1.1470705828423735, 0.07122844917003411, 717388000000, 
-0.009612904905297943, 0.013973056678684646, -0.009639368465996008, -0.030520840115085185, 0.09170510222355716, -0.33281507108167213, 1.2506664058956112, 0.11976055919544806, 1.1543674029183462, 0.07842314055642448, 717488000000, 
-0.04126622103011673, -0.13255808649894596, -0.04123465286629641, -0.018664807455617792, 0.1351560711863631, -0.13809818006533636, 1.2566455533401908, 0.12667550020040713, 1.1618450685051294, 0.08541716000794657, 717583000000, 
-0.07939479432342636, -0.08214608004646554, -0.07935671246166028, -0.015531689117700863, 0.109447656726904, -0.1419097455549537, 1.2658181548891003, 0.13659912808542501, 1.1694314576273213, 0.09228257381489802, 717683000000, 
-0.03589844448771159, -0.009133760673598713, -0.03594181643393509, -0.026065464257500594, 0.09770987190623243, -0.2667638770677583, 1.27337178448216, 0.14454813165345431, 1.1745525721511796, 0.09679228778666019, 717783000000, 
-0.07385016123658653, 0.002974951032284491, -0.07381232842733008, -0.017215540826646156, 0.09501198846362946, -0.1811933536496424, 1.280242387629116, 0.15157532986536304, 1.1823765042000154, 0.10340637193674002, 717883000000, 
-0.055766034854431025, 0.06228541064973762, -0.055784045147680456, -0.009011502180676489, 0.08761509080292745, -0.10285331097751246, 1.287061248893656, 0.15818528363450396, 1.1903321851231523, 0.10984671467059637, 717978000000, 
-0.07403667846598895, -0.034301789347702505, -0.0740184602650301, -0.01661326461878692, 0.10218421438541862, -0.16258151729899273, 1.2933999449901032, 0.1641110252813794, 1.1983715194376343, 0.11616383099562959, 718078000000, 
-0.062068211750928436, -0.052617858172903265, -0.06208013708270182, -0.0202792159965555, 0.10553753815468178, -0.19215168698395385, 1.3009555287108912, 0.17103145500273426, 1.2065017582813062, 0.12237019151308878, 718178000000, 
-0.07907042385635688, 0.03761649329324903, -0.07905346826277636, -0.00975332035736535, 0.09132855214192662, -0.10679376962210538, 1.308872713471336, 0.17804919827246085, 1.2147391903879854, 0.12844003132177165, 718278000000, 
-0.025448486147900306, -0.048963066911870017, -0.025501982115949527, -0.011168932824616132, 0.10419462372693389, -0.10719298582897044, 1.3158313380384796, 0.18398200204327841, 1.2230496443803933, 0.1343907200582585, 718373000000, 
-0.08016220904802446, -0.04137089056968132, -0.08010765773516201, -0.015867329798120958, 0.10299323499613824, -0.15406186434202118, 1.3238097777039959, 0.19063831332065517, 1.2314309211359802, 0.14024639452057053, 718474000000, 
-0.05861375789817676, 0.007253040160665783, -0.05863520869353206, -0.013436954926824911, 0.09709937038352191, -0.1383835433098257, 1.3318921796314767, 0.19723605591904084, 1.2398941945510285, 0.1459859463226875, 718574000000, 
-0.07261239612004086, 0.06391545150845457, -0.07259844692985704, -0.008774740579897524, 0.09017110915834121, -0.09731210652504016, 1.3394023157262736, 0.2031738056684223, 1.2455792784093136, 0.14974772258064023, 718674000000, 
-0.08643622548837923, -0.0498199112796244, -0.08642241322618413, -0.013235923887966378, 0.10381799442441708, -0.1274916160859047, 1.346572438479066, 0.20868547508252006, 1.2541572419909892, 0.15530610984651955, 718769000000, 
-0.08883480989628656, -0.012155513392955217, -0.08883240183080086, -0.013803048342992787, 0.10002777617125287, -0.13799215449278043, 1.3548545296688972, 0.2149242606136279, 1.262802545174171, 0.1607622212062042, 718870000000, 
-0.02759762569376647, 0.005433386340000529, -0.027658737637752166, -0.01123062212814186, 0.09792501375117316, -0.11468593873960335, 1.3628854385364915, 0.22081505500157955, 1.2715216625296226, 0.16610434442098834, 718960000000, 
-0.047057482123134764, 0.01838753374458696, -0.04703812190147022, -0.01038858772146647, 0.09689792151622857, -0.10721166727736856, 1.3709412013576674, 0.22655556893949874, 1.2803055039284648, 0.17133448136820204, 719055000000, 
-0.06716854455342643, -0.022440057113092247, -0.06714845340334324, -0.013015996347484704, 0.10125356893335545, -0.1285485191741909, 1.3788123730749706, 0.23202818321185587, 1.2891494418803218, 0.1764610238302235, 719160000000, 
-0.06153264558283406, -0.007388369414054269, -0.06153824967829154, -0.01254393997001804, 0.09957361320510094, -0.12597654706152053, 1.3872392980693364, 0.23775555516243138, 1.2980568118560702, 0.18147871145810468, 719255000000, 
-0.048363016190548606, -0.010034366990071528, -0.04837616447550867, -0.011130133683526989, 0.10006180939623438, -0.11123258464628412, 1.3955621696422194, 0.2432561873263499, 1.3070245756300292, 0.18638592719483002, 719356000000, 
0.14842657075030696, -0.21129346513865516, 0.14823016235121184, -0.13198029102309414, 0.11241688057960905, -1.1740255586404666, 1.4039798652393118, 0.24866811770163424, 1.3161476282607907, 0.19115209931174656, 719452000000, 
-0.06405610377652071, -0.04482740261651512, -0.06384424460463084, -0.06367605236921038, 0.09100955903658761, -0.6996633435352804, 1.4134505752638558, 0.25460782034924223, 1.3224841383716135, 0.19392357165438895, 719549000000, 
-0.017764872840042804, -0.13953555239452234, -0.017810853945906382, -0.051277646453643994, 0.14769773890067045, -0.34717963074661007, 1.4217392482784263, 0.2585446532361806, 1.3322377197637971, 0.1973875754173974, 719649000000, 
-0.06752207623712747, -0.01741733757530361, -0.0674724698271506, -0.04363982448250777, 0.0889028632259078, -0.49087085498715843, 1.4353855694732385, 0.26388388334308, 1.3420661257054554, 0.20032448560540772, 719746000000, 
-0.04148032594465675, -0.07087208143815041, -0.04150626329285029, -0.046993596621398265, 0.1115167560055659, -0.4214039065039945, 1.4438135346688161, 0.2668507374389482, 1.352000591306802, 0.2029047071803205, 719841000000, 
0.03198289359798106, -0.10596388081322283, 0.03190955450088932, 0.009603366218566277, 0.14212667536432158, 0.06756906255598683, 1.4544720022846673, 0.2700216988347019, 1.3619787558205052, 0.20516499643204275, 719941000000, 
-0.007891287274532498, -0.07029769533541774, -0.00785157109909438, 0.0239007749228421, 0.092215711689546, 0.259183326625582, 1.4681825446027075, 0.27348188034166454, 1.3719277521049402, 0.2073804708543565, 720041000000, 
-0.027796804665214857, 0.07481227654804862, -0.027776896446059948, -0.0060980998330041865, 0.11907404154562984, -0.05121267199675389, 1.4771849996991346, 0.2758185444605731, 1.381863832522361, 0.20968364993874405, 720141000000, 
-0.03982325787808501, -0.0385649753677254, -0.03981123700462568, -0.008052258523562797, 0.10171356543579654, -0.07916602361801514, 1.4886547801623111, 0.2791174269415198, 1.3918178181916958, 0.21194413313605448, 720236000000, 
-0.07541090178238849, -0.09083524122223048, -0.07537537219315987, 0.0022253735449886862, 0.10737506231714693, 0.02072523635344435, 1.498340777909011, 0.2818494795426205, 1.3984580669674582, 0.2134242441795998, 720336000000, 
-0.06309811710102702, -0.0777818499365104, -0.06311036995763109, -0.01900171703175639, 0.09886409795301344, -0.1922003783495524, 1.508730466251394, 0.284692468634555, 1.4084189610724924, 0.2156475933384156, 720431000000, 
-0.03441458859756447, 0.040913563035807524, -0.03444322769671461, -0.02751652242120573, 0.08687287099583389, -0.3167447110447786, 1.5182266966241742, 0.2873119947103777, 1.4184316326967934, 0.21776450592623467, 720531000000, 
-0.04819742679395406, -0.018263123462685972, -0.04818369846217835, -0.02092271989598157, 0.09903907097662745, -0.21125723100653063, 1.5267238755721317, 0.2894816001291868, 1.4285177171109935, 0.21962309970969832, 720626000000, 
-0.09516403386661086, -0.03307326965308752, -0.09511714633278778, -0.01822951005852622, 0.10357764530697651, -0.17599849856114044, 1.5363422660733232, 0.29161259847020277, 1.4386449719850787, 0.22120499208211022, 720726000000, 
-0.027993337190789728, -0.02462420330109239, -0.028060326467306176, -0.02643539438331786, 0.10020742082101884, -0.2638067536987535, 1.546555043446869, 0.29365120654848165, 1.4487997704156694, 0.22255036074489365, 720826000000, 
-0.06707468767794458, -0.08069726574302345, -0.06703574943219978, -0.025636690876829783, 0.11470615457763127, -0.22349882594555365, 1.5563912100151136, 0.29543418039276936, 1.4589825315408829, 0.22365081387922403, 720926000000, 
-0.0737653478540267, -0.11906473236780514, -0.07375863009824912, -0.011732251270796409, 0.12381756421701859, -0.0947543375205876, 1.567769796576194, 0.29718895566218195, 1.4691737314512203, 0.22454164873709204, 721021000000, 
-0.03522135191241765, 0.00024118222067177897, -0.03525981401008904, -0.009325689476912024, 0.09931856306494155, -0.09389674184889509, 1.5799935656161967, 0.2987944634356885, 1.479369103419095, 0.22530071192531298, 721121000000, 
-0.013602937847029407, -0.010411954047413706, -0.013624551119611136, -0.015982977794524116, 0.09979833817792934, -0.16015274488867984, 1.5898394052355431, 0.29999325194592275, 1.4895758258652743, 0.22593249366305418, 721216000000, 
-0.038124321026925645, -0.01504467917759979, -0.038099869912588014, -0.01221594792544852, 0.1006736649186247, -0.12134204049611946, 1.5997217845500047, 0.30110249012552975, 1.4963851832018673, 0.22626794605253273, 721321000000, 
-0.04382249659303544, -0.0056618852428776964, -0.043816785110669554, -0.01157370332470385, 0.09954105668697445, -0.11627064961847385, 1.6098308924870062, 0.3020741403184996, 1.5066020833827247, 0.22666050009578595, 721416000000, 
-0.037871223377517874, -0.022655863017212445, -0.037877156526051316, -0.018338211666390745, 0.10072752843664473, -0.18205759588278841, 1.6197216869999271, 0.302902764419552, 1.516823731494814, 0.22692572139029696, 721511000000, 
-0.08104041945400872, -0.02968349721818344, -0.0809973418053934, -0.02049111958583884, 0.10193189068278508, -0.20102756309708592, 1.629761125881434, 0.3036266801638674, 1.5270578375996409, 0.2270242100716259, 721612000000, 
-0.07318607934556902, -0.03223492715919112, -0.07319387411096488, -0.01857082012975678, 0.1030420000897137, -0.18022573429851965, 1.6399184263306554, 0.30417355804807056, 1.5372959360662022, 0.2269190307047038, 721707000000, 
-0.07339662223338253, -0.010807860183496543, -0.07339641901178752, 0.014179046951864996, 0.10440338875887803, 0.13581021766076792, 1.6503078897781858, 0.30452414700382674, 1.5475084992019157, 0.22663180776526812, 721807000000, 
-0.07225445386490155, 0.0006223457342824628, -0.07225559337246297, 0.008554396760026001, 0.09891845070453195, 0.08647928368366652, 1.6606844927519295, 0.3046858679828919, 1.5576920231312545, 0.22637513767537482, 721907000000, 
-0.016333080388390573, 0.04439573346595577, -0.016388890000979588, -0.011878682256177555, 0.1050546903824615, -0.11307141273685252, 1.6705938196996133, 0.3049740992903718, 1.5678904135331702, 0.22617426521505307, 722008000000, 
-0.058198277673322314, 0.03133237829539761, -0.05815655240323762, -0.0023390939880439704, 0.09626367506225844, -0.02429882285847869, 1.6810032493581386, 0.3053669752329797, 1.5780912546048604, 0.22592928514353502, 722108000000, 
-0.06935354951230409, 0.0263402914530902, -0.0693423739494819, 0.0014056519305948925, 0.0993422647403586, 0.014149586122973047, 1.6907443552739023, 0.3056253751054985, 1.5882894876352531, 0.2256721494322989, 722203000000, 
-0.029396565114468927, -0.03807885509533421, -0.029436430518635065, -0.010060098627517772, 0.09963569144525518, -0.10096882433987314, 1.7006249303095502, 0.30586319604603823, 1.5950912727177537, 0.2254990790078699, 722298000000, 
-0.049046499619630736, 0.01697829128080702, -0.04902692863058883, -0.01347173844378547, 0.09712621321543684, -0.13870342513924272, 1.710551800754241, 0.30611600068819184, 1.605304692572669, 0.22517064923062327, 722398000000, 
-0.05268799753991481, -0.05040411142731065, -0.052684342386186585, -0.006992587865489443, 0.10603741558536546, -0.06594453313377915, 1.7203315582454597, 0.3062665678766178, 1.6155217804393776, 0.22470789369437938, 722503000000, 
-0.04815773081464886, -0.0504414630383712, -0.048162248181355886, -0.008023270177406127, 0.10292725445483036, -0.07795088113350133, 1.7309250327453507, 0.3062817804799736, 1.6257227476023755, 0.2241384337595593, 722583000000, 
-0.044296647545657264, -0.054729488810096, -0.044300504904150516, -0.013922357240251884, 0.1034288743589128, -0.13460803210464553, 1.7412237462750118, 0.30622870962550663, 1.635918804831822, 0.2234819389035938, 722690000000, 
-0.03997897495066057, 0.021817643328520913, -0.03998328814180106, -0.008238785401859926, 0.09617158942017408, -0.08566755994709246, 1.7514980003371579, 0.3060955678719482, 1.646107486094436, 0.22271928298681837, 722790000000, 
-0.09034245754708582, -0.0033659888042805314, -0.09029219807049751, -0.004205025955829281, 0.09998503525070837, -0.04205655321604229, 1.7610792659657777, 0.305843271606674, 1.6528951298912429, 0.22216169714296163, 722885000000, 
-0.06653336562262036, -0.04672128478708987, -0.06655707596455707, -0.0073501991349773695, 0.10177775571296815, -0.07221812942806749, 1.7711415026990853, 0.30549237121586065, 1.6630660487638802, 0.22127976511188474, 722980000000, 
-0.06260673774856987, -0.014472883982788363, -0.06261067965607002, -0.007602250646476721, 0.10063522322452298, -0.07554264205799655, 1.7813175680013893, 0.30509432025990757, 1.6732338483432394, 0.22033871135855695, 723080000000, 
-0.06073874135650862, -0.03189565374903424, -0.06074060879883664, -0.004795971367028936, 0.1021208730356082, -0.04696367377662983, 1.791297964017982, 0.3046316722610151, 1.6833968146531748, 0.2193290557666513, 723180000000, 
-0.05718114162654877, 0.03627002572054523, -0.05718469377816352, -0.004221160157568362, 0.09818944151232144, -0.042989959944304844, 1.8015079442261728, 0.3040816498778773, 1.6935504474299947, 0.21826405729061338, 723280000000, 
-0.06651488705228856, -0.04462236032176964, -0.06650557455810467, -0.007661845403716645, 0.10171513887197565, -0.07532649995553042, 1.8112710764205453, 0.3035096509823945, 1.703698669817998, 0.21715011435947426, 723375000000, 
-0.05152473133069259, -0.009614019355058363, -0.051539681754221904, -0.006970453584500597, 0.10032370945669346, -0.06947962373250881, 1.8215001717180672, 0.30286636233453634, 1.7138438884688336, 0.2159714214558003, 723475000000, 
-0.05704701862955226, 0.04193936496930644, -0.057041522117518506, -0.005562780699477056, 0.09681991281790996, -0.057454923657481755, 1.8314777933263149, 0.3021628282395271, 1.7239801320123291, 0.21472106260364257, 723575000000, 
-0.028332860487825455, 0.1662639520271688, -0.028361511801916924, 0.030516167333076057, 0.09180709706066903, 0.3323944260312469, 1.8412072995086695, 0.30140903466780244, 1.7340803397227502, 0.21344606435136443, 723670000000, 
-0.051698789703202644, 0.09510456877211756, -0.05167549589796361, 0.03152270209263362, 0.11997340081797157, 0.2627474246600805, 1.850352309054806, 0.3006475832779557, 1.7441876049020402, 0.21237202684361683, 723770000000, 
-0.03953056400008267, -0.07695141527444334, -0.039542687748619375, -0.003978340167348565, 0.08398174575057063, -0.04737148688435705, 1.8622139646808051, 0.30005560305548307, 1.7509391007480484, 0.21176839376653817, 723865000000, 
-0.04914976850289348, -0.005585950756611811, -0.04914017854712178, 0.009035765274614381, 0.10039066440886453, 0.09000603121635004, 1.870654448434919, 0.2998539900885967, 1.761095660743836, 0.2108968887242646, 723965000000, 
-0.05153925564291433, 0.0147282087382423, -0.051536860859179835, 0.00872461035618191, 0.10037666711086246, 0.08691870937043454, 1.8807386425379773, 0.29956520214213656, 1.7712537012907072, 0.2100870481608236, 724065000000, 
-0.051460359962263495, -0.047556248188570655, -0.05146043617955343, -0.005956709126526197, 0.09653935651888217, -0.06170239103842713, 1.8907747320582173, 0.29936861166269974, 1.7814178900906241, 0.20933803534477455, 724160000000, 
-0.08819517481408135, -0.1486693369711692, -0.08815851166606296, -0.01785807513639512, 0.10840677431984791, -0.16473209583476675, 1.900433634972226, 0.29926324234610596, 1.7916087635807323, 0.20855035134532382, 724261000000, 
-0.0564462014355197, -0.04084973508280833, -0.056477849811463254, -0.0027747078269769894, 0.10635844581220155, -0.02608826977291795, 1.9112323773848903, 0.2990786583952704, 1.8017833794916507, 0.20764167023999816, 724361000000, 
-0.09877744470750663, 0.02554753030439954, -0.09873522963859152, -0.00011569373510453111, 0.09935060044222944, -0.0011644996063391172, 1.9217967953196258, 0.2987247394097372, 1.8119464851539864, 0.20668143609079628, 724461000000, 
-0.05563400159375927, 0.012279145387070622, -0.055677015764278026, -0.00784687273135681, 0.10011127945297116, -0.07838150480379187, 1.9317808045016112, 0.2983643713264382, 1.8221081529126142, 0.20568273282123345, 724557000000, 
-0.06343418986735108, 0.02727500823324674, -0.06342644785344415, -0.002456777237525363, 0.09773475667056256, -0.025137190915679, 1.941757604975811, 0.2980030172881193, 1.8322608031519674, 0.20461933089523351, 724657000000, 
-0.0622043750207594, 0.08014118803012367, -0.06220559398604154, 0.006697700589004524, 0.09803762417846561, 0.06831765503427717, 1.9515801706474738, 0.2975704026071017, 1.8424017998497084, 0.20353047121883272, 724757000000, 
-0.07102605625248372, -0.03705237271644436, -0.07101725281973625, 0.00013567940197342632, 0.0974496214729544, 0.0013923030169089162, 1.9614261172832865, 0.2971119021828573, 1.8491620027241478, 0.20282113397155793, 724852000000, 
-0.0453431448508009, 0.04782781842120825, -0.045368766762311205, -0.0016648612137592084, 0.10009683186744503, -0.016632506570876587, 1.9711963792175233, 0.29672409040212644, 1.8593042831495852, 0.20177199710211516, 724952000000, 
-0.06231700341719283, -0.04187367265076477, -0.06230008849221469, 0.0012624931747339616, 0.10068456304824605, 0.012539093744976575, 1.981091281075564, 0.2963326978983424, 1.869451915617708, 0.20072021658086994, 725052000000, 
-0.0508592674055771, 0.008805575358452035, -0.05087068484800616, 0.0017428436321002265, 0.10005584013153286, 0.017418709690599707, 1.9911199694150743, 0.29591951422395013, 1.8795964204044617, 0.1996733464034197, 725152000000, 
-0.05644120265863299, -0.020167660494128065, -0.056435642780829846, -0.0030053061492655783, 0.0997497289846191, -0.030128464306193564, 2.0010876827439885, 0.29552132711650836, 1.8897419620552192, 0.19863877304130692, 725252000000, 
-0.029347871833878353, -0.0037553578701511395, -0.029374904958031793, -0.0022120157175242183, 0.10008544666543698, -0.02210127237497862, 2.011150656392119, 0.29513678921674386, 1.8998925975379783, 0.19758996623687056, 725347000000, 
-0.068887071974766, 0.0025530671638005374, -0.06884763836017417, 0.00028436708112931973, 0.09994762728523617, 0.0028451608992955575, 2.021074934362287, 0.29472732730014806, 1.910039635027906, 0.19651800326797025, 725444000000, 
-0.05643206421688028, -0.0022217691055479083, -0.0564444543323549, -0.0013728203139874425, 0.10002038316488737, -0.013725405467846452, 2.031036097337875, 0.2942944807312689, 1.9201848311339929, 0.1954340538727026, 725545000000, 
-0.056203138805854314, 0.056276380212569296, -0.0562033791689283, 0.07326004980796906, 0.09908251461452489, 0.7393842404281248, 2.04105085470001, 0.2938621372626355, 1.9302741064466267, 0.19441306646836118, 725650000000, 
-0.1127930239564355, 0.16238357190148325, -0.11273654163651346, 0.08699949542458414, 0.14889130799384792, 0.5843154754754314, 2.05103768509781, 0.29341798220755816, 1.9403684655327675, 0.19390157652510442, 725740000000, 
-0.0828531667268497, 0.035161831212388125, -0.08288299440050584, 0.043740130760218245, 0.0982486025307858, 0.4451985029152191, 2.065881012290393, 0.29386485221464514, 1.9470997182727932, 0.1938441400413391, 725845000000, 
-0.07334190269022375, 0.07677496193696279, -0.07335142285095855, 0.054451466221462665, 0.10915846243535907, 0.4988295456589769, 2.075609529713435, 0.29472679386561734, 1.957197269110856, 0.1941801626288129, 725940000000, 
-0.03999782003420946, 0.030449631288423193, -0.04003110816592728, 0.04606466846101962, 0.0910839289427999, 0.5057387070988991, 2.0864182465700014, 0.2961687633688899, 1.9672649060346024, 0.19503135984656084, 726035000000, 
-0.096362383624023, 0.012929018957890174, -0.09630616486945134, 0.03982624008077164, 0.08565305379114678, 0.46497163052566065, 2.095466045281301, 0.2978381998660542, 1.9772768770674995, 0.196393618196994, 726135000000, 
-0.0422885488095574, 0.039343580167093564, -0.04234245619700787, 0.03343751397398991, 0.1009791372003086, 0.33113289438848287, 2.103746751639339, 0.2998080347765597, 1.987221145915486, 0.1982379467767183, 726235000000, 
-0.08335678264981436, 0.06545141282815461, -0.08331584925112474, 0.04571191197566212, 0.10572820610638702, 0.43235304616504483, 2.1134581446571903, 0.30259766330173593, 1.997104595353856, 0.20046598314371245, 726330000000, 
-0.08865856362287401, -0.08617746486172995, -0.08865323576165095, 0.01967592283033102, 0.05527038232386992, 0.3559939700622168, 2.1235082941206427, 0.3058487704353148, 2.0068939842140052, 0.2030738702622305, 726430000000, 
-0.07018518033718198, 0.05463148166253194, -0.07020360552428156, 0.030637868476509837, 0.10668525371797402, 0.2871799748210943, 2.1287086173380385, 0.30778286507057995, 2.0165895070718203, 0.20603035973838832, 726526000000, 
-0.02127261758694218, 0.17942400058587843, -0.021321446971723897, 0.03811986581691894, 0.13993172235493553, 0.2724176132144522, 2.138518992107611, 0.31183567860055966, 2.0261935833500258, 0.2092921680771099, 726626000000, 
-0.03965088658012376, 0.12040342615535643, -0.03963259542200852, 0.04060909982970239, 0.12070844739197271, 0.33642301518330153, 2.1513951778538423, 0.3175908136569991, 2.0325431740764324, 0.2116204475503247, 726726000000, 
-0.09173553793928277, -0.03524013329061884, -0.09168354255743205, 0.02336325870503164, 0.08027468520491049, 0.2910414241475279, 2.1622132287436013, 0.3227870687442596, 2.041969045170244, 0.21536103032935247, 726826000000, 
-0.0635625974395912, -0.08428530128140163, -0.06359066235751853, 0.016809103085141122, 0.07017323407572974, 0.23953724388704997, 2.1694893114861564, 0.3265865779156162, 2.0512783774952075, 0.21938993213080243, 726922000000, 
0.014240218531309759, 0.10348098993072366, 0.014162548056517302, 0.03414910926613451, 0.11652392371431028, 0.29306521937812724, 2.175491982358402, 0.3299520880895327, 2.060481390100774, 0.22367352861061918, 727022000000, 
-0.041608954588223626, 0.11184444867365771, -0.04155329412020847, 0.04053695607136162, 0.12025414596872755, 0.33709404149694244, 2.185430840009573, 0.3358353711967286, 2.069556443000733, 0.22820944343215438, 727122000000, 
-0.07340875568761426, -0.013374927573346714, -0.07337696669673205, 0.02525973032814418, 0.08690480735683204, 0.29065975860722487, 2.1956387436997127, 0.3422855152654372, 2.078476551514592, 0.23302688288125567, 727222000000, 
-0.07024342017885186, -0.03911920238336432, -0.07024654719584614, 0.02023596409749769, 0.08225245723569219, 0.24602260865608042, 2.2029013038138645, 0.34722622307702256, 2.0872488598784655, 0.23812329679180222, 727317000000, 
-0.0754337973895405, -0.03756492400706775, -0.07542861952795221, 0.02129868940837626, 0.08504493020603096, 0.2504404360939303, 2.2094925539066197, 0.3519992983009559, 2.0958790086583186, 0.24346308489760418, 727412000000, 
-0.05240202890024346, 0.044121873206041905, -0.05242500699073699, 0.028891118652362113, 0.10332444850752662, 0.27961551278212293, 2.216238468227226, 0.35713920546129424, 2.1043601804858825, 0.24903550285542703, 727512000000, 
-0.04583986461170833, -0.009165059393055605, -0.045846437395458746, 0.023826243276395022, 0.09026396201932334, 0.2639618596765606, 2.224297830888701, 0.36360418151220153, 2.1126828636517625, 0.2548425374293256, 727613000000, 
-0.07875478491133801, -0.05862537956594993, -0.07872194285120447, 0.018395461470284424, 0.07932402989499211, 0.23190276004176846, 2.2312575469806526, 0.36951429623117366, 2.1208478525944066, 0.26087360274821253, 727708000000, 
-0.07320772069359613, 0.03688335607594721, -0.07321322090793073, 0.025728745207637117, 0.10220186646940668, 0.2517443770495015, 2.2370805201103603, 0.37473295467395906, 2.126205850769668, 0.26500883004319603, 727808000000, 
-0.07853411571381322, 0.040219621689664746, -0.07852880462088638, 0.026226670655309314, 0.10298548691970841, 0.25466375350302195, 2.2445632917128187, 0.3817540200118416, 2.1341107288985293, 0.27138001040733695, 727908000000, 
-0.04493101630456065, 0.05726029076884635, -0.04496454587201848, 0.02715489819176046, 0.10711853550943856, 0.2535032621816208, 2.2518910727325516, 0.3889864391154947, 2.1418504971840244, 0.27794944905202684, 728009000000, 
-0.06195051636849402, -0.1421545203204151, -0.06193356783878633, -0.0018847170066587974, 0.06728915444564046, -0.02800922410432971, 2.2594005933759482, 0.3967854372731468, 2.1494286408438943, 0.28471650189739955, 728104000000, 
-0.08225121648211668, 0.021531160082825795, -0.08223093559031869, -0.13701210069253625, 0.09934204951213094, -1.3791954299856208, 2.2639168802469984, 0.40172275856367773, 2.1572824097477894, 0.2914628908058485, 728204000000, 
0.02139029355584095, -0.266316984967439, 0.02128689072552445, -0.07906022849192357, 0.20833149494789666, -0.37949244549748173, 2.2706512069236964, 0.4090419448687888, 2.1660039251699006, 0.2971960626430467, 728304000000, 
-0.021246240984679733, -0.20966992738586554, -0.021203799751629802, -0.08934075755247461, 0.14004839075084013, -0.6379277696337162, 2.286790174446896, 0.4223395841153598, 2.1749885376660907, 0.30219612450436334, 728404000000, 
-0.02994587133216787, -0.07505605861800277, -0.029937149845818255, -0.06702232313228462, 0.10631507321038995, -0.6304122370273143, 2.2979117250347336, 0.4308126371299109, 2.18423575938427, 0.3067240671332077, 728504000000, 
-0.06593854892743552, -0.04855896713801783, -0.06590261956706127, -0.04867431919515508, 0.10117092908522979, -0.48110973809630825, 2.3066972770097838, 0.43666138811758665, 2.193718913936433, 0.310737912842613, 728604000000, 
-0.17124152828042452, 0.16576226080498652, -0.17113640480356745, 0.007633559814391507, 0.042084362372183756, 0.181387084990909, 2.3155425857741, 0.4417822318156271, 2.203309606590611, 0.31431898519714907, 728700000000, 
-0.09803645188285497, 0.18238265715711685, -0.09810939550275768, -0.016021232770486872, 0.13100051945744168, -0.12229900184244469, 2.319269310911186, 0.4437046516789483, 2.2097037571047835, 0.3166820930866472, 728795000000, 
-0.06705818985630124, -0.10512550563485926, -0.06708918027045886, -0.027698138374948812, 0.1095966414212388, -0.25272798523533196, 2.330867300673171, 0.44995444570449783, 2.219299915165084, 0.320158124528351, 728895000000, 
-0.059649273035153896, -0.022201407070863884, -0.05965669781454729, -0.0010982193274629833, 0.1057350989158286, -0.010386516291408882, 2.3405992381184366, 0.4550450611090402, 2.2289597567025665, 0.3235156441948252, 728990000000, 
-0.06845547759587473, 0.09155518960031343, -0.06844669643481593, -0.0018499772710881114, 0.09918652665051703, -0.018651497673736396, 2.3499621012014154, 0.4596447898030931, 2.2386212694240237, 0.3268043948563446, 729090000000, 
-0.03169256100468564, 0.0007252142733945172, -0.03172924103320365, -0.030761216547138787, 0.10011974023311021, -0.30724427046571445, 2.3589157197585435, 0.4640320744292708, 2.248332838747471, 0.3300337606800558, 729195000000, 
-0.018962979147701405, -0.19692045987952514, -0.01897571517172056, -0.05873708243757767, 0.14440947306831123, -0.40673981553684346, 2.3679935700210115, 0.4684588247885057, 2.258123110376059, 0.33304647747125016, 729295000000, 
-0.07212990181771749, -0.02545677809468732, -0.07207685730857358, -0.02025481690500328, 0.10572172729967291, -0.1915861329770947, 2.3810451610035224, 0.4743300081193561, 2.26798742386057, 0.3358026894419269, 729390000000, 
-0.06707698581431298, -0.008044671086350517, -0.06708197578317036, -0.0214474005813143, 0.09780947846488462, -0.21927732279049322, 2.390821847211044, 0.47826250050472624, 2.2779062555071627, 0.3383583875639496, 729490000000, 
-0.03287131856445133, -0.08622152193254869, -0.032905458886618826, -0.03613022858049568, 0.11186156900902278, -0.3229905400091555, 2.4000215333345976, 0.48176029804703097, 2.2878922000623887, 0.34067554444420606, 729586000000, 
-0.04871488449573981, -0.03449951763168349, -0.0486991070070365, -0.022094845349667266, 0.10458910889230817, -0.21125378716456578, 2.410592738965667, 0.4855146906866564, 2.297936559903843, 0.3427053257608301, 729681000000, 
-0.04994310830976972, 0.0956368526843763, -0.0499418688856362, -0.009409565027411094, 0.07858712603855222, -0.11973417914271448, 2.4204945409876384, 0.4886742558442753, 2.3080139388773278, 0.34450800736898185, 729781000000, 
-0.08106295534152076, 0.006620120632472927, -0.08103189400777919, -0.022202842693727316, 0.09712284352921585, -0.22860577271966304, 2.4280054004811835, 0.49089833756989015, 2.314747960105127, 0.3456126856177268, 729881000000, 
-0.07692968459279824, -0.11514413732899297, -0.0769337761145529, -0.06208569135014796, 0.11404142096777109, -0.5444135194325035, 2.4373841313790003, 0.49355412460816567, 2.324894676084106, 0.34708782963053636, 729981000000, 
-0.06509963053085446, -0.049797701106771806, -0.06511144055456139, -0.0301015228011014, 0.11144909592934209, -0.2700921218794412, 2.4484711732079703, 0.49642029929048126, 2.3351106793734413, 0.34816880992890026, 730081000000, 
-0.07081122175031877, 0.01910083466552484, -0.07080553504618047, -0.027336673454243954, 0.08781432564383682, -0.3113008413355909, 2.459398766025425, 0.4986165762684611, 2.345347495153439, 0.34890619006934687, 730181000000, 
-0.04756650510207886, -0.14862548788053967, -0.04758969240283535, -0.033847363444328774, 0.13501412754334174, -0.25069497585327294, 2.4680010425379635, 0.5001049264558068, 2.355572207699054, 0.3493650121482192, 730281000000, 
-0.09268798579593866, 0.11812486782157032, -0.09264298351242202, -0.010353914586050368, 0.06976674748955655, -0.1484075861154378, 2.4813960550969285, 0.5019980212565831, 2.3658077779619022, 0.3496215808349716, 730376000000, 
-0.06630362879775623, -0.1720409548007923, -0.0663299092373905, -0.002154529231585008, 0.12407412902212862, -0.017364854773235988, 2.4883674008583787, 0.5028052547779442, 2.376030333951242, 0.3496986021410289, 730476000000, 
-0.07365120588547594, -0.013663649046747049, -0.07364390089200312, -0.0024088535901711627, 0.10031055593762508, -0.02401395912578763, 2.500603990275055, 0.504037680320191, 2.386243128054071, 0.3496975325893576, 730576000000, 
-0.03807077534691886, -0.03313006685894043, -0.038106276723421595, -0.008765750178442918, 0.10079861621907993, -0.08696300115262565, 2.5105764342885837, 0.5050247239500165, 2.3964559535587715, 0.3496338314590387, 730671000000, 
-0.07473700285275539, 0.011526258061980712, -0.07470044505287006, -0.007230619247807737, 0.09851311842215012, -0.07339752678240234, 2.5206154800569234, 0.505993984713891, 2.406668297076646, 0.34949118485180547, 730771000000, 
-0.07200935747236772, -0.006967846841072406, -0.07201204227390175, -0.008924777035721582, 0.09997836380147554, -0.08926708436080512, 2.530592909490037, 0.5068697561536935, 2.4134768624159144, 0.3493552630681074, 730871000000, 
-0.03989174945425313, -0.018248327514395795, -0.03992380492618282, -0.01436991569292347, 0.10048920617923361, -0.14299959407872262, 2.540373892629154, 0.5076547712204645, 2.4236928242251374, 0.349074266273539, 730966000000, 
-0.07060700204790281, -0.03782049874778891, -0.07057637940466821, -0.01762877266817069, 0.10310966275803408, -0.17097110199593873, 2.550403048103074, 0.5083712849649316, 2.4339135789993254, 0.34865788125093217, 731071000000, 
-0.06369098305690567, -0.022262639277705783, -0.06369785415762506, -0.014969448851617922, 0.1015555410668193, -0.1474015961548435, 2.5607887668545675, 0.5089640361646509, 2.4441302676109578, 0.3480662534747461, 731166000000, 
-0.07737372640132126, -0.02199524119914395, -0.07736007720975688, -0.0158487362427177, 0.10123154975311763, -0.1565592572806543, 2.5709413301920505, 0.5093679766377264, 2.454332686231561, 0.3473024167512556, 731266000000, 
-0.06402714626833408, -0.015850116079521942, -0.06404045194472233, -0.016748843294172457, 0.10015105802627693, -0.1672358098281699, 2.581007985167656, 0.5096198820618599, 2.464520921462915, 0.3463713671364028, 731367000000, 
-0.04829656323035507, -0.049295746144011526, -0.04831227451186673, -0.015848291878676625, 0.10584525573810867, -0.14973077223120718, 2.590986228419558, 0.5097141297709769, 2.474691404805535, 0.3452742498563525, 731462000000, 
-0.058103134150323095, 0.058828477448873664, -0.058093363928323996, -0.010538395664398488, 0.0899247135238932, -0.11719131761924839, 2.6015737327056927, 0.5096377503481008, 2.484841808751833, 0.34402497454386616, 731567000000, 
-0.02789237847732595, -0.0778521872921696, -0.027922516834982626, -0.01494751059419271, 0.10763132487398056, -0.13887695437823427, 2.6106720153988423, 0.5094358270932848, 2.4949731813532963, 0.342636776336432, 731662000000, 
-0.04350182821135263, -0.03835651294166825, -0.043486280116646826, -0.015119323735635045, 0.10347731017984527, -0.14611245411537477, 2.621409497055748, 0.5090700852337587, 2.505084714653102, 0.3411076751614405, 731762000000, 
-0.03297295809915856, 0.014531173611532517, -0.032983450739819384, -0.013254576682132852, 0.09620404887965486, -0.13777566366997177, 2.6316356541664545, 0.5085797488941243, 2.5151735616853106, 0.3394340684508299, 731862000000, 
-0.0785386109946587, 0.009989077411819064, -0.078493145793715, 0.03249823508265909, 0.10214765499821145, 0.3181495951446768, 2.641266252112521, 0.5079783254998064, 2.5218721508702964, 0.33824788350282103, 731957000000, 
-0.029807915016860382, 0.1439226173863256, -0.02985649945608663, 0.046068147198994824, 0.13075079054271477, 0.35233551558485526, 2.651532566467708, 0.5071951360190631, 2.531860436699043, 0.3367989361009872, 732057000000, 
-0.06845963483761874, -0.08309941199790713, -0.06842111561266556, 0.026198648706814303, 0.05808801164567401, 0.45101644839594707, 2.6645034378850765, 0.5066230184359105, 2.541918187373736, 0.33585950260569336, 732157000000, 
-0.058454598434823916, 0.029003398737530522, -0.058464541054460265, 0.04700973175718167, 0.09171356913841576, 0.5125711734785258, 2.6702943965329213, 0.5065705219746323, 2.5520132307630896, 0.3354372601142618, 732257000000, 
-0.04875065982006069, 0.009531571731883681, -0.04876035466480199, 0.04182484016284426, 0.08241460276885249, 0.5074930747424704, 2.6795052382077182, 0.5069011479774489, 2.5621159528717046, 0.3355314753831155, 732352000000, 
-0.04230362473069584, 0.04468299706118606, -0.04231006662590785, 0.04854812921424197, 0.09689357612917841, 0.5010459016345692, 2.6878029576909275, 0.5076281529641222, 2.572200668135301, 0.3361380199303194, 732447000000, 
-0.11648619970987614, 0.007425978981879356, -0.11641217258706284, 0.0407273766068149, 0.08227284667175185, 0.49502816851964515, 2.697297873855338, 0.5089533462643787, 2.58224156667875, 0.337256791244611, 732547000000, 
-0.01687720145316371, 0.1520778891762123, -0.0169765307818332, 0.062291088507590436, 0.14174188754062417, 0.4394684562792872, 2.70537184741088, 0.5104914969142174, 2.5922194352267613, 0.33887846061712, 732652000000, 
-0.02882073073404875, -0.0010976465560906465, -0.028808915284753787, 0.029194411486728286, 0.08870162143729829, 0.3291305278716391, 2.719161565079944, 0.5138319541876838, 2.602125842387225, 0.34095184512792975, 732752000000, 
-0.06260450700635896, 0.01970483781018435, -0.06257077797897824, 0.03427699009891969, 0.0944168862863066, 0.36303876824511344, 2.7276939843625323, 0.5163007994884236, 2.608687020888872, 0.34254459959234235, 732842000000, 
-0.03856254285526268, 0.06377969958687868, -0.038586501121422895, 0.03775706323373487, 0.10853828929141887, 0.34786860452866913, 2.7368176120665324, 0.5192698576983347, 2.6152126465350793, 0.34429882454397714, 732944000000, 
-0.08442878132393897, -0.046076590739883405, -0.08438303335984323, 0.023757947971157163, 0.07551649772612123, 0.31460606207296693, 2.7468259450101544, 0.5229401976277405, 2.624923578124502, 0.34720610318269873, 733039000000, 
-0.05942328468746669, 0.039133707415410376, -0.059448191157813496, 0.030659340426145532, 0.10184100635860643, 0.30105103555425106, 2.753859641850559, 0.525795893320849, 2.6345420450338355, 0.3504242230746521, 733114000000, 
-0.05473143852255685, 0.04408308268795519, -0.05473614522722249, 0.03404840864297037, 0.10240189940505533, 0.3324978231926183, 2.7630944799069126, 0.5298898383099458, 2.644052287329322, 0.353938828488931, 733201000000, 
-0.049087451471995724, 0.03666375644354124, -0.04909308845644141, 0.031140806319524334, 0.10126465440053488, 0.3075190104965178, 2.7724061531122195, 0.5343551330864377, 2.6534361847045074, 0.35777024152896286, 733303000000, 
-0.062144490609749, -0.0289856516431326, -0.062131466591416315, 0.025217923362451815, 0.08279106663858728, 0.3045971550594595, 2.7813328698277, 0.5390100985203325, 2.6626938047771493, 0.3619072246324438, 733409000000, 
-0.053308246573415485, 0.051449299332361316, -0.053317049311638186, 0.03136777898056564, 0.10538171502421462, 0.2976586495423608, 2.7885770779801673, 0.543074083989043, 2.6718186771706742, 0.36633518877682286, 733509000000, 
-0.04926261888060837, 0.09803872948100402, -0.04926666340873627, 0.035549045129380806, 0.11804753558424776, 0.3011417811768742, 2.79768876991755, 0.5485581812337277, 2.6808052974713865, 0.3710386302998174, 733609000000, 
-0.012549842769603907, 0.1017527829269878, -0.012586485744528184, 0.035721364694255915, 0.11924790771081445, 0.29955548386545305, 2.8074817371061993, 0.5548604951475553, 2.689646161652914, 0.376011682071492, 733704000000, 
-0.049847859349783336, 0.03601369456784859, -0.04981067393408189, 0.028620998819227857, 0.10171338669880119, 0.2813887114385622, 2.81731239103892, 0.5616082257864705, 2.6983357292110544, 0.38124692086188294, 733804000000, 
-0.05811733176710876, -0.02293364887958778, -0.058109042683129906, 0.022610069538523535, 0.08669630705412959, 0.26079622427754323, 2.825559139899863, 0.5676399236963231, 2.706871929446156, 0.3867323765499784, 733905000000, 
-0.08589381154908006, -0.03289271301041371, -0.08586608178824709, 0.02247869511018245, 0.08506159347584699, 0.2642637433845536, 2.832455620370795, 0.572989647527393, 2.7152528584287254, 0.39245383096221076, 734000000000, 
-0.0457919414568483, 0.04897826582961004, -0.04583193286180843, 0.0306364215134811, 0.1044374929666014, 0.29334696422939294, 2.839043061358071, 0.578382494328686, 2.720750242053621, 0.39639633700932225, 734100000000, 
-0.026989599500892057, 0.070931170279183, -0.02700840319613448, 0.033067161614134935, 0.11048359805492715, 0.29929475683526824, 2.8468887466943817, 0.5851596748240053, 2.7288469979936645, 0.4025074169775346, 734195000000, 
-0.0259415406127698, 0.0019998027541658133, -0.025942606153431743, 0.005138810933996157, 0.09968744587532877, 0.05154922858012495, 2.855027155633171, 0.5926143140112522, 2.736762973986766, 0.40885923162615156, 734295000000, 
-0.06752440222632436, -0.23245668512429665, -0.06748290335110445, -0.13027857297523765, 0.09748113471635315, -1.3364490817050625, 2.8621886291740823, 0.5995787211658339, 2.7449098319115315, 0.4152255730492558, 734396000000, 
-0.17509660022451468, 0.012592814536821944, -0.17498920520140954, -0.045880933229782185, 0.050591749118473, -0.9068856884615852, 2.8691108506933882, 0.6063784911440027, 2.7539037624674845, 0.4205825546171132, 734492000000, 
-0.05408979964637454, -0.0258184734010803, -0.054210453380733825, -0.039982064122833505, 0.07817932329584032, -0.5114148145224586, 2.873151251676525, 0.6094083363255742, 2.7632046701893955, 0.4249657569210329, 734593000000, 
-0.04393075473042447, -0.05126820839195734, -0.04394101114495812, -0.05189911148996035, 0.10050306972880925, -0.516393296543095, 2.8798282161685305, 0.6135296487827869, 2.772702821464971, 0.42892547667085096, 734693000000, 
-0.0667865630699649, -0.029333649146957914, -0.06676376330261383, -0.0427721973877276, 0.09400266909011494, -0.4550104566363361, 2.888731642115181, 0.6184130921218498, 2.782389235519165, 0.43240497860609717, 734788000000, 
-0.08433369683597522, -0.028786647693986422, -0.08431615959806513, 0.006451689989108788, 0.11123708300913508, 0.057999453191153516, 2.897136208503325, 0.6224679223391542, 2.788916843891617, 0.43446791586075467, 734888000000, 
-0.10960400151928537, 0.011082026331689495, -0.10957876462479316, 0.02102018957737189, 0.0978086433807683, 0.2149113703125444, 2.9073697615712066, 0.6268479543626287, 2.7986519892013533, 0.43748880040453597, 734988000000, 
-0.06136750950413525, -0.20344815431263152, -0.06141562733536341, -0.0026265081808157682, 0.059115146124151474, -0.044430376189879855, 2.916310477672469, 0.6307363589938808, 2.808295372922021, 0.44066235979447593, 735083000000, 
-0.054598555758183676, -0.09432368023485355, -0.05460535416600281, 0.003374202896071398, 0.10379669072550321, 0.03250780802824135, 2.921685296680421, 0.6332120217145961, 2.817920425187782, 0.4439727491395013, 735178000000, 
-0.06611579593424775, 0.019659085067673818, -0.06610430829419575, 0.012419957836474371, 0.09996522452235103, 0.12424278438645849, 2.93112466113913, 0.6375091706832465, 2.827523229780888, 0.44736745565191977, 735274000000, 
-0.02340427722010989, -0.07467625689088654, -0.023446892200515927, -0.007040920240497261, 0.09201002567040603, -0.07652340263134925, 2.940173265198162, 0.641664065643333, 2.837110455561216, 0.4508399001870572, 735370000000, 
-0.07040622585107792, -0.017601328171571673, -0.0703593591712731, -0.017928488508534155, 0.09999308232233742, -0.17929728829380348, 2.9484988745271186, 0.6456122511194645, 2.8467051875780514, 0.4543055197345619, 735470000000, 
-0.060666796983125354, 0.025022434709477057, -0.06067647002812716, -0.005374681946213754, 0.09468454436565014, -0.056764089453268704, 2.9576544451043727, 0.6498682874363849, 2.8563695308014934, 0.4576733619424191, 735565000000, 
-0.08595881877740863, -0.10754134855579443, -0.08593358513620196, -0.009169266869462575, 0.10581064860855627, -0.08665731653705327, 2.966380810428061, 0.6537343999665609, 2.866075869091264, 0.46089548606791353, 735665000000, 
-0.07526486226766375, -0.023968356341321696, -0.07527550941126676, -0.022428149176149957, 0.10033457640429988, -0.2235336010766154, 2.9759498939733304, 0.6579085099079508, 2.8725699429515315, 0.46297236636601086, 735765000000, 
-0.054918644502881364, -0.03657241531898799, -0.05493895958344393, -0.016721637928699642, 0.1046280448760113, -0.15981984513344866, 2.9851575779895163, 0.6618314708775827, 2.8823664793372776, 0.46593539884519986, 735860000000, 
-0.0712830045986664, -0.010664951256685045, -0.07126669300703377, -0.009050896085637203, 0.10061151561284075, -0.08995884845295049, 2.9949564478704853, 0.6657506430713269, 2.892207638045989, 0.46872788892145917, 735960000000, 
-0.03406440784881681, -0.0285497363078705, -0.0341015351016063, -0.013365374249805252, 0.10163556145709346, -0.1315029312397471, 3.00436864675921, 0.669340351386509, 2.9020730498777487, 0.47139856150761894, 736060000000, 
-0.06817433517103502, 0.04333961221753778, -0.06814033089482309, -0.014164361767787813, 0.09269963683709662, -0.15279846017821191, 3.013813002544665, 0.6728451799642244, 2.911974637026352, 0.47395099339715596, 736160000000, 
-0.053616072900615916, 0.02782153503901636, -0.05363056731384775, -0.008333480870717384, 0.09461688206119935, -0.08807604614710499, 3.022541719649296, 0.6759555823556098, 2.921906890687429, 0.47636784195021115, 736265000000, 
-0.055963008040957295, 0.0324920599830337, -0.05596067950251569, -0.007050829307134394, 0.0966473797328555, -0.07295416933830694, 3.0316046932031844, 0.6790300029456021, 2.931860358014012, 0.4786804599300423, 736360000000, 
-0.09166217117925539, -0.10138955304122688, -0.09162653898381487, 0.08019743075779955, 0.11060162923054909, 0.725101712476839, 3.0407200544913433, 0.6820319383095726, 2.941767739089236, 0.48094539139758596, 736452000000, 
-0.07488481681183339, 0.21310673836237284, -0.0749015167885296, 0.06752078088846372, 0.18532653317765774, 0.36433412815064614, 3.0512462009042522, 0.6854150913624003, 2.9482641428644247, 0.48270066088238783, 736552000000, 
-0.01983975040400705, -0.01649150211537383, -0.019894711499776882, 0.027273752598049067, 0.08525504139113818, 0.31990779844819867, 3.0683335280583646, 0.692306929445993, 2.957907734056761, 0.4857243627628667, 736647000000, 
-0.0768880046596844, 0.03682661385146551, -0.0768311235462232, 0.041108249454627044, 0.09823125093237445, 0.41848443407207836, 3.0762618231304732, 0.6958437145217521, 2.967445163896953, 0.489147832783771, 736747000000, 
-0.04800962532838537, 0.050367461640305415, -0.04803838809690524, 0.04106369320255142, 0.10306821726341747, 0.39841276285591065, 3.0850265594657698, 0.7001012155613302, 2.976840941623194, 0.49293083186353515, 736843000000, 
-0.041381136327216024, 0.01613844199644317, -0.041387780050995124, 0.013986052924001915, 0.10080068616586406, 0.13874958054341363, 3.094041007253888, 0.7049522288291965, 2.98609176086261, 0.4970680977696104, 736948000000, 
-0.059194499500936575, -0.18068555618656065, -0.05917673055396091, 0.0049337899633081885, 0.07431106856546187, 0.06639374266246663, 3.102822342933186, 0.7101355492585598, 2.995299861265548, 0.5014131260383604, 737043000000, 
-0.04732019050271191, 0.03303457071476672, -0.04733202019762818, 0.017216549495176526, 0.10084215885420583, 0.17072769653878223, 3.1091028085065306, 0.713962516764599, 3.004461582500663, 0.5058458515226408, 737143000000, 
-0.07281049065728151, 0.007397871162542796, -0.07278506261949523, 0.006413502233195152, 0.10001981762250248, 0.0641223148136619, 3.117754288000917, 0.7193126095249681, 3.013568293291201, 0.5103997582212013, 737238000000, 
-0.06531065317092977, 0.09824168864267636, -0.06531811136052947, 0.0020265777485801747, 0.10612426781231948, 0.019096270724469663, 3.126069641020048, 0.7246548248761481, 3.0226468769674475, 0.5150253133300827, 737338000000, 
-0.04428991132514458, 0.04277695438324801, -0.04431089749077702, 0.011322087198156904, 0.10036647113398231, 0.11280746518469001, 3.1350334680690755, 0.7304941557744633, 3.0286889330274556, 0.5181297068407872, 737433000000, 
-0.07492429789049476, 0.04030286842514903, -0.07489374490960408, 0.01576890254978206, 0.10249669294758726, 0.15384791544294654, 3.1434394101563954, 0.735993251774648, 3.0377085989218857, 0.5228510668111677, 737533000000, 
-0.04990451244648786, 0.012577392865509789, -0.04992945132954718, 0.01107033262065788, 0.1000151249894086, 0.11068658487234012, 3.1519330025444527, 0.7416876852164848, 3.0466550369637866, 0.5276891890227756, 737628000000, 
-0.047000108010004274, 0.008792062728622728, -0.04700303109056725, 0.01307746152190426, 0.09927557575002217, 0.13172889125149534, 3.1601095925701332, 0.747353347258549, 3.0555376284018543, 0.5326508947149786, 737733000000, 
-0.05958553349403241, 0.03842550328604098, -0.05957297531794878, 0.018655692296617003, 0.102268076741257, 0.18241950852187017, 3.1682699388031548, 0.7531417731976014, 3.064348428591708, 0.5377354419471827, 737828000000, 
-0.038273762098020164, 0.00726966025318827, -0.03829501861301164, 0.014852188604667848, 0.09833160107671017, 0.15104186692822585, 3.17658371179429, 0.7592065715288939, 3.0730677102276505, 0.5429647089051648, 737928000000, 
-0.034571132346868615, 0.0512221275562025, -0.03457484770727386, 0.012244267905669601, 0.10560578798489927, 0.1159431517846392, 3.1843723537674355, 0.7651102981409089, 3.0817049270531505, 0.5483374964394707, 738023000000, 
-0.06679898307697014, -0.03514884338490008, -0.06676682400333112, 0.011487768901868728, 0.0943337692582133, 0.12177790617508406, 3.1926169884133397, 0.7715567349948828, 3.090269937750192, 0.5538286986091763, 738124000000, 
-0.06020394256350002, 0.025996486452668426, -0.06021049098864449, 0.013891889995012886, 0.10120323847565946, 0.137267247612378, 3.2000335373625286, 0.7774942797045431, 3.0987596708414396, 0.5594361662123971, 738219000000, 
-0.055115890116190995, 0.0056067367959642305, -0.05512097415939719, 0.010939057646693284, 0.09904526048547072, 0.11044503889510161, 3.2079286278110573, 0.7839754059578338, 3.104377153194791, 0.5632391734072206, 738320000000, 
-0.06232241107849799, -0.015278774909109973, -0.0623152236756539, 0.010316292067884869, 0.09694942070849816, 0.10640901196205485, 3.2154329092012595, 0.7903117178707962, 3.1127495524764517, 0.5690275872366092, 738420000000, 
-0.02455157402254713, 0.03608094977890597, -0.02458926120043995, 0.013174404540734229, 0.10218178174573238, 0.12893105126623472, 3.222735955452174, 0.7966163956670191, 3.1210577450191854, 0.5749089505809946, 738516000000, 
-0.052967695650436804, 0.02487611514527858, -0.052939373668782375, 0.012704515244121277, 0.10133771153573681, 0.12536808905183358, 3.2304270108665825, 0.8033995111146066, 3.129292394429027, 0.5808879797011013, 738611000000, 
-0.07437540492150789, -0.060508100339584564, -0.07435401064002409, -0.10038920757738093, 0.10626072961159705, -0.9447441961326857, 3.2379364152106542, 0.8101971620801853, 3.137541501040589, 0.5869547046593673, 738706000000, 
-0.10842057641470385, -0.0210185305663592, -0.1083865834679053, -0.05746699309593692, 0.04160932760005448, -1.3811084295402476, 3.2456533732888726, 0.8173591032363152, 3.146445928722113, 0.5924197859761887, 738806000000, 
-0.16408496311600937, -0.16956528449606614, -0.16402936518433034, -0.03601679816073986, 0.13694985790620012, -0.26299259240859185, 3.2489910315658825, 0.8199197671288825, 3.155936902409544, 0.5966364270235683, 738902000000, 
-0.14645219596869563, -0.17283892832653078, -0.14646973735006058, -0.06729373965935524, 0.12762303357979554, -0.5272852225165157, 3.260986393322109, 0.826712976159236, 3.1655570490158733, 0.6002551517471182, 739002000000, 
-0.12803755422913946, -0.014708695319369617, -0.12805595218750665, -0.04192049463591392, 0.08734403611435151, -0.4799468458388077, 3.272193481945154, 0.832673245753201, 3.172062175825054, 0.6024106817599946, 739097000000, 
-0.018294924723272613, -0.19435498281970257, -0.01840445758489448, -0.031798004947473965, 0.16676364797938348, -0.19067707700544584, 3.280121984017405, 0.836370419667672, 3.1819490628830707, 0.6052529409411987, 739197000000, 
0.014011502317166706, -0.12384806473109025, 0.013979147532505731, 0.02226064462577815, 0.1297158194688619, 0.17161086995346614, 3.295490987418596, 0.8426582024848528, 3.191848263697752, 0.60779657560877, 739302000000, 
-0.029513064658862293, 0.17534665448068246, -0.02946965927537709, -0.0026613965580301697, 0.13048742650043285, -0.020395808465280302, 3.307572145902839, 0.8473355854513122, 3.201660756981883, 0.6104281799557275, 739397000000, 
-0.0672977502714921, -0.13009712383778962, -0.06726000016189493, -0.003971103228599267, 0.10238071255216766, -0.03878761076775871, 3.3197007197990613, 0.8522717276405908, 3.211466230563099, 0.6131807397115041, 739492000000, 
-0.10602895928237174, 0.1853911832611406, -0.10599026791434407, 0.013420340423668697, 0.09318099976889796, 0.14402443048425148, 3.329181528349606, 0.8561076467000152, 3.2212817682699946, 0.6159561963346727, 739593000000, 
-0.06021829964518274, 0.007528524697932276, -0.060263978445172096, -0.0023309108606571387, 0.10138092649719935, -0.02299161135326111, 3.337776903909784, 0.8595468026548856, 3.2310909822978187, 0.6187576018932943, 739693000000, 
-0.047602279503928105, 0.07020143291673354, -0.04761491564466547, -0.02437042553526589, 0.09826422966363793, -0.2480091241613225, 3.347224550564887, 0.863484500920514, 3.24093177669991, 0.6215188762610012, 739788000000, 
-0.05749530022212883, -0.0602582805845149, -0.05748543807736766, -0.02847483381335072, 0.10830726145862318, -0.26290789213822946, 3.356291133757358, 0.8672384600694968, 3.2508397726569274, 0.6241053415461923, 739888000000, 
-0.07884031741654372, -0.002636858736171331, -0.07881900565772712, -0.015285586775214285, 0.09736701575582155, -0.15698937321389933, 3.3663811646272257, 0.8711263687205504, 3.257477253081556, 0.6257059766490063, 739983000000, 
-0.0875933972286271, -0.06262237948266218, -0.08758463870294211, -0.02683654430250707, 0.10613554567473063, -0.25285161659932437, 3.3754825601991616, 0.8743617565360853, 3.26746697395092, 0.6279475204495133, 740083000000, 
-0.06327546945537268, -0.021691879656679992, -0.06329972991324281, -0.0253205916715545, 0.09946500822767737, -0.2545678336807168, 3.385597833970561, 0.8777809960278069, 3.2775142299433266, 0.6299576877802854, 740183000000, 
-0.07510053969033685, 0.006620900031817485, -0.07508876221789411, -0.014846090616103105, 0.09512339285847185, -0.1560719205862608, 3.3951845818334196, 0.8807521133258888, 3.287608841747623, 0.6317106478953665, 740278000000, 
-0.050616566751662734, -0.09069214438363972, -0.0506409876920606, -0.014196694190807945, 0.11207709685841699, -0.1266690036479275, 3.40433172260163, 0.8833315399457308, 3.2977171265417873, 0.6332673132510975, 740373000000, 
-0.07234355790791211, 0.03894254773100785, -0.07232189997420155, -0.014351608518740011, 0.09350663514267221, -0.1534822475094132, 3.4150936376660948, 0.8861860199153297, 3.3078462417546355, 0.6346850179800021, 740473000000, 
-0.03695212950272957, -0.018079975807158043, -0.03698742728148741, -0.01551874471394449, 0.10065148071574992, -0.15418297479170737, 3.424149518115734, 0.8884663790971926, 3.317996207862411, 0.6359489942690046, 740573000000, 
-0.05154073612437857, 0.02797907772582422, -0.05152621239502393, -0.010514599576014208, 0.0914860375698112, -0.11493119447861891, 3.434003900392854, 0.8907878078632, 3.32796846330802, 0.6370415002751807, 740669000000, 
-0.6162414041077969, -0.05462606098388343, -0.6156778141754758, -0.03605694118840453, 0.09991961666319463, -0.3608594827774805, 3.442922580699346, 0.8927433670228742, 3.3379583600761387, 0.6379778398331851, 740769000000, 
-0.07336648547743901, -0.04744269928044659, -0.07390770880807818, -0.026102787554442595, 0.10062305251623359, -0.2594116050119968, 3.4526189322814864, 0.8947529286090098, 3.3444180435131643, 0.6384229493920831, 740869000000, 
-0.07716742595598018, 0.09665023755555581, -0.07716417489339923, -0.008551635513827947, 0.07177322407806569, -0.11914799179881591, 3.4626323976589988, 0.8964576455195602, 3.354080507770175, 0.6388592326012665, 740970000000, 
-0.07558529806900252, -0.051815728898150594, -0.07558687071487065, -0.016940973312257326, 0.0947707523342025, -0.17875740030548828, 3.4697798510551703, 0.8974827382510596, 3.3633319064787837, 0.6390960672800028, 741065000000, 
-0.02595066022518064, -0.016918321224441032, -0.02600019726176258, -0.015868156067292496, 0.08878460399973749, -0.17872643850885916, 3.4791019919483714, 0.8987058647407669, 3.3724821374793295, 0.6391819069970077, 741165000000, 
-0.08269284138387918, -0.010641051910015808, -0.0826362617344932, -0.00776300695019512, 0.08728877894935018, -0.08893476393683603, 3.487863974159931, 0.8996977859132536, 3.3814516663853915, 0.639122847628629, 741265000000, 
-0.09756577931944618, -0.09958787952607273, -0.09755087837967985, -0.004592558307538391, 0.09107397344392036, -0.05042668211205588, 3.496582960383268, 0.9005284669192626, 3.3900175417751317, 0.6389769821343656, 741365000000, 
-0.044544841933044484, 0.015090260284854, -0.0445977418922906, -0.008546302007016242, 0.08447204496728573, -0.10117313970942751, 3.505767839597296, 0.9013209436083054, 3.3986474558583084, 0.6387791300060344, 741460000000, 
-0.0735907628448362, 0.009061570837135968, -0.07356182735832931, -0.00844817293181023, 0.08316403796459072, -0.10158444850173415, 3.514107660893688, 0.9019975981488966, 3.407325148653264, 0.638501185053311, 741555000000, 
-0.06827665786585857, 0.00998466096228313, -0.06828193216115691, -0.005085891898267012, 0.07908117244929448, -0.06431229761455548, 3.5224368255830765, 0.9025894358951044, 3.415676232722025, 0.6381571151063092, 741655000000, 
-0.1034773760655218, -0.03198003069539048, -0.10344224992440451, -0.007677876077336662, 0.08144465463424126, -0.09427108644289961, 3.530315083638493, 0.9030685610212635, 3.4211173798925487, 0.6378985540098773, 741755000000, 
-0.10309680521218688, -0.02279505354851702, -0.10309714920576085, -0.009372286856425213, 0.07867864781784305, -0.11912109722734367, 3.5384808498372036, 0.903512564569145, 3.4291553841659135, 0.6374562844296933, 741850000000, 
-0.08248134430874218, -0.025724786620849496, -0.08250191798368674, -0.008025978534110044, 0.07836195553569064, -0.10242187652469369, 3.5463652256814724, 0.9038664394892248, 3.4369833862986723, 0.6369387868427617, 741950000000, 
-0.07357908068654269, -0.047220200236627534, -0.07358798474055327, -0.007477668542054924, 0.07993446871348765, -0.09354748536401028, 3.5542148438424954, 0.9041248403762482, 3.4447137687816944, 0.6363408685613489, 742046000000, 
-0.061281353016990656, -0.019329554899010597, -0.06129363477666101, -0.008302028205288083, 0.07596549614908447, -0.10928682923356563, 3.562075378694267, 0.9043028640348967, 3.452354282358719, 0.6356714976258477, 742146000000, 
-0.04168332089394274, 0.004133827128434975, -0.04170289182158438, -0.007496130051836977, 0.0723943519366972, -0.1035457857042731, 3.5697481423062705, 0.9044060011895095, 3.4598676608943273, 0.6349349163892956, 742246000000, 
-0.06806210659538542, -0.037336849433747835, -0.06803579926599551, -0.006159606846301179, 0.0752945180507631, -0.08180684338995847, 3.576969794522374, 0.9044233534921345, 3.467221008673387, 0.6341393479194792, 742341000000, 
-0.02493526482465001, 0.006564215195577098, -0.024978279216572766, -0.005300123178458205, 0.07009893782144608, -0.07560917958498202, 3.584468699591286, 0.9043639370396237, 3.474445874672644, 0.6332935489383681, 742441000000, 
-0.0616799291078824, -0.016544891401180477, -0.0616433003958477, -0.006165096899566749, 0.07044884215559347, -0.08751168523040453, 3.591457401527463, 0.9042516178859611, 3.4815345482713704, 0.6324031552950115, 742537000000, 
-0.018442042515474523, -0.006973552530301944, -0.018485157145286778, -0.005527601343413136, 0.06865188029964822, -0.08051638672220693, 3.598543577581598, 0.904084281731183, 3.486185705348724, 0.631784394644745, 742637000000, 
-0.05767806678924482, 0.027341203927819843, -0.057638952201392535, -0.004753561608019732, 0.06547992383786587, -0.07259571070653616, 3.6054104583117264, 0.9038616225588368, 3.4930859947304866, 0.6308178951122015, 742732000000, 
-0.05518710053915594, -0.005229503937871477, -0.055189546764920876, -0.005557985383986018, 0.06700164828972686, -0.08295296497710497, 3.6119978906645995, 0.9035948773069048, 3.499919186372075, 0.629806305957796, 742832000000, 
-0.027559735857505686, -0.0063488346114584406, -0.027587310063772148, -0.005746277752691887, 0.06630536121885147, -0.08666384809706981, 3.618708497480632, 0.9032739972497417, 3.506645726267526, 0.6287546630026124, 742933000000, 
-0.07276118388613494, -0.012681645639360348, -0.07271609986843117, -0.005479643664872857, 0.06623769991789337, -0.08272696171010299, 3.625303373597566, 0.9029036496903946, 3.513284248964521, 0.6276579058440244, 743028000000, 
-0.036606832050252114, 0.023873466481406168, -0.03664286773880532, 0.04344209101175396, 0.0747589579255941, 0.5810954595567115, 3.631824141274156, 0.9024809666797735, 3.521223997735678, 0.6263171103545174, 743128000000, 
-0.04718238811177582, 0.01905579726109921, -0.04717187091817296, 0.029398308680785933, 0.058053330752106454, 0.506401756797033, 3.639290810876277, 0.9019362491203167, 3.5276218720529235, 0.6255113169829976, 743228000000, 
-0.056945743431922144, -0.0009603869739487261, -0.05693598941793316, 0.02416025308396855, 0.04972343912463285, 0.485892639553961, 3.6451147166482603, 0.901851044015227, 3.533980552807784, 0.6250357700021725, 743323000000, 
-0.07011345418700225, -0.10754590236056608, -0.07010030667896198, 0.003545764489223212, 0.0072739043583801705, 0.4874637216171509, 3.6500904907440255, 0.9020311371222122, 3.540255224120929, 0.6248855223842731, 743418000000, 
-0.07094590980265786, 0.011787534233699905, -0.07094506054506516, 0.026847979296666605, 0.053425889432507215, 0.502527512070409, 3.650825045571963, 0.902093622598537, 3.544390978739872, 0.624962020712112, 743518000000, 
-0.07374336091174136, 0.0389706441726969, -0.07374056661721522, 0.030636338005117305, 0.06241927416948995, 0.49081535171218166, 3.6560614749613887, 0.902799421138143, 3.5504722223574725, 0.6253316752737812, 743623000000, 
-0.017886030060077628, 0.11086705501592385, -0.017941768797533612, 0.032314227406861205, 0.09879212725270867, 0.32709314300118203, 3.662215864680196, 0.9039426517536687, 3.556548094857204, 0.6260104583321627, 743718000000, 
-0.07797785619058409, 5.9341508302179075e-05, -0.07791794424145043, 0.018332076808839394, 0.05375368193079841, 0.34103853262442196, 3.6719603417036226, 0.9062534624734888, 3.5624848714580173, 0.6269007135789213, 743813000000, 
0.06212189564275783, 0.09737541870459122, 0.061982139709844564, 0.029091679428267427, 0.0924267807474757, 0.31475378881528293, 3.677053084687638, 0.9076410723713916, 3.568841556249241, 0.6280691644137318, 743913000000, 
-0.06297576787805699, 0.013441845711733059, -0.06285106258995145, 0.014124836173965444, 0.06531813919072321, 0.2162467631345432, 3.6859043009060195, 0.9103739375844545, 3.5753693323007325, 0.6294549428443756, 744013000000, 
-0.04654747177337132, -0.0009876769588235933, -0.046563743464162755, 0.01101223965988977, 0.05275162772619532, 0.20875639548125885, 3.692092331391143, 0.9125005218298419, 3.581346356220912, 0.6308646927339674, 744114000000, 
-0.16568686649113945, 0.05618676799039432, -0.16556798034499703, 0.014804661233761467, 0.054792838103789564, 0.2701933636968798, 3.697073974773089, 0.9143341084248483, 3.5861839426819127, 0.6321213131999065, 744209000000, 
0.012306985788193493, -0.06519370779512348, 0.012129464589531708, 0.005882832323086939, 0.02731931336861865, 0.2153360241419711, 3.7021136864959674, 0.9163102576757257, 3.589181514339091, 0.6329650454741197, 744309000000, 
-0.03295468570102365, 0.03481021951244459, -0.03290968934556854, 0.010315897074805803, 0.050084337225056536, 0.20597052185098888, 3.704633271640558, 0.9173766632742234, 3.593611515496809, 0.634305870370639, 744404000000, 
-0.01904689903002746, -0.00846792016671433, -0.019060735084500603, 0.008920260617054213, 0.037610167497831165, 0.23717683835278347, 3.7092470732382283, 0.9194477669556039, 3.5978213939791632, 0.6356850439756347, 744504000000, 
-0.027444229460330143, 0.039272824230535935, -0.027435861041597495, 0.01207539698491783, 0.05212759340779198, 0.2316507668108233, 3.7126722163558825, 0.9210717291447433, 3.6019156994406596, 0.637136540338023, 744594000000, 
-0.03457760882489683, 0.041818599683985797, -0.0345704809260666, 0.01054658567618647, 0.0534849668627104, 0.19718785099480968, 3.7172622009275607, 0.9233838690391423, 3.606290472264718, 0.6388039404549473, 744699000000, 
-0.09678368537086021, -0.005783455744706641, -0.09672159660337698, 0.008400239638989478, 0.04679976095204844, 0.17949321680502722, 3.7220170055867676, 0.9259167646010271, 3.610764874749687, 0.6406198068473163, 744799000000, 
-0.0866765335979042, -0.014674940785390719, -0.086686557884921, 0.008100759390729182, 0.04467962909636037, 0.18130766871986131, 3.726064866430476, 0.9281773972588481, 3.6153709011749715, 0.6425891297112867, 744894000000, 
-0.016790743851334597, 0.09757992543321063, -0.01686049757698113, 0.00948876543791808, 0.06218136909614847, 0.15259820708106306, 3.7299722619070588, 0.9304516460986973, 3.6197609910133273, 0.6445578408426124, 744990000000, 
-0.028551834726963345, 0.01815438030529005, -0.028540168044524993, 0.005812303032198844, 0.046989659532265284, 0.12369323570450316, 3.7352203872217555, 0.9336364598073604, 3.6239570519937185, 0.6465190458463485, 745090000000, 
-0.0441730247095824, 0.021751389899804952, -0.04415742312963147, 0.005662476017457465, 0.043237781098432335, 0.1309612999003496, 3.739206793977922, 0.9361385415231046, 3.6278482847425164, 0.6484035712637992, 745191000000, 
-0.026943402069494096, -0.0006201711016065523, -0.026960581616581585, 0.005377212407898563, 0.04007614980207504, 0.13417487544225482, 3.7428850721342157, 0.9385112558152239, 3.630338977411156, 0.6496457458707798, 745286000000, 
-0.06268362191207122, -0.0055790632712867955, -0.06264796991257206, 0.004728467066862217, 0.03967495821789633, 0.11918013979733266, 3.746212132599281, 0.9407204190986393, 3.6340466151801714, 0.6515472108147435, 745386000000, 
-0.025191780813678302, -0.009806073481654735, -0.025229162075626387, 0.004317812393109877, 0.03545145223511208, 0.12179507808239795, 3.749482263593608, 0.9429553413042387, 3.637631715602596, 0.6534424265932312, 745482000000, 
-0.08434152475929932, 0.028983249558513238, -0.08428252974716181, 0.004950747714219883, 0.03877077192334995, 0.12769278166572337, 3.7523750099556548, 0.9449832551947218, 3.640916894433286, 0.6552311782889149, 745587000000, 
-0.0651461858212374, -0.02953366489422901, -0.06516528370045396, 0.0037702516248988524, 0.0332753521634543, 0.11330463480532746, 3.7555101738959507, 0.9472383470713208, 3.644144549333248, 0.6570420115886144, 745682000000, 
-0.07726840040150468, -0.00742736439772076, -0.07725632045066762, 0.0036259933825800355, 0.03644085563453208, 0.09950351931758628, 3.758213054715127, 0.949235142869934, 3.6474690821562628, 0.658959412785654, 745782000000, 
-0.04097102539899779, 0.010074156793864236, -0.041007237374453054, 0.003620342476553534, 0.03807306062765936, 0.09508934708347097, 3.7611168064033142, 0.951432114516465, 3.6507631514572827, 0.6609059554502827, 745882000000, 
-0.050203524017184496, 0.019341840706499552, -0.05019434558846741, 0.0034600085293229024, 0.03884311790553728, 0.08907648808567092, 3.7641424212629793, 0.9537689358598299, 3.65402403106045, 0.6628771511348154, 745977000000, 
-0.06559576822139444, -0.009399001808847837, -0.0655803973585572, 0.0026816151046817113, 0.03551146379155794, 0.07551406837020348, 3.76718478109066, 0.9561654037238435, 3.657220356595607, 0.6648499665476489, 746082000000, 
-0.06712398035337629, -0.011539190693971224, -0.0671224392449302, 0.002438352616852224, 0.035023715916314244, 0.06962004324950642, 3.769955926059838, 0.9583883920475241, 3.660348248129466, 0.6668163046852251, 746177000000, 
-0.019006962505960345, -0.01028145383470468, -0.01905498137309173, 0.0026170336253868304, 0.03465578194487891, 0.0755150649767275, 3.7726447253338167, 0.9605789029813986, 3.662400205299305, 0.6681245845080229, 746278000000, 
-0.057421098154065126, 0.01696749738241519, -0.05738280834808791, 0.0025533902814283576, 0.03501464141863137, 0.07292350222583438, 3.7753435513590112, 0.9628087090932023, 3.6653959826310882, 0.6700610915752362, 746373000000, 
-0.05689928461299788, -0.01189251744361905, -0.05689976694809321, 0.002139991548236533, 0.031623944075857065, 0.06766997636674563, 3.7779929929637626, 0.9650319331406492, 3.6682452882927317, 0.6719325959949765, 746473000000, 
-0.054585987406780584, 0.01748394080335541, -0.05458829583500397, 0.0022574915551419766, 0.03316160889244254, 0.06807545322858126, 3.7804300885061486, 0.9671070655716755, 3.6709956461871105, 0.6737669760453645, 746564000000, 
-0.09258005611420471, -0.009767806763012947, -0.09254213980735722, 0.002051374160407589, 0.031150940263754572, 0.06585272043279057, 3.7829314933890106, 0.9692666777662922, 3.6737002670590164, 0.6755977887779223, 746665000000, 
-0.012621077271260332, -0.019956724357272485, -0.012700838108325493, 0.0017212133555080376, 0.02984171650492197, 0.05767809486509088, 3.7852641719822757, 0.9713083984014317, 3.6763461080911863, 0.6774145117637819, 746760000000, 
-0.053590151578742015, 0.008536320509189451, -0.05354934361244453, 0.0016103313553527507, 0.03082068900086561, 0.05224838923320384, 3.7875169876845955, 0.9733064322204472, 3.6789148631531337, 0.6792016771313403, 746860000000, 
-0.03311414838293329, -0.004551109349646946, -0.0331345423707873, 0.0014781669203020008, 0.029863571002191593, 0.049497326364403064, 3.7898136984603097, 0.9753673983205108, 3.6814356488741424, 0.680976674219083, 746961000000, 
-0.05632247258583229, 0.030750950791782902, -0.05629933047591744, 0.0015535812557982375, 0.03103611312857611, 0.05005721075194165, 3.7920059530485952, 0.9773554268205137, 3.683090965473602, 0.6821533564883284, 747056000000, 
-0.07929711412843121, 0.017146407450021068, -0.07927416178846451, 0.001355582199181908, 0.029807479959658233, 0.04547792034135619, 3.7942919034038396, 0.9794489450386498, 3.6855287396364336, 0.6839014670387066, 747156000000, 
-0.06827971060708468, -0.005072446855565056, -0.06829068246662433, 0.0012188788483481758, 0.028491779683082037, 0.0427800180229502, 3.7964791885152818, 0.9814722986019465, 3.6879202694634468, 0.6856332694536098, 747256000000, 
-0.05737861046484498, 0.02379579260635853, -0.057389500012564515, 0.0012416949904096623, 0.029080592257638913, 0.04269840790754503, 3.7985855638116544, 0.983438646420891, 3.690271481019018, 0.6873515244449401, 747351000000, 
-0.06908196718946316, 0.0036877625129321367, -0.06907029763305297, 0.001105077862538247, 0.0276017620763338, 0.04003649692661321, 3.800684735926851, 0.9854153316144393, 3.6925589557296536, 0.689038128009858, 747452000000, 
-0.04573485196258827, 0.03934063244705355, -0.04575814010353138, 0.0010721975037936658, 0.02827001221256241, 0.0379270265513791, 3.8026810632836803, 0.9873111793626413, 3.694784635244813, 0.6906932606697569, 747542000000, 
-0.0879644677022233, -0.012974330571781116, -0.08792234539532207, 0.0008655406879797304, 0.02547328374560336, 0.03397837108963704, 3.8047358273938428, 0.9892781827062489, 3.696922069956446, 0.6922954838256847, 747634000000, 
-0.052556413571869916, -0.012389377070829339, -0.052591708082999726, 0.0008011566199763959, 0.025201523510245155, 0.031790007443427075, 3.8065876758692623, 0.9910645277158193, 3.699015564323719, 0.6938763532672165, 747735000000, 
-0.039513777455063265, -0.019170998680641028, -0.03952682885573586, 0.0007434342205396358, 0.024495012754803813, 0.03035043206474093, 3.808369647186569, 0.9927953085203332, 3.7003878950838818, 0.694918718853102, 747840000000, 
-0.04933369302311759, 0.007078074198249377, -0.04932390528866175, 0.0007242901873949906, 0.0248236462080602, 0.029177429509119203, 3.8101399917635677, 0.9945256080455482, 3.7024087759260373, 0.6964621288381012, 747940000000, 
-0.046006619833019124, 0.00036850703024379674, -0.04600993009772652, 0.0006576529897400217, 0.024008051724759998, 0.027393017862493634, 3.8118958402949437, 0.9962522991942782, 3.7043843688733813, 0.6979802836688909, 748035000000, 
-0.08689382375487766, 0.010438633221318936, -0.08685302096759394, 0.0006306890422235325, 0.024001357554264066, 0.02627722372776721, 3.8136022552188193, 0.9979401190380074, 3.7063139935575227, 0.6994717016728736, 748130000000, 
-0.06228175121310175, -0.024775902076110266, -0.06230627270003006, 0.0005542447653077787, 0.023049457315034848, 0.024045892175788987, 3.815297074327734, 0.9996256742465703, 3.7082223498650575, 0.7009547307748781, 748230000000, 
-0.03247896631944218, 0.016775500899337333, -0.03250873344201216, 0.0005417450038937518, 0.023646065151283466, 0.022910577317103723, 3.8169253645299723, 1.001253558730145, 3.7101038644293896, 0.70242446415461, 748325000000, 
-0.061126527557906055, -0.008040059909016862, -0.061097966636910674, 0.00046466768123259886, 0.022546536982502828, 0.020609270576372896, 3.818609809365581, 1.0029456906175636, 3.7119408319589837, 0.7038663281217237, 748421000000, 
-0.11038817801918727, -0.01204492970873213, -0.1103389855906857, 0.000428489887677193, 0.022029382762285245, 0.019450834928102317, 3.82018931625712, 1.0045397626689434, 3.7137357714560437, 0.7052816347364752, 748521000000, 
-0.05367285998986584, 0.020730606536071786, -0.05372941194398128, 0.0004455828528899068, 0.022229949383785558, 0.020044258544957068, 3.8217397970059337, 1.0061109721103891, 3.7149106783874912, 0.7062113925742519, 748616000000, 
-0.04127493536963764, 0.016542140255386965, -0.041287364508427835, 0.0004129403018073463, 0.021771465430433835, 0.01896704211881422, 3.823300866791282, 1.0076990884678514, 3.716642251495391, 0.7075863317350797, 748716000000, 
-0.061119907419269884, -0.008775127290117759, -0.061100114138180874, 0.0003604556223985753, 0.020678177313804766, 0.01743169221002544, 3.824828096130626, 1.0092590294848918, 3.718335422074942, 0.7089359980008803, 748816000000, 
-0.02200567293446753, -0.004364439987848435, -0.022044688806072597, 0.00034246460114135957, 0.020315456469596087, 0.016857342174609206, 3.8262766749286947, 1.0107442743772188, 3.7199843557763077, 0.7102552612186076, 748916000000, 
-0.07886147687064791, 0.01720034980573916, -0.0788047732011421, 0.000339794180363157, 0.02045501754440567, 0.016611776529914968, 3.827685545678984, 1.0121938680875258, 3.7216013664184393, 0.711553557766848, 749021000000, 
-0.06986370941774317, -0.013063994883751031, -0.06987263196290451, 0.00028416006906106843, 0.019447867121709796, 0.014611374465010533, 3.829105876553714, 1.0136601655248394, 3.723190652124315, 0.7128339219435372, 749116000000, 
-0.026375168295623013, 0.010403308385384426, -0.026418578282274445, 0.00026396446784312074, 0.019329005239604583, 0.013656391757929945, 3.8304720553775793, 1.015075243096195, 3.724725896620485, 0.7140746378717211, 749211000000, 
-0.04674439903462486, 0.015150388735183228, -0.046724113517903704, 0.0002462426040863778, 0.019176042814387596, 0.012841158442847469, 3.8318078896369436, 1.016462986549536, 3.7262336114245436, 0.7152965597365385, 749311000000, 
-0.06348012905174853, 0.013908426933475665, -0.0634634060242342, 0.00022737242672214454, 0.018924831855668477, 0.012014501817306272, 3.8331361002263904, 1.0178465730664763, 3.7277216820345607, 0.7165058220965103, 749412000000, 
-0.03029439086567296, -0.019013929759139722, -0.03032749317117084, 0.00019880218695345655, 0.018053177888104514, 0.011012032794760752, 3.834436443410092, 1.019204616274697, 3.7286976432354644, 0.71730061808353, 749507000000, 
-0.065120983054335, 0.005575422959076525, -0.06508625868454337, 0.00019680177549822488, 0.01796476632734485, 0.010954875332759852, 3.835683229335062, 1.0205098399357455, 3.730133373700925, 0.7184721413721011, 749602000000, 
-0.039060381603446395, -0.005513518387873946, -0.03908635494186802, 0.00018282494994461645, 0.017602633127879436, 0.010386227368168816, 3.8369277626460248, 1.0218155802020685, 3.731540556842683, 0.7196229474357272, 749697000000, 
-0.16277602936382804, 0.0887737944924472, -0.16265258495626975, 0.007536792750769618, 0.02880083305452914, 0.26168662331746, 3.838135383135583, 1.0230853850094899, 3.733211422530674, 0.7209941791550535, 749797000000, 
-0.17048685678034314, 0.1444070223054607, -0.1704790355819401, -0.002038713699037808, 0.03802829735470371, -0.0536104385642614, 3.8401277694841247, 1.0251848092646503, 3.73335872955587, 0.7211162487802422, 749897000000, 
-0.057754217390157375, -0.030548870672600432, -0.05786671924117645, -9.608426846329967e-05, 0.001714266250903644, -0.05604979297273723, 3.842673966555369, 1.0280128550027776, 3.733356500819578, 0.7211137530679391, 749987000000, 
-0.08028148349829688, 0.0009580860517262319, -0.08025911302323561, -2.692112932540879e-06, 0.00021332348312168292, -0.01261986206649953, 3.842789817077965, 1.028140148780351, 3.7333555473688698, 0.7211128379205736, 750080000000, 
-0.10302508098730817, -0.004160317773599686, -0.10300235964827714, 7.851065384657592e-07, 0.00018945833607081526, 0.004143953519006437, 3.8428047282281574, 1.0281563493183523, 3.733354869426439, 0.7211123027189617, 750185000000, 
-0.03159809612158044, 0.006799982686126934, -0.031669356922087985, -7.681885819260994e-08, 0.00012560400432432353, -0.0006115956143743244, 3.8428182109979527, 1.02817096113734, 3.7333549563585797, 0.721112314850777, 750281000000, 
-0.04841545951861162, -0.008676297865526327, -0.04839874651987945, -1.4720030011811535e-08, 7.611213677858209e-06, -0.001933992479364177, 3.842826945939949, 1.0281804353767667, 3.7333552542690347, 0.72111241914743, 750381000000, 
-0.069473090950301, 0.008135179893266311, -0.06945205816234618, 1.0203180138999025e-08, -1.5105686628741344e-05, -0.0006754529198021095, 3.842827796914353, 1.0281813582612784, 3.7333560044966894, 0.7211129297594469, 750481000000, 
-0.05833046709249347, 0.005977283557455086, -0.05834156580620618, 6.768688060203699e-10, 1.3105816882787343e-05, 5.164644158193164e-05, 3.842827245265197, 1.0281807602298851, 3.7333563495074182, 0.7211131093069268, 750576000000, 
-0.06866374599205954, 0.010526223206187084, -0.06865344382990002, 6.207126653973084e-10, 4.443781077628599e-06, 0.000139681198185521, 3.8428285207291912, 1.0281821427479017, 3.7333559758066475, 0.7211127380532001, 750676000000, 
-0.06033686930905704, 0.026420587100669555, -0.06034516860097802, 5.690467474672213e-11, 1.291562386243096e-06, 4.4058789070380695e-05, 3.8428292935968886, 1.028182980493623, 3.7333554760196046, 0.7211122831402927, 750776000000, 
-0.03688464725481465, 0.0036980219043619613, -0.03690806035956065, -3.862626184912225e-12, 5.268064505136588e-06, -7.332154306664238e-07, 3.8428297985743187, 1.0281835278765576, 3.7333553998471296, 0.721112232730012, 750871000000, 
-0.031949583409801266, 0.018673350101999883, -0.031954531638172586, -5.931269802332006e-11, 8.651680868259053e-06, -6.855627123386411e-06, 3.8428303924838736, 1.0281841716654476, 3.7333557477859465, 0.7211125547709769, 750971000000, 
-0.06543114479442193, -0.015968757505971685, -0.06539773464876517, -1.7311280232057943e-13, 6.282971985564767e-08, -2.755269364853273e-06, 3.8428311969185622, 1.0281850436602442, 3.7333560358401225, 0.7211128537162561, 751066000000, 
-0.06865205533529843, 0.00194202688139751, -0.0686488068511063, -8.748975876935798e-12, -6.007454806077062e-06, 1.4563531744068137e-06, 3.842831647282321, 1.028185531846942, 3.733356046461247, 0.7211128986791049, 751168000000, 
-0.07444629479036838, 0.013694776050514596, -0.07444050817995196, -1.0994555712100318e-11, -7.2956772099851824e-06, 1.5069959094479521e-06, 3.8428317067684774, 1.0281855963288942, 3.7333557987791046, 0.7211127487788273, 751268000000, 
-0.05661044745930252, -0.005904098006875371, -0.056628241203467336, 1.402379996703977e-11, -6.812517817723733e-06, -2.058534060719058e-06, 3.842831717632189, 1.028185608104971, 3.733355501091584, 0.7211125885189763, 751363000000, 
-0.06269198194622191, 0.005603054183598845, -0.06268592975046629, -3.729109767871218e-14, 3.084082904536087e-07, -1.209147057099672e-07, 3.842831636452193, 1.028185520107225, 3.7333554511323883, 0.7211126119999658, 751463000000, 
-0.02902087996566108, 0.015178616099548382, -0.029054477205572492, -7.239727503994841e-13, -1.6945126705856725e-06, 4.2724540392445585e-07, 3.842832098195252, 1.0281860206287075, 3.7333556270358943, 0.7211128433942391, 751563000000, 
-0.06619162565404613, 0.006661874838370207, -0.06615456231170254, 1.3270021164199974e-13, 1.6553209039376834e-07, 8.016585263095029e-07, 3.8428321771649947, 1.0281861062305397, 3.733355759774889, 0.7211130036108042, 751658000000, 
-0.07006045301126318, 0.045418510152585786, -0.070056554264386, -4.688785482248534e-12, -4.2862263025149686e-06, 1.0939192546826941e-06, 3.8428326293317125, 1.0281865963714636, 3.7333556826590044, 0.7211130010305212, 751753000000, 
-0.059528935142663, -0.023189855350288384, -0.059539441056611554, -1.4326671026904343e-11, -5.456188652332508e-06, 2.625765335437902e-06, 3.842832815395276, 1.0281867980611896, 3.733355497709405, 0.7211128862597752, 751858000000, 
-0.058729032994614114, 0.010947266917317115, -0.058729841190944786, -2.6603360984680814e-12, -1.5433399870191239e-06, 1.7237524594994614e-06, 3.842832849573848, 1.0281868351101864, 3.7333553975789138, 0.7211128447111279, 751958000000, 
-0.05481740301036334, -0.008324934006690966, -0.054821307054159885, 3.0002883868623344e-12, -3.0956827635512593e-06, -9.691847052895394e-07, 3.842833145130646, 1.0281871554889481, 3.7333554623582965, 0.7211129090523377, 752058000000, 
-0.08259950424819704, -0.019899262051017923, -0.08257178092637851, -1.5545934176378978e-12, -6.746563317155257e-07, 2.304274553660314e-06, 3.842833304963276, 1.0281873287449799, 3.7333555730538603, 0.7211130166166267, 752158000000, 
-0.06752498531670018, 0.028830400340275623, -0.067540001280954, -6.6420455826717914e-12, -3.3800690005386658e-06, 1.965062127907235e-06, 3.8428338122479984, 1.0281878786334535, 3.733355628878887, 0.7211130648846614, 752253000000, 
-0.05646870335413365, 0.0036437752591533348, -0.05647975189131965, 4.4887282897666286e-12, -6.735932266046379e-06, -6.663856037259806e-07, 3.8428340408094237, 1.0281881263904735, 3.7333556037713205, 0.7211130504973003, 752353000000, 
-0.05309051091124552, -0.016295200807876106, -0.05309389282019408, -1.735444716426262e-12, -4.941934364425735e-06, 3.511670913557196e-07, 3.842833968888677, 1.028188048429475, 3.733355547481347, 0.7211129876845166, 752449000000, 
-0.07214335243673223, 0.020747897871766497, -0.07212434045358512, -2.0569862250119327e-12, -1.193159687704927e-06, 1.723982335481513e-06, 3.8428339931327145, 1.0281880747096406, 3.7333555548099433, 0.721112966835637, 752549000000, 
-0.06058303676967858, 0.0019950645681771086, -0.060594554339537955, -3.424615135222098e-13, -4.948876424481011e-06, 6.919985147095762e-08, 3.8428343947712174, 1.0281885100796568, 3.7333556161119974, 0.7211130051642823, 752649000000, 
-0.04023929484617858, -0.00551988324856687, -0.04025960888857058, -4.556623345083439e-12, -4.719693849037504e-06, 9.654489233475768e-07, 3.842834471438456, 1.028188593185804, 3.7333556599474313, 0.7211130044559685, 752744000000, 
-0.04806624282887806, -0.004716635098190011, -0.04805845136517883, -1.9079636397082608e-12, -6.934126241444488e-07, 2.7515559614484343e-06, 3.8428344251930575, 1.0281885430564788, 3.7333556289443632, 0.7211129584332564, 752844000000, 
-0.061387585906061734, 0.010254857536222937, -0.06137428288772945, 1.6416711154927446e-12, -3.3029216068127323e-06, -4.970360519930509e-07, 3.842834701774949, 1.0281888428671997, 3.733355630968757, 0.7211129461872585, 752944000000, 
-0.06377991517398912, 0.006499715482829563, -0.06377751373294627, -1.415840263685375e-12, -2.6643596221960497e-06, 5.313998350261721e-07, 3.8428348919465094, 1.0281890490104997, 3.733355690986113, 0.7211129648811024, 753039000000, 
-0.06699183021677704, 0.010947632735325084, -0.06698862167598475, -3.065103901469718e-12, -5.65681574129194e-06, 5.418426269563607e-07, 3.842835144168843, 1.02818932241594, 3.7333557059619285, 0.7211129767164636, 753139000000, 
-0.07141434491660358, -0.021133174261322038, -0.07140992734622621, -7.0630307310682746e-12, -2.732507650124276e-06, 2.5848164526628293e-06, 3.842835218125428, 1.02818940258384, 3.7333556859437014, 0.7211129318087626, 753239000000, 
-0.05043210860238628, -0.010803718661506935, -0.05045304387134382, 1.6785944413614026e-12, -5.053421143635245e-06, -3.3216990898840537e-07, 3.8428355096425806, 1.0281897185843762, 3.7333557039539067, 0.7211129334567349, 753334000000, 
-0.02159145516748142, 0.0158575585497309, -0.02162025867238894, -8.655340143153534e-13, -1.038139017760925e-06, 8.337361369791794e-07, 3.842835509464391, 1.0281897183912208, 3.7333557268868125, 0.7211129426340639, 753434000000, 
-0.06328599406643387, 0.008941681532245628, -0.06324441123992727, 2.1435306624469924e-12, 1.231815280725284e-06, 1.7401396913869235e-06, 3.842835585368172, 1.0281898006699002, 3.7333557135153, 0.7211129167582613, 753534000000, 
-0.06898117466511597, -0.011281003702982103, -0.06897544870627374, -3.1707210031087364e-12, -4.074173494502363e-06, 7.782488908209889e-07, 3.8428361050977937, 1.0281903640499224, 3.733355744407171, 0.7211129500946012, 753634000000, 
-0.04911416150746262, 0.02688891630669866, -0.04913398248910914, -7.227103071089563e-12, -6.251146886663075e-06, 1.156124340400432e-06, 3.8428362936006373, 1.0281905683845785, 3.7333557405704743, 0.7211129357654797, 753729000000, 
-0.0890721633653174, 0.02315708366120479, -0.0890323043750149, -1.0162558786067641e-12, -2.128965016374648e-06, 4.773473827847657e-07, 3.842836202235624, 1.0281904693460646, 3.733355734504696, 0.721112920290491, 753830000000, 
-0.07105517466050093, -0.009288089469144847, -0.07107311503016948, 8.693730793920508e-13, -5.534893037234187e-06, -1.5707134239878297e-07, 3.8428366660982065, 1.0281909721673281, 3.73335577044271, 0.7211129555008087, 753930000000, 
-0.04285345703804817, 0.01950326357036154, -0.04288161968026416, -4.647959293591475e-12, -3.15800330576068e-06, 1.4718031754789135e-06, 3.842836776075257, 1.0281910913810928, 3.733355754979468, 0.7211129451552907, 754025000000, 
-0.050505670083937984, -0.0032730354755411096, -0.050498060827256885, -5.357396619721129e-14, -4.495754845658395e-08, 1.191656752568444e-06, 3.842836847921485, 1.0281911692615142, 3.7333557241810746, 0.7211129226916515, 754125000000, 
-0.04718200597452414, 0.002258799191868591, -0.04718531491042569, -4.30394629925273e-13, -2.308092105209221e-06, 1.8647203417658204e-07, 3.8428371872081803, 1.0281915370441983, 3.733355754664273, 0.7211129399314469, 754225000000, 
