imu_ax, imu_ay, kf_ax, kf_ay, kf_vx, kf_w, kf_x, kf_y, odom_x, odom_y, odom_th, stamp, 
-0.003269791603088379, -0.013233959674835205, -0.0030331143211195046, -0.0, -7.345448729162647e-05, 0.0, 2.1238529504796246, 0.9195363408897287, 2.1223387718200684, 0.9187625646591187, 0.4724250346614889, 1732832325.921873, 
0.009102344512939453, 0.019176781177520752, 0.008085083311760057, 2.474823412119943e-11, -1.9173264304998502e-05, -1.2907679009435824e-06, 2.123386740127593, 0.9192980978758034, 2.1223387718200684, 0.9187625646591187, 0.47242503908556993, 1732832325.9709957, 
-0.02327936887741089, -0.023780524730682373, -0.02064762804645625, 1.4166706228166747e-11, 4.579234309038901e-05, 3.093684505333837e-07, 2.1234822204989396, 0.9193468902971421, 2.1223387718200684, 0.9187625646591187, 0.4724250434475082, 1732832326.0315847, 
0.002028524875640869, -0.0003215670585632324, 0.00012673503721478616, -1.9295164259802902e-12, -0.00015469908108589028, 1.2472707739673034e-08, 2.1234941385341557, 0.919352980651357, 2.1223387718200684, 0.9187625646591187, 0.47242504637913646, 1732832326.0819826, 
-0.007316887378692627, 0.006768405437469482, -0.006692087162855415, 1.6040307032961454e-11, -1.674092558766888e-05, -9.581493537475915e-07, 2.1234820361326356, 0.9193467960802222, 2.1223387718200684, 0.9187625646591187, 0.4724250529985875, 1732832326.1311986, 
0.006720602512359619, -0.023155927658081055, 0.005595384116115254, -1.3403770187555356e-11, -4.879212571050719e-05, 2.747117489219968e-07, 2.1234848660788144, 0.9193482422397429, 2.1223387718200684, 0.9187625646591187, 0.47242505623152564, 1732832326.1811855, 
0.005872249603271484, 0.0066089630126953125, 0.005847628030219711, -2.4485556732750363e-11, 8.990470339557857e-05, -2.723501197152555e-07, 2.1234608412124945, 0.9193359650513766, 2.1223387718200684, 0.9187625646591187, 0.47242506031531445, 1732832326.276359, 
-0.023466825485229492, 0.016276895999908447, -0.021007789142451043, 8.87909922698996e-11, 6.738292853683873e-05, 1.3177075291608458e-06, 2.1234648567560708, 0.9193380170749406, 2.1223387718200684, 0.9187625646591187, 0.47242506031531445, 1732832326.4364898, 
-0.005306422710418701, 0.02902233600616455, -0.006622763660990214, -3.1384932621499473e-10, -0.00016500347313388184, 1.902077091191536e-06, 2.1234871895143095, 0.9193494295627195, 2.1223387718200684, 0.9187625646591187, 0.47242506031531445, 1732832326.5761728, 
-0.02435445785522461, 0.00543290376663208, -0.02286580522928004, 5.264419746239514e-11, -7.957162321231483e-05, -6.615951181733303e-07, 2.1234798337155216, 0.9193456706004879, 2.1223387718200684, 0.9187625646591187, 0.47242506031531445, 1732832326.626517, 
-0.005425631999969482, 0.03959834575653076, -0.0068877828165728044, 5.476234626983808e-10, -0.00018613978059283873, -2.9420012259295065e-06, 2.1234892625562853, 0.9193504889307239, 2.1223387718200684, 0.9187625646591187, 0.47242506031531445, 1732832326.7267938, 
-0.014197289943695068, 0.022964894771575928, -0.013583273104578358, 2.384654554927548e-10, -7.797221350660936e-05, -3.058338923167048e-06, 2.1234796548589125, 0.9193455792019402, 2.1223387718200684, 0.9187625646591187, 0.47242514405825203, 1732832326.8358202, 
-0.01012575626373291, 0.0006270408630371094, -0.010414997361672713, 3.5621899607160515e-11, -0.00011817039244347259, -3.014452171190041e-07, 2.1234832303544096, 0.919347406351865, 2.1223387718200684, 0.9187625646591187, 0.47242514793440277, 1732832326.9263842, 
0.0030054450035095215, -0.012788057327270508, 0.0018798857476214695, -2.3608986767547304e-11, -8.866592255187922e-05, 2.662690026569506e-07, 2.1234805976200732, 0.9193460609731822, 2.1223387718200684, 0.9187625646591187, 0.4724251070074695, 1732832327.026156, 
-0.01816481351852417, -0.0035987496376037598, -0.016482620935009, -4.243412866890138e-12, -4.668969421980587e-06, 9.088542852546833e-07, 2.1234730724019917, 0.9193422154393291, 2.1223387718200684, 0.9187625646591187, 0.47242511322654046, 1732832327.122279, 
-0.005185425281524658, 0.01606309413909912, -0.0061324674583110965, -1.2055705454002333e-10, -0.00013158197662409775, 9.162125211451236e-07, 2.123484405250788, 0.9193480067475093, 2.1223387718200684, 0.9187625646591187, 0.47242517404490464, 1732832327.2160385, 
0.016171395778656006, 0.01540839672088623, 0.014300014937204397, 8.474700213555955e-11, -4.759909618763333e-05, -1.7804330107758975e-06, 2.12347700554163, 0.9193442253500143, 2.1223387718200684, 0.9187625646591187, 0.4724251736566498, 1732832327.3265126, 
0.003053903579711914, 0.005339622497558594, 0.003996838284629541, 1.8303307032446564e-11, 0.00010867283282632741, 1.6842578367030798e-07, 2.1234630895202957, 0.9193371139872196, 2.1223387718200684, 0.9187625646591187, 0.4724251751900655, 1732832327.3760905, 
0.0006352663040161133, -0.002629876136779785, 0.0009170577175854765, -1.0009525609932192e-11, 4.041351366248087e-05, -2.4767768755590394e-07, 2.123469160901255, 0.9193402165819978, 2.1223387718200684, 0.9187625646591187, 0.4724251419833577, 1732832327.5358334, 
-0.0014230608940124512, -0.008309483528137207, -0.0012267515790605177, -3.1405976695910236e-12, 9.562780299571607e-06, -3.284188877299331e-07, 2.1234719086561027, 0.9193416207387021, 2.1223387718200684, 0.9187625646591187, 0.4724251476522988, 1732832327.615958, 
0.01259922981262207, -0.006406009197235107, 0.011438953905137982, 4.2434682625672113e-14, -5.071105512453368e-07, -8.367935260164305e-08, 2.1234728056253203, 0.9193420791075617, 2.1223387718200684, 0.9187625646591187, 0.4724252210738223, 1732832327.7262852, 
-0.011283814907073975, 0.004316389560699463, -0.0093773760249029, -6.274668750151465e-13, 6.950551280967968e-05, -9.027584282893923e-09, 2.1234674053965805, 0.9193393194849584, 2.1223387718200684, 0.9187625646591187, 0.4724252904624027, 1732832327.826187, 
-0.003864109516143799, 0.027367591857910156, -0.004317149396692458, -5.258643962227146e-10, -0.00030190721314097245, 1.7418079904476071e-06, 2.1235972022312803, 0.919405648207035, 2.1223387718200684, 0.9187625646591187, 0.47242529742815237, 1732832328.226073, 
0.015627384185791016, -0.004714488983154297, 0.013954003870217445, -6.998371602837863e-11, -4.8262492125682524e-05, 1.4500642827587703e-06, 2.1235745571354343, 0.9193940761183771, 2.1223387718200684, 0.9187625646591187, 0.47242528507518305, 1732832328.2740517, 
-0.024667978286743164, -0.00991213321685791, -0.021427491577479217, 1.5207255255157858e-10, 8.783937662713501e-05, 1.7312571922852296e-06, 2.1235625125159516, 0.9193879210787637, 2.1223387718200684, 0.9187625646591187, 0.4724253515154557, 1732832328.434084, 
-0.013970673084259033, 0.01665133237838745, -0.014595154253399713, -3.201007828091241e-11, -0.00016747059897292168, 1.9113849521782696e-07, 2.123585271160704, 0.9193995512020463, 2.1223387718200684, 0.9187625646591187, 0.47242529502177444, 1732832328.526189, 
-0.008599817752838135, 0.0032162070274353027, -0.009101920816042598, 6.330024441020157e-11, -0.0001325996679210164, -4.773786043559826e-07, 2.123582165520482, 0.9193979641568334, 2.1223387718200684, 0.9187625646591187, 0.47242514242471884, 1732832328.6263075, 
-0.013698339462280273, 0.0007703304290771484, -0.013311903480642692, -3.765994804502672e-11, -9.062722914927098e-05, 4.1554782595192764e-07, 2.1235784174826917, 0.9193960488335632, 2.1223387718200684, 0.9187625646591187, 0.47242519877690076, 1732832328.7238126, 
-0.0010592937469482422, -0.015757083892822266, -0.0020866788198896594, -3.3215863470472117e-10, -0.00011100122339875512, 2.9923871515495956e-06, 2.1235802300619753, 0.9193969750982173, 2.1223387718200684, 0.9187625646591187, 0.47242544195858893, 1732832328.816337, 
0.008424460887908936, 0.03994143009185791, 0.007542518283759705, 7.574332843333818e-11, -1.9878252725425577e-05, -3.8103614779209212e-06, 2.12357212258438, 0.9193928320127375, 2.1223387718200684, 0.9187625646591187, 0.4724254503609844, 1732832328.9263747, 
0.4940055012702942, -0.264879047870636, 0.45319700443181715, -0.006187407292036173, 0.026501939813103538, -0.23346997750620843, 2.1237497647128802, 0.919483611396809, 2.1236507892608643, 0.9194723963737488, 0.45937224996846154, 1732832329.0281754, 
0.6313996315002441, -0.42499881982803345, 0.6165021587081221, -0.09688979024971144, 0.15415959757015152, -0.628503134263963, 2.126769108679184, 0.9210176622491331, 2.129714250564575, 0.9220154881477356, 0.4039949312548085, 1732832329.1252644, 
0.06117039918899536, 0.19673782587051392, 0.10761206574463689, 0.013040427323759754, -0.016014651614276343, -0.8142810494943766, 2.1388991087030242, 0.9267706979406095, 2.1377878189086914, 0.9249990582466125, 0.3240968098344556, 1732832329.218481, 
0.4145716428756714, -0.07367992401123047, 0.3888720216549229, -0.06708835009382308, 0.0806896864038674, -0.8314364955892006, 2.1379351902825054, 0.9263902355563258, 2.1466541290283203, 0.9278070330619812, 0.2306929247901799, 1732832329.3273077, 
0.6488160490989685, -0.07588720321655273, 0.6269755859532102, -0.06935789975155184, 0.08610463285317001, -0.8055071771785434, 2.145455304956934, 0.9286925929114769, 2.1545214653015137, 0.9294992089271545, 0.15043083527676795, 1732832329.4283533, 
-0.6573569774627686, -0.014109790325164795, -0.5496345682029611, -0.048486194231543336, 0.057842853659944266, -0.8382400100207997, 2.1534123067657713, 0.9304224184734364, 2.1626861095428467, 0.93049156665802, 0.0674048989692696, 1732832329.5263755, 
0.6828250885009766, -0.22539299726486206, 0.5794943105028034, -0.12228442055071109, 0.14616674478848773, -0.83660904351167, 2.1599029108692083, 0.9312970616121682, 2.1695048809051514, 0.9306843280792236, -0.007045396115829947, 1732832329.6167858, 
-0.1953030824661255, -0.03565257787704468, -0.13037640813904616, -0.058122765082631866, 0.06969317614139053, -0.833980718065064, 2.1738543233464385, 0.9319884449436797, 2.1787726879119873, 0.9302753210067749, -0.10071567480578746, 1732832329.727326, 
-0.39392971992492676, 0.05979520082473755, -0.3718343722199392, -0.01935810971940791, 0.02450913563061817, -0.7898324123362672, 2.180643153124594, 0.9317550192826133, 2.186589479446411, 0.9291133284568787, -0.1789608323055573, 1732832329.8263464, 
-0.2360680103302002, 0.13514119386672974, -0.24746661929773667, 0.009380177281819911, -0.017876197405467087, -0.5247300121529854, 2.18312783445902, 0.9314650589397371, 2.194031000137329, 0.9278143048286438, -0.24579011792031646, 1732832329.9258935, 
0.03168207406997681, 0.4618875980377197, 0.008197939431316081, -0.005802625288982715, -0.11935736843764294, 0.04861555985137389, 2.180993249632934, 0.9318823203017284, 2.202038049697876, 0.9262301325798035, -0.23614536259061322, 1732832330.0177042, 
-0.12547647953033447, 0.046146273612976074, -0.11411569374046918, -0.00365492207659021, 0.07875084772320054, -0.046411209304524664, 2.1707903485134397, 0.9343921926423159, 2.2119688987731934, 0.9233040809631348, -0.23770732579576698, 1732832330.1262043, 
-0.07624691724777222, -0.43771517276763916, -0.07939225070725253, -0.011394032035587084, 0.11360270404410672, -0.10029719038345516, 2.17884762617465, 0.9324477545725874, 2.220820426940918, 0.9208134412765503, -0.24462252158339728, 1732832330.2261562, 
0.6614481210708618, 0.005932927131652832, 0.599261193160366, 0.0020878972796393525, 0.0896727734362071, 0.02328351404369884, 2.1896843562231796, 0.9297751491997057, 2.2296369075775146, 0.9185121655464172, -0.244354807718431, 1732832330.3265166, 
-0.09794330596923828, 0.5467925667762756, -0.03946593322289327, 0.012848049857068274, 0.09888066671087017, 0.1299349031963582, 2.1979825216091946, 0.927649820696639, 2.2378058433532715, 0.9164478182792664, -0.23647302214721164, 1732832330.4174867, 
0.17264270782470703, -0.6924471855163574, 0.15478228675137903, -0.0001821383024956262, 0.01168539839851411, -0.015586828645806933, 2.2068226951845644, 0.9254150180117834, 2.247568368911743, 0.9141169190406799, -0.22878662602521102, 1732832330.5264313, 
0.36260950565338135, -0.40494292974472046, 0.3452188410088322, 0.005421520938527224, 0.09938434885060263, 0.054551053573606526, 2.208576104179495, 0.92499316471183, 2.2568044662475586, 0.9120408892631531, -0.22360659693492782, 1732832330.6261258, 
-0.16059857606887817, -0.04814314842224121, -0.11817489980904106, 0.028661970267080616, 0.09522053636481098, 0.3010061837634505, 2.217928352772764, 0.9227386162814011, 2.2664127349853516, 0.910273551940918, -0.20237616215530305, 1732832330.7276282, 
0.4763430953025818, -0.23077243566513062, 0.4264039524605643, 0.00856765785154703, 0.021388926317652796, 0.40056512067536254, 2.2265736910366205, 0.920724343083877, 2.275951862335205, 0.9084653854370117, -0.15724658013942505, 1732832330.8358388, 
-0.12064898014068604, 0.24982839822769165, -0.0746653365483334, 0.05552980817482502, 0.16487143620437822, 0.33680672318514326, 2.229560024371674, 0.9201220538331724, 2.2848169803619385, 0.9071427583694458, -0.12619984587030494, 1732832330.9276004, 
-0.2820771336555481, -0.012376785278320312, -0.2647242909690995, 0.039358184979385424, 0.08137243956157916, 0.48367955036669197, 2.2452374891258224, 0.9176171686389131, 2.294447422027588, 0.9062734246253967, -0.08387116998453314, 1732832331.0267217, 
0.46786850690841675, -0.2058016061782837, 0.406348850128389, 0.0021764965542585358, 0.003943448561572631, 0.551927207943739, 2.2528316583595047, 0.9166753401655373, 2.3040623664855957, 0.9055911898612976, -0.028729652137507788, 1732832331.1261673, 
-0.4076835513114929, 0.0994412899017334, -0.33931863329591655, 0.05440006256135677, 0.10945711680447989, 0.49699886265531773, 2.253781322008792, 0.9166017865089706, 2.3142871856689453, 0.9054593443870544, 0.02484401308327401, 1732832331.2360733, 
-0.04747515916824341, 0.13414818048477173, -0.07193225212500381, 0.06623975275543054, 0.12555615459909397, 0.5275707349188642, 2.265074903686907, 0.916377333266892, 2.3227717876434326, 0.9057061076164246, 0.07208408485013809, 1732832331.3267157, 
0.274158239364624, -0.0013328790664672852, 0.24508405909799952, 0.03830371178001039, 0.07911690315510826, 0.48414068615547506, 2.2773008209115733, 0.9167478276321412, 2.332263708114624, 0.9064098000526428, 0.1216770966194724, 1732832331.426186, 
-0.2160416841506958, 0.06044071912765503, -0.1773420155896578, 0.05153880330892389, 0.10255600397210675, 0.5025430136975837, 2.2851764928652147, 0.9173990201576604, 2.342137575149536, 0.9076620936393738, 0.1705191134359416, 1732832331.5271986, 
0.335418701171875, -0.07476377487182617, 0.29235728170609926, 0.02525769866309156, 0.04640180020919863, 0.5443258354033538, 2.295028058764339, 0.9186983433412574, 2.3522226810455322, 0.9096029996871948, 0.2304957283190331, 1732832331.6359334, 
-0.16691690683364868, 0.2449101209640503, -0.12830276859077733, 0.08367141019566494, 0.17208213723737562, 0.4862294921421502, 2.3003391989030355, 0.9196704896451207, 2.360797166824341, 0.9115686416625977, 0.2751066725534291, 1732832331.7273867, 
0.025117456912994385, 0.10657858848571777, 0.012216222351190714, 0.06759822526024134, 0.12403752027168678, 0.5449820756830426, 2.316806870299927, 0.9236236348250465, 2.3700428009033203, 0.9144557118415833, 0.3255272389719993, 1732832331.8260715, 
-0.11643630266189575, 0.18855351209640503, -0.10562218724267589, 0.07943660312000257, 0.14874303319095478, 0.5340525967224473, 2.3289033813074607, 0.9271620539219128, 2.378574848175049, 0.917551577091217, 0.3784990086578644, 1732832331.9262424, 
0.09002852439880371, -0.030187547206878662, 0.07356116630789877, 0.034795152043348945, 0.07280433094958755, 0.4779269528270566, 2.3424827621827595, 0.9319526879813332, 2.386850357055664, 0.9206954836845398, 0.42251077413926463, 1732832332.0160074, 
0.061406075954437256, 0.010923922061920166, 0.06242590651639321, 0.03970449994932133, 0.07966117683864679, 0.49841719046835753, 2.349199723154607, 0.9347292246712837, 2.396430015563965, 0.9250835180282593, 0.4785596083560818, 1732832332.128662, 
-0.003463268280029297, 0.052331745624542236, 0.002074271345519983, 0.048486162066206935, 0.09665341709946482, 0.5016497452574329, 2.3565033276027307, 0.9381666501162222, 2.4046413898468018, 0.9294928908348083, 0.5274727132836613, 1732832332.2263787, 
-0.12793946266174316, -0.026775598526000977, -0.11704652970994994, 0.0338964062832421, 0.07101724819789151, 0.47729822181773124, 2.3648510929038804, 0.9426189983434974, 2.413036346435547, 0.9345805048942566, 0.575460836478055, 1732832332.3262057, 
-1.0577443838119507, -0.15283191204071045, -0.9788585775458754, -0.003950510392370583, -0.02427838085316296, 0.16271720986104865, 2.370871770870936, 0.9462248405025568, 2.421170949935913, 0.9396626949310303, 0.6281677398747781, 1732832332.4823906, 
0.0976104736328125, 0.08326756954193115, 0.007349464856554744, 0.0002418811751652567, 0.004212204598930666, 0.05742389038430422, 2.3696626686489757, 0.9454166413002382, 2.4213387966156006, 0.9395679235458374, 0.6305576316768365, 1732832332.5304089, 
0.03161203861236572, -0.024173438549041748, 0.0295723248912547, -1.384328906578176e-07, 5.9197994677621935e-05, -0.0023384726359683278, 2.3699727915230935, 0.945629554702212, 2.4213106632232666, 0.9396103024482727, 0.6296786696405661, 1732832332.6221921, 
0.02691859006881714, 0.08164668083190918, 0.027139189299268902, -2.2023377261605225e-08, 3.044106816842921e-05, -0.0007234758366477406, 2.369955479376378, 0.9456175545369333, 2.4213221073150635, 0.9395933747291565, 0.6297818952554608, 1732832332.7292895, 
0.046692848205566406, -0.058537423610687256, 0.04505000057911768, -1.7954403412615134e-07, 0.00021469711599061275, -0.000836266632170325, 2.36993783247957, 0.9456053115959986, 2.4213171005249023, 0.9395946264266968, 0.629742558896865, 1732832332.8311114, 
-0.03759580850601196, -0.01151210069656372, -0.030662798601147526, -4.6380628442695084e-08, 0.00034513605270273303, -0.0001343836092447951, 2.369927381584894, 0.9455980615007122, 2.4213192462921143, 0.9395940899848938, 0.6297599024719074, 1732832332.9312549, 
-0.0035160183906555176, -0.015582859516143799, -0.00579252844231273, -4.047996029621846e-08, -0.00019180415705936362, 0.00021104839914230778, 2.3699733836194405, 0.9456299686360985, 2.4213263988494873, 0.9395924210548401, 0.6298152278118668, 1732832333.0222194, 
0.02328479290008545, 0.006085574626922607, 0.02084497840296367, -5.396490004486228e-09, -3.338387476182114e-05, 0.00016164960008350574, 2.369961503132475, 0.945621728528931, 2.4213314056396484, 0.9395912289619446, 0.6298545763268255, 1732832333.135862, 
0.9269864559173584, -0.30546295642852783, 0.850963914744629, -0.0029536835041081436, 0.03871146584715646, -0.07629996538416035, 2.370182380049241, 0.9457749317961631, 2.423727512359619, 0.9412137866020203, 0.6240547308957671, 1732832333.2362018, 
0.44242221117019653, 0.27354246377944946, 0.4766909237633529, -0.006110878319850631, 0.09755132868833175, -0.06264269694751541, 2.373185863532189, 0.9478551712853149, 2.4315452575683594, 0.9466482400894165, 0.6148450340986589, 1732832333.3263085, 
-0.23158222436904907, 0.4108758568763733, -0.17218918746399553, -0.0027039203174621645, 0.07532093802699663, -0.03589865432229511, 2.380738411671824, 0.9530026148499013, 2.439969062805176, 0.9522687792778015, 0.6089935035495337, 1732832333.4263966, 
-0.029547691345214844, -0.30994540452957153, -0.04149608677917424, -0.013954106172874644, 0.09038530145225818, -0.15438468366723598, 2.3872146105005436, 0.9573591958559824, 2.4470486640930176, 0.9567602872848511, 0.5932414000698863, 1732832333.527249, 
-0.18020033836364746, 0.1272990107536316, -0.16856897319477634, -0.00675844592281327, 0.07285863990760158, -0.09276107722274596, 2.3946480231613183, 0.9623108512454912, 2.455573081970215, 0.9621437191963196, 0.5810629689087264, 1732832333.6364975, 
-0.12558960914611816, -0.008487224578857422, -0.1292028358023033, -0.001464178933748106, 0.04739366394884813, -0.030893980582053983, 2.400710577952286, 0.9662202651965239, 2.4603238105773926, 0.9650281667709351, 0.5747559757901711, 1732832333.726216, 
0.152268648147583, 0.00538945198059082, 0.1286216413251266, -5.049977309760065e-07, 0.0002087191076544162, -0.0024195088636165957, 2.4044371901782746, 0.968577216002145, 2.460210084915161, 0.9650269746780396, 0.5744439874595304, 1732832333.8262389, 
0.1081584095954895, 0.011858701705932617, 0.10986711331229337, -2.407256374380594e-06, 0.0008188160381573488, -0.0029399233310058843, 2.404361254565885, 0.9685294463887404, 2.4602279663085938, 0.9650397896766663, 0.5742432893052414, 1732832333.9222841, 
1.0014783143997192, 0.23120874166488647, 0.9266703819738971, -0.0024513756266204404, 0.041702722591981524, -0.0587821483648596, 2.404608986413622, 0.9686850755933851, 2.462101936340332, 0.9663015007972717, 0.5709978501118576, 1732832334.0176485, 
-1.439651608467102, 0.11972153186798096, -1.241073033043956, -0.0077510378676577405, 0.11054057963540985, -0.07011938867357652, 2.408092171769162, 0.9708693200891081, 2.4724085330963135, 0.9725666046142578, 0.5629114360773348, 1732832334.1272738, 
-0.31517326831817627, 0.31133782863616943, -0.3928291605970716, -0.0015787406009326675, 0.05831746555183462, -0.027071488549676892, 2.4179930115484747, 0.9769968061558743, 2.480417013168335, 0.9773085117340088, 0.559255300741648, 1732832334.2260995, 
-0.26671963930130005, -0.12594276666641235, -0.2772621808145593, -0.002438230893410268, 0.07731158729597085, -0.03153771612625186, 2.4234158650298463, 0.980303434753515, 2.4873077869415283, 0.9817001223564148, 0.5557915471919022, 1732832334.3277118, 
-0.7265745997428894, 0.22747766971588135, -0.6888418894476457, -0.004355789195636328, 0.08317787465747961, -0.05236716150266099, 2.430320983433687, 0.984487491259581, 2.4955506324768066, 0.9865673184394836, 0.5501136813512431, 1732832334.4175282, 
-0.24641406536102295, -0.15330588817596436, -0.28352415558095306, 0.001646025790179299, 0.043959083988790455, 0.037444497037268445, 2.4376533120789254, 0.9888977740849054, 2.501476764678955, 0.9902418851852417, 0.5479884018991873, 1732832334.5275497, 
0.21493256092071533, -0.03419363498687744, 0.17308726355789805, -1.839059445713417e-05, -0.0012571270843277534, 0.014629065498949545, 2.4412673059730325, 0.9910492605583257, 2.501478672027588, 0.9903163909912109, 0.5513005359566487, 1732832334.6262476, 
0.015069305896759033, 0.025133132934570312, 0.02832070222949465, -1.351820248846461e-05, 0.0014294485678525617, -0.00945693520738056, 2.4410544910041905, 0.990921562084433, 2.5015745162963867, 0.9903667569160461, 0.5511900901592653, 1732832334.7235367, 
0.02604573965072632, -0.010878980159759521, 0.02623401760361473, -1.539206769525303e-08, 0.0005164184002612758, -2.9805420735329324e-05, 2.441147662474328, 0.9909776457156229, 2.501568555831909, 0.9903673529624939, 0.5512509087878554, 1732832334.838012, 
0.02370476722717285, -0.007657647132873535, 0.023914995426015547, -1.9263370788201807e-09, 0.00026195722753246786, -7.353632106147649e-06, 2.4411695091263574, 0.990990767184617, 2.5015695095062256, 0.99036705493927, 0.5512574058001929, 1732832334.9274356, 
-0.004888415336608887, -0.005644321441650391, -0.0024728222647792016, -5.498833214019343e-08, 0.0001772774888222639, -0.00031018226005741776, 2.441174285941257, 0.9909936364923845, 2.50156831741333, 0.9903674721717834, 0.5512472373468525, 1732832335.0262403, 
-0.0246889591217041, 0.023591458797454834, -0.022824414382364565, -1.7638095516200533e-09, -1.4911298012148813e-05, 0.00011828678832540327, 2.4411912639446247, 0.9910038350819332, 2.501570224761963, 0.9903669357299805, 0.5512616916925728, 1732832335.123926, 
0.00787663459777832, 0.01932436227798462, 0.005301525315339374, 2.709667069413185e-08, -0.0001823216300691488, -0.0001486201647267795, 2.4412047173574205, 0.9910119160053661, 2.501570463180542, 0.9903668761253357, 0.5512630391310817, 1732832335.2163, 
0.004972636699676514, 0.015144169330596924, 0.004999981252059148, 7.546710178237234e-09, -1.5307075747374404e-05, -0.0004930210252295712, 2.4411862472495107, 0.9910008215834437, 2.50156831741333, 0.9903674721717834, 0.5512479410123667, 1732832335.3274133, 
0.0137673020362854, -0.0043215155601501465, 0.01303117076683109, -7.581834880379546e-09, 2.2154420009311054e-05, -0.0003422267374723894, 2.441180777759056, 0.9909975363520687, 2.501570463180542, 0.9903667569160461, 0.5512656127253838, 1732832335.4272645, 
-0.021706998348236084, 0.03676104545593262, -0.018792481249584835, -1.8237906863746516e-08, 4.755787587962506e-05, -0.0003834886761954832, 2.4411747242440827, 0.9909939006999674, 2.5015716552734375, 0.9903663396835327, 0.5512744843324351, 1732832335.524355, 
0.02057415246963501, -0.01068812608718872, 0.017271440622859662, 1.7648488203219446e-07, -0.00020003604398324327, -0.0008822654083629965, 2.441189287471045, 0.9910026464251505, 2.501560688018799, 0.9903697967529297, 0.5511899044745573, 1732832335.6351616, 
0.20457661151885986, -0.06127971410751343, 0.18888297500464354, -0.00807771388379763, 0.038478297519489404, -0.2099290874214546, 2.4414498597504, 0.9911591183845442, 2.503228187561035, 0.9912633299827576, 0.5410308001210943, 1732832335.7272787, 
-0.3670048713684082, -0.1186019778251648, -0.320306875080107, -0.04037898828311967, 0.1204289524730403, -0.33529302924194304, 2.44528263929511, 0.9934499048899139, 2.5117597579956055, 0.9955943822860718, 0.5082848082799334, 1732832335.82725, 
0.10177814960479736, -0.32934141159057617, 0.06642046525821521, -0.05694513238556177, 0.18149058922025463, -0.31376355451936905, 2.456437732223283, 0.9997889024745956, 2.5207056999206543, 1.0002070665359497, 0.47832195003922795, 1732832335.92547, 
0.11842536926269531, -0.2845470905303955, 0.11404417154704086, -0.05904210997019514, 0.16467214478517012, -0.3585433957104341, 2.4723078316506797, 1.008116610457077, 2.52852201461792, 1.0039827823638916, 0.4508646728492988, 1732832336.0187404, 
-0.12039315700531006, -0.07570183277130127, -0.10076654889620282, -0.04352905941267908, 0.10759120118182577, -0.4045782455678353, 2.4866047796797295, 1.0150477788694936, 2.5376267433166504, 1.0079905986785889, 0.40881442447429006, 1732832336.1282039, 
-0.2926691174507141, -0.0744788646697998, -0.2765565775144078, -0.037595439909143324, 0.10740149246520016, -0.3500457865734488, 2.49658587276038, 1.0194494830106449, 2.5464866161346436, 1.0112531185150146, 0.3731391407180756, 1732832336.2294238, 
-0.7324132919311523, 0.4894068241119385, -0.6942517283361951, 0.012855532307679478, -0.05492971665363487, -0.23403602077071314, 2.505632327737556, 1.0230100002658091, 2.554898500442505, 1.014034390449524, 0.3442872100453695, 1732832336.3257911, 
-0.2983998656272888, -0.008952438831329346, -0.33153400860481197, 2.9604006831180214e-05, -0.00044068420719954593, -0.06717737179488995, 2.5014408311802288, 1.0215241112637037, 2.557514190673828, 1.0151699781417847, 0.3329478001295682, 1732832336.416854, 
1.6975351572036743, -0.43160802125930786, 1.5272857809170857, 0.00030326129190958893, 0.025124990081918507, 0.012070105935199332, 2.501748250721676, 1.0216262325288237, 2.5570340156555176, 1.0150933265686035, 0.3328577755151669, 1732832336.5275757, 
0.029464364051818848, -0.2938142418861389, 0.15510835394829692, -0.02182948154467919, 0.09075915029044687, -0.24052099953360753, 2.5034880780126545, 1.022189190677765, 2.5635972023010254, 1.0168095827102661, 0.30923720738431726, 1732832336.6273057, 
-0.39651578664779663, 0.16663473844528198, -0.35025083075336705, -0.01922503728487795, 0.06320820957270185, -0.30415411882162846, 2.511785174398562, 1.0248674046393789, 2.574441432952881, 1.0197091102600098, 0.27767385687438534, 1732832336.7265503, 
0.825482964515686, -0.05511194467544556, 0.726850656138697, -0.020832376529245297, 0.08735931600221108, -0.23846771566661562, 2.5182762817338804, 1.0267890875868693, 2.583393096923828, 1.0220545530319214, 0.25086493140988114, 1732832336.8362052, 
-0.1680387258529663, -0.09033161401748657, -0.09296714708219289, -0.03616251901590372, 0.11406386948982614, -0.31703745609935857, 2.526391860119246, 1.028927935159817, 2.591932535171509, 1.0237202644348145, 0.22485505557771082, 1732832336.9275515, 
-0.38337957859039307, 0.1509367823600769, -0.3590490850601969, -0.011866844482092822, 0.04499743890615808, -0.26372266445743864, 2.5370170959679816, 1.0314520332517778, 2.600994110107422, 1.025439977645874, 0.19525601056460556, 1732832337.0272353, 
-1.1837162971496582, 0.1730407476425171, -1.1145095242294198, -0.00047641472922084867, 0.0033174566918838383, -0.1436084246062346, 2.5415022465895856, 1.0323715707073806, 2.6076242923736572, 1.0268845558166504, 0.1767287455962593, 1732832337.127687, 
0.06012845039367676, 0.039517223834991455, -0.03839564284604258, 0.0006361921976994586, -0.024616337200813895, -0.02584430788827609, 2.542455130465643, 1.0325429582138541, 2.607362985610962, 1.0270140171051025, 0.17550186603438453, 1732832337.217553, 
-0.05073261260986328, -0.005413711071014404, -0.04967864134710081, 1.9328226980418275e-05, -0.0023650579855397057, -0.008172411458236436, 2.5402507570491784, 1.0321798240903084, 2.6071348190307617, 1.0268923044204712, 0.1774134817768164, 1732832337.3275964, 
-0.028888046741485596, 0.03418624401092529, -0.0306284852349135, 3.536659248128929e-06, -0.001077328505915143, -0.0032828048535898467, 2.540072339586796, 1.0321508717108872, 2.607128143310547, 1.0268975496292114, 0.1773501021529234, 1732832337.4274514, 
0.7734659910202026, -0.017705440521240234, 0.7059847437209075, -1.3043692399050448e-07, 5.992156998134608e-05, -0.0021767941666266458, 2.539947693704034, 1.0321307251282046, 2.607131242752075, 1.0268949270248413, 0.17738149010335436, 1732832337.5276418, 
1.1527405977249146, 0.1945841908454895, 1.1152252337118806, -0.005996009854050433, 0.040762397060352576, -0.14709659604102218, 2.5396539146088735, 1.0320833459437586, 2.6090216636657715, 1.027249813079834, 0.16933753827164164, 1732832337.6180773, 
0.4747089743614197, -0.15824681520462036, 0.5284523187307275, -0.036721134508363534, 0.1347372594171994, -0.27253882606191726, 2.5435661764095325, 1.0327075492078641, 2.619048833847046, 1.028213620185852, 0.14638503404599884, 1732832337.7177346, 
-0.012641608715057373, 0.43774348497390747, 0.03263713324749096, 4.459655688545774e-05, 0.00019381696004575066, 0.23009625615287066, 2.5552828498121385, 1.0343912624497107, 2.6290149688720703, 1.0299264192581177, 0.14447741535741757, 1732832337.827729, 
0.00350189208984375, 0.5731078386306763, 0.006092077417212467, 0.04892460857616678, 0.20708735661726882, 0.2362510651318392, 2.557045622490244, 1.0346069994220286, 2.638786792755127, 1.0313984155654907, 0.18141524460836062, 1732832337.9276478, 
0.4603586792945862, 0.2896168828010559, 0.4221965336914415, 0.02651519234097136, 0.15502809581270793, 0.171034754713138, 2.577064987014776, 1.0374879334005351, 2.6486544609069824, 1.0335347652435303, 0.19502434739126523, 1732832338.037574, 
-0.016201019287109375, -0.0022452473640441895, 0.02052543996655476, 0.014469708653928456, 0.10404721709918406, 0.13906867533165312, 2.5915966209136236, 1.0399232645596395, 2.657042980194092, 1.035234808921814, 0.2055023582716881, 1732832338.1271353, 
-0.00949949026107788, -0.08280354738235474, -0.0069963720416698905, 0.011256337090566388, 0.0825020796286477, 0.13643701033031636, 2.6016160271838595, 1.0417760632518416, 2.6662890911102295, 1.0372650623321533, 0.22045191385849966, 1732832338.227623, 
0.09762024879455566, 0.3253951072692871, 0.08887603351784173, 0.020218855441888273, 0.13210289142648682, 0.15305384479899706, 2.61016700392845, 1.043479657246711, 2.67545747756958, 1.0393650531768799, 0.23388315837275558, 1732832338.327611, 
-0.08216100931167603, -0.0472378134727478, -0.06784248634074966, 0.011933514305030828, 0.09043323828017695, 0.1319593827665316, 2.622654184343981, 1.0461484963654548, 2.683619260787964, 1.0416927337646484, 0.24631447898920864, 1732832338.416957, 
-0.18566107749938965, -0.21841198205947876, -0.17578830067974666, 0.006855387067368851, 0.062182602463415275, 0.11024606233555717, 2.631270467620165, 1.0481265296498734, 2.693620204925537, 1.0444849729537964, 0.2597531044059768, 1732832338.5274816, 
0.43937230110168457, -0.032166481018066406, 0.387776381242631, 0.012624659468530627, 0.08938644808372351, 0.1412368400264186, 2.6376767067678277, 1.0496846847077141, 2.7030391693115234, 1.0471596717834473, 0.2732527337605496, 1732832338.62714, 
-0.030773699283599854, 0.14839720726013184, 0.004346748698914327, 0.019189497018417028, 0.11861536779270122, 0.16177918068722474, 2.6462566060914443, 1.051875261409924, 2.712090253829956, 1.049872875213623, 0.2892439665148946, 1732832338.727249, 
0.152319073677063, -0.005869746208190918, 0.13988385256468033, 0.01633557802245087, 0.09574401211468733, 0.17061722881304825, 2.6574930594013297, 1.0549156744048391, 2.7220139503479004, 1.053257703781128, 0.3075756270373627, 1732832338.836761, 
0.1463921070098877, -0.4049226641654968, 0.1457908166210491, 0.004141356385427971, 0.03245586296969423, 0.1275996386013515, 2.666057947665897, 1.0573837200901617, 2.730170249938965, 1.056056022644043, 0.3212872395802625, 1732832338.9283345, 
-0.02949392795562744, -0.17597371339797974, -0.014765653451786875, 0.00974117894787618, 0.0714879056282103, 0.13626331422461133, 2.6693800895588073, 1.0584008974433805, 2.7390339374542236, 1.0590379238128662, 0.3351400513704437, 1732832339.0233457, 
-0.27664387226104736, 0.17675477266311646, -0.25463228152824, 0.037685262231011346, 0.11696819372052172, 0.3221838435930261, 2.676582820457707, 1.0607090959316265, 2.7487058639526367, 1.0629156827926636, 0.3624547619988255, 1732832339.1272628, 
0.17056816816329956, 0.10642880201339722, 0.13489484068426683, 0.04404195576451679, 0.10827790614854368, 0.40674923750461855, 2.68777225514774, 1.0644842581811997, 2.7577931880950928, 1.0665388107299805, 0.4040283731754379, 1732832339.2324874, 
-0.21650993824005127, -0.04911893606185913, -0.18705990358152136, 0.03152766031154395, 0.06287537076542, 0.5014310043461951, 2.697451517374922, 1.0681113642817468, 2.7664432525634766, 1.0703201293945312, 0.4538925039876664, 1732832339.3345833, 
-0.5264957547187805, -0.030093610286712646, -0.4979945931291373, 0.02907620723258771, 0.0633990908648177, 0.45862183252099414, 2.703427711071436, 1.0706362042645465, 2.774930238723755, 1.0745936632156372, 0.4982351223902243, 1732832339.427308, 
0.19579535722732544, -0.26588892936706543, 0.13754189523073235, -0.011250654826026463, -0.023391945228063156, 0.4809627722849286, 2.7088312583945022, 1.0732464247791251, 2.7828011512756348, 1.0789705514907837, 0.5485508765379747, 1732832339.5274906, 
-0.13643276691436768, 0.05237257480621338, -0.1133672542454528, 0.03730303068828592, 0.0907593468106179, 0.4110103476848938, 2.7074778489537077, 1.07251143133171, 2.7902867794036865, 1.0835227966308594, 0.5871994646711648, 1732832339.6172254, 
-0.052897751331329346, 0.05938988924026489, -0.05795957170568523, 0.04323895355898781, 0.0977066223302816, 0.44253861742170814, 2.7153683240252353, 1.0772744900772855, 2.7988295555114746, 1.0893203020095825, 0.6342496000993993, 1732832339.7274137, 
-0.07781660556793213, 0.0412827730178833, -0.0761464916526787, 0.04091544160193699, 0.09698461654702016, 0.42187558252705293, 2.7235516266022546, 1.0826887241017635, 2.8064827919006348, 1.0950291156768799, 0.6770633427949156, 1732832339.8272886, 
0.2384737730026245, -0.050233423709869385, 0.2120538199778034, 0.028764281460000506, 0.06818113144449599, 0.42188037732134964, 2.731248117618387, 1.0882844730320196, 2.814185380935669, 1.1012853384017944, 0.7191388532875572, 1732832339.927243, 
-0.38871079683303833, 0.05065959692001343, -0.33828304973053014, 0.03847936210598086, 0.10079325635085556, 0.38176524401629014, 2.7367149667674133, 1.0926213799149336, 2.8222548961639404, 1.1084614992141724, 0.7622745955290362, 1732832340.037378, 
0.14961844682693481, 0.009294509887695312, 0.10868126416598628, 0.030502013403591353, 0.0815116081607631, 0.3742045346895018, 2.744386279629891, 1.0992512541106543, 2.828423261642456, 1.1146889925003052, 0.7962922520016947, 1732832340.127499, 
0.44699203968048096, 0.21864503622055054, 0.41864246943126887, 0.06238946079972649, 0.15302324901693803, 0.4077122999317616, 2.7506818439635556, 1.1051233858177631, 2.835092067718506, 1.1215753555297852, 0.8372754381029786, 1732832340.2274456, 
-0.048093318939208984, 0.2321915626525879, -0.008943188031013238, 0.06739133820564583, 0.1656993113524588, 0.40670861970148925, 2.761360738139663, 1.115868273667301, 2.8416404724121094, 1.128928542137146, 0.8748018581737076, 1732832340.3283389, 
-0.11768776178359985, 0.040917277336120605, -0.1086054581076494, 0.0399345782673149, 0.10293449082533733, 0.3879610997938215, 2.7721819437987723, 1.1276873245933046, 2.848292350769043, 1.137175440788269, 0.9172730565588122, 1732832340.4373157, 
-0.39428824186325073, -0.13382744789123535, -0.3703598589171109, 0.007413735907000875, 0.02576764905255259, 0.28771487425495096, 2.7785249148611113, 1.1352022380304363, 2.8528013229370117, 1.142844319343567, 0.9458343544045371, 1732832340.5273416, 
-0.09882140159606934, 0.02373683452606201, -0.12159752315132649, 0.0003153558635360405, 0.007433861500652464, 0.042421541416713504, 2.78024230562875, 1.1373981439972078, 2.8535516262054443, 1.1436744928359985, 0.9533682961715064, 1732832340.6273081, 
0.09923970699310303, -0.037791669368743896, 0.08070758149121046, 4.318234080390774e-06, -0.0021658873712949007, -0.0019937482149910077, 2.7806907521173487, 1.138004669003045, 2.8535640239715576, 1.1436479091644287, 0.9534259442648255, 1732832340.7223387, 
-0.05230444669723511, -0.019763827323913574, -0.041145289464389, -5.620280855016307e-07, 0.0002851285122545937, -0.0019711395435605926, 2.7805381588705376, 1.1377966094315457, 2.853550672531128, 1.1436467170715332, 0.9533253168614025, 1732832340.8173885, 
0.013624072074890137, -0.04378390312194824, 0.009030084152413118, 3.656539033475171e-08, -0.00020675318542506555, -0.00017685526953104317, 2.780572375133398, 1.1378432481988572, 2.853546619415283, 1.1436463594436646, 0.9532945508275208, 1732832340.9275727, 
0.05172842741012573, -0.010662972927093506, 0.04814450771142826, -1.1248944324998158e-09, 8.773054790675193e-05, -1.2822152139018404e-05, 2.7805550807840236, 1.1378196834081602, 2.853543281555176, 1.143646001815796, 0.9532689632290523, 1732832341.0272932, 
0.10224813222885132, 0.014959275722503662, 0.09770428172484183, 1.3916503467457006e-08, 0.0004492932739540963, 3.097420832718461e-05, 2.780533834847057, 1.1377907353529124, 2.8535423278808594, 1.1436458826065063, 0.9532609670260703, 1732832341.1233423, 
0.9803737998008728, 0.1155363917350769, 0.906305306920202, -0.001488801673251547, 0.02460157494484897, -0.060516518824062907, 2.7806013256589215, 1.1378826886472782, 2.8542113304138184, 1.144730567932129, 0.9499399432228014, 1732832341.2171383, 
-0.731682538986206, -0.6122521758079529, -0.5941881759975419, -0.022809407218672643, 0.1505418471184611, -0.1515153935950046, 2.7823183266533142, 1.1402191703822904, 2.8611021041870117, 1.15383780002594, 0.9338438835164466, 1732832341.3276148, 
-0.34292930364608765, -0.42591363191604614, -0.36397709982747534, -0.016798585252911075, 0.14657412509010112, -0.11460812229023884, 2.791605391667847, 1.152678768792554, 2.8670177459716797, 1.1615242958068848, 0.927841723829205, 1732832341.4275026, 
0.4700528383255005, 0.007053017616271973, 0.40004200075033197, -0.014400707274615678, 0.09001656270299485, -0.15997841777329458, 2.800414697113188, 1.1641365649783744, 2.8723480701446533, 1.1683188676834106, 0.9103369623569008, 1732832341.5238905, 
-0.057160377502441406, -0.29487335681915283, -0.018781547481367733, -0.021785609769981756, 0.14100843838495883, -0.15449862447597743, 2.8060704089489494, 1.1713154661536853, 2.8777947425842285, 1.175233006477356, 0.8974703665941692, 1732832341.6171937, 
-0.2753676176071167, -0.304268479347229, -0.25383569299890707, -0.01378365240384042, 0.1360100197515062, -0.10134291891894073, 2.814967833805919, 1.1822461948003542, 2.884255886077881, 1.1829618215560913, 0.8878374746775246, 1732832341.7274222, 
-0.2046685814857483, -0.26922696828842163, -0.20878913848041225, -0.017234923930108552, 0.11878986454321484, -0.14508749543896163, 2.8237471753496117, 1.1927065436855482, 2.8905038833618164, 1.1897107362747192, 0.8764959230898022, 1732832341.827333, 
-0.3664175271987915, 0.15467530488967896, -0.35320580913825067, -0.006272465776529719, 0.07348612707314825, -0.08535578110254868, 2.8313303737807827, 1.2015521978962391, 2.8963499069213867, 1.196606159210205, 0.8650454096794996, 1732832341.924342, 
-0.7754999995231628, 0.004317283630371094, -0.7400612309804059, -0.0005272088218810747, 0.03463035163054541, -0.015223894562365767, 2.83619179809225, 1.2070658490302717, 2.900797128677368, 1.2017502784729004, 0.8573848432592999, 1732832342.0343418, 
0.6083738207817078, -0.30069589614868164, 0.49526645184089013, -0.002604697787010306, 0.04649912210473385, -0.056016063725752234, 2.838962535200889, 1.2101587856681912, 2.902853488922119, 1.2041282653808594, 0.8543973529773189, 1732832342.1275947, 
0.1446714997291565, -0.4384303689002991, 0.1741165784998745, -0.013467067737565376, 0.12582549462596046, -0.10702972221646118, 2.842265606930926, 1.2138312165117866, 2.9096622467041016, 1.211798906326294, 0.8429105633103765, 1732832342.2273173, 
-0.5577966570854187, -0.3289887309074402, -0.4963794356823038, -0.012722613082592517, 0.130340103198749, -0.0976108869822855, 2.8506890798939177, 1.223083867436604, 2.91678524017334, 1.219066858291626, 0.8359442084949196, 1732832342.3254328, 
0.395368754863739, 0.05079394578933716, 0.3205297120124764, -0.004995400587854455, 0.08283995207681129, -0.06030182855758528, 2.859570424276101, 1.2326341767783746, 2.9227845668792725, 1.2256237268447876, 0.8291844737688968, 1732832342.435315, 
-0.020059585571289062, -0.03834646940231323, 0.008513114741908745, -0.008079472438369619, 0.0985542733085055, -0.08197993011503783, 2.865170737911644, 1.238542620620582, 2.928285598754883, 1.2311291694641113, 0.8221476965883925, 1732832342.515276, 
-0.36965692043304443, 0.19244790077209473, -0.3379350813299557, -0.003563273449435101, 0.07637793683449516, -0.0466531775682345, 2.8718839590366296, 1.2455383256557517, 2.9353649616241455, 1.2386302947998047, 0.812835326952122, 1732832342.62749, 
-0.22668063640594482, -0.0881090760231018, -0.23598393170802362, -0.005316084517336522, 0.09048848312360552, -0.05874874165008218, 2.877498035221498, 1.2512970172916908, 2.941638231277466, 1.245214581489563, 0.8059789308073153, 1732832342.7254486, 
-0.9411721229553223, 0.2539224624633789, -0.8820185684328414, 0.00043995865002787756, 0.024740955764041846, 0.017782605256798818, 2.883608974692507, 1.2575062570355036, 2.9466357231140137, 1.2501503229141235, 0.8012208434038917, 1732832342.8354275, 
0.215548574924469, 0.0104217529296875, 0.12347178548315418, -0.0003733934388182046, -0.011076374508707042, 0.033710799370740244, 2.885642596921304, 1.2595513781131988, 2.946194648742676, 1.249868392944336, 0.8043046863224934, 1732832342.9274218, 
0.10684382915496826, 0.04109835624694824, 0.10823963845044864, -2.377864451277275e-08, 0.0016685946277461925, -1.4250701828574797e-05, 2.884867910031927, 1.2587694329703703, 2.946230411529541, 1.249853253364563, 0.8057129129216691, 1732832343.0293512, 
0.9783804416656494, 0.06704992055892944, 0.9053744996888211, -0.008788380041415928, 0.04249953184664152, -0.20678769058277097, 2.8851337971483675, 1.2590393871865595, 2.947978973388672, 1.2515355348587036, 0.7940459210766789, 1732832343.1263347, 
-0.07442498207092285, -0.04009735584259033, 0.007791430845131231, -0.03207813064093669, 0.11327568153996889, -0.2831863839161104, 2.8880424192442553, 1.2619818438594446, 2.9564168453216553, 1.2591406106948853, 0.7632436546426203, 1732832343.236871, 
-0.009039700031280518, 0.23630815744400024, -0.00768038795774453, -0.008847317683943198, 0.039287617641203615, -0.22519353972393605, 2.8957180990242835, 1.2694218666450545, 2.963111639022827, 1.265188455581665, 0.7402987560588722, 1732832343.3275845, 
0.2964811325073242, 0.03288048505783081, 0.2709801750147306, -0.01762955673259221, 0.07504556362028642, -0.234918040216125, 2.8988266035434305, 1.272272645490061, 2.969848394393921, 1.270809292793274, 0.7176099477136505, 1732832343.4275157, 
-0.09036171436309814, 0.07330197095870972, -0.06005293844538112, -0.013731463878619314, 0.07803286002331514, -0.17597027552900846, 2.904325719581364, 1.2770903737091994, 2.9772136211395264, 1.2765874862670898, 0.6971397407241735, 1732832343.527361, 
0.09305477142333984, 0.3484724164009094, 0.0801791869792883, -0.0034885327332685985, 0.03575999855124824, -0.09755405130313763, 2.910079339647225, 1.281902312762602, 2.983854293823242, 1.281734585762024, 0.685607841084083, 1732832343.6168828, 
0.785580575466156, 0.0459175705909729, 0.7264053799804946, -0.00818121800505855, 0.08055367395372426, -0.1015623199229674, 2.9130822262645877, 1.2843291074644396, 2.988626718521118, 1.2857303619384766, 0.6783190882838569, 1732832343.6870632, 
0.07452303171157837, -0.025060534477233887, 0.12919797052219917, -0.013515686159775926, 0.103925726640343, -0.13005139917423741, 2.9190711063341994, 1.2890712189013016, 2.9991183280944824, 1.2937341928482056, 0.6637309147173324, 1732832343.8273034, 
-0.07561743259429932, -0.36778753995895386, -0.05841553798500715, -0.02493272040768285, 0.13458828006424073, -0.18525179455285512, 2.927427303466722, 1.2955481498316517, 3.0066020488739014, 1.2992476224899292, 0.6489496489455464, 1732832343.9268858, 
0.14696478843688965, 0.1723300814628601, 0.12968145108390985, -0.008343532480856312, 0.06294443682216772, -0.13255393013410668, 2.937675013689559, 1.303271968024984, 3.013162136077881, 1.3040047883987427, 0.6355965530383654, 1732832344.017324, 
0.03907203674316406, -0.1951121687889099, 0.046702293726063146, -0.01937919228338533, 0.1121347695243296, -0.17282054768196295, 2.9430329215553033, 1.3071613713439993, 3.0215165615081787, 1.3098505735397339, 0.6179564486807554, 1732832344.1274931, 
-0.06597870588302612, 0.20469629764556885, -0.05655784909121564, -0.01018558208476145, 0.0660678735623194, -0.15416845640042834, 2.9518245763441477, 1.313361227151054, 3.0294041633605957, 1.3152031898498535, 0.6011408162069767, 1732832344.227612, 
-0.26427555084228516, 0.16888904571533203, -0.24683903840868515, -0.007339046088855026, 0.06560252931099125, -0.11187138919696224, 2.957344622334852, 1.3171150081902758, 3.037126064300537, 1.3201531171798706, 0.5876587703763402, 1732832344.3269944, 
1.2724990844726562, -0.05305445194244385, 1.1450108679255846, -0.007254538635257094, 0.07386374752054033, -0.09821514448938193, 2.9629819623811215, 1.3208256119936077, 3.044321060180664, 1.3248240947723389, 0.5756134884576743, 1732832344.4373047, 
-0.17759466171264648, 0.07449662685394287, -0.06665470174535537, -0.010938037357343076, 0.10294745169816283, -0.1062487431880577, 2.968628564289992, 1.324452469217384, 3.0514440536499023, 1.3292814493179321, 0.5671950100676301, 1732832344.5270138, 
-0.07213091850280762, 0.00773543119430542, -0.0716756519359954, -0.009332932040328092, 0.09017864664747158, -0.1034938135278588, 2.9773041811629106, 1.3299053754126227, 3.0595624446868896, 1.3340543508529663, 0.5566178553162284, 1732832344.6279078, 
-0.09540534019470215, -0.07290321588516235, -0.09339850429393583, -0.025511677711207388, 0.10445357131236566, -0.24423940120644977, 2.9851542215754914, 1.334722965023646, 3.068023204803467, 1.3390620946884155, 0.540787846382348, 1732832344.7275004, 
-0.036098361015319824, -0.31157076358795166, -0.04086734941548846, -0.05587495127412345, 0.15155487042978696, -0.36867803136692634, 2.9945223185461276, 1.3403237737010998, 3.0772054195404053, 1.34417724609375, 0.5023500123440313, 1732832344.8377173, 
-0.07377958297729492, -0.05920827388763428, -0.07104472627672936, -0.033891525022257764, 0.10925736235106707, -0.3101990043779119, 3.0074839684082204, 1.347632129578062, 3.084867477416992, 1.3479760885238647, 0.4734563599651385, 1732832344.927324, 
-0.32382452487945557, -0.27719104290008545, -0.30256763718244445, -0.05665061997624902, 0.161175714008473, -0.3514835986597267, 3.017590677847336, 1.3528561077348438, 3.093313455581665, 1.352116346359253, 0.44103679832185533, 1732832345.0267758, 
0.004881083965301514, -0.21773648262023926, -0.020903482789553673, -0.044631437458152234, 0.15657193089354668, -0.2850538867563508, 3.032373150518725, 1.3599198431868023, 3.101970672607422, 1.3558202981948853, 0.41285853769632647, 1732832345.1275518, 
-0.012631058692932129, 0.10168522596359253, -0.013388055268758744, -0.010946380465051087, 0.06689894402243099, -0.1636256091184459, 3.046078467813239, 1.3658929689921877, 3.1112117767333984, 1.3593330383300781, 0.39316092779207634, 1732832345.2367818, 
-0.02389657497406006, -0.16599154472351074, -0.022983491288537404, -0.01850288985690572, 0.10917660553036321, -0.1694766911557794, 3.0526368515833164, 1.3685410860302247, 3.11858868598938, 1.3624417781829834, 0.3793674125120921, 1732832345.3274915, 
-0.0813489556312561, 0.0236741304397583, -0.07646433491681517, -0.017991144202524095, 0.08744777356570087, -0.20573587489917133, 3.062637503168915, 1.3723872501295424, 3.12766170501709, 1.3655645847320557, 0.3596628320165002, 1732832345.4276686, 
-0.35953789949417114, -0.22776859998703003, -0.3357486117027898, -0.02288782929150824, 0.12506080599988784, -0.1830136077287777, 3.071254492477002, 1.3755333795836895, 3.136288642883301, 1.3684041500091553, 0.34236697048814024, 1732832345.527569, 
-0.7738139033317566, 0.2470390796661377, -0.7371098014018878, -0.00013526129742857517, 0.0061655854971256335, -0.02193811074254559, 3.082453826646909, 1.3793650286746588, 3.142707109451294, 1.370612621307373, 0.3313932940475807, 1732832345.6374469, 
0.12155419588088989, 0.1406325101852417, 0.04952929806693007, 1.2844771215289992e-05, -0.01227975079141981, -0.0010460123689370777, 3.0834526011954626, 1.3796885928909204, 3.1424643993377686, 1.3706518411636353, 0.33139301510452474, 1732832345.7286534, 
0.885745108127594, 0.14543312788009644, 0.8155931786832981, -0.005141929699149661, 0.03232360393133069, -0.15907662122309574, 3.08256936723941, 1.3794051503313745, 3.144249200820923, 1.371221661567688, 0.3227628476534284, 1732832345.827497, 
-0.1888837218284607, -0.5095926523208618, -0.10454065458732364, -0.060034728728394285, 0.17259276377932334, -0.3478403579257502, 3.0862310234808548, 1.380574392428931, 3.153214693069458, 1.3737671375274658, 0.2912405265993172, 1732832345.9275076, 
0.5865713357925415, 0.12856149673461914, 0.5284932055228533, -0.01446932938175638, 0.05493570247979876, -0.26338662706783655, 3.101780616563858, 1.3852399313091377, 3.1633479595184326, 1.3763407468795776, 0.2575301510011249, 1732832346.0371022, 
0.017866313457489014, -0.0069422125816345215, 0.06070158392081998, -0.028053966077642146, 0.08006911784246837, -0.350371864129149, 3.106861331126174, 1.3865770946505873, 3.1713953018188477, 1.3781604766845703, 0.22391958897187567, 1732832346.1295276, 
-0.17615818977355957, -0.232821524143219, -0.15623347974925597, -0.05542709119517485, 0.15081280681786133, -0.3675224429853288, 3.1152116107086654, 1.3885375578912462, 3.1807963848114014, 1.3796634674072266, 0.1906087646259346, 1732832346.2273293, 
-1.2222957611083984, 0.06657195091247559, -1.1328949570476659, -0.007308077328194878, 0.038476230582613125, -0.18993745534671208, 3.1293258217520603, 1.3913294662202198, 3.1876492500305176, 1.3809341192245483, 0.16355846703603863, 1732832346.3285232, 
-0.1099705696105957, 0.000934302806854248, -0.1957759200433974, 0.00019986574859740295, -0.012315836604655614, -0.016228353380545013, 3.1336371207103686, 1.3920278232809231, 3.1877634525299072, 1.3811906576156616, 0.16252729856215756, 1732832346.4184868, 
0.8004615902900696, 0.10288733243942261, 0.7169043827600071, -0.009600007084826374, 0.04236587913622309, -0.22659761299791625, 3.1329801265785995, 1.391934187219441, 3.1898224353790283, 1.381285309791565, 0.15306301701536243, 1732832346.526999, 
-0.4586808681488037, -0.010473668575286865, -0.360024612804437, -0.036170061662558164, 0.10616509636097142, -0.34069635786489105, 3.1371868125642126, 1.3925230072939174, 3.199645757675171, 1.382257103919983, 0.11942579634953883, 1732832346.627364, 
0.1690208911895752, -0.09793537855148315, 0.12464954776533754, -0.03967386467956121, 0.11093129005709079, -0.3576435887398682, 3.1480967838910168, 1.3937884578076607, 3.2095489501953125, 1.3831309080123901, 0.08224170743236582, 1732832346.7273214, 
-0.0074307918548583984, -0.29065316915512085, 0.0036848499942368496, -0.05125555668617344, 0.16654771018444348, -0.3077529953993988, 3.159517475538786, 1.3947180156073276, 3.2179038524627686, 1.3833760023117065, 0.05551220081031564, 1732832346.822724, 
-0.6267720460891724, -0.0079079270362854, -0.573913048056923, -0.029637518334455437, 0.09318633760832813, -0.31804574678130404, 3.17556306052137, 1.3954519816090993, 3.2281486988067627, 1.3832957744598389, 0.019930988659190012, 1732832346.9323475, 
-0.13428568840026855, 0.23050284385681152, -0.1712124156692969, 0.0012782911472037839, -0.006772932586971106, -0.1887352532731236, 3.184530981445034, 1.395586465363111, 3.2346127033233643, 1.3832255601882935, -0.006297589757633091, 1732832347.0225313, 
0.03666943311691284, 0.12863558530807495, 0.019222398918375155, 0.00048346156152181144, -0.024117669352233268, -0.020045948655359747, 3.183878861218967, 1.3955969003694015, 3.2354037761688232, 1.3833945989608765, -0.006215095687719354, 1732832347.1279943, 
0.5983266234397888, -0.3773016333580017, 0.5497757283047864, -0.008519433126342122, 0.04944553465224337, -0.1722993428276256, 3.182060148141524, 1.395657982195192, 3.238027334213257, 1.38307523727417, -0.016017635466030945, 1732832347.2375922, 
-0.49271726608276367, -0.1783609390258789, -0.4051984329438052, -0.04139220462357189, 0.1422939085463222, -0.2908923160972637, 3.187419196542855, 1.3954626364308171, 3.2474052906036377, 1.382360816001892, -0.03955301821591328, 1732832347.327027, 
0.11043095588684082, -0.1232064962387085, 0.06716752674524717, -0.028074381810051237, 0.11748792143908766, -0.2389554727513549, 3.20174211500399, 1.3946790311209667, 3.2571513652801514, 1.3816927671432495, -0.06636424583457656, 1732832347.42744, 
-0.011499583721160889, -0.04945230484008789, -0.004915691684259177, -0.010356853667667535, 0.0989683062046424, -0.10464818551357319, 3.2133153374079053, 1.3937133036716196, 3.266045331954956, 1.3808306455612183, -0.0798789925433728, 1732832347.5293605, 
-0.042145371437072754, -0.03939986228942871, -0.039022483897396265, -0.008022351998820197, 0.09620747295180458, -0.08338595488147806, 3.2231277478508202, 1.392668526160258, 3.2761669158935547, 1.379799723625183, -0.08776918803979546, 1732832347.63823, 
-0.038127899169921875, 0.073860764503479, -0.03820719023100902, -0.009857887675737118, 0.08634582238820783, -0.11416751156085347, 3.2326394063668915, 1.3915565311631755, 3.2846076488494873, 1.3787689208984375, -0.09856807473328472, 1732832347.727604, 
-0.11240535974502563, 0.020438075065612793, -0.10617208738932953, -0.006633786381765006, 0.09124179023722835, -0.07270557016162423, 3.2412681406136716, 1.3904728602927101, 3.294050455093384, 1.3777434825897217, -0.10597159689637423, 1732832347.8273938, 
1.145423173904419, -0.4623284339904785, 1.0404111248860528, -0.009435468902951886, 0.12152792922268979, -0.07764033307654059, 3.2505866970428343, 1.38919796422976, 3.302830696105957, 1.376737117767334, -0.11069334795853804, 1732832347.9233527, 
0.3552476167678833, -0.2713658809661865, 0.4126799495548865, -0.006971325602358393, 0.12616977747518093, -0.05525353013902029, 3.261771735655809, 1.3875837662002128, 3.3114922046661377, 1.375432014465332, -0.11164871547974428, 1732832348.0175762, 
-0.21729576587677002, 0.17008328437805176, -0.16447900102655832, -0.0007801488812367648, 0.09073264154889446, -0.008598326555017737, 3.273603870053901, 1.385785090204464, 3.321356773376465, 1.374060034751892, -0.11873148068455296, 1732832348.1270618, 
-0.10492950677871704, 0.7342972159385681, -0.10992095171234151, 0.0006251683129837525, 0.08317081432733944, 0.007516678994187155, 3.2826424642693186, 1.3843639088397526, 3.3304073810577393, 1.3730014562606812, -0.12445640952040585, 1732832348.2273684, 
0.14546489715576172, -0.36309802532196045, 0.1240419794697569, -0.0035874580450574547, 0.08696057027958609, -0.04125384681268134, 3.291000380687714, 1.3830431584861873, 3.3350353240966797, 1.3727449178695679, -0.12526369609534935, 1732832348.2782729, 
-0.11944037675857544, -0.49377870559692383, -0.09899646878583337, -0.0014613238595494865, 0.11273006953765169, -0.012963035200305686, 3.2997232708434643, 1.3816680530594516, 3.3502228260040283, 1.3710099458694458, -0.1162506499081708, 1732832348.4385457, 
0.02512836456298828, -0.1540420651435852, 0.014709254062089366, 0.006739982946383922, 0.09310011149635197, 0.07239500402368498, 3.3219245990070863, 1.3780811548796175, 3.367823362350464, 1.3691604137420654, -0.1042741475830028, 1732832348.6275322, 
0.8098620772361755, -0.11550283432006836, 0.7431236711682873, 0.009988102632402776, 0.08832044768312552, 0.11308935693168026, 3.330992809007171, 1.3766057586403668, 3.376814603805542, 1.3684008121490479, -0.09026042128439882, 1732832348.7245069, 
-0.11608386039733887, 0.5261509418487549, -0.04397559374583182, 0.030422187736276744, 0.16060787963291312, 0.1894190235610481, 3.339751557392911, 1.3752493636400662, 3.3858301639556885, 1.3678358793258667, -0.07692378037149128, 1732832348.8175414, 
0.08623373508453369, -0.3960588574409485, 0.07521864652590347, 0.0030122120848179706, 0.0335668134086457, 0.08973780287532818, 3.3545737185271274, 1.373134629220159, 3.3960745334625244, 1.3674614429473877, -0.06266879593043256, 1732832348.927332, 
-0.02818620204925537, -0.02152562141418457, -0.019475148269000306, 0.014225719456317783, 0.08700257555817892, 0.1635091761945024, 3.358299769631797, 1.3726712023510261, 3.4055840969085693, 1.3670222759246826, -0.047760053045218485, 1732832349.0274177, 
-0.09728622436523438, 0.045640647411346436, -0.09074721877123114, 0.014551397172944716, 0.0972657107399372, 0.14960459407787915, 3.367057046111545, 1.371668184747575, 3.4149389266967773, 1.366591215133667, -0.03160913762332028, 1732832349.1246922, 
-0.010991692543029785, 0.02287954092025757, -0.017680528528625394, 0.014904471013909239, 0.0948264013116259, 0.1571763855609052, 3.3767802710483306, 1.3707142460441106, 3.4254748821258545, 1.3665722608566284, -0.013933248051033385, 1732832349.2352922, 
-0.040359437465667725, 0.014432013034820557, -0.03845557920878194, 0.014969591240216337, 0.09378022053407864, 0.15962418466244235, 3.3862369854661503, 1.3699296179085587, 3.4341580867767334, 1.36669921875, 0.0005897946832935957, 1732832349.3271365, 
-0.2080066204071045, 0.05898869037628174, -0.19377196079419262, 0.015271949206817218, 0.09692979624951571, 0.15755680706791458, 3.395665715624921, 1.369296391217734, 3.443584442138672, 1.3669649362564087, 0.016606271894453392, 1732832349.428402, 
0.07244092226028442, 0.008560419082641602, 0.05008692472826834, 0.0074952366965483005, 0.06085084959696322, 0.1231739038352285, 3.4051784385856054, 1.3688097972490998, 3.4507110118865967, 1.3671753406524658, 0.031286632566147575, 1732832349.5248797, 
0.20854341983795166, -0.044683218002319336, 0.1952390415626397, 0.0035544463673147205, 0.057761611020351586, 0.06153648252751045, 3.4111857378868744, 1.3685952310908494, 3.4530863761901855, 1.3673951625823975, 0.03527081979580604, 1732832349.61758, 
-1.4227999448776245, -0.1791766881942749, -1.2869890938002368, 0.016549872137449746, 0.09937128852037436, 0.16654581402611562, 3.417269916692066, 1.3684498253260458, 3.4643778800964355, 1.3683103322982788, 0.05483444846500018, 1732832349.7273467, 
-0.0980270504951477, -2.682209014892578e-06, -0.19772935051707652, 0.01683625008819487, 0.08669817913279992, 0.19419381417925682, 3.4281756076079857, 1.3682663215072204, 3.4753689765930176, 1.3690561056137085, 0.07468680652578429, 1732832349.8294196, 
0.3407025933265686, -0.06453824043273926, 0.2955151784048438, 0.008976856056256092, 0.06824816492479538, 0.13153256305349673, 3.436828032097321, 1.368266899260669, 3.4833481311798096, 1.3699160814285278, 0.08645320361849633, 1732832349.9258065, 
-0.25427138805389404, -0.08485209941864014, -0.20813929775651901, 0.00878890885021083, 0.08491484892785278, 0.10350261422096219, 3.443574477572776, 1.368394726289124, 3.4921467304229736, 1.3709673881530762, 0.10074401085165409, 1732832350.0188, 
-0.08942282199859619, -0.3075104355812073, -0.09938919759342145, 0.005034037204719451, 0.0598728871274857, 0.08407874492507124, 3.4520185336770113, 1.3686637005579134, 3.502384662628174, 1.372252345085144, 0.11308001241966678, 1732832350.1293988, 
-0.0007594823837280273, -0.3989599943161011, -0.009029603254601545, 0.00474371463916287, 0.0604308095181406, 0.07849828054576803, 3.4580932329319904, 1.368919046510788, 3.5118157863616943, 1.3735992908477783, 0.12294503150030628, 1732832350.227459, 
0.10456764698028564, -0.440754771232605, 0.09503339034325696, 0.003332102595342857, 0.058801571891399444, 0.05666689661794949, 3.464129018944752, 1.3692233477111762, 3.5212149620056152, 1.3748283386230469, 0.130896272978245, 1732832350.3271334, 
-0.08450508117675781, 0.1259198784828186, -0.06941554628548367, 0.00831277232149686, 0.09887212596624587, 0.08407599452584616, 3.4702728242974654, 1.369580363808117, 3.5297577381134033, 1.3760254383087158, 0.13884059400252782, 1732832350.41795, 
-0.11023026704788208, 0.0502132773399353, -0.10680255600326494, 0.009310615296492707, 0.09518036118139159, 0.09782076030105458, 3.4801712277633827, 1.3702143998395098, 3.539877414703369, 1.3777269124984741, 0.1495853729253927, 1732832350.5284286, 
-0.029919743537902832, -0.265336811542511, -0.03638071834296862, 0.002644443904216466, 0.0725094112357069, 0.03647035411196695, 3.4895576757804085, 1.370895622912644, 3.5491559505462646, 1.3794198036193848, 0.15639574478141552, 1732832350.627494, 
0.39111971855163574, -0.4930969476699829, 0.35524382442491664, -0.004735925915457277, 0.0723189930581167, -0.0654866130623723, 3.496790336295266, 1.3714873748265122, 3.5583341121673584, 1.380750060081482, 0.1544402650622034, 1732832350.7275753, 
-0.059667885303497314, 0.05733615159988403, -0.0248587269957673, -0.0004651986999498312, 0.09003630280537112, -0.005166790344061971, 3.5038621951791273, 1.3720863335307056, 3.5667245388031006, 1.3816653490066528, 0.15452323563336218, 1732832350.8181982, 
0.02209627628326416, 0.012665987014770508, 0.018157234967027987, 0.0011932624439750512, 0.08994461110496205, 0.013266636314459773, 3.5128546654876835, 1.3727932976209962, 3.5769293308258057, 1.3832381963729858, 0.15454546142764125, 1732832350.9286656, 
0.23448652029037476, 0.07066452503204346, 0.21633172385493535, 0.0008641844577906183, 0.09289869527783369, 0.009302439126901485, 3.5218420925079474, 1.3734965391144218, 3.5862090587615967, 1.384556531906128, 0.15453561605634336, 1732832351.0286007, 
-2.160822629928589, 0.3969849944114685, -1.961332038948628, 0.00325702952084836, 0.09498407924585006, 0.03429026787129341, 3.5310764762137032, 1.3742313418460343, 3.5953829288482666, 1.3859182596206665, 0.15441488523668595, 1732832351.126995, 
-0.09102308750152588, 0.04286837577819824, -0.24792010207157067, -5.371193834222129e-05, -0.0021679512728637468, 0.024775436152340596, 3.5413087593832713, 1.3750571086531234, 3.597337007522583, 1.3865236043930054, 0.15596766995573338, 1732832351.217759, 
-0.22061073780059814, 0.04667478799819946, -0.22288292987451275, 1.6143851273614454e-06, 0.0008123311046848679, 0.0019873486538321376, 3.541345007267939, 1.3750600723268822, 3.597121477127075, 1.3864829540252686, 0.15649530722987023, 1732832351.3279786, 
-0.06532901525497437, -0.01830655336380005, -0.07853831512735163, -3.5065902370633103e-07, -0.002272959006653242, 0.00015427424017763064, 3.541588631432185, 1.3750810812012788, 3.597121238708496, 1.386443853378296, 0.15687279957234732, 1732832351.4269736, 
0.07907015085220337, -0.030932188034057617, 0.06584945997518638, -8.227132151585224e-07, -0.000648123436010015, 0.0012693773584601708, 3.5414374878709483, 1.375067997053769, 3.597135305404663, 1.3864319324493408, 0.1570104087784976, 1732832351.5280046, 
-0.006648004055023193, -0.013061285018920898, -0.0005674459840783741, 5.106872748039886e-07, 0.0005155561694532573, 0.0009905560345550085, 3.5413285307677715, 1.375058563820328, 3.597135066986084, 1.3864322900772095, 0.15700679021745848, 1732832351.6175067, 
0.0004709959030151367, -0.04008752107620239, 0.0003835204761927319, 1.776966541936018e-10, 2.7680786944631075e-06, 6.419494306612102e-05, 3.5413756993227286, 1.3750626535681023, 3.597135066986084, 1.3864322900772095, 0.1570067300654461, 1732832351.7283359, 
0.04014843702316284, -0.005348861217498779, 0.03681112721349532, 1.559765859911387e-10, 2.9025968267930537e-05, 5.373691053175652e-06, 3.541373043166247, 1.375062423073974, 3.597135066986084, 1.3864322900772095, 0.1570067300654461, 1732832351.8279898, 
-0.023269236087799072, -0.009019672870635986, -0.01822937252961282, 5.729053128657e-11, 0.00027135536843033445, 2.1112731846054597e-07, 3.541348950895924, 1.3750603318440062, 3.597140073776245, 1.3864279985427856, 0.1570558473698273, 1732832351.9273808, 
-0.01899796724319458, 0.017978250980377197, -0.01893245804217067, -5.851805083620048e-10, -0.00013042244974577626, 4.486808133896104e-06, 3.5413889283344453, 1.3750638019797696, 3.597140073776245, 1.3864279985427856, 0.1570558473698273, 1732832352.0170686, 
0.004372000694274902, -0.0019344687461853027, 0.0024174823184932026, -9.396917298424834e-11, -0.00015464125972397828, 6.076591276608549e-07, 3.541391339278352, 1.3750640112554644, 3.597140073776245, 1.3864279985427856, 0.1570558473698273, 1732832352.127733, 
1.3626447916030884, -0.4753726124763489, 1.2485147767446847, -0.001839080996676761, 0.03969526990268267, -0.046329978387487245, 3.541641077084086, 1.3750856897941728, 3.5992369651794434, 1.3867168426513672, 0.15453552655075273, 1732832352.226757, 
-0.4400392174720764, -0.1119738221168518, -0.2983592367689887, -0.006841819777998799, 0.11775554815838042, -0.05810188891309476, 3.545288424579702, 1.375400687687734, 3.609287977218628, 1.3880200386047363, 0.14764689707484416, 1732832352.328509, 
-0.19398373365402222, -0.09124571084976196, -0.20273345692365125, -0.0048594767357596136, 0.10209992017628816, -0.04759530396663508, 3.5571542061927106, 1.3763690923901624, 3.620795249938965, 1.38961923122406, 0.14321114517404204, 1732832352.4376364, 
-0.2624809741973877, 0.1140851378440857, -0.2574695078844834, -0.006718240239980346, 0.07772932799138366, -0.0864312147497926, 3.56730232682812, 1.377138461007933, 3.6280457973480225, 1.3905779123306274, 0.13751980980786932, 1732832352.5285156, 
-0.15414953231811523, -0.2661765217781067, -0.16278045259687068, -0.01002232642731162, 0.10877089161456262, -0.09214162243724586, 3.575570506758856, 1.3777232924086111, 3.6374735832214355, 1.3917675018310547, 0.1301500269326134, 1732832352.6275783, 
-1.0795994997024536, 0.20895588397979736, -1.0026974967063405, 0.00021892025156977635, 0.032286984273354205, 0.006780449041518158, 3.5859465760408735, 1.3783668731246796, 3.6443021297454834, 1.3924829959869385, 0.12628820176352826, 1732832352.7285178, 
-0.12230980396270752, 0.059613704681396484, -0.19615697203944704, -0.0005112392724041529, -0.011366350604389862, 0.044978312758248394, 3.5896207397028945, 1.378564344933769, 3.6437082290649414, 1.3924833536148071, 0.1310493825852538, 1732832352.8372977, 
0.08795750141143799, 0.053703248500823975, 0.06413540187841099, 2.0923153135308235e-06, 0.0006501349939998513, 0.0032182782542717614, 3.5887543623203713, 1.3785170053180638, 3.6437740325927734, 1.3924832344055176, 0.13123491793344716, 1732832352.929691, 
0.03772050142288208, 0.04828643798828125, 0.03993302214220558, 2.6601654575238084e-07, 0.0008959304132698381, 0.0002969165258957019, 3.5887648659270135, 1.3785176411694504, 3.6437573432922363, 1.3924610614776611, 0.13123469297917023, 1732832353.027586, 
0.015138685703277588, -0.0032986998558044434, 0.017216379872973336, 8.418332109381091e-09, 0.0003931546655350322, 2.1412265572188594e-05, 3.5888149887289904, 1.3785206047391227, 3.6437573432922363, 1.3924610614776611, 0.1312346029973578, 1732832353.1286602, 
0.05225324630737305, -0.0033028125762939453, 0.04931139288301007, -3.5310639771709906e-11, 0.00020011858092750163, -1.7644858167619197e-07, 3.588834262681516, 1.3785217442701898, 3.6437573432922363, 1.3924610614776611, 0.1312344980186928, 1732832353.2387114, 
0.05919921398162842, 0.014358580112457275, 0.05836604978118561, 9.792885560935778e-11, 0.00043637454341292296, 2.2441468478763162e-07, 3.588810692573366, 1.378520350928475, 3.6437573432922363, 1.3924610614776611, 0.13123434804905032, 1732832353.3284452, 
-0.001692056655883789, -0.010522544384002686, 0.0033442648554280335, -2.820871399229099e-09, 0.00048699612217702106, -5.792389858504302e-06, 3.5888056418868324, 1.3785200523530954, 3.6437573432922363, 1.3924610614776611, 0.1312341380917304, 1732832353.428439, 
0.23394954204559326, 0.038639843463897705, 0.214595396493525, 3.296012282090097e-09, 0.00021839029678999444, 1.509230185835392e-05, 3.58883243210002, 1.378521636088176, 3.6437573432922363, 1.3924610614776611, 0.1312339581281498, 1732832353.5277102, 
1.2794476747512817, 0.27225160598754883, 1.1900975232570328, -0.005716608128254027, 0.04759113811842361, -0.12011917248184065, 3.5890156719416964, 1.3785324660229596, 3.6460964679718018, 1.3928320407867432, 0.12447866504581957, 1732832353.6207948, 
0.22216635942459106, -0.35036349296569824, 0.3034004559049498, -0.01056394307805183, 0.16627485417579796, -0.06353301664533625, 3.593832852613043, 1.3788121437231833, 3.655985116958618, 1.393799901008606, 0.11845310594679435, 1732832353.7122095, 
-0.35121721029281616, -0.2005811333656311, -0.2963417231165987, -0.008010161815194781, 0.106761420351883, -0.07502861791079105, 3.6096859217036577, 1.3795482305053517, 3.6670002937316895, 1.3951473236083984, 0.11152047071402237, 1732832353.8234355, 
0.14863675832748413, -0.194316565990448, 0.11130730725058907, -0.00330256467534034, 0.09929213581174723, -0.033261090098835544, 3.620529800158175, 1.3799825400735493, 3.6761093139648438, 1.395946741104126, 0.10837949216149713, 1732832353.9285371, 
0.3440932035446167, 0.49156349897384644, 0.324537509582541, 1.988587163052639e-05, 0.08367665104382521, 0.00023765138043241318, 3.6301925870169334, 1.3803002432826983, 3.684669017791748, 1.3968287706375122, 0.10301727171136109, 1732832354.0174503, 
-0.0013233423233032227, 0.39416778087615967, 0.026013239273568634, -0.003331133387472136, 0.09982454823362921, -0.033369881921989336, 3.6384245034094027, 1.3805456395155782, 3.6915547847747803, 1.3976079225540161, 0.09811470927869256, 1732832354.08782, 
0.12560373544692993, 0.011288821697235107, 0.11723901756074286, -0.004814954293201713, 0.09324564598269643, -0.051637309629397846, 3.6483178404062326, 1.3808379428704292, 3.699897527694702, 1.3981926441192627, 0.0929537598186503, 1732832354.177374, 
0.15897458791732788, 0.2626183032989502, 0.15545358644853144, -0.00047936685031075644, 0.07921640792723528, -0.0060513580816626, 3.657419708226374, 1.3810753541483245, 3.704399824142456, 1.3986293077468872, 0.09163551810357908, 1732832354.2274232, 
0.12478286027908325, -0.4399595260620117, 0.12735614047280397, -0.008817798026588804, 0.09359156899065063, -0.09421573034500214, 3.6653106204180643, 1.3812427638541571, 3.713547945022583, 1.3994433879852295, 0.08785753435965281, 1732832354.328394, 
-0.17090678215026855, -0.07579493522644043, -0.14587734214015535, -0.007112509270035468, 0.1028000185704019, -0.06918782086760533, 3.6746523582677235, 1.3814287285590254, 3.7224280834198, 1.3998007774353027, 0.08345487554244582, 1732832354.418409, 
-1.0745782852172852, 0.140472412109375, -0.9966687621086999, 0.0007116301252235323, 0.042591044019745464, 0.016708445204903083, 3.6845925470919747, 1.3815355390491333, 3.729700803756714, 1.400281548500061, 0.0806556413276009, 1732832354.5284455, 
0.9830067753791809, 0.1875743269920349, 0.8169663795831369, -0.002784326258219053, 0.09138714068205352, -0.030467374703253357, 3.690064816427163, 1.3815608797257735, 3.7366745471954346, 1.400954008102417, 0.07698211807549235, 1732832354.677387, 
0.06948840618133545, -0.0416712760925293, 0.1321728988870059, -0.0017601930186896494, 0.10502633184806125, -0.016759540085966945, 3.698626953672078, 1.3816106918225286, 3.7518439292907715, 1.4018564224243164, 0.07648646716572174, 1732832354.818487, 
-0.4219808578491211, 0.5109211206436157, -0.3755047956190455, 0.0008347255798857985, 0.07360309677840585, 0.011340902983999115, 3.70877846196174, 1.3816401268089258, 3.7606959342956543, 1.4023423194885254, 0.0718335305382941, 1732832354.9278433, 
-0.041668713092803955, -0.4622361660003662, -0.0696555220283942, -0.003639404964870896, 0.07941104469562936, -0.04582995953296157, 3.7164956586038245, 1.381651083462692, 3.769709587097168, 1.4033364057540894, 0.06916155506810899, 1732832355.0286148, 
-0.05650550127029419, -0.5364367961883545, -0.05758221340996043, -0.007736092190793056, 0.11042449102701062, -0.07005775728593354, 3.72478319826198, 1.3816681060568876, 3.7784006595611572, 1.4039088487625122, 0.06715810567066292, 1732832355.1246552, 
-0.11029857397079468, -0.48598992824554443, -0.10585804371596196, -0.010342189949318757, 0.127614500066879, -0.08104243596063708, 3.7360404588863956, 1.3816373734118985, 3.7872564792633057, 1.4042431116104126, 0.06560891930147689, 1732832355.2172894, 
0.19471973180770874, -0.3384617567062378, 0.16949685696579592, -0.005569684957510336, 0.12175379811249051, -0.045745471959440676, 3.748827835634686, 1.381511971695769, 3.796396255493164, 1.404544472694397, 0.06289900355721917, 1732832355.318617, 
-2.3776254653930664, -0.34231168031692505, -2.1638842034545407, -0.004025444219326271, 0.09940091099038653, -0.040497055602594915, 3.7608230760924313, 1.3813006330495632, 3.80580997467041, 1.4050122499465942, 0.06134190373743845, 1732832355.4284875, 
0.3813793659210205, 0.10061269998550415, 0.16784113110182064, -0.0001272953009144916, -0.011336281515770777, 0.01122901726967536, 3.7715495846592666, 1.3810637054510795, 3.808152198791504, 1.4052882194519043, 0.06137407466597454, 1732832355.523785, 
-0.11511921882629395, 0.1073613166809082, -0.09137699827442702, 4.8222135083502564e-05, -0.002241304784961543, -0.021515206413272335, 3.770365593849507, 1.381094168522751, 3.807689905166626, 1.4053890705108643, 0.06065643017525694, 1732832355.6182718, 
-0.18185323476791382, -0.0680915117263794, -0.17425120317665835, -2.5050097452935325e-07, 0.000883161117241427, -0.00028364130806822485, 3.770260112588078, 1.3810967870066375, 3.8076906204223633, 1.4053502082824707, 0.06074916254730954, 1732832355.7281907, 
-0.001698911190032959, -0.03442281484603882, -0.016169714911275335, 5.967179264970746e-07, -0.0013013535520549676, -0.00045853636435294403, 3.770475168074531, 1.3810910264272587, 3.8076601028442383, 1.4053601026535034, 0.06063180591214907, 1732832355.8286672, 
0.8573265671730042, 0.33751165866851807, 0.7840570668560867, -0.0013097986104129696, 0.05257310131697231, -0.02491385475846227, 3.7707908769756138, 1.3810825405663898, 3.8105990886688232, 1.4052985906600952, 0.05923423544438193, 1732832355.9250736, 
0.08032304048538208, 0.31591516733169556, 0.13936970413517702, 0.0030565492164265225, 0.11012790641452938, 0.027754538481113505, 3.775902330290106, 1.380943854587465, 3.8226985931396484, 1.406129240989685, 0.05947192705893159, 1732832356.0350416, 
0.15181320905685425, 0.12216275930404663, 0.15074810744845846, 0.0020544982603050463, 0.09472297330749231, 0.02168954572018847, 3.786633052206721, 1.3806306042448697, 3.831766366958618, 1.406589388847351, 0.06027373337958842, 1732832356.1284184, 
-0.2906447649002075, -0.27398180961608887, -0.25361950406988126, -0.00031257898345804725, 0.08307674313096422, -0.0037625329505911187, 3.7958972471292385, 1.380385285182012, 3.8397369384765625, 1.4071269035339355, 0.0614024079723898, 1732832356.2286265, 
-0.5189265608787537, -0.10854876041412354, -0.49663565059547954, 0.0005130746059272089, 0.09270304641443156, 0.00553460350842727, 3.804545312653612, 1.3801732227615793, 3.8493008613586426, 1.407372236251831, 0.06242307764224591, 1732832356.3265235, 
-0.7245523929595947, 0.5550662279129028, -0.7054186192475826, 0.00348321681673575, 0.05119197968544402, 0.06804223704843694, 3.8138845087391156, 1.3799419552563477, 3.855914831161499, 1.4076035022735596, 0.06272849141370866, 1732832356.4187038, 
-0.04152512550354004, 0.07287120819091797, -0.09722729277444642, 5.583221854070677e-05, 0.0026385861453308568, 0.02115989983480561, 3.819156934054, 1.3798168135839537, 3.8560433387756348, 1.4076203107833862, 0.06638415948870932, 1732832356.528589, 
0.8642288446426392, -0.2638964056968689, 0.7835775714528398, -0.002264032222220948, 0.04887863808704675, -0.04631946205598014, 3.819864575285741, 1.3798043172016168, 3.859081983566284, 1.407917857170105, 0.06460410406888188, 1732832356.6284747, 
-1.2338956594467163, -0.058177649974823, -1.0645814500832405, -0.0007161786222022218, 0.12199624333005245, -0.0058704973419931444, 3.824847764362705, 1.3797256223967123, 3.8698787689208984, 1.4083890914916992, 0.0636885580908922, 1732832356.7260442, 
0.4428172707557678, -0.04741823673248291, 0.31635974646509624, 0.001162742491924894, 0.08818442366658893, 0.013185350015111917, 3.837668679512771, 1.3794685510084341, 3.878701686859131, 1.4089864492416382, 0.06641938737135716, 1732832356.8190594, 
0.05259650945663452, 0.0443805456161499, 0.07471658652201887, 0.002150060104716936, 0.09641292098937385, 0.022300539000928155, 3.84625675642143, 1.3792926210896732, 3.8880789279937744, 1.4093388319015503, 0.06841208610945436, 1732832356.9288883, 
0.10118794441223145, -0.16874539852142334, 0.09895502936739758, -0.00041208433742603585, 0.08796480910417204, -0.004684649936976801, 3.8557508384475874, 1.3791111252049584, 3.8974738121032715, 1.409841775894165, 0.07039240536924779, 1732832357.0305142, 
-0.4369104504585266, 0.5481947064399719, -0.3919413488751114, 0.005246396141342433, 0.09247216873842622, 0.056734866424326943, 3.8645214044083462, 1.378961504186685, 3.9066200256347656, 1.410624623298645, 0.07270458216564243, 1732832357.1271598, 
-1.0335779190063477, 0.2760775685310364, -0.9797243032727065, 0.00452410780490216, 0.05862622073113809, 0.07716867552574944, 3.8738623493899604, 1.3788026663440858, 3.913170337677002, 1.4111039638519287, 0.07746602720975823, 1732832357.2373528, 
0.23708713054656982, -0.13181155920028687, 0.13498389713785253, -0.0001785384607734192, -0.01314537286958005, 0.01358184834654469, 3.8798813231629357, 1.3787351349931025, 3.9129652976989746, 1.411117672920227, 0.08079574829519577, 1732832357.328539, 
0.014204442501068115, -0.005258083343505859, 0.024340463041051447, -3.6326827512129267e-07, -0.00028581121733754365, 0.0012710077599658101, 3.8785652235320995, 1.3787404255707199, 3.9129717350006104, 1.4110771417617798, 0.08071608815282708, 1732832357.4287386, 
0.8820837140083313, 0.3908449411392212, 0.8101324348736225, -0.0022948967705483858, 0.05218404804540564, -0.04397697872253189, 3.878933777634317, 1.378739356872113, 3.915792226791382, 1.4112082719802856, 0.07818768933673376, 1732832357.5286307, 
-0.5484898090362549, -0.31715816259384155, -0.4344655714344212, 0.0036534635119919354, 0.13425866028871364, 0.02721212549071638, 3.884245945105604, 1.3787233999300408, 3.927757501602173, 1.4124011993408203, 0.0822203413334134, 1732832357.6386948, 
-0.4230288863182068, 0.20236891508102417, -0.4239833014757631, 0.006302077531546492, 0.0981895917276697, 0.06418274504109762, 3.8978129249317606, 1.3786316524335256, 3.936630964279175, 1.413183569908142, 0.0865018691277319, 1732832357.728358, 
0.31741493940353394, 0.046292781829833984, 0.25521047059524965, 0.004677449420020777, 0.08124754278207662, 0.05757034932818464, 3.9077829339341146, 1.3785944995152069, 3.9446921348571777, 1.413925290107727, 0.08931470920040138, 1732832357.827832, 
-0.5459307432174683, 0.07609522342681885, -0.4786964735088228, 0.003702796368161463, 0.10378770742565543, 0.03567663705081671, 3.9159241309821144, 1.3786156521366573, 3.9543612003326416, 1.4148234128952026, 0.09256104314142492, 1732832357.9285426, 
0.15951859951019287, -0.005929350852966309, 0.10593983394717849, 0.0008407953387754334, 0.03310796245335507, 0.025395562773154873, 3.9261236356828357, 1.378699055541839, 3.961095094680786, 1.415509819984436, 0.09579330318494785, 1732832358.038145, 
0.2033747434616089, -0.03484630584716797, 0.19520945011498264, -0.003988898241306461, 0.06069975075122333, -0.06571523263175953, 3.9295590011235, 1.3787388060634687, 3.9635934829711914, 1.4156746864318848, 0.09479769631219362, 1732832358.128324, 
-0.2143632173538208, 0.043111324310302734, -0.17997732798572563, -0.00036311896749748485, 0.09743267250992406, -0.0037268706496837514, 3.935814700155839, 1.378822700730801, 3.9734795093536377, 1.4166265726089478, 0.09378487687391512, 1732832358.2279427, 
0.9304331541061401, -0.056380510330200195, 0.8372495698105772, 0.003975554946173131, 0.09132616753118944, 0.04353138923535154, 3.9456084752894056, 1.3788951590962046, 3.983729124069214, 1.4177454710006714, 0.09931928474086353, 1732832358.328107, 
-0.5955462455749512, -0.16751092672348022, -0.47536404517416375, -0.002302080331720071, 0.08140396406441437, -0.02827970797464422, 3.953976564230033, 1.3789566933483313, 3.9910948276519775, 1.4184457063674927, 0.10007530688882538, 1732832358.419335, 
0.19644314050674438, 0.024222195148468018, 0.14010307345833373, -0.0005513944901263973, 0.09197209942648554, -0.005995236528955544, 3.9626870404480865, 1.3790535499957366, 4.0015869140625, 1.4194345474243164, 0.0998431031534177, 1732832358.527924, 
-0.30459970235824585, -0.09126365184783936, -0.2672824666847808, -0.0008051548644368318, 0.09909269086658767, -0.008125269960837404, 3.971752257982575, 1.3791302664808398, 4.010752201080322, 1.4203628301620483, 0.10014809678668887, 1732832358.6281023, 
-1.5526171922683716, -0.12195348739624023, -1.4447350122915683, 0.0024507335188994513, 0.08577673424899213, 0.0285710751330947, 3.981877845434301, 1.3792100946094998, 4.019340515136719, 1.4211794137954712, 0.10265390003121388, 1732832358.7285638, 
0.4186554551124573, -0.026493489742279053, 0.2623073206942004, -0.000188078207358319, -0.005093960858482821, 0.03692180065441963, 3.9908392518334774, 1.3792762391596824, 4.021820068359375, 1.421339511871338, 0.10540616867725419, 1732832358.8182182, 
-0.1216614842414856, 0.07336980104446411, -0.08944920739943996, -3.410868476582348e-05, 0.003300903402394261, -0.010333136298712423, 3.9901965788034226, 1.3792696274497893, 4.021624565124512, 1.4213656187057495, 0.1045541484440053, 1732832358.927944, 
-0.092609703540802, 0.0018115639686584473, -0.09234093539938708, 5.758646930849533e-07, -0.0006685317635676345, -0.0008613871837769363, 3.990572102940924, 1.3792747124264841, 4.021633148193359, 1.4213764667510986, 0.10455419333031223, 1732832359.0285301, 
1.0604783296585083, 0.2677995562553406, 0.963771853763994, -0.0019060380563455741, 0.053061744937138465, -0.03592113411655858, 3.991000889521297, 1.3792801511542194, 4.024646759033203, 1.42149817943573, 0.10260943804345285, 1732832359.1285706, 
-1.0009344816207886, 0.0671725869178772, -0.8360659247457919, 0.0009458967528164342, 0.11970828778802345, 0.00790168141483575, 3.9961610341494826, 1.3793433618563513, 4.034010887145996, 1.422454595565796, 0.10240108235294339, 1732832359.218737, 
0.04237937927246094, -0.269836962223053, -0.03131245901243329, -0.0023272097815635606, 0.08159981422831383, -0.02851979264379325, 4.008497913341291, 1.3794545406674672, 4.045162200927734, 1.4233579635620117, 0.10282854085214653, 1732832359.328712, 
0.003476560115814209, 0.06525450944900513, 0.0005614105139032238, 0.00020989605497372704, 0.08487089657002915, 0.002473121687839558, 4.016721066807176, 1.3795328099874022, 4.053132057189941, 1.4241517782211304, 0.1028284959719175, 1732832359.4285154, 
-0.3410300016403198, -0.2746165990829468, -0.31235542565622015, -0.001970113208470529, 0.09379615920268607, -0.02100419916143123, 4.025291595227635, 1.3795919632981226, 4.062613010406494, 1.424776554107666, 0.10172280052926996, 1732832359.528695, 
0.02017897367477417, -0.11499786376953125, -0.0077069650361547, -0.0010845147537475246, 0.09388880351754765, -0.011551055217620607, 4.0349474907641065, 1.3796591635367719, 4.070891857147217, 1.4256627559661865, 0.10051499590527145, 1732832359.6183348, 
-0.3094139099121094, -0.11542952060699463, -0.2840965141803225, -0.0022631410084681344, 0.08806081553126899, -0.025699750732657355, 4.044311537770478, 1.3797052584362268, 4.081135272979736, 1.4266188144683838, 0.09907974825764436, 1732832359.728783, 
0.2763395309448242, 0.05275845527648926, 0.22932428038043678, 0.00018224086117913773, 0.0875459759084817, 0.0020816589145073623, 4.053331097784101, 1.3797384097021652, 4.090583324432373, 1.427536964416504, 0.09819541459071975, 1732832359.828528, 
-0.1443336009979248, 0.10581988096237183, -0.11298561763304704, 0.00017248067661597858, 0.09420247714969712, 0.001830956911482164, 4.061961692327266, 1.3797498995302608, 4.100037574768066, 1.4285390377044678, 0.09636050786586901, 1732832359.92869, 
-0.3550441265106201, 0.055535972118377686, -0.33476329392583837, 0.0005981656259886883, 0.03475139486610846, 0.01721270839036316, 4.07095116197073, 1.379763856890308, 4.106814384460449, 1.4293944835662842, 0.09642294448718866, 1732832360.0382009, 
0.028687000274658203, 0.019554316997528076, -0.0018177034660529778, -2.894323480578997e-06, -0.0013878007022116758, 0.002085546920365758, 4.074379946670906, 1.3797701942663747, 4.106539726257324, 1.4292867183685303, 0.09824259169520891, 1732832360.1283135, 
0.04620319604873657, -0.002308189868927002, 0.04217404389613743, -1.866363864369541e-08, -0.0001048705219627293, 0.0001779683965941203, 4.074251308476527, 1.3797697495213006, 4.106420516967773, 1.429347038269043, 0.09705622103103471, 1732832360.2285082, 
-0.03914135694503784, -0.00611567497253418, -0.03231961112451039, 4.51953543921378e-09, 0.0002911563830517174, 1.5522707734733006e-05, 4.074211590555807, 1.3797696055973672, 4.106420516967773, 1.429347038269043, 0.09705622103103471, 1732832360.3286743, 
1.2149299383163452, -0.014884769916534424, 1.110256066464733, -1.5040595630571702e-09, 0.0005638603592816277, -2.667432704390463e-06, 4.074184269824264, 1.3797695065102074, 4.106420516967773, 1.429347038269043, 0.09705622103103471, 1732832360.4195452, 
0.2229543924331665, -0.19287079572677612, 0.29739376361891234, -0.005003178908712196, 0.07176690929237767, -0.06971428696099055, 4.07394073928685, 1.3797686130140003, 4.10929536819458, 1.4295375347137451, 0.09406334022248666, 1732832360.5287113, 
-1.421100378036499, -0.06115603446960449, -1.2768638725426549, 1.1565897646326031e-05, 0.1164884597484762, 9.928792664354313e-05, 4.081373511893432, 1.3797914508314968, 4.120113372802734, 1.4305510520935059, 0.09433152064412713, 1732832360.6285732, 
-0.28849297761917114, -0.05063420534133911, -0.3713736512509932, -7.515980590153881e-05, 0.08618047682075641, -0.0008721210264113636, 4.09384490965795, 1.3797505506460757, 4.13014554977417, 1.4314260482788086, 0.09638527213760474, 1732832360.7287154, 
0.2688632607460022, -0.07911503314971924, 0.2151514359155059, -0.0018326800935852968, 0.07797175002807977, -0.02350441144293027, 4.102689057726021, 1.3797211454690765, 4.139008045196533, 1.4319136142730713, 0.0950587042425369, 1732832360.8380067, 
-0.08065271377563477, -0.08360534906387329, -0.05583338555973849, -0.0007147677779092652, 0.09070917871451915, -0.007879773447831443, 4.110440528734521, 1.3796933476030746, 4.147022247314453, 1.432560920715332, 0.0950587042425369, 1732832360.9285674, 
0.6300603747367859, -0.11614787578582764, 0.5725012715098138, 0.0011726451825623309, 0.09224272162216225, 0.012712603899152417, 4.119503731352857, 1.3796408238674056, 4.156313896179199, 1.4332350492477417, 0.09720020588116093, 1732832361.0285223, 
-0.009177148342132568, -0.027857303619384766, 0.039604114774110744, -0.00012582285850588798, 0.09807753572708411, -0.0012828917200367832, 4.1283093075955435, 1.3795842451554423, 4.165688514709473, 1.4341299533843994, 0.09772973595720724, 1732832361.1294746, 
0.1984352469444275, -0.18408256769180298, 0.18509962290217713, -0.0015530819188269284, 0.09412020962496795, -0.01650104610917623, 4.138025280917825, 1.3795329759506942, 4.175869464874268, 1.4348994493484497, 0.09772973595720724, 1732832361.2385697, 
-0.21281683444976807, 0.09326732158660889, -0.1794362022219924, 0.0006052121308488678, 0.09171992075786457, 0.006598480742766817, 4.147266876174059, 1.3794820348376444, 4.184154987335205, 1.4355970621109009, 0.09772973595720724, 1732832361.3285732, 
-1.2154548168182373, 0.44487422704696655, -1.1285218801066617, 0.0037551812745384348, 0.051639791240580483, 0.07271875397488967, 4.156312115654889, 1.3794194773944333, 4.191095352172852, 1.4360535144805908, 0.099658291861977, 1732832361.4286776, 
0.22098904848098755, 0.057656049728393555, 0.10776969752487675, -0.00044671063140574183, -0.006444156577511587, 0.06932026340958948, 4.161915180797598, 1.3793874370359571, 4.190672874450684, 1.4360511302947998, 0.10592656063523966, 1732832361.523648, 
1.0873709917068481, 0.22314852476119995, 1.005204200517842, -0.00401339523693852, 0.07077080320755284, -0.0567097596047942, 4.1618120787585156, 1.3793869934763154, 4.193063259124756, 1.4361761808395386, 0.10271461262971543, 1732832361.618295, 
0.14918005466461182, -0.20737111568450928, 0.2209969037472046, -0.002326331128798649, 0.13497593741252087, -0.017235154453410374, 4.168609368666153, 1.379437110655241, 4.2053351402282715, 1.4373806715011597, 0.1021202724664353, 1732832361.7285764, 
0.33190691471099854, -0.09523487091064453, 0.3225505547807801, -9.708294549856796e-06, 0.0891504273617679, -0.0001088979025356887, 4.181480557778504, 1.3794630904100238, 4.214487075805664, 1.4382350444793701, 0.10388124636084009, 1732832361.828518, 
-0.19409942626953125, 0.1798090934753418, -0.15076108095618074, 0.0007565815741630904, 0.09052415420544653, 0.008357786723375643, 4.190149764689237, 1.3794670589801472, 4.222586154937744, 1.4387059211730957, 0.10392245999365059, 1732832361.9243808, 
0.07702499628067017, 0.07037913799285889, 0.057923565864690885, 0.002057790619375007, 0.09757001159630745, 0.021090400479699074, 4.199391301153233, 1.3794719543780107, 4.2317047119140625, 1.4395008087158203, 0.10509980995559297, 1732832362.0185091, 
-0.049920499324798584, 0.33179908990859985, -0.04086851870117518, 0.0033905237687056307, 0.10489586821231074, 0.03232275805032818, 4.20916723026269, 1.3794864234155555, 4.241800308227539, 1.4403353929519653, 0.10531198562907522, 1732832362.1286817, 
-0.1002386212348938, -0.1977214813232422, -0.09526078728272344, -0.0015120227763892329, 0.09398445208274168, -0.01608800969609403, 4.219634808191647, 1.379524553877726, 4.2509765625, 1.4411317110061646, 0.10454524262992196, 1732832362.2285335, 
-0.24618470668792725, -0.19413411617279053, -0.23351090477302863, 0.0026039194976956704, 0.09492651126903091, 0.027430898522288583, 4.229122207921361, 1.3795863817404392, 4.259769439697266, 1.441824197769165, 0.10627162843811055, 1732832362.3257287, 
-0.18931668996810913, -0.22264719009399414, -0.19301551491271352, -0.0003347979348459798, 0.08601803313384926, -0.003892183099850864, 4.238732047218478, 1.3796368083157804, 4.268755912780762, 1.4426584243774414, 0.10700366524542004, 1732832362.4191096, 
-0.8839749097824097, 0.5347278118133545, -0.8260056514797732, 0.0031451047045245976, 0.038449439405550255, 0.0817984541036142, 4.2471384454092895, 1.3797024174613843, 4.2765421867370605, 1.4433969259262085, 0.10832862065367352, 1732832362.529539, 
-0.1366710662841797, 0.15946924686431885, -0.19449007517518413, 0.00024359814070321992, 0.003920414306809811, 0.06213581566623884, 4.25136500706703, 1.379736643103614, 4.276139259338379, 1.4433708190917969, 0.11376033757089818, 1732832362.6286952, 
0.059880197048187256, 0.06175351142883301, 0.038543290812973946, -2.5857939765670463e-06, 0.0004499214404194707, -0.005747212166986884, 4.251885771808736, 1.3797449141355966, 4.276187896728516, 1.4433685541152954, 0.1137443867557393, 1732832362.7254913, 
0.11267685890197754, 0.031168580055236816, 0.10645229427617502, -2.3372562884763043e-06, 0.00028374908478153316, -0.008237053135434172, 4.251888877858458, 1.3797450059386782, 4.276190757751465, 1.4433846473693848, 0.11368648669896139, 1732832362.8185701, 
0.0338817834854126, 0.06548136472702026, 0.039964845603459614, -7.027766886599116e-07, 0.00045194430436508275, -0.001555007291544945, 4.251826049931298, 1.379743679759656, 4.276199817657471, 1.4433574676513672, 0.11386412186933945, 1732832362.9285111, 
0.004036605358123779, 0.031454622745513916, 0.0070488864365264026, -2.813283572685241e-07, 0.00015636741251702328, -0.001799149533397163, 4.251834573242787, 1.379743850829271, 4.27619743347168, 1.4433597326278687, 0.1138383592489858, 1732832363.0285432, 
0.05768418312072754, -0.027269482612609863, 0.05343416307784248, 3.925236668484231e-07, 0.0002789336978557093, 0.0014072292801692008, 4.251841288715675, 1.3797439861273477, 4.276205062866211, 1.443352222442627, 0.11392011605394842, 1732832363.0764217, 
0.023234128952026367, 0.0019140243530273438, 0.025764985318255933, -2.776464125861724e-07, 0.00037919983281643234, -0.0007321902294207467, 4.251823429470701, 1.3797436278212893, 4.276205062866211, 1.443352222442627, 0.113921318301206, 1732832363.1677954, 
-0.0014199018478393555, 0.036157429218292236, 0.0008596885516614673, 9.294628193684232e-08, 0.00024442129574891655, 0.00038027080108568785, 4.251838457802213, 1.3797439308132295, 4.276207447052002, 1.443350076675415, 0.11394493664954532, 1732832363.2184021, 
0.026709139347076416, -0.024257659912109375, 0.02453878294856846, 9.543151033039347e-10, 6.000340498468439e-05, 1.59043491539775e-05, 4.251874256810584, 1.379744649723699, 4.276210308074951, 1.443347454071045, 0.1139736633465308, 1732832363.4295495, 
0.01887798309326172, 0.0063471198081970215, 0.019351393175302975, -7.268661978954192e-08, 0.00016498442808120933, -0.0004405665470062654, 4.251857585033566, 1.3797443139516672, 4.276203632354736, 1.4433530569076538, 0.11391153666149918, 1732832363.5729032, 
-0.01842796802520752, 0.027806639671325684, -0.015258663053166671, 9.201531481365078e-08, 0.00018675165532536795, 0.0004927148552088449, 4.25185919760491, 1.3797443464625443, 4.276206970214844, 1.443349838256836, 0.11394707869484709, 1732832363.6868894, 
-0.026091396808624268, 0.010967135429382324, -0.02518138757523792, 8.467858199429025e-09, -0.00012190692723650499, -6.946166548026426e-05, 4.251889814564131, 1.3797449623391778, 4.276212215423584, 1.4433449506759644, 0.11400129265081727, 1732832363.8297565, 
0.4924381375312805, -0.09608316421508789, 0.44902438306158926, -0.008499992617924595, 0.03665771641302239, -0.23187458057002794, 4.252200579618995, 1.3797512278470674, 4.278243064880371, 1.443571925163269, 0.10064960622741316, 1732832363.9276588, 
-0.1666346788406372, -0.36194735765457153, -0.11490515671369589, -0.05727332987413504, 0.16536767313061176, -0.3463393345862649, 4.256735241675334, 1.3798328002788354, 4.2865729331970215, 1.4438785314559937, 0.07073283842816977, 1732832364.019195, 
0.25423532724380493, 0.11713480949401855, 0.22318591885863437, -0.01676244829765706, 0.05545487792542386, -0.3022718455930843, 4.272141037280906, 1.3797303372865333, 4.297066688537598, 1.4439334869384766, 0.03240597263032257, 1732832364.1287417, 
-0.26373928785324097, 0.1294812560081482, -0.22289321582927157, -0.017901933005708626, 0.050307160448438186, -0.35585258333268543, 4.277469811273091, 1.3795148243726945, 4.305948257446289, 1.4435986280441284, -0.0017459487596353468, 1732832364.2278454, 
-0.14894038438796997, -0.17277216911315918, -0.15507779775343164, -0.041495874836447295, 0.1251063343966051, -0.33168484263074477, 4.283298666656509, 1.3791024327478585, 4.31510066986084, 1.4434515237808228, -0.03564938061906355, 1732832364.3281128, 
-1.7173633575439453, 0.024807989597320557, -1.5862905391698263, -0.011399976832132981, 0.049219883618085644, -0.2316132423349353, 4.295356463901301, 1.3778156179641994, 4.321609020233154, 1.4428356885910034, -0.061130639129813105, 1732832364.418801, 
0.05047762393951416, 0.0554804801940918, -0.0868283877836522, 0.00036310632943867147, -0.023308994653561385, -0.015577948977872041, 4.300899183053935, 1.3770450789720798, 4.321990966796875, 1.44303297996521, -0.06583058004284795, 1732832364.5279086, 
0.6972423791885376, 0.05659902095794678, 0.6314823562212453, -0.005061932619344657, 0.029335548875152682, -0.17255285186199917, 4.299055288343884, 1.3773430954035446, 4.323744773864746, 1.4427207708358765, -0.0741857517693623, 1732832364.627939, 
-0.1978294849395752, -0.08285874128341675, -0.1282140325595652, -0.03781718369730697, 0.1136324667031401, -0.33280262934098515, 4.302214326932378, 1.3768241042680314, 4.332867622375488, 1.4417760372161865, -0.10633136775419302, 1732832364.7280679, 
-0.06493377685546875, 0.02155780792236328, -0.0702639066348151, -0.025250645793362305, 0.07358976028668567, -0.3431271646353061, 4.313103327917148, 1.3748240150591702, 4.341371536254883, 1.440382957458496, -0.139606507846215, 1732832364.8185904, 
-0.05901569128036499, -0.158058762550354, -0.05991837238231612, -0.04021347797510758, 0.12468184076807004, -0.3225287477902389, 4.320754577149127, 1.3731559130109021, 4.3507208824157715, 1.4386502504348755, -0.1743327674138049, 1732832364.9283376, 
0.01912510395050049, -0.10680127143859863, 0.012487950844040058, -0.03896454275076832, 0.11394055063011292, -0.34197256846036805, 4.332893932711072, 1.3700702798150826, 4.359420299530029, 1.4363257884979248, -0.20731646255731512, 1732832365.0282958, 
-0.4018111228942871, -0.05856668949127197, -0.36705179876054916, -0.05008147876986775, 0.0991976786406745, -0.5048654308865309, 4.343594945882544, 1.3669726732348952, 4.368283748626709, 1.4338760375976562, -0.2517473453757619, 1732832365.1282384, 
-0.1351136565208435, -0.03255242109298706, -0.15456457920500596, -0.04381397810542233, 0.08286772234942304, -0.5287218818525592, 4.353179719563103, 1.3638289342238243, 4.376042366027832, 1.4316434860229492, -0.3003690102774358, 1732832365.2191403, 
0.047470033168792725, -0.19071626663208008, 0.030572544024353276, -0.07552853271169459, 0.1489363586881724, -0.5071195064586509, 4.3614595730040895, 1.360641711657386, 4.385482311248779, 1.4285838603973389, -0.35296512008237163, 1732832365.3279335, 
0.07880741357803345, -0.10821199417114258, 0.07473578231826677, -0.06263924982756103, 0.11942167069723673, -0.524521633819434, 4.374862436667726, 1.3546505004556872, 4.393850803375244, 1.4251259565353394, -0.4045990827196572, 1732832365.428355, 
-0.18234801292419434, 0.1404762864112854, -0.16084236220059026, -0.011161147952153498, 0.02956533313401534, -0.37750793815045625, 4.384917410739585, 1.3495259728715407, 4.4021897315979, 1.4212355613708496, -0.44860850073742214, 1732832365.528596, 
0.19400286674499512, 0.13785237073898315, 0.1642355492382959, -0.00938276088751432, 0.032195202048644664, -0.2914335146379151, 4.3876274551299055, 1.3479669177842089, 4.410903453826904, 1.4168689250946045, -0.48364753654401355, 1732832365.6382544, 
0.10592567920684814, -0.32457709312438965, 0.11089919290183661, -0.06165277313632533, 0.16060267882815926, -0.3838838404575568, 4.391097861737958, 1.3457960557426032, 4.418042182922363, 1.4126503467559814, -0.5162579286415981, 1732832365.7286313, 
0.14434778690338135, -0.15318870544433594, 0.14151376864115298, -0.04632376838820278, 0.1341402998738412, -0.34533819017677925, 4.404200120056577, 1.3370355165986016, 4.425717830657959, 1.4082403182983398, -0.5500992313718387, 1732832365.8285866, 
-0.038720548152923584, 0.15183693170547485, -0.023669927478932623, -0.0147638530328074, 0.04225906469704255, -0.3493653524669852, 4.414353269318847, 1.3296693136902613, 4.433513164520264, 1.4030206203460693, -0.5865411901404788, 1732832365.9295795, 
-0.06566882133483887, 0.2894187569618225, -0.06217357538004897, 1.148439537014076e-05, -0.0005206747535059439, -0.022056754802899536, 4.41751718512703, 1.3272051438977288, 4.440852642059326, 1.3985259532928467, -0.6010714972512752, 1732832366.018721, 
-0.0511019229888916, -0.07705742120742798, -0.05196456710015284, 0.008026026473540391, 0.08652730362049921, 0.0927571545363508, 4.418080017415818, 1.326739745990686, 4.449118614196777, 1.3928664922714233, -0.5824670723132304, 1732832366.1277955, 
0.0018339753150939941, 0.3114025592803955, -0.002651569107501514, 0.007156933296358724, 0.12301657688122375, 0.058178608751802294, 4.425010245916896, 1.320959919605774, 4.457378387451172, 1.3874704837799072, -0.579811078060044, 1732832366.228549, 
-0.02347719669342041, 0.22454804182052612, -0.02173666526495333, 0.007345624643002518, 0.11250997838063892, 0.06528865038220091, 4.434478131818912, 1.3132068055168307, 4.465679168701172, 1.3819949626922607, -0.5734205552824245, 1732832366.328738, 
-0.1304897665977478, 0.2615904211997986, -0.12136514026559565, -0.002543642456424953, 0.10677245995512534, -0.023823020069913187, 4.443202333329903, 1.30614698447998, 4.472660064697266, 1.377339243888855, -0.5752697730546832, 1732832366.4184234, 
0.03498715162277222, -0.24955928325653076, 0.021864799733647036, -0.0024628566773323953, 0.09412759194679278, -0.026165087477480215, 4.4515177732145625, 1.2994972722255889, 4.481046676635742, 1.371835470199585, -0.5776368280973203, 1732832366.5295937, 
-0.1632714867591858, -0.2743469476699829, -0.14773037289047886, -0.008906589060477477, 0.10111585947490118, -0.08808300801407178, 4.458905253999262, 1.2935599061171024, 4.488840103149414, 1.3667495250701904, -0.5821603812333785, 1732832366.62849, 
-0.338595449924469, -0.2471613883972168, -0.3225578842426203, -0.00866502485723094, 0.11325831512824316, -0.07650674343353486, 4.4669688204990114, 1.2870377334455836, 4.496627330780029, 1.3614263534545898, -0.587062515636426, 1732832366.7296033, 
-0.007160663604736328, 0.004220426082611084, -0.03362555451431126, -0.003081688268269511, 0.08818616147465541, -0.03494525917374445, 4.475740464501096, 1.279815943798271, 4.504886150360107, 1.3557813167572021, -0.5906704036524958, 1732832366.8380852, 
-0.5812161564826965, 0.305946946144104, -0.5353002939095348, 0.0006668644359921371, 0.02701855799194583, 0.02468171825420616, 4.482151973734067, 1.2744584319378476, 4.5094780921936035, 1.3528399467468262, -0.5905281603990549, 1732832366.9300342, 
0.1830347180366516, 0.0027716755867004395, 0.12275959489946553, -2.190982304900558e-05, -0.010131678352839565, 0.0021625067719273777, 4.484298910375844, 1.272653469442981, 4.50895881652832, 1.3532850742340088, -0.589075467075285, 1732832367.0285895, 
0.11165928840637207, 0.016792476177215576, 0.11258992502732396, 1.896003835091922e-08, 0.0007334147552479151, 2.5851727436967346e-05, 4.483515829428563, 1.2733087746677236, 4.508879661560059, 1.353325366973877, -0.589075467075285, 1732832367.1291113, 
-0.00594097375869751, 0.061952173709869385, 0.003998930841566911, 4.086928921854156e-08, 0.0009332622749548113, 4.379185821104839e-05, 4.4835006126732155, 1.273321506597508, 4.50885009765625, 1.3533332347869873, -0.589075467075285, 1732832367.2179496, 
0.01884990930557251, 0.013737738132476807, 0.0176026760344034, 1.878779828719684e-09, 0.0001218403090153797, 1.5420018579257942e-05, 4.483562673206696, 1.273269593839203, 4.50885009765625, 1.3533332347869873, -0.589075467075285, 1732832367.2893178, 
0.045773446559906006, -0.046613872051239014, 0.04340798432779465, -6.858613409459154e-10, 0.00017546702961282056, -3.908776152758231e-06, 4.483558508334035, 1.2732730776858734, 4.50885009765625, 1.3533332347869873, -0.589075467075285, 1732832367.4287446, 
-0.006671726703643799, -0.016002953052520752, -0.0024717032249568713, -1.0039690233573782e-09, 0.0003461522231845192, -2.9003685549701194e-06, 4.483545425497476, 1.2732840211884795, 4.50885009765625, 1.3533332347869873, -0.589075467075285, 1732832367.5296655, 
-0.016937613487243652, -0.009209215641021729, -0.015723622234714442, 3.352990370024702e-12, -1.0598420326722032e-06, -3.1636699306695104e-06, 4.4835720534980394, 1.2732617474520882, 4.50885009765625, 1.3533332347869873, -0.589075467075285, 1732832367.6382494, 
-0.025003552436828613, -0.018793344497680664, -0.024223707637776665, 3.413942569010907e-11, -0.00013807687797289967, -2.47249403312911e-07, 4.483582578639123, 1.2732529433985014, 4.50885009765625, 1.3533332347869873, -0.589075467075285, 1732832367.7286365, 
0.11640036106109619, 0.0017451047897338867, 0.10460009428310772, 3.6859070559216434e-08, -0.00014254601784616325, -0.0002585766415375772, 4.4835813142757015, 1.273254001015516, 4.508864402770996, 1.3532158136367798, -0.588191839669342, 1732832367.8246377, 
0.2432711124420166, 0.4072452187538147, 0.23164583638051162, 0.0035220874805372863, 0.02836800990364205, 0.12415701674177364, 4.4836895680376525, 1.2731634466998196, 4.51015567779541, 1.3524256944656372, -0.5813327197481152, 1732832367.923796, 
-0.2001994252204895, 0.24259108304977417, -0.16390412020322093, 0.0474103748221084, 0.1254269998323284, 0.3779917791662631, 4.486410873232402, 1.27089289895054, 4.518764019012451, 1.3469266891479492, -0.5430810141241885, 1732832368.0333388, 
0.06725990772247314, -0.00489354133605957, 0.047847807449565405, 0.032874937824681226, 0.09285012560263267, 0.35406454876943205, 4.496029979840659, 1.26310253190225, 4.528045177459717, 1.3413945436477661, -0.5069176516584146, 1732832368.1329615, 
-0.1782810091972351, 0.03609275817871094, -0.15930583211250116, 0.03513826992124902, 0.09357151968621077, 0.3755231296775358, 4.503440868609606, 1.2575485033277785, 4.535475730895996, 1.3372427225112915, -0.47328346397078136, 1732832368.223587, 
-0.16591346263885498, 0.09924256801605225, -0.1653351933054872, 0.044720269313290865, 0.11078377507139128, 0.40367165033392505, 4.511340991822333, 1.2520549653704065, 4.544530391693115, 1.332617998123169, -0.4314612353903121, 1732832368.329831, 
-0.566423237323761, 0.036218464374542236, -0.5327813736732732, 0.019424649804386834, 0.0668571098321468, 0.2905397773423779, 4.520529747498564, 1.2461675946061876, 4.551695823669434, 1.3289871215820312, -0.39506403063568823, 1732832368.438045, 
0.11946040391921997, 0.1537122130393982, 0.06474006506500651, 0.0014209873021002923, 0.041652472299362586, 0.03411531713861887, 4.5265217329258185, 1.2426507076644808, 4.55204439163208, 1.3287137746810913, -0.39081294738921646, 1732832368.5286822, 
0.030022919178009033, 0.11960667371749878, 0.03290550270354707, -6.686308906159767e-05, 0.004705752615954892, -0.014208798149502766, 4.52986599749734, 1.2408082920439854, 4.551647186279297, 1.3289289474487305, -0.3940821033806043, 1732832368.6286063, 
-0.0021498799324035645, 0.028022408485412598, 0.0007865498094798001, -5.113183704190547e-07, 6.232551505320864e-05, -0.00820399751181408, 4.530217437459219, 1.2406160105152093, 4.551581859588623, 1.329053521156311, -0.3954454144429257, 1732832368.7238102, 
-0.0008082985877990723, 0.1099475622177124, -0.0006497575973170504, 0.00849833881035851, 0.03494732308397092, 0.2431756729961498, 4.530501952625401, 1.2404598598133465, 4.553678512573242, 1.3282684087753296, -0.3804179555835956, 1732832368.8395412, 
-0.5409734845161438, 0.24618250131607056, -0.49554970142227445, 0.06753445456158955, 0.14311944611469973, 0.47187476192065214, 4.534471173510784, 1.23828896039422, 4.560379981994629, 1.3255976438522339, -0.34479247700017646, 1732832368.9188092, 
0.06992989778518677, -0.23527246713638306, 0.022400755463910793, -0.002973766380363643, -0.006157178943838326, 0.4829754677407224, 4.54636398383163, 1.2321876725290857, 4.570664882659912, 1.322238564491272, -0.2858821336973824, 1732832369.02859, 
0.7352479100227356, -0.1579376459121704, 0.675427511100972, 0.0018636932549127318, 0.004545248781733919, 0.4100310773752127, 4.545852808640223, 1.2324201812780653, 4.574671268463135, 1.3209487199783325, -0.2653225529229915, 1732832369.0796845, 
0.15609049797058105, -0.43774092197418213, 0.19957113119020786, -0.024803398665119023, -0.07382963640375736, 0.3359545011094856, 4.5452813175012565, 1.232651959741104, 4.581419467926025, 1.3191099166870117, -0.23526965154562304, 1732832369.1684504, 
0.2271188497543335, 0.12250107526779175, 0.22491011393318716, -0.007503448204806267, 0.09040291348949608, -0.08300007063022469, 4.539400693358603, 1.234724058152219, 4.59125280380249, 1.3161901235580444, -0.23457231036909879, 1732832369.2848623, 
-0.06829077005386353, -0.0022446513175964355, -0.04369623303699516, -0.0027115643270563816, 0.09529865584693326, -0.028453332347222617, 4.547884825325924, 1.2320140428414845, 4.599457740783691, 1.3142001628875732, -0.24252170955104102, 1732832369.3787024, 
-0.4320294260978699, 0.07342272996902466, -0.39943878003124333, 0.020787300555889884, 0.09035418772894933, 0.23006460550836946, 4.556980908416178, 1.2290317686659802, 4.608549118041992, 1.3120981454849243, -0.22081783635822855, 1732832369.4806795, 
-0.021224260330200195, -0.18804007768630981, -0.05296452756597814, 0.007395500930454985, 0.05270482172970986, 0.14031924760853748, 4.56556611027839, 1.2262095426889037, 4.623218059539795, 1.3091729879379272, -0.19254432930627646, 1732832369.6357567, 
-0.015593230724334717, 0.25091904401779175, -0.018677205333443782, 0.018619394376851214, 0.12108925751363891, 0.15376586461234198, 4.571224145895313, 1.2244871403424813, 4.631685733795166, 1.3073675632476807, -0.17984610576958884, 1732832369.7291377, 
-0.053137242794036865, -0.11021590232849121, -0.05026988317014349, 0.010580294393510674, 0.08444396683728053, 0.1252936685683939, 4.582578484715211, 1.2212079614951485, 4.641108512878418, 1.3059511184692383, -0.16612794538354744, 1732832369.8286176, 
-0.4644436836242676, 0.0866132378578186, -0.42966786787123173, 0.015111459995451815, 0.10196368809789932, 0.14820432918180354, 4.590925714274643, 1.2189333026700264, 4.649930477142334, 1.3046315908432007, -0.1517172256839825, 1732832369.9257243, 
-0.03198152780532837, 0.00957190990447998, -0.06534029045979606, 0.011935088048007535, 0.08346521891863722, 0.14299474922173255, 4.600984541727655, 1.2163290133237805, 4.65834379196167, 1.303511619567871, -0.13889498533822844, 1732832370.0187995, 
-1.4454963207244873, -0.26901739835739136, -1.3296855434123995, 0.006571605873329699, 0.04897480538266713, 0.13418339944349186, 4.608988276413633, 1.2143826930813337, 4.668189525604248, 1.302401065826416, -0.12326274493288594, 1732832370.1287467, 
0.2045881748199463, 0.08658897876739502, 0.07588800186883704, 0.000631751468896127, 0.008449907447112631, 0.07476430633710658, 4.614443702661554, 1.213137288115989, 4.671098709106445, 1.3020117282867432, -0.11550984771075251, 1732832370.2296224, 
-0.07557463645935059, 0.06117957830429077, -0.06287131672364649, -0.0001162659619084827, 0.004388066337109531, -0.026495944449433373, 4.615183161254857, 1.212978538021429, 4.670951843261719, 1.3021583557128906, -0.11716163181416527, 1732832370.326796, 
-0.048678457736968994, 0.009340047836303711, -0.049868496954643404, 7.012552967872369e-07, -0.0003587406004319704, -0.0019547698140183582, 4.615626581815132, 1.2128863948037574, 4.670924186706543, 1.3021292686462402, -0.11732751217002454, 1732832370.4371965, 
-0.03689461946487427, -0.04282486438751221, -0.037980065662271724, -2.2598125218953893e-07, -0.0005320898155580425, 0.00042470508846807276, 4.615633547522735, 1.2128849361282104, 4.670919418334961, 1.3021115064620972, -0.11724545800574995, 1732832370.528085, 
-0.022601425647735596, 0.025162994861602783, -0.023889228039937718, -1.2656526094024703e-07, -0.0003131717257249837, 0.00040414012678587774, 4.615616420676996, 1.2128885427702067, 4.670915603637695, 1.3021173477172852, -0.11729744850378718, 1732832370.628799, 
-0.015260815620422363, -0.029778003692626953, -0.01598318465426237, -1.2136813158867893e-07, -0.000179342809894319, 0.0006767382069021741, 4.6156077440748, 1.2128903690192172, 4.670919418334961, 1.3021116256713867, -0.11724539911324677, 1732832370.727124, 
0.7236380577087402, -0.4563267230987549, 0.6615683158157553, -0.00025758960522352686, 0.003229505039576839, -0.0797613262920558, 4.615583253534195, 1.212895524325533, 4.6710333824157715, 1.3021718263626099, -0.11986916069886955, 1732832370.8202145, 
-0.07687419652938843, -0.007204115390777588, -0.014935336292362433, -0.002357263124513046, 0.018472684343565353, -0.12760804443313942, 4.615499097867812, 1.2129132603056803, 4.672485828399658, 1.301845908164978, -0.13429377443261442, 1732832370.928859, 
-0.19188988208770752, 0.21384769678115845, -0.1770609965179043, 0.0015739903089514952, -0.014154740391919315, -0.11119881151971234, 4.617045690395215, 1.2125730376117383, 4.673592567443848, 1.3016724586486816, -0.14630878176355602, 1732832371.027978, 
-0.15859496593475342, 0.1304979920387268, -0.16012378461439952, 0.0003155109228943758, -0.002103684910393845, -0.14998012360858112, 4.615931752671551, 1.212833142916705, 4.67488431930542, 1.3014999628067017, -0.16006565132137499, 1732832371.1285484, 
-0.0029987692832946777, -0.12604475021362305, -0.01615198883815258, -0.003643934132180341, 0.02912046721179406, -0.1251330930124814, 4.616132308689618, 1.2127843786290087, 4.6763224601745605, 1.3012580871582031, -0.17191583044178724, 1732832371.219304, 
0.08494871854782104, -0.16132652759552002, 0.07645983540422312, -0.0010614553216413002, 0.021953348110370897, -0.04835049835245231, 4.618888347988272, 1.2120650740425427, 4.676862716674805, 1.3011785745620728, -0.17978961371763616, 1732832371.3281546, 
-0.042469322681427, -0.013700425624847412, -0.03250626040764018, -2.3806079278932047e-05, 0.004434863193086794, -0.005367939943681177, 4.620821178691857, 1.2115360072575727, 4.676856517791748, 1.3011542558670044, -0.17935384278276867, 1732832371.4279435, 
-0.06609088182449341, -0.006088733673095703, -0.06327267358768754, 1.06614335114991e-06, 0.0006580309940580452, 0.001620202332074141, 4.621239571751253, 1.2114194906969018, 4.676833629608154, 1.3011912107467651, -0.17957551791602505, 1732832371.5279558, 
0.023252665996551514, 0.018899619579315186, 0.015994630004358384, -7.755621158009908e-08, -0.00052347548896166, 0.0001481563381963418, 4.621342800231135, 1.2113906927327818, 4.676821231842041, 1.301185131072998, -0.17959239802103624, 1732832371.6378882, 
