imu_ax, imu_ay, kf_ax, kf_ay, kf_vx, kf_w, kf_x, kf_y, odom_x, odom_y, odom_th, stamp, 
-0.002407371997833252, -0.015700697898864746, -0.0022607331730053297, -4.445178372496864e-11, -5.041892139439072e-05, 8.816488432438789e-07, 0.0006619404026561127, 1.0163087477401117e-05, -1.0102920896315482e-05, 1.0164048944716342e-05, -1.430662699156639e-06, 1732835678.836006, 
0.024301469326019287, 0.00818091630935669, 0.022076668505207394, 3.6452563958099944e-13, -1.2918120369160332e-06, -2.821816403346405e-07, 4.123484128247469e-05, 1.0163975627146148e-05, -1.0102920896315482e-05, 1.0164048944716342e-05, -1.4306625958412363e-06, 1732835678.897873, 
0.005959033966064453, 0.022480487823486328, 0.007310276623627248, -4.8400000907268746e-11, 0.00017351017542409104, -2.789461816228943e-07, 5.0365319892660575e-05, 1.01639527502499e-05, -1.0102920896315482e-05, 1.0164048944716342e-05, -1.4306625063966103e-06, 1732835678.9478805, 
0.009259819984436035, 0.007975220680236816, 0.009095616113715704, -2.5019965117830205e-11, 7.715618997849289e-05, -3.242768354010801e-07, 5.950263217279896e-05, 1.0163944931240853e-05, -1.0102920896315482e-05, 1.0164048944716342e-05, -1.4306638303324177e-06, 1732835678.9959555, 
-0.021488964557647705, -0.002988159656524658, -0.018922785613150965, -8.342712208258268e-11, 6.28826285588958e-05, -1.3267117484512426e-06, 6.135111593845886e-05, 1.016394300508205e-05, -1.0102920896315482e-05, 1.0164048944716342e-05, -1.4306642538127348e-06, 1732835679.0459538, 
-0.014306724071502686, -0.022880256175994873, -0.014692933312459005, 3.4646461756980645e-10, -0.00015086389266304808, -2.2965377033166527e-06, 8.278699003121086e-05, 1.0163922581547615e-05, -1.0102920896315482e-05, 1.0164048944716342e-05, -1.4306657989538882e-06, 1732835679.0880604, 
-0.017739474773406982, 0.004421710968017578, -0.01748274579942053, -3.4535342474259893e-10, -0.00013716296962286954, 2.5178328064210796e-06, 8.146710403431823e-05, 1.0163924146744111e-05, -1.0082331755256746e-05, 1.0139915502804797e-05, -1.1922590680584097e-06, 1732835679.1379597, 
-0.0010796785354614258, 0.0008498430252075195, -0.002455088292946772, 4.987137481846232e-11, -0.00014734343732381158, -3.3847028224855187e-07, 8.248295765109848e-05, 1.0163923101390729e-05, -1.0082331755256746e-05, 1.0139915502804797e-05, -1.1922648511962409e-06, 1732835679.1879575, 
0.018812716007232666, -0.018722176551818848, 0.017028318340457246, -6.749455436152763e-11, -2.5981123421913756e-05, 2.597830481210039e-06, 5.805735277737717e-05, 1.0163948821116552e-05, -1.0082331755256746e-05, 1.0139915502804797e-05, -1.1922754325375818e-06, 1732835679.347961, 
-0.005056023597717285, 0.0069432854652404785, -0.0032036843119572778, -2.7050356789613583e-11, 0.00012638344302725972, -2.1403402329986433e-07, 4.2040393903692484e-05, 1.0163966010041304e-05, -1.0082331755256746e-05, 1.0139915502804797e-05, -1.19227680945024e-06, 1732835679.4450014, 
-0.02291792631149292, 0.01973956823348999, -0.02126327870180748, -5.152957294159218e-11, -2.894875302499015e-05, 1.780027377936073e-06, 5.756914473627254e-05, 1.0163952885500056e-05, -1.0082331755256746e-05, 1.0139915502804797e-05, -1.192277534767823e-06, 1732835679.5381432, 
-0.017533540725708008, -0.00911402702331543, -0.01784516999490848, -6.950696753114527e-11, -0.0001777371122862973, 3.910661461585135e-07, 7.240584593414413e-05, 1.0163940345547411e-05, -1.0082331755256746e-05, 1.0139915502804797e-05, -1.1922775153605574e-06, 1732835679.6393461, 
0.02198690176010132, -0.010986030101776123, 0.01864525900657171, -2.5277367075007674e-10, -0.00013875778677436895, 1.8216899867472416e-06, 6.85019646286095e-05, 1.0163942820120414e-05, -1.0082331755256746e-05, 1.0139915502804797e-05, -1.1922687852645796e-06, 1732835679.74854, 
-0.013546168804168701, 0.0015674233436584473, -0.010845613943109664, -2.9813145558979375e-11, 0.00012377249897934143, -2.4087051489487514e-07, 4.2258668822490515e-05, 1.0163959344284501e-05, -1.0082331755256746e-05, 1.0139915502804797e-05, -1.1922724357235375e-06, 1732835679.8444023, 
-0.009688496589660645, -0.023555517196655273, -0.009784984230474946, 1.6051134641674175e-10, -7.98116569799617e-05, -2.0111266009305047e-06, 6.26167566038822e-05, 1.0163949782799952e-05, -1.0082331755256746e-05, 1.0139915502804797e-05, -1.192275757806032e-06, 1732835679.938288, 
-0.008029282093048096, -0.020578444004058838, -0.008175941142057486, -2.0543669034102972e-10, -8.767098419600484e-05, 2.3432688959181486e-06, 6.340686481941311e-05, 1.016394938028578e-05, -1.0082331755256746e-05, 1.0139915502804797e-05, -1.1922720286616208e-06, 1732835680.040342, 
-0.004782259464263916, -0.0030318498611450195, -0.0050664888799005865, -3.240730414285179e-11, -7.362706258787894e-05, 4.401547882501961e-07, 6.200518995045909e-05, 1.0163950424323518e-05, -1.0082331755256746e-05, 1.0139915502804797e-05, -1.19226845427274e-06, 1732835680.1485248, 
0.0020636916160583496, 0.021808207035064697, 0.0014656663400428134, 1.0056960059490983e-10, -4.40451517489856e-05, -2.2833296424555068e-06, 5.9045687996500565e-05, 1.0163951701448093e-05, -1.0082331755256746e-05, 1.0139915502804797e-05, -1.1922728502968943e-06, 1732835680.2442777, 
-0.003562450408935547, -0.001837015151977539, -0.0031405308618262327, -5.2612093070900905e-12, 5.336285781632941e-06, -9.859309494252992e-07, 5.410816866771723e-05, 1.0163953817187561e-05, -1.0082331755256746e-05, 1.0139915502804797e-05, -1.1922698926211054e-06, 1732835680.3382905, 
0.021840929985046387, 0.006903231143951416, 0.01974455461642028, -2.972740739560348e-11, -9.300551180460332e-06, 3.1963059843225467e-06, 5.561228885726931e-05, 1.0163952834872903e-05, -1.006174261419801e-05, 1.0115782060893252e-05, -9.538568240307697e-07, 1732835680.438599, 
0.003745436668395996, 0.014006555080413818, 0.005086890805687904, 2.300420104613207e-11, 0.0001544789294866788, 1.4891481396571816e-07, 3.923593909981584e-05, 1.0163964309445614e-05, -1.006174261419801e-05, 1.0115782060893252e-05, -9.53855266450725e-07, 1732835680.5482082, 
0.012434542179107666, 0.010401010513305664, 0.011817457862899849, 2.425020356746886e-11, 6.038805964591362e-05, 4.0157282266826133e-07, 4.8645764922434454e-05, 1.0163960568023042e-05, -1.006174261419801e-05, 1.0115782060893252e-05, -9.538586865364854e-07, 1732835680.6429477, 
-0.00755995512008667, 0.014021694660186768, -0.005934505641674654, 7.407531765471425e-11, 9.151682944685759e-05, 8.094174383273259e-07, 4.553544268414773e-05, 1.0163961830580001e-05, -1.006174261419801e-05, 1.0115782060893252e-05, -9.538541391184252e-07, 1732835680.7380052, 
0.006345510482788086, 0.010270535945892334, 0.005315233972365753, -3.178129822006701e-11, -3.4209945257381914e-05, 9.290075731182048e-07, 5.8137897434820836e-05, 1.0163957367966485e-05, -1.006174261419801e-05, 1.0115782060893252e-05, -9.53848682216753e-07, 1732835680.8384318, 
0.006179153919219971, 0.04246318340301514, 0.0061063271436269636, -5.292459648377743e-11, 4.2247170289906176e-05, -1.2527370737637861e-06, 5.050415681456644e-05, 1.0163959473208248e-05, -1.006174261419801e-05, 1.0115782060893252e-05, -9.53841861089663e-07, 1732835680.9481292, 
-0.0008153915405273438, 0.006315112113952637, -0.00023490876797818347, 7.005793296492066e-12, 5.0280844302988945e-05, 1.3933324695734288e-07, 4.970007701526635e-05, 1.0163959667373711e-05, -1.006174261419801e-05, 1.0115782060893252e-05, -9.53836404187991e-07, 1732835681.048975, 
0.024360358715057373, -0.000905156135559082, 0.022296177251569852, -9.858905504776701e-11, 1.85364466705979e-05, -5.318659870456552e-06, 5.290636289445678e-05, 1.0163958618603287e-05, -1.0041153473139275e-05, 1.0091648618981708e-05, -7.154262765969848e-07, 1732835681.1430125, 
0.018914103507995605, -0.02610766887664795, 0.01919648535289081, -3.0970170199861353e-10, 0.00018646764466293073, -1.6608870807503765e-06, 3.612864032986315e-05, 1.0163964377062894e-05, -1.0041153473139275e-05, 1.0091648618981708e-05, -7.15434987284779e-07, 1732835681.2329452, 
0.008787930011749268, 0.0013055205345153809, 0.009660096996384265, -3.147392971724288e-10, 0.000170259125972463, -1.8485898795423946e-06, 3.775716744250117e-05, 1.016396231003571e-05, -1.002056433208054e-05, 1.0067515177070163e-05, -4.770320598227491e-07, 1732835681.3318307, 
-0.02405625581741333, -0.010900914669036865, -0.02122733835024887, -2.2903517092731293e-10, 7.336448285162112e-05, -3.121880806963965e-06, 4.743905088637157e-05, 1.016395239557984e-05, -1.002056433208054e-05, 1.0067515177070163e-05, -4.770274478814131e-07, 1732835681.4439726, 
-0.0038527846336364746, -0.036729395389556885, -0.005309621572442639, 2.4784657790884697e-11, -0.0001598624444660358, -1.5503740027039572e-07, 7.078213292130661e-05, 1.016392443739776e-05, -9.979386049963068e-06, 1.0019248293247074e-05, -2.153112487018484e-10, 1732835681.5422525, 
-0.0033248066902160645, 0.0076808929443359375, -0.0034909348096251215, 1.4385413980695312e-10, -5.661688422167537e-05, -2.540834625298571e-06, 6.046376289386293e-05, 1.0163940026394343e-05, -9.979386049963068e-06, 1.0019248293247074e-05, -2.164123219984006e-10, 1732835681.6337426, 
-0.01555401086807251, -0.014256119728088379, -0.014541347939246113, -2.2084306342387915e-11, -4.197144415272233e-05, 5.261745643545004e-07, 5.8994927936881114e-05, 1.0163942287989724e-05, -9.979386049963068e-06, 1.0019248293247074e-05, -2.164123219984006e-10, 1732835681.7479877, 
-0.016660988330841064, -0.0025687813758850098, -0.01648213076995126, -1.808067495916972e-11, -0.00012650530125479656, 1.4292424728314836e-07, 6.74320223190164e-05, 1.0163927700088884e-05, -9.979386049963068e-06, 1.0019248293247074e-05, -2.164123219984006e-10, 1732835681.8490582, 
0.008690059185028076, 0.02288573980331421, 0.006578626976406963, 3.4955186899463916e-10, -0.00013239547657967676, -2.6402100587196104e-06, 6.801944152666186e-05, 1.0163926692225984e-05, -9.979386049963068e-06, 1.0019248293247074e-05, -2.164123219984006e-10, 1732835681.938314, 
0.02143406867980957, 0.004599273204803467, 0.020186980478329907, -4.1849287064761694e-11, 5.3694988496163576e-05, -7.793890684556485e-07, 4.941080704018184e-05, 1.0163958692850431e-05, -9.979386049963068e-06, 1.0019248293247074e-05, -2.164123219984006e-10, 1732835682.038747, 
-0.023189783096313477, -0.010783553123474121, -0.019550725710805166, -8.693032789873911e-11, 0.00014589602471014166, -5.958375361593819e-07, 4.017641042181075e-05, 1.0163976622378736e-05, -9.979386049963068e-06, 1.0019248293247074e-05, -2.164123219984006e-10, 1732835682.1482093, 
-0.005431652069091797, -0.0010032057762145996, -0.006615428438573059, 2.6193668644791672e-11, -0.00014229217306387424, -1.8408369259378353e-07, 6.895118585386483e-05, 1.0163917907699032e-05, -9.979386049963068e-06, 1.0019248293247074e-05, -2.164123219984006e-10, 1732835682.2480307, 
0.025192320346832275, -0.0012363791465759277, 0.02252336750440185, -6.8089330376791834e-12, -4.6727778361975664e-05, 1.4571488900957242e-07, 5.9402820471993126e-05, 1.0163937969042575e-05, -9.979386049963068e-06, 1.0019248293247074e-05, -2.164123219984006e-10, 1732835682.3380775, 
-0.014318287372589111, -0.004977524280548096, -0.011227783582646637, 3.643524311040063e-11, 0.0001617200897628627, 2.2529818752776627e-07, 3.847789700782867e-05, 1.0163982211912631e-05, -9.979386049963068e-06, 1.0019248293247074e-05, -2.164123219984006e-10, 1732835682.438051, 
-0.010847866535186768, -0.010672271251678467, -0.010879131776983979, 1.250185199099092e-10, -8.002855451332263e-05, -1.5621739099273238e-06, 6.257460644551635e-05, 1.0163931575720716e-05, -9.979386049963068e-06, 1.0019248293247074e-05, -2.164123219984006e-10, 1732835682.548004, 
-0.0192757248878479, -0.005793392658233643, -0.018570280832490394, -3.034543921466274e-11, -0.00010334571297610558, 2.936303629902758e-07, 6.490408448481883e-05, 1.0163926681693733e-05, -9.979386049963068e-06, 1.0019248293247074e-05, -2.164123219984006e-10, 1732835682.647954, 
-0.0008919835090637207, -0.0117836594581604, -0.002374365227755342, -1.7447651175963176e-10, -0.00015301803667485802, 1.1402349392991495e-06, 6.987278922142473e-05, 1.0163915743095647e-05, -9.979386049963068e-06, 1.0019248293247074e-05, -2.164123219984006e-10, 1732835682.7381296, 
-0.008467912673950195, 0.020238757133483887, -0.007956256891386335, 1.0048972630205894e-10, -3.665750371375571e-05, -2.7413139499826395e-06, 5.8249777477145575e-05, 1.016394130720865e-05, -9.979386049963068e-06, 1.0019248293247074e-05, -2.164123219984006e-10, 1732835682.8378494, 
-0.010882139205932617, 0.011042118072509766, -0.01063604221321712, 4.313904755875175e-11, -7.179560002550816e-05, -6.008592106399966e-07, 6.176319444629163e-05, 1.0163933809220432e-05, -9.979386049963068e-06, 1.0019248293247074e-05, -2.164123219984006e-10, 1732835682.9484043, 
0.010286509990692139, -0.0015842318534851074, 0.008531316053528623, -4.389070115303589e-12, -8.162449635800285e-05, 5.377148173819346e-08, 6.274669516604403e-05, 1.01639316144213e-05, -9.979386049963068e-06, 1.0019248293247074e-05, -2.164123219984006e-10, 1732835683.047995, 
0.004813253879547119, -0.00010955333709716797, 0.005124793290828937, 7.904883570175881e-13, 6.222202865343196e-05, 1.2704316688555724e-08, 4.837452390568699e-05, 1.0163966451459025e-05, -9.979386049963068e-06, 1.0019248293247074e-05, -2.164123219984006e-10, 1732835683.139115, 
-0.009439229965209961, -0.008557558059692383, -0.008217313248423057, -1.8850896937128763e-11, 3.8730667096560124e-05, -4.867175897107904e-07, 5.0723267443983526e-05, 1.0163960762218427e-05, -9.979386049963068e-06, 1.0019248293247074e-05, -2.164123219984006e-10, 1732835683.2381363, 
-0.016520440578460693, -0.038247108459472656, -0.015823084433002746, 9.980495533079187e-11, -7.139801183511489e-05, -1.3978674302763415e-06, 6.178847111116395e-05, 1.0163933930566892e-05, -9.979386049963068e-06, 1.0019248293247074e-05, -2.164123219984006e-10, 1732835683.348037, 
0.039012372493743896, -0.019666612148284912, 0.03441135781254153, -1.031163637991628e-10, -0.00010258708097192677, 1.005159351667106e-06, 6.49005427146769e-05, 1.01639262258942e-05, -9.999975191021804e-06, 1.0043381735158619e-05, -2.3863039212700354e-07, 1732835683.4479618, 
-0.007986843585968018, -0.0009235143661499023, -0.004430502262434785, -1.1524782182227337e-10, 0.00023695891994650158, -4.863620320699173e-07, 3.2863739440369524e-05, 1.0164009297940344e-05, -9.999975191021804e-06, 1.0043381735158619e-05, -2.38629133697248e-07, 1732835683.5390925, 
-0.0057967305183410645, 0.0012058615684509277, -0.005677915966098409, -4.1097339200871403e-11, -0.0001330821116092883, 3.0881189593330036e-07, 0.00017960274866325645, 1.0163639841019913e-05, -9.979386049963068e-06, 1.0019248293247074e-05, -2.402648124843275e-10, 1732835683.9391305, 
-0.002283155918121338, -0.022071540355682373, -0.002567588027738485, -1.456578988383591e-10, -5.7210340354200474e-05, 2.5460065075048044e-06, 0.00017301627035016796, 1.0163657722608405e-05, -9.979386049963068e-06, 1.0019248293247074e-05, -2.462084670582627e-10, 1732835684.047755, 
0.015281975269317627, -0.018361568450927734, 0.013784146363057189, 5.777074285863835e-11, -1.502045273071563e-05, -3.846138588120036e-06, 0.0001687292863743089, 1.0163669036303265e-05, -9.999975191021804e-06, 1.0043381735158619e-05, -2.3865523800266834e-07, 1732835684.1479945, 
0.002576112747192383, 0.0033176541328430176, 0.0035158655381046823, -1.3618658342123684e-10, 0.00010700811895931832, -1.2726752394648802e-06, 0.00015652922027176774, 1.0163698945068483e-05, -9.979386049963068e-06, 1.0019248293247074e-05, -2.509077714088359e-10, 1732835684.2480202, 
0.0018921494483947754, -0.0040100812911987305, 0.0020281230034565403, 9.082233663114485e-11, 3.7766299018190854e-05, 2.4048513884667002e-06, 0.00016349130914115992, 1.0163679379453167e-05, -9.958796908904333e-06, 9.99511485133553e-06, 2.381507565207148e-07, 1732835684.3399582, 
1.3270983695983887, -0.2491554617881775, 1.215891603737239, 6.069523288321185e-06, 0.0012902084069719368, 0.004704296806254807, 8.285672918180032e-05, 1.0163927548769319e-05, 1.135433376475703e-05, -1.4980392734287307e-05, 0.00024698857635656356, 1732835684.437686, 
0.26436305046081543, -0.11719989776611328, 0.3442080339653071, 0.020199240970585505, 0.10479556528236625, 0.1927490053244113, 0.000114485884505441, 1.018404238151032e-05, 0.006994940806180239, 0.00010744809696916491, 0.017293840998241237, 1732835684.5289254, 
-0.7000859975814819, -0.14384984970092773, -0.6124854619219866, 0.01368665693861635, 0.07910510519246575, 0.17301863015435212, 0.010120127103869827, 3.2434393107414115e-05, 0.0204799585044384, 0.0007521099178120494, 0.041189660429827406, 1732835684.6459992, 
0.24890393018722534, -0.059625983238220215, 0.17664644607050806, 0.00948721525659529, 0.06755597056881038, 0.14043488942153398, 0.0184142895520422, 0.0002086258471833593, 0.028116745874285698, 0.0013448658864945173, 0.05536893802516937, 1732835684.7380836, 
-0.23215925693511963, -0.04663032293319702, -0.19784591957357833, 0.01498911418550728, 0.0908460558410737, 0.1649946609870358, 0.02523937236566748, 0.00047032962873098895, 0.03872223198413849, 0.002267385832965374, 0.07641884712181332, 1732835684.8484173, 
-0.30306655168533325, 0.03355461359024048, -0.2942176274551655, 0.01744676986694386, 0.09641827139495004, 0.18094879336176986, 0.034602535464308797, 0.0009630155255071806, 0.04809466004371643, 0.0032024832908064127, 0.09313615310189269, 1732835684.9480145, 
0.11804544925689697, 0.2521994709968567, 0.0834881861552777, 0.02970964775668503, 0.12692092918313558, 0.23407997363316382, 0.044656776350867344, 0.0016609729665912859, 0.057015206664800644, 0.004398571792989969, 0.11319515421513014, 1732835685.046177, 
-0.1437593698501587, 0.14043378829956055, -0.12469594660102756, 0.025203958032949222, 0.12333803893656013, 0.20434861986019634, 0.05721246383429618, 0.0027659165034098045, 0.06563879549503326, 0.00579299870878458, 0.13143920996068983, 1732835685.1380987, 
0.0820469856262207, 0.1907321810722351, 0.0647055183899905, 0.02419374273236479, 0.12435636298779175, 0.19455170729574914, 0.06958366180257979, 0.004143603908545295, 0.07471638172864914, 0.007318152114748955, 0.14970472954810465, 1732835685.2361212, 
0.050728559494018555, 0.1177629828453064, 0.05189167780463458, 0.02201888296072353, 0.11689749138802698, 0.18836061150050287, 0.08179375450710376, 0.005756040692793332, 0.08517038077116013, 0.009341034106910229, 0.16889231056121867, 1732835685.3480077, 
0.15818864107131958, 0.0701112151145935, 0.14925639190779683, 0.018915875802854313, 0.10634554446248963, 0.17787182244881308, 0.0932080635539471, 0.007489354105414875, 0.094099260866642, 0.011208893731236458, 0.18516728621338793, 1732835685.4450183, 
0.09150457382202148, 0.1497095823287964, 0.09635001633042538, 0.021053819007968034, 0.11926336026684363, 0.17653216344786488, 0.10367186836931863, 0.00927943688088667, 0.10277238488197327, 0.013194805011153221, 0.20078654119225298, 1732835685.538001, 
-0.13598918914794922, 0.5656921863555908, -0.11644952194931456, 0.05781568719879081, 0.1854564334242423, 0.3117480808365061, 0.11592326382689541, 0.011600599346754972, 0.11224083602428436, 0.01542801596224308, 0.22140004929274046, 1732835685.6392531, 
0.22244477272033691, -0.09922021627426147, 0.1939211509080268, 0.03032636696597371, 0.058104055641896385, 0.5219320171534919, 0.1329419127650146, 0.015164552674625836, 0.12242180109024048, 0.018155023455619812, 0.2812727696589166, 1732835685.7479937, 
0.01857548952102661, -0.014178812503814697, 0.03328577946024522, 0.03191355995504914, 0.06969717929937927, 0.4578888310238025, 0.1385603662664544, 0.016533823465584567, 0.13068409264087677, 0.020659204572439194, 0.32693998572710464, 1732835685.8444254, 
0.15344935655593872, 0.15798217058181763, 0.14340608731068671, 0.05370944053091003, 0.1308489209874164, 0.41046911297094457, 0.14565147742761253, 0.018653324682119797, 0.138358473777771, 0.02344675548374653, 0.3638449939676688, 1732835685.938248, 
0.03785836696624756, 0.13586992025375366, 0.046704504861440746, 0.06004926319810142, 0.12832929292028916, 0.4679310688277586, 0.15788600013749926, 0.022928382306731377, 0.14707957208156586, 0.02710280939936638, 0.40735021869851856, 1732835686.0377982, 
-0.13471829891204834, -0.06501203775405884, -0.11954533044843756, 0.028317541558070543, 0.05877887021934859, 0.4817639647103848, 0.1692666028971651, 0.02744563488948605, 0.15246546268463135, 0.029376979917287827, 0.43744752255244496, 1732835686.0985913, 
-0.29048842191696167, 0.012589216232299805, -0.2761208355667315, 0.03705291836858711, 0.07613016095655988, 0.4867048473696204, 0.17483456052676846, 0.02996199461977187, 0.16482684016227722, 0.03552589192986488, 0.5113173452574392, 1732835686.2445853, 
0.9096662402153015, -0.06777167320251465, 0.8101498291697855, 0.02164776208203899, 0.0510326907309021, 0.4241940170505355, 0.18157806250122058, 0.033411311153320765, 0.17239390313625336, 0.039965733885765076, 0.5538784299043757, 1732835686.3384583, 
0.3584834933280945, 0.5331843495368958, 0.39648358573563186, 0.05264107352390675, 0.2623436448374217, 0.2006569419912162, 0.18697100566078068, 0.0364995757575392, 0.18084843456745148, 0.04547654092311859, 0.5749291433656711, 1732835686.4486856, 
-0.12038201093673706, 0.3181816339492798, -0.07710443022964197, 0.03445279060247561, 0.15998491639336643, 0.21535024288017285, 0.20809008302687965, 0.049791932667309836, 0.18372780084609985, 0.04795369505882263, 0.5808665235081544, 1732835686.4902267, 
0.15090489387512207, -0.004177570343017578, 0.13172873361943466, 0.0197655057590878, 0.09554232913477487, 0.2068769511700514, 0.22102237658176466, 0.05829669521069373, 0.19598540663719177, 0.056591007858514786, 0.6110644955506246, 1732835686.6480083, 
0.19578462839126587, -0.11030346155166626, 0.19038129165925916, 0.013738989804805672, 0.07022463370865088, 0.19564345272068231, 0.22861441092723078, 0.06352645366531112, 0.20256273448467255, 0.06172647327184677, 0.6297509342035748, 1732835686.738001, 
-0.033459246158599854, 0.1256810426712036, -0.014655725475257453, 0.01623284514568053, 0.11401150408981428, 0.14237901056802882, 0.23450773018669596, 0.06776617429075292, 0.20985400676727295, 0.06767883151769638, 0.6451336945536917, 1732835686.838129, 
0.23719197511672974, -0.1802470088005066, 0.21602496207697, 0.006450417898708391, 0.06967405683946046, 0.09257990981594666, 0.24332321430449502, 0.07436858419741844, 0.21740683913230896, 0.07404225319623947, 0.6570667537987526, 1732835686.944139, 
-0.005122005939483643, -0.31161898374557495, 0.01341560233802852, 0.0016853653932875448, 0.05992067983502819, 0.028126606672815496, 0.24863962625131708, 0.07846571378523609, 0.2242380827665329, 0.07967345416545868, 0.6614464034868389, 1732835687.0441964, 
1.0265932083129883, -0.8077588677406311, 0.9415666551496655, -0.0029771396722489676, 0.0685242207151653, -0.04344653089342011, 0.2533508367904653, 0.08216178256725935, 0.2314383089542389, 0.0852334201335907, 0.6616469613736288, 1732835687.1431968, 
-0.12118583917617798, -0.15837115049362183, -0.03203218996180868, -0.036023666027508484, 0.10873927354528597, -0.3312847773670838, 0.25842804466299335, 0.08616116581529391, 0.23909573256969452, 0.0903245359659195, 0.6396767050589939, 1732835687.234706, 
-0.17184025049209595, -0.16639673709869385, -0.16009160551771173, -0.0384181770001267, 0.12694706513535436, -0.3026314705201275, 0.2671677670160081, 0.09295081819748294, 0.24706436693668365, 0.09561372548341751, 0.602818990914231, 1732835687.3446968, 
0.13875973224639893, -0.10615760087966919, 0.11367873573824488, -0.025493557435705895, 0.11160837611702068, -0.2284197505837381, 0.2774175937106054, 0.10038767431135395, 0.2542615830898285, 0.09970209002494812, 0.5815050067295165, 1732835687.4440396, 
0.1257818341255188, 0.013128995895385742, 0.12474051703817655, -0.02266328169793019, 0.08703942105894913, -0.2603795087582332, 0.2863803030189278, 0.10649321019723149, 0.2618066966533661, 0.1041204035282135, 0.5577015900594176, 1732835687.5382366, 
-0.18020886182785034, -0.15106064081192017, -0.15459863429708626, -0.03446996746998968, 0.12354123532013499, -0.27901588793949594, 0.29387938806864683, 0.1113531150835633, 0.2700656056404114, 0.10880893468856812, 0.5311701023005565, 1732835687.6384351, 
0.20789211988449097, -0.19335085153579712, 0.17748242168127126, -0.034913374589546686, 0.1257921612675901, -0.2775480939172161, 0.3045337673638335, 0.11786742888298149, 0.2785691022872925, 0.11305028200149536, 0.5026476488799225, 1732835687.7478805, 
0.17294049263000488, -0.3671163320541382, 0.17334701191916488, -0.07882000725547762, 0.17873814227496893, -0.4409803428202903, 0.31566903240455213, 0.1242544507144387, 0.287258118391037, 0.11705334484577179, 0.467930810167676, 1732835687.8481162, 
-0.014774203300476074, 0.13787704706192017, 0.0008944299364365971, -0.015024596469008762, 0.027760888252524124, -0.5412145437256558, 0.33013044745069003, 0.13199249630863724, 0.2944472134113312, 0.1200430691242218, 0.41525229730481317, 1732835687.9379916, 
-0.03988492488861084, -0.08822870254516602, -0.03640869824956877, -0.045965866011522354, 0.10299029180945626, -0.4463126106736781, 0.33322611725057627, 0.13347820371439664, 0.3028543293476105, 0.12328458577394485, 0.36711800746196505, 1732835688.0380948, 
-0.017093241214752197, -0.29373443126678467, -0.018653182089479952, -0.08359196681352682, 0.18456000466044176, -0.4529256865122076, 0.3432640647667082, 0.13764431710862013, 0.31290188431739807, 0.12628117203712463, 0.3213159945922785, 1732835688.1482162, 
0.07345372438430786, -0.23993438482284546, 0.06570946561624175, -0.08617047549748834, 0.16281939847452556, -0.5292396133681234, 0.36044725174096726, 0.1438890650610398, 0.3218340277671814, 0.12851981818675995, 0.2706938743665983, 1732835688.248018, 
-0.05043143033981323, -0.23356926441192627, -0.0406823993796431, -0.08598626338277372, 0.17206051528907698, -0.4997443093687657, 0.37602228225346546, 0.14875317159762735, 0.3299286663532257, 0.1303110122680664, 0.2272480589639113, 1732835688.3380477, 
-0.0029889941215515137, 0.056234776973724365, -0.00622818543962117, -0.0292124546539679, 0.06309689738238149, -0.4629776718961918, 0.3919884721542481, 0.15282794203616093, 0.3392121493816376, 0.13180610537528992, 0.180519603042913, 1732835688.4383, 
0.011528968811035156, -0.02347642183303833, 0.010052333430120228, -0.039405060555414144, 0.08133123677767971, -0.48450093858929666, 0.39830428262962075, 0.15411025818187496, 0.3490065038204193, 0.1327645629644394, 0.12710719871000561, 1732835688.5480506, 
-0.21003305912017822, -0.1107587218284607, -0.19154211303737267, -0.05203128321273646, 0.11040262815132318, -0.4712866358708406, 0.4065584153250504, 0.1553902554836456, 0.3579556941986084, 0.13325448334217072, 0.07908728314421418, 1732835688.6490526, 
-0.17319077253341675, 0.21392512321472168, -0.17479526380696397, -0.0007042175542082241, 0.0017946234592773475, -0.39240407260239196, 0.41687347023659416, 0.1564805608543485, 0.36585840582847595, 0.13324172794818878, 0.04176473466416769, 1732835688.7379994, 
-0.06310456991195679, -0.12236112356185913, -0.07238767189410825, -0.0410291180408954, 0.10989740103224412, -0.37334020327612094, 0.4180119117508545, 0.1565512904066586, 0.3748261034488678, 0.1326611042022705, 0.0063513009822173255, 1732835688.8380826, 
0.056875646114349365, -0.18987196683883667, 0.04605230398807368, -0.055773064928380064, 0.13805011409679868, -0.4040059314204755, 0.4292163291144844, 0.15677455135694796, 0.38493481278419495, 0.1317540556192398, -0.03705565585143018, 1732835688.9481544, 
-0.3966349959373474, 0.6855265498161316, -0.35967371716349, 0.02262622201702578, -0.12466545592474479, -0.1814955221491691, 0.44094759686096785, 0.15656501608327014, 0.3941817879676819, 0.1307923048734665, -0.06864386823269812, 1732835689.0480282, 
-0.07300460338592529, -0.43787628412246704, -0.0968622143292126, 0.054087058692424625, 0.12279787360843558, 0.44045598757590476, 0.4309887018233468, 0.1571263312793987, 0.4023365080356598, 0.13088151812553406, -0.036834671114154706, 1732835689.1390374, 
-0.13510775566101074, -0.14504539966583252, -0.13194842884773778, 0.010845295986144442, 0.04242278613864378, 0.25564789523018244, 0.4426589444905292, 0.15632398464351668, 0.4115350544452667, 0.13043978810310364, -0.0012813194012809641, 1732835689.2380826, 
0.33448779582977295, 0.22021198272705078, 0.2954139725926626, 0.02501872566404491, 0.13028116404191534, 0.19203639949053297, 0.4476820591915019, 0.15619048850169165, 0.4212724268436432, 0.13074880838394165, 0.011635344118898907, 1732835689.3479197, 
0.2008381485939026, 0.2714913487434387, 0.20876238379422246, 0.03621780527559261, 0.14135444849761533, 0.25621977702529547, 0.46055139596650735, 0.15617757737915328, 0.4306929409503937, 0.1315339356660843, 0.032822481339116256, 1732835689.4480743, 
-0.11078774929046631, 0.2643771767616272, -0.08397491787346006, 0.0432088528030517, 0.15422723941331068, 0.280163562334518, 0.47462784712595, 0.15644130520577473, 0.4394063353538513, 0.13222821056842804, 0.05413265143598234, 1732835689.5380144, 
0.06208866834640503, 0.17834007740020752, 0.049821183107298994, 0.05326468337567168, 0.13294575757625324, 0.4006497412685083, 0.48995718126442944, 0.15712651177117415, 0.4502134323120117, 0.13323844969272614, 0.09098670262411417, 1732835689.6477609, 
0.09686148166656494, -0.09586358070373535, 0.09285264720919562, 0.022737163272977094, 0.05185334530025541, 0.43848980507078483, 0.5024074263207422, 0.15804933459450987, 0.45956817269325256, 0.13425858318805695, 0.14004900643111615, 1732835689.748446, 
0.19837993383407593, -0.009579718112945557, 0.18953171250764772, 0.023632614891717498, 0.07302621077632673, 0.32361825487703655, 0.507696294498365, 0.1586539986228986, 0.4687076807022095, 0.13579584658145905, 0.17053138216804173, 1732835689.8480105, 
-0.1909121870994568, 0.26027190685272217, -0.1589393359702171, 0.07190918523377383, 0.15291490550759007, 0.47025621861437544, 0.5153648113837854, 0.15986642461816347, 0.4769876003265381, 0.1373496949672699, 0.2121989626623169, 1732835689.9390607, 
0.37324953079223633, -0.09834045171737671, 0.3285168282730096, 0.020008024161529317, 0.04123688914853013, 0.48519722449147196, 0.5295637989072521, 0.16260766216257214, 0.4859769940376282, 0.13937166333198547, 0.26229044080416175, 1732835690.0382864, 
0.2534636855125427, 0.010640978813171387, 0.2597659661058077, 0.04169333345712269, 0.07863415269802403, 0.5302191481255751, 0.5335916524747056, 0.163583750661515, 0.4960046112537384, 0.14207199215888977, 0.3212247191890804, 1732835690.1510587, 
-0.15051889419555664, 0.04184514284133911, -0.11609471223276674, 0.04594331985043753, 0.09167178563749649, 0.5011718658139167, 0.5410634838410978, 0.16578631914865152, 0.5045539140701294, 0.14523673057556152, 0.36948184780739945, 1732835690.2470686, 
0.03370463848114014, 0.0927470326423645, 0.021152231086531692, 0.05501742877711279, 0.1072503039287025, 0.5129815651961891, 0.5498936715351175, 0.16890326200006509, 0.512591540813446, 0.14845424890518188, 0.41717053001213006, 1732835690.3400238, 
0.03297215700149536, 0.19298815727233887, 0.03201179804698905, 0.07924700953790727, 0.15337779456989717, 0.5166785046044778, 0.5601098088708949, 0.1730974465122707, 0.5210365056991577, 0.15229426324367523, 0.4657448223319074, 1732835690.4360862, 
-0.0027055740356445312, 0.08183932304382324, 0.00017679503080464398, 0.05524704191251078, 0.1132292972206966, 0.4879217946997242, 0.5737272954928421, 0.17952511520116549, 0.530471920967102, 0.1573072224855423, 0.5191762847745445, 1732835690.5490847, 
0.024906575679779053, -0.17661327123641968, 0.02275907955031744, 0.006191889849588771, 0.012937324565589006, 0.47860667158788783, 0.5830314766016383, 0.18452066597169667, 0.5381596088409424, 0.1621493250131607, 0.5679887936159068, 1732835690.6470501, 
-0.19444984197616577, 0.04273819923400879, -0.1761680316985364, 0.04120168448240934, 0.08814037079856113, 0.46745531144375385, 0.5846253410985145, 0.18547599288840882, 0.5456231832504272, 0.16684482991695404, 0.6122061072351054, 1732835690.7380228, 
0.16774648427963257, -0.019658923149108887, 0.13888710986216307, 0.03273953216847289, 0.07599721656589653, 0.4307990956495719, 0.5919797247455851, 0.1903874867745586, 0.5528899431228638, 0.1723734438419342, 0.6553316174085099, 1732835690.836149, 
-0.027179300785064697, 0.1008228063583374, -0.013223147979097571, 0.03817345130909626, 0.11644643088942211, 0.3278198482987073, 0.5982932011567774, 0.19504004637756697, 0.5612491369247437, 0.178984597325325, 0.6950569415392537, 1732835690.9480872, 
0.25670522451400757, -0.30877816677093506, 0.23397283911946082, 0.0017425901714475081, 0.005654592638332692, 0.30817253919131593, 0.6066834405300473, 0.20179285972684413, 0.5683926939964294, 0.18514882028102875, 0.7280665572157853, 1732835691.0460746, 
-0.30096596479415894, -0.07065415382385254, -0.2560437700099278, 0.01955485973102064, 0.06698520621254866, 0.29192803660216743, 0.6073808161059897, 0.20239093384205617, 0.5750192403793335, 0.19131459295749664, 0.7562838371515935, 1732835691.138025, 
0.1350395679473877, -0.1253870725631714, 0.10222515372591323, 0.014529865827273962, 0.05197082838757756, 0.2795773374808664, 0.6123731200954022, 0.20695547882383214, 0.5816527009010315, 0.19795382022857666, 0.7848523684182351, 1732835691.236187, 
-0.27014654874801636, -0.04035234451293945, -0.23888322366225362, 0.017173705784156883, 0.07872223119075894, 0.21815572963807042, 0.6162387989732396, 0.21070118479957844, 0.5891433358192444, 0.20576807856559753, 0.8118533940377634, 1732835691.348037, 
0.08848434686660767, 0.11036032438278198, 0.061047610386202156, 0.020602829878527674, 0.10818668295510067, 0.19043776290912073, 0.6220276360657899, 0.21662709604420158, 0.595177173614502, 0.21241271495819092, 0.8316619391848664, 1732835691.445101, 
0.34544771909713745, 0.18740665912628174, 0.3215859961207886, 0.018233852917690384, 0.12386547433835296, 0.1472069034175132, 0.6294683105128187, 0.22458040223821413, 0.6009325981140137, 0.21892103552818298, 0.8443353825543858, 1732835691.5380359, 
-0.05387580394744873, -0.17545586824417114, -0.022422157160652656, 0.00400134995184288, 0.07563168194942371, 0.05290573802812763, 0.6373170012925127, 0.23329086178092995, 0.6073302030563354, 0.22646531462669373, 0.8503397614704159, 1732835691.6392608, 
0.3772878646850586, 0.18108117580413818, 0.3437616053434492, 0.009761832923300596, 0.10106257640109338, 0.09659196579907281, 0.6424490622676134, 0.23914795320842674, 0.6141201257705688, 0.2341691553592682, 0.8601524342300657, 1732835691.7487211, 
-0.2646753191947937, 0.16756892204284668, -0.21363091928483496, 0.007795451731643619, 0.10850829531873157, 0.07184198875067854, 0.648938419836739, 0.24663937503127722, 0.6198808550834656, 0.2409820556640625, 0.8665311058963421, 1732835691.8445942, 
-0.09992879629135132, 0.3179689645767212, -0.10945151193803127, 0.005180223050928876, 0.11524507700155687, 0.04494962549123808, 0.6561063256528301, 0.25507323751612226, 0.625676155090332, 0.2476278841495514, 0.8688094475942387, 1732835691.9384286, 
0.02362227439880371, 0.05480968952178955, 0.012449048618313946, 0.0019293995926190422, 0.09738869153791631, 0.01981133088606976, 0.6634617857123156, 0.26385054321075463, 0.6317645311355591, 0.2550373077392578, 0.8705310552886877, 1732835692.0388658, 
0.0886082649230957, -0.32096123695373535, 0.08220851983812491, -0.002333525214026527, 0.08733911229257146, -0.026717986395483465, 0.669622938226401, 0.27126645134200666, 0.638281524181366, 0.2628433406352997, 0.8709827706892086, 1732835692.1485157, 
-0.022260844707489014, -0.3151271939277649, -0.0134880367899618, -0.0005598218550401953, 0.1028088023901102, -0.0054452716306911085, 0.6752370771308529, 0.2780461531026369, 0.6439118981361389, 0.2695493996143341, 0.8720971010527371, 1732835692.244412, 
0.2861984372138977, -0.42121797800064087, 0.26103975652826444, -0.0045324624379114, 0.09119139738596146, -0.049702741353200866, 0.6817395297987088, 0.28585823505866825, 0.6491840481758118, 0.2759769856929779, 0.871550932124042, 1732835692.3378673, 
-0.10912853479385376, -0.15333914756774902, -0.07807180970662586, -0.00436052660134024, 0.10331527834444598, -0.04220601900526799, 0.6875180415927656, 0.29278784014198445, 0.6553363800048828, 0.28326430916786194, 0.8702503260522322, 1732835692.4385026, 
-0.12719982862472534, -0.3774871826171875, -0.12306801661854562, -0.011931058743248936, 0.10778909652500884, -0.1106889205670328, 0.6942406892176584, 0.3007688146933474, 0.6618731021881104, 0.29073336720466614, 0.8622111067829344, 1732835692.5478492, 
-0.07648849487304688, 0.19475477933883667, -0.08041839177841356, -0.001150238599701323, 0.0663534565930172, -0.017335021546147605, 0.7010569366624578, 0.30878381875581934, 0.6678955554962158, 0.2970995306968689, 0.8578793998333403, 1732835692.6490846, 
-0.07990872859954834, 0.36710453033447266, -0.07993613410377957, -0.0018488046659288883, 0.07995168194094297, -0.023124024673984025, 0.7055389002046492, 0.3139455656515161, 0.6733827590942383, 0.3029579520225525, 0.8540971175532528, 1732835692.738065, 
-0.11406594514846802, 0.2121666669845581, -0.1111898635847394, -0.000524299019871607, 0.08851367318200978, -0.005923367554677074, 0.7108866841980056, 0.32008225518397476, 0.6796731352806091, 0.3100218176841736, 0.8497027559710084, 1732835692.8379517, 
0.09137409925460815, 0.04824984073638916, 0.07438389298483547, -0.002818785473909764, 0.0916793111625285, -0.030746145866133737, 0.7167921547309422, 0.32682902713739764, 0.6861639022827148, 0.31748655438423157, 0.8470718246387476, 1732835692.9441004, 
-0.20989298820495605, -0.2110571265220642, -0.18603406600436515, -0.006484378254006522, 0.10021034860233141, -0.0647076708588125, 0.7228581022641865, 0.33374757495653556, 0.6922433972358704, 0.3244924247264862, 0.8434399664446777, 1732835693.044068, 
0.1969536542892456, -0.12654048204421997, 0.16482558738257694, -0.007561557254082718, 0.10201179422966959, -0.07412434327994086, 0.7295946202152758, 0.3413790486959206, 0.6984625458717346, 0.3312620222568512, 0.8394218960107199, 1732835693.142097, 
-0.04714244604110718, 0.0018224120140075684, -0.02936821545445456, -0.003929401131008301, 0.09688854365993332, -0.04055589012463649, 0.736279586710254, 0.34885313174591903, 0.7045313119888306, 0.33763113617897034, 0.8363603151993165, 1732835693.2343905, 
0.16660994291305542, 0.07034105062484741, 0.15016010263998564, -0.0006425283501860202, 0.09082758311946124, -0.007074154437655057, 0.7427644060401627, 0.35600054770724215, 0.7114304900169373, 0.34502169489860535, 0.8331308862750637, 1732835693.3445737, 
-0.006567418575286865, 0.17193949222564697, 0.006575896267710629, -8.316742937816983e-05, 0.09149694765079781, -0.0009089639765424967, 0.7488084743556344, 0.3626118337989479, 0.7176824808120728, 0.35166221857070923, 0.8309421672443765, 1732835693.4431157, 
0.14996451139450073, -0.08436709642410278, 0.13793156195064446, -0.0028741046161287814, 0.09363162835659555, -0.030695873462573665, 0.7549996194971553, 0.3693748020167864, 0.7236149907112122, 0.35828709602355957, 0.8270448093884432, 1732835693.5421755, 
0.00966179370880127, 0.015652239322662354, 0.020420250695863118, -0.002477411160814496, 0.09796191031279326, -0.02528953501319135, 0.7612602770276644, 0.37620912707775034, 0.7297438979148865, 0.3650018870830536, 0.8247523627895779, 1732835693.6377993, 
0.28653770685195923, -0.3317667841911316, 0.2642039267439229, -0.0031757026648388397, 0.10046049376278972, -0.031611457856631706, 0.7678897114276902, 0.3834022124358783, 0.7367095947265625, 0.3721905052661896, 0.8230008537407225, 1732835693.748178, 
-0.13436776399612427, -0.1931157112121582, -0.10093523065112614, -0.003934664810864438, 0.10160245529133717, -0.03872607999070585, 0.774574188261501, 0.390617418478589, 0.7432353496551514, 0.37902671098709106, 0.8219708252565199, 1732835693.8490825, 
-0.08674836158752441, 0.35132503509521484, -0.08794700274371334, 0.00014494571798822552, 0.08023367642946541, 0.0018065446385926165, 0.7814332924215721, 0.3979740108594087, 0.7490505576133728, 0.38490086793899536, 0.8205000748252416, 1732835693.9380777, 
0.18144100904464722, 0.23835766315460205, 0.15884874869335225, 0.0008527960501391363, 0.09445901261996778, 0.00902821262350209, 0.7870605057533338, 0.4039668910748416, 0.7553777694702148, 0.3916565179824829, 0.8191952298339793, 1732835694.0378768, 
-0.06849807500839233, 0.36327338218688965, -0.04942734848397837, 0.0017023332651479044, 0.09721998402458425, 0.017510116692854336, 0.793531169851227, 0.41086136382799027, 0.7624853253364563, 0.39898547530174255, 0.8169960953281986, 1732835694.1480098, 
-0.004718661308288574, -0.029573798179626465, -0.008472764184925242, -0.003482797959481344, 0.08962982123557882, -0.03885758011641372, 0.8000728354984115, 0.4178446056197085, 0.7685524225234985, 0.40568310022354126, 0.813600179001833, 1732835694.2491076, 
0.0740053653717041, 0.07638305425643921, 0.06708514521693706, -0.001944791339400734, 0.09134591793004891, -0.02129040228037361, 0.8062026868297489, 0.42440508306396324, 0.7743008136749268, 0.4119182527065277, 0.8116421324283416, 1732835694.3380952, 
-0.07356983423233032, -0.21634924411773682, -0.06176534525285032, -0.0019321270595571978, 0.09795811751962577, -0.019724011735628738, 0.8124997586742303, 0.431094228328752, 0.7806411981582642, 0.41877660155296326, 0.8116424268126651, 1732835694.438563, 
-0.16841769218444824, -0.07187020778656006, -0.15946264972585517, -0.0007849605039206553, 0.09772616780959913, -0.008032244807245504, 0.8192392255588484, 0.43822303435249355, 0.7876526117324829, 0.42627784609794617, 0.8105812276655658, 1732835694.5482187, 
0.06614261865615845, -0.3838679790496826, 0.047216285245028855, -0.005404270506773506, 0.09269999566851786, -0.05829849794274443, 0.8260284438809105, 0.44537707650380187, 0.7939751148223877, 0.43311670422554016, 0.8085359189039601, 1732835694.649114, 
0.011749744415283203, 0.11044520139694214, 0.014718031070646578, -0.0009687182933137061, 0.0858755721880857, -0.01128048720527891, 0.832394651021239, 0.4520695105974372, 0.7998492121696472, 0.4390970766544342, 0.8064890479212748, 1732835694.7380614, 
0.07780212163925171, 0.002330780029296875, 0.0725109679979215, -0.001432106026970152, 0.09190988885006823, -0.015581631583804151, 0.8383328650876098, 0.4582438564266504, 0.8064973950386047, 0.445754736661911, 0.8046223689322075, 1732835694.839716, 
-0.10024088621139526, 0.1856517195701599, -0.08574857213766221, 0.00025227777023314855, 0.09068626309993996, 0.0027818741406857635, 0.8446705989639636, 0.4648185511778054, 0.8136515021324158, 0.45281147956848145, 0.8015905259227383, 1732835694.9478502, 
0.05470097064971924, 0.013936996459960938, 0.04291832135341747, -0.0027481691180040826, 0.08872977018550009, -0.030972345721832814, 0.8510013700350104, 0.4713672055867617, 0.820085346698761, 0.459415465593338, 0.7984804063736975, 1732835695.0491312, 
-0.20063495635986328, -0.10865658521652222, -0.18019620672054718, -0.003016216353666801, 0.09070721805899355, -0.03325221981458118, 0.8571628448501292, 0.47774069592172425, 0.825735867023468, 0.4652063846588135, 0.7966503267372517, 1732835695.1390674, 
-0.014107882976531982, 0.05594247579574585, -0.02803441798665654, -0.002619466223287731, 0.09040865855816337, -0.028973621167075803, 0.863590159618081, 0.4843479666980254, 0.8322092890739441, 0.4716738164424896, 0.7948128062490456, 1732835695.2391095, 
-0.014850318431854248, -0.034883081912994385, -0.015952090341768154, -0.0018952931241794006, 0.09426192956163229, -0.02010666589357457, 0.8699544063728027, 0.49084757408242097, 0.8393252491950989, 0.47893670201301575, 0.7930626163030305, 1732835695.3481836, 
0.1390783190727234, -0.13505685329437256, 0.12607070264465742, -0.0013802644327295382, 0.09749924929413414, -0.014156667284335482, 0.8765943550725969, 0.4975906168566691, 0.845858097076416, 0.48534369468688965, 0.791564111498222, 1732835695.4480968, 
-0.04552960395812988, 0.020760715007781982, -0.031140807767137763, -0.001133115138517403, 0.09192330378300666, -0.012326745143888915, 0.8833404416455436, 0.5044145846031337, 0.8517364859580994, 0.4912703335285187, 0.7908516350572065, 1732835695.5392187, 
-0.20158618688583374, 0.10519880056381226, -0.18728309288351347, -0.0014886724470636918, 0.08645747912956263, -0.01721855022898379, 0.8898211960848047, 0.5109517993762747, 0.8581535816192627, 0.497909814119339, 0.7890455549887462, 1732835695.639204, 
0.27562397718429565, -0.04046088457107544, 0.23678942057697705, -0.0024602204558309237, 0.08931421788863744, -0.027545675414170682, 0.8960222492354043, 0.5171908479747094, 0.865527331829071, 0.5052211880683899, 0.7867896791814438, 1732835695.7490885, 
-0.10128611326217651, -0.14695721864700317, -0.07292153566129927, -0.002590668375231204, 0.10076879066608473, -0.025709035090198153, 0.9022672025292003, 0.5234514141735882, 0.8722216486930847, 0.511940598487854, 0.7859310911215323, 1732835695.848097, 
-0.14212381839752197, -0.03658401966094971, -0.1363164096155806, -8.839896216983662e-05, 0.09286179258559847, -0.0009519411558672197, 0.909396137720874, 0.53055943260842, 0.8782854676246643, 0.5179556012153625, 0.785834995280372, 1732835695.9390767, 
0.2759591341018677, -0.09582388401031494, 0.24137288871647977, -0.00252209219855453, 0.09937262499342958, -0.02538015070771541, 0.9160994838957627, 0.5372113588931597, 0.8850275278091431, 0.5247119665145874, 0.7852045571391507, 1732835696.038477, 
-0.08900529146194458, 0.09971553087234497, -0.061298821017909455, 0.00028494671197154325, 0.09420706684387478, 0.003024685106094778, 0.9229805378145447, 0.5440358512749751, 0.8925648927688599, 0.5321251749992371, 0.7840780307991982, 1732835696.1510623, 
-0.24383985996246338, 0.04010021686553955, -0.22851561811677212, 0.0008850459275459033, 0.09421615822416568, 0.009393780687174062, 0.9297339761531798, 0.5507030940798201, 0.8989196419715881, 0.5383581519126892, 0.7830582258286505, 1732835696.2471051, 
0.029424965381622314, 0.3438820242881775, 0.0077951085634503925, 0.0024824333949974237, 0.09675022004926147, 0.02565816794766425, 0.936590064222989, 0.5574766381640626, 0.905073881149292, 0.5445001125335693, 0.7826555423601667, 1732835696.338103, 
0.36478132009506226, 0.06568437814712524, 0.33481829965436494, -0.00013411657346506866, 0.09373998968162695, -0.001430729552249519, 0.9434246348901605, 0.5642431582753049, 0.9115558862686157, 0.5510505437850952, 0.7819108355541117, 1732835696.4376965, 
-0.09752321243286133, 0.05949205160140991, -0.06125911920063881, -0.0003609477574928721, 0.09832388806032798, -0.0036710077745441437, 0.9499060916501839, 0.5706902424976568, 0.9191614389419556, 0.5586620569229126, 0.7816849232382241, 1732835696.5492578, 
0.03044813871383667, -0.1940050721168518, 0.022749870240063835, 0.00039413905904157393, 0.08984186487331898, 0.004387031141854941, 0.9568613737370423, 0.5776064401256004, 0.9253877401351929, 0.5650156140327454, 0.7837078541573623, 1732835696.6471388, 
0.02268242835998535, -0.32227885723114014, 0.02268876803817615, -0.001351732437234211, 0.09307449126740823, -0.014523124637346747, 0.9632364171973611, 0.583941649827514, 0.9314666986465454, 0.5711948275566101, 0.784492811826001, 1732835696.7380905, 
0.09476017951965332, -0.14085352420806885, 0.0887136525155474, -0.0022799074735397385, 0.09834207761512566, -0.023183438146003474, 0.969965571561047, 0.5906324416933211, 0.9381373524665833, 0.5777985453605652, 0.7836480828702796, 1732835696.8365018, 
-0.25310760736465454, -0.7147599458694458, -0.2244137252157659, -0.02239937603474428, 0.11614166443773961, -0.19286253682675586, 0.976913780409511, 0.5975177441603569, 0.9461164474487305, 0.5854843854904175, 0.7762239355269517, 1732835696.9481325, 
0.06770777702331543, 0.4676890969276428, 0.0431297208998942, -0.0020801192991969078, 0.006745576647815263, -0.3083678991136526, 0.9846014232438104, 0.6050782551553003, 0.9530035257339478, 0.5911211371421814, 0.7418810388280459, 1732835697.0460913, 
0.06686121225357056, 0.2611309289932251, 0.06486661416204716, -0.0019402925870640928, 0.007003836646016781, -0.2770328157450067, 0.9850683037381098, 0.6055192110636353, 0.9591663479804993, 0.5965403914451599, 0.7122073295125364, 1732835697.1390905, 
0.15010446310043335, -0.1903613805770874, 0.14302600825235012, -0.026986235601965062, 0.11895022128091405, -0.2268699907521323, 0.9862537868735258, 0.6065754650710092, 0.9662456512451172, 0.601904571056366, 0.690488411998089, 1732835697.240309, 
-0.18339979648590088, -0.019388258457183838, -0.15603010810071005, -0.02152351379565749, 0.09697442149971391, -0.2219504222123252, 0.9951395852496888, 0.6140451567752778, 0.9745028614997864, 0.6081891059875488, 0.6672973791586647, 1732835697.3493102, 
0.013428568840026855, -0.03825634717941284, -0.000784227940019866, -0.023312725494001964, 0.09414983401464318, -0.2476130280843206, 1.0027888041010198, 0.6201857469648294, 0.9815614223480225, 0.6133691668510437, 0.6444843891554729, 1732835697.4451401, 
-0.07523930072784424, 0.04083162546157837, -0.06900249736305339, -0.019740912136870185, 0.07733232529282, -0.2552737430579118, 1.0101482212896942, 0.6258262448137839, 0.9887169003486633, 0.6181421875953674, 0.620373107503356, 1732835697.5391235, 
-0.062214434146881104, -0.09426313638687134, -0.0627608760280971, -0.02301769540641073, 0.10326009158145476, -0.22290988758472732, 1.0166179669650266, 0.6305359474099453, 0.9963410496711731, 0.622950553894043, 0.5974611416701592, 1732835697.6394708, 
-0.3645358681678772, 0.09239017963409424, -0.3392233489974047, -0.006753469899377222, 0.07726712512979834, -0.08740418241305475, 1.0250305833047118, 0.6363417297610571, 1.0050238370895386, 0.6281914710998535, 0.5798049365708641, 1732835697.7491224, 
-0.052850306034088135, -0.29438531398773193, -0.07683889809640565, 0.0014187596024710417, 0.10681300542324061, 0.013282648464475702, 1.031993079349618, 0.6409339664718495, 1.0122694969177246, 0.6332032084465027, 0.5822007551305471, 1732835697.8456712, 
0.145285964012146, 0.02787935733795166, 0.12663853143836704, 0.006045053655667215, 0.09145517892652048, 0.06609853839468297, 1.0408074136980936, 0.6466464750910601, 1.0193878412246704, 0.6378355622291565, 0.587205402495532, 1732835697.9394727, 
0.27145278453826904, 0.4981430172920227, 0.25931188675995476, 0.0064330941015387595, 0.12210379029773506, 0.052685457886708115, 1.0486069231760788, 0.6517206227922859, 1.0271235704421997, 0.6427605748176575, 0.5896155561130746, 1732835698.039769, 
-0.15457379817962646, 0.57681804895401, -0.11985321642861918, 0.010458774854642515, 0.12686140071787305, 0.08244253015857655, 1.0586877403872335, 0.6583730865727796, 1.0359162092208862, 0.6488549113273621, 0.5893468940436484, 1732835698.149602, 
0.22483617067337036, 0.14989066123962402, 0.195900670638043, 0.004334762920194851, 0.10474748066650173, 0.04138298021692763, 1.0691210139432885, 0.6653407560004755, 1.0435923337936401, 0.6541539430618286, 0.5908094323940953, 1732835698.2506986, 
-0.12060081958770752, -0.4120858311653137, -0.09406888363251037, 0.0013367649782538417, 0.08127356290562873, 0.016447722118520067, 1.0775101792934005, 0.6710395112261726, 1.050318717956543, 0.6590712666511536, 0.5945701437355633, 1732835698.338829, 
0.019159436225891113, -0.08655643463134766, 0.00966911044187696, 0.0037710736751010963, 0.08954430988059957, 0.042114051469373456, 1.0843058398838636, 0.6756950521812541, 1.0580921173095703, 0.6643969416618347, 0.6009659746950107, 1732835698.439662, 
0.11348581314086914, -0.06143689155578613, 0.10477481869758253, 0.0027948962732241953, 0.09319184975749284, 0.029990780100375453, 1.0917170423546179, 0.6807923793159162, 1.0667179822921753, 0.6704076528549194, 0.6060911181364957, 1732835698.5491989, 
0.46543920040130615, -0.4757727384567261, 0.43516071157673936, -0.00848048704792752, 0.09032408440782233, -0.09388954345374005, 1.0992492511610434, 0.6860177105520879, 1.0749704837799072, 0.6761024594306946, 0.604785682926741, 1732835698.6491568, 
-0.20078903436660767, -0.13737428188323975, -0.14743999697931726, -0.03412589208249135, 0.10061608647398854, -0.3391693443703323, 1.1064443411961102, 0.6910279910990066, 1.0822006464004517, 0.6801309585571289, 0.57602892370385, 1732835698.7391381, 
0.01771676540374756, -0.004331707954406738, 0.003850119861450063, -0.021842774599743677, 0.07780677401462498, -0.2807310144440379, 1.1147040085043336, 0.6966413773388067, 1.0897477865219116, 0.6840939521789551, 0.5444332928049452, 1732835698.8396583, 
-0.2632397413253784, -0.23890399932861328, -0.2407779316895573, -0.033118687112115, 0.14282888677362254, -0.23187667327132955, 1.121764255983524, 0.7011043571503119, 1.098351240158081, 0.688877522945404, 0.5216961357879534, 1732835698.945383, 
0.006207525730133057, -0.019467175006866455, -0.014540317342595005, -0.02010130413655548, 0.09159452222116089, -0.21945967563452737, 1.1339388700711053, 0.7083330049726786, 1.1062089204788208, 0.692855954170227, 0.5009109256464479, 1732835699.0452852, 
-0.19724899530410767, -0.24009227752685547, -0.18188062035321226, -0.04613496665885235, 0.13877261381521605, -0.33245008067862575, 1.142196661616004, 0.7129798730522678, 1.1146609783172607, 0.6967540979385376, 0.4742767080970332, 1732835699.142108, 
-0.10996848344802856, -6.681680679321289e-05, -0.1160309445490734, -0.03978012524981623, 0.0822978272995411, -0.4833678671130367, 1.1542099086101478, 0.7193822035730784, 1.122781753540039, 0.7001723051071167, 0.4304920073936663, 1732835699.2338533, 
-0.063629150390625, -0.10294532775878906, -0.0679996322858249, -0.04848400702951984, 0.10927456372278452, -0.44368977900948214, 1.1618843262708078, 0.723137847007816, 1.1325732469558716, 0.7038295269012451, 0.37821535887215973, 1732835699.3494184, 
0.10823625326156616, 0.03994345664978027, 0.09341558017904544, -0.02279771326042571, 0.060752342509824156, -0.37525653034266343, 1.171579388462112, 0.72731750158611, 1.140494704246521, 0.7063818573951721, 0.3388953697321437, 1732835699.449136, 
-0.29313087463378906, -0.056256234645843506, -0.2606671819943455, -0.03285572402302294, 0.10156540847170767, -0.3234932494971978, 1.1775258996070463, 0.7295816487220356, 1.1484901905059814, 0.7086918950080872, 0.31010419145872853, 1732835699.5392349, 
-0.08148825168609619, 0.09196680784225464, -0.09653278025901199, -0.025256236482978808, 0.06589874352499142, -0.383258240324425, 1.1870577040693457, 0.7328085874451333, 1.15789794921875, 0.7110946774482727, 0.2731638314660348, 1732835699.6387599, 
-0.3073539733886719, -0.018397212028503418, -0.28963948225414526, -0.03586573477749664, 0.08544318843130398, -0.4197611937940795, 1.1936624767318007, 0.7348059931215088, 1.1682615280151367, 0.7133227586746216, 0.2264601903743462, 1732835699.7493305, 
-0.05009472370147705, -0.029973626136779785, -0.07017605026805479, -0.04042221001281713, 0.08848315747910238, -0.4568350764648504, 1.2021009967024363, 0.7370025852441348, 1.1773736476898193, 0.7147072553634644, 0.1807883973457385, 1732835699.8491402, 
-0.05900543928146362, -0.20460134744644165, -0.05989826813193607, -0.07030939543343866, 0.14397341038944111, -0.4883498643482511, 1.2111953085712732, 0.7389669937195731, 1.1854827404022217, 0.7156396508216858, 0.13754013305832707, 1732835699.9392264, 
-0.06896048784255981, 0.07917779684066772, -0.06826021419538755, -0.020991040597829653, 0.054627641741030006, -0.38425675956030875, 1.2248609696625457, 0.7412664833737913, 1.1944105625152588, 0.7161942720413208, 0.09462144616809151, 1732835700.0392873, 
-0.2594621777534485, 0.06035435199737549, -0.24340795132868098, -0.016966666513407423, 0.058598352735823325, -0.2895416973561968, 1.2304062091621688, 0.74192848651477, 1.2043553590774536, 0.716477632522583, 0.05961128830647259, 1732835700.1497197, 
-0.24892115592956543, 0.08160722255706787, -0.2484427304938778, -0.016361172498336702, 0.05623438167760569, -0.29094607267376144, 1.2364230430209178, 0.7424183051250458, 1.2133448123931885, 0.7160646319389343, 0.030545567576046657, 1732835700.2492545, 
-0.334023118019104, -0.13792014122009277, -0.32677825703138974, -0.02870960211985146, 0.11907639999955585, -0.24110236889894676, 1.2427925353641367, 0.7427530375748658, 1.221755027770996, 0.716179609298706, 0.0075790811772033844, 1732835700.3391886, 
0.0031723380088806152, -0.2596789002418518, -0.0244795971156882, -0.04014933592711036, 0.14117515750117, -0.2843937746396892, 1.2552098577852653, 0.743046084663052, 1.2312254905700684, 0.7157593965530396, -0.01863401668228935, 1732835700.439753, 
-0.30964988470077515, -0.03420621156692505, -0.28574403106888396, -0.02165490648023879, 0.10027340838293873, -0.21595861584299472, 1.2689202474771857, 0.7430312330686377, 1.2397122383117676, 0.715265154838562, -0.038069523033470776, 1732835700.5294929, 
0.03786754608154297, -0.2676007151603699, 0.010756214297095501, -0.020447420445299472, 0.13932417562958282, -0.14676146729669112, 1.279515045316813, 0.7427289387059549, 1.250764012336731, 0.7146413326263428, -0.056082092618395606, 1732835700.649326, 
0.01233607530593872, -0.24471724033355713, 0.012193616692196914, -0.022666264614605768, 0.12645991866904208, -0.17923674831648112, 1.293290831919289, 0.7420437526626129, 1.2592657804489136, 0.7140658497810364, -0.06980824954976121, 1732835700.7401335, 
-0.0912085771560669, -0.12031632661819458, -0.08254026193564967, -0.013972288234113311, 0.11425235534807679, -0.12229321830211623, 1.306083583005106, 0.7412165045562067, 1.2687078714370728, 0.7131071090698242, -0.08137884977850922, 1732835700.8394644, 
-0.02398139238357544, 0.1792048215866089, -0.02891847831079989, -0.00025081818479473803, 0.07424649162814499, -0.003378182312652994, 1.3170783427001678, 0.7403090694073826, 1.2787818908691406, 0.7119398713111877, -0.08556045675081382, 1732835700.949499, 
-0.33536964654922485, 0.36717724800109863, -0.3096362793973836, 0.003380341398504919, 0.09168542922868725, 0.03686890520055777, 1.3246134314724125, 0.7396034117426509, 1.2877907752990723, 0.7110835313796997, -0.08671682060878275, 1732835701.0491638, 
-0.22288942337036133, 0.07382100820541382, -0.23014452233831967, -0.0027012275112205187, 0.09636962789085998, -0.02802986345739239, 1.33404482695283, 0.7387193559950955, 1.2961862087249756, 0.7104210257530212, -0.09155297901560097, 1732835701.1391644, 
0.11178219318389893, -0.2584680914878845, 0.08310294941523455, -0.004752518479252476, 0.09762680822642858, -0.048680465597418975, 1.3438431262430344, 0.7378317235193741, 1.3054276704788208, 0.709716796875, -0.09459526797681504, 1732835701.2390928, 
-1.286758303642273, 0.45952796936035156, -1.171811223784459, 0.010886814509539504, 0.07840679178354323, 0.13885040137332252, 1.3534154762722936, 0.7369373782492482, 1.3159019947052002, 0.7089169025421143, -0.08865321328601959, 1732835701.3491926, 
0.11077433824539185, -0.058593153953552246, 0.003204888967852648, 0.03847177884721834, 0.06361133156283648, 0.6047944273767512, 1.3620803945338225, 0.7361020944230092, 1.3251630067825317, 0.7084558606147766, -0.02714837567980924, 1732835701.4491847, 
-0.051061928272247314, 0.042180657386779785, -0.04648856412205571, 0.04369895143881444, 0.09079194454424533, 0.4813086850179619, 1.3686715939788276, 0.7355835233776041, 1.3336737155914307, 0.7080425024032593, 0.02017318371582467, 1732835701.5401325, 
-0.1387929916381836, -0.12502837181091309, -0.13108444162913002, 0.015061389347951242, 0.03347645381622369, 0.44990994059986256, 1.3774121242626167, 0.73541853003407, 1.3441026210784912, 0.7085520029067993, 0.06894969745488538, 1732835701.6494455, 
-0.03976696729660034, 0.13843697309494019, -0.047357520070859166, 0.053827510321398535, 0.1226588146144698, 0.4388393161191419, 1.3815176925192176, 0.7355345601347905, 1.3536921739578247, 0.7092639207839966, 0.11397097582018131, 1732835701.7492013, 
-0.1924493908882141, -0.05250006914138794, -0.1803055447316184, 0.026633124789919308, 0.07179203490291494, 0.3709760396948706, 1.3933981672749873, 0.7364121060239267, 1.363359808921814, 0.7104892730712891, 0.1547041552196213, 1732835701.8491378, 
0.056836843490600586, 0.013430416584014893, 0.036956858377307444, 0.026766725874898336, 0.08516228253898062, 0.3143025888561245, 1.400776238553118, 0.7372774711262198, 1.3719701766967773, 0.7118840217590332, 0.18303507239758185, 1732835701.940142, 
-0.02783060073852539, 0.21373051404953003, -0.02235751089546654, 0.05444906624048933, 0.13867291915527002, 0.39264383105344103, 1.4095899011212032, 0.7386404044563685, 1.3806710243225098, 0.7136462330818176, 0.21744153765154087, 1732835702.037798, 
-0.1690819263458252, 0.217479407787323, -0.15675098926006392, 0.055844424941837965, 0.16031810669948593, 0.34833510756534547, 1.423432424788913, 0.7412391452381847, 1.3911749124526978, 0.7160777449607849, 0.2575781957156313, 1732835702.1500437, 
-0.10255444049835205, -0.04509115219116211, -0.10714788547947059, 0.021192791305245675, 0.08206173022824169, 0.25825425866967816, 1.4385859405176247, 0.7446999292379803, 1.4001502990722656, 0.718819260597229, 0.28383238673704364, 1732835702.2471886, 
-0.020172119140625, -0.047302961349487305, -0.02746622163420162, 0.016369634504996664, 0.07905297670663727, 0.20707170288784674, 1.4466171328625979, 0.7468230293170103, 1.408644437789917, 0.7216232419013977, 0.3047847739285078, 1732835702.3391805, 
-0.12447887659072876, -0.07899874448776245, -0.11633254192591543, 0.009751756382315223, 0.08270221429319177, 0.11791409051931527, 1.4542937171038834, 0.749062441499597, 1.417656660079956, 0.7246469259262085, 0.3204220620815218, 1732835702.4376469, 
-0.07253068685531616, -0.07630914449691772, -0.07619540932568983, -0.000749883966937931, 0.08733257720869762, -0.008586531978163683, 1.4623024269107707, 0.7515726509827263, 1.428122639656067, 0.7281046509742737, 0.3195285143698496, 1732835702.5491045, 
-0.34025150537490845, 0.10456728935241699, -0.31808255842429783, -0.0017651673070351883, 0.0907120790846429, -0.019459010584335974, 1.4707441932351466, 0.7543182230325437, 1.436386227607727, 0.7308095097541809, 0.3172797188250194, 1732835702.6472008, 
-0.025187551975250244, -0.01545703411102295, -0.04974923469801251, -0.0022649844398410293, 0.08692716231241136, -0.026056118474232507, 1.4795708577634772, 0.7571797867615047, 1.4443286657333374, 0.7331237196922302, 0.31450208443986954, 1732835702.7392848, 
0.02598094940185547, 0.11781257390975952, 0.01963264226709953, 9.463762686988545e-05, 0.09240020450831365, 0.0010242144741289018, 1.4879334758039091, 0.7598727058350335, 1.4544397592544556, 0.7364237308502197, 0.31307501914378416, 1732835702.8491235, 
-0.16782313585281372, 0.001650989055633545, -0.1520882004813851, -0.0008067523727067928, 0.09799206048508406, -0.008232834055260969, 1.4967735827312916, 0.7626960848161988, 1.4635539054870605, 0.7393715977668762, 0.3111052463255608, 1732835702.9491692, 
0.15013515949249268, -0.045876383781433105, 0.12477972440646351, -0.0031857287085844334, 0.09530083174659323, -0.03342813121563669, 1.5062044916355022, 0.765708198286722, 1.472231149673462, 0.7421652674674988, 0.3072504253103429, 1732835703.0462663, 
-0.17259204387664795, -0.1262570023536682, -0.14764278980394047, -0.004449096184002788, 0.09664373707732316, -0.0460360528116078, 1.515209106889109, 0.7685738046731937, 1.4805197715759277, 0.7447919249534607, 0.3045348303975173, 1732835703.1393895, 
0.045021653175354004, -0.12568479776382446, 0.028864269397108983, -0.002439579850961065, 0.09899063320807172, -0.024644552437938554, 1.5245642533128652, 0.771515714675846, 1.4894921779632568, 0.7474443912506104, 0.30298315636216394, 1732835703.2403018, 
-0.301372766494751, -0.028964579105377197, -0.27365857164405083, -0.010517174149172222, 0.10016515489910789, -0.10499833160309816, 1.5340963089788928, 0.7744662406510456, 1.4998257160186768, 0.7506157159805298, 0.2946633110308651, 1732835703.3491685, 
-0.5520157814025879, 0.14823788404464722, -0.5286462088147148, -0.016969457772978272, 0.08475788064721955, -0.20021097322629844, 1.5437149331823878, 0.7774095893230736, 1.5091302394866943, 0.7529009580612183, 0.27727327354262166, 1732835703.4452055, 
0.08683216571807861, -0.019507527351379395, 0.03521287427659692, -0.021521613798826715, 0.08143910444302974, -0.2642663367434503, 1.5522338379604128, 0.7799123287494943, 1.5172888040542603, 0.7550227642059326, 0.2502576857787709, 1732835703.5391693, 
0.04823124408721924, 0.03865152597427368, 0.0471310862391538, -0.022383703223344365, 0.07425724596408244, -0.3014345998526684, 1.560000826151005, 0.782020984122492, 1.5260900259017944, 0.7567781805992126, 0.21972819495160298, 1732835703.6391501, 
0.10530507564544678, -0.1978732943534851, 0.10046333000814148, -0.03673619010061787, 0.13601894623897842, -0.2700814196580691, 1.5676882475992273, 0.7838903559825345, 1.5361567735671997, 0.7585373520851135, 0.1918498260468453, 1732835703.7492824, 
0.028551816940307617, -0.04865217208862305, 0.03455553132299226, -0.026145968734731958, 0.10191557578425144, -0.2565453664323229, 1.580645675653931, 0.7866317292657659, 1.5448634624481201, 0.7599143981933594, 0.16784931370609163, 1732835703.8457212, 
-0.1473444700241089, 0.10406935214996338, -0.13210663588801963, -0.018469659534997917, 0.06559502919548267, -0.2815710239255426, 1.5903325107169315, 0.788409875253838, 1.5536103248596191, 0.7609382271766663, 0.1417698359726914, 1732835703.9395971, 
0.0008158087730407715, -0.03343939781188965, -0.010313093958205996, -0.027094325717706872, 0.08987373958828145, -0.30147099521871545, 1.5971200201331712, 0.7894763568322164, 1.562798023223877, 0.7619417905807495, 0.11199228562718022, 1732835704.039452, 
-0.05098080635070801, 0.22270715236663818, -0.04760968027412402, -0.007820200306373344, 0.030020015581355204, -0.2604995418866573, 1.6055452422438834, 0.7905549880606029, 1.5727577209472656, 0.7624348402023315, 0.07979349556207445, 1732835704.1492603, 
0.032255470752716064, 0.20706838369369507, 0.025561359304959494, -0.010708774835737088, 0.03729580106830352, -0.2871308439286514, 1.6086286795048113, 0.7908571865006923, 1.5823370218276978, 0.7626460194587708, 0.05120247339205695, 1732835704.2505577, 
-0.09046334028244019, 0.0659170150756836, -0.08070766726816382, -0.014302670249648394, 0.06550484586708907, -0.21834522408722035, 1.6125759728821816, 0.7911399828541503, 1.5906075239181519, 0.7627986669540405, 0.029837465140578417, 1732835704.3397348, 
0.21051859855651855, 0.10726910829544067, 0.18608170346187253, -0.01175705458481601, 0.06376614176554242, -0.1843777004424191, 1.6191557056768455, 0.7914251563319528, 1.5994516611099243, 0.762654721736908, 0.01090138152443714, 1732835704.4391325, 
-0.017746448516845703, -0.054768919944763184, -0.0006283726972721726, -0.018160468226279963, 0.09875011880052251, -0.18390325446559233, 1.6256987959398856, 0.7915679023204277, 1.6097190380096436, 0.7623339295387268, -0.010812830878071068, 1732835704.5493662, 
-0.14616775512695312, -0.10928016901016235, -0.13394586313729898, -0.022794163595276806, 0.10908974151303613, -0.20894873595931038, 1.6356577876009282, 0.791600742861469, 1.619132161140442, 0.761992871761322, -0.030825640268007395, 1732835704.6498399, 
-0.17957216501235962, 0.054165780544281006, -0.17575529466004633, -0.009850034769031749, 0.07842303202112813, -0.12560129996476072, 1.6464713169799388, 0.7914359422406847, 1.6276851892471313, 0.7614119052886963, -0.04366585149259532, 1732835704.744698, 
0.04914587736129761, 0.0662531852722168, 0.030287933241333942, -0.008242887514813226, 0.08504774493303766, -0.09692070637855552, 1.6544772584324625, 0.7911520650847996, 1.6360881328582764, 0.760854959487915, -0.05219883045850715, 1732835704.8349206, 
-0.2623981237411499, 0.09862816333770752, -0.23783404262192664, -0.008599295382255734, 0.08833776940350864, -0.09734562509696087, 1.662997018463695, 0.7907449456663875, 1.6467102766036987, 0.7601158022880554, -0.06388586205735919, 1732835704.945337, 
-0.09198623895645142, 0.1314692497253418, -0.104219005921254, -0.005494234046356747, 0.07528762239422856, -0.07297659125941433, 1.6719115921648287, 0.7902324673356382, 1.6558520793914795, 0.7593631744384766, -0.07240618589530179, 1732835705.0451903, 
0.13315165042877197, -0.31142348051071167, 0.113261686939154, -0.007578911453983476, 0.10937973771092724, -0.06928990334583997, 1.6798055637423566, 0.7897033518737926, 1.664561152458191, 0.7587781548500061, -0.07750950925981194, 1732835705.142189, 
-0.07663202285766602, -0.12345331907272339, -0.06070699187858694, -0.0038555660785633632, 0.10388658185786216, -0.0371132249190618, 1.6905793856013496, 0.7889023550427222, 1.6685802936553955, 0.7582170367240906, -0.07841763500960641, 1732835705.1851978, 
-0.05265176296234131, 0.214336097240448, -0.053334319717136064, -0.00031205954351300294, 0.0886445964606501, -0.0035203447922686204, 1.700858063060913, 0.7880695669403921, 1.6829828023910522, 0.7568275332450867, -0.08247617431096854, 1732835705.3352349, 
-0.08312135934829712, -0.11367160081863403, -0.08061334759431908, 0.003774051774507192, 0.09478548354990442, 0.03981676975377943, 1.7097905806285851, 0.7873153368191491, 1.693651795387268, 0.7560502290725708, -0.07916292475928019, 1732835705.4491973, 
0.03965198993682861, -0.19572776556015015, 0.029553929603907916, 7.25078184670489e-05, 0.08008766234784612, 0.00090535566080234, 1.7191857264454056, 0.7865217499037647, 1.6972367763519287, 0.7560139894485474, -0.07851229465865314, 1732835705.4902282, 
-0.05842024087905884, -0.11399340629577637, -0.05102813983037019, -0.0007865194684527958, 0.0954544905609657, -0.008239732503212667, 1.7272970551608813, 0.785866457965645, 1.711647391319275, 0.7550225853919983, -0.07684339361839083, 1732835705.6389048, 
-0.06306570768356323, -0.16938060522079468, -0.062050964137758076, -0.0006415218074970984, 0.09670392774517104, -0.006633875401499741, 1.7368468155404866, 0.7850951558011688, 1.7222000360488892, 0.7542580962181091, -0.07556481322632687, 1732835705.7488365, 
0.05556797981262207, -0.05130887031555176, 0.04569796355163352, -0.00046691133508206895, 0.09225618292535245, -0.005061030277611447, 1.7464822117149366, 0.7843091080291886, 1.7314244508743286, 0.7535594701766968, -0.07439532704591491, 1732835705.8496103, 
0.49090760946273804, -0.0917959213256836, 0.4535438629122324, -0.0007951158891192924, 0.09795850785052006, -0.008116864033214969, 1.7556564411279254, 0.7835546550315895, 1.7401429414749146, 0.7529236078262329, -0.07356303292998215, 1732835705.940228, 
-0.44024354219436646, -0.059377193450927734, -0.36525938472855685, -0.0356369421427038, 0.10439246432398044, -0.3413746612217629, 1.7651321725205815, 0.7827676361965874, 1.750441551208496, 0.7515197396278381, -0.09665971209656983, 1732835706.039202, 
0.027778148651123047, -0.3471306562423706, -0.005134302618307718, -0.06559236336099764, 0.17152372968496155, -0.38240984778882453, 1.7764560191276073, 0.7817864593747051, 1.759918451309204, 0.749985933303833, -0.1357759005654677, 1732835706.1488702, 
0.07872742414474487, -0.12071913480758667, 0.0716574797374243, -0.05064256160886823, 0.12639915919445677, -0.4006558424250116, 1.7930844639145662, 0.7797639033212467, 1.7691255807876587, 0.7483572959899902, -0.17439838710878888, 1732835706.249235, 
0.001061558723449707, 0.07548373937606812, 0.006933232978664036, -0.019271416520509958, 0.059533392128933604, -0.3237076845675643, 1.8050069918583975, 0.7778471035281238, 1.7770668268203735, 0.7464019656181335, -0.20502534199313874, 1732835706.3391838, 
-0.27795666456222534, -0.14257913827896118, -0.2540027586604152, -0.018452704005250915, 0.1225282175806976, -0.1505996281476786, 1.8114259847305123, 0.7765576218417803, 1.7858538627624512, 0.7444050312042236, -0.2201421730478791, 1732835706.4394875, 
0.016001522541046143, 0.147081196308136, -0.006672573159715589, -0.015474589715415939, 0.07775830782340723, -0.19900882810566634, 1.8231788536072484, 0.773810008560922, 1.79386305809021, 0.7420617341995239, -0.23627830624736126, 1732835706.5293024, 
-0.08253884315490723, 0.08102577924728394, -0.0761760141902107, -0.018818521693486783, 0.07094140057360285, -0.2652685391228252, 1.8306620222371022, 0.7719378537352786, 1.8045308589935303, 0.7386631965637207, -0.2696293475200829, 1732835706.649224, 
-0.04815322160720825, 0.12588989734649658, -0.05050950942279582, -0.015843575693930044, 0.05704210764216283, -0.277752284212921, 1.8374554465261868, 0.7700898500339449, 1.8125556707382202, 0.7363088726997375, -0.29559790722532886, 1732835706.740208, 
-0.14381015300750732, -0.32180100679397583, -0.13590720150157506, -0.057598774727811934, 0.1538895703281533, -0.374286409436251, 1.843750343899564, 0.7681976487422973, 1.820939302444458, 0.7328439354896545, -0.3269755752442241, 1732835706.8391516, 
-0.358310341835022, 0.19650280475616455, -0.339730607890463, -0.00975452449552528, 0.019944656801746147, -0.48907958620131653, 1.8573710139814399, 0.7636665668571474, 1.830527424812317, 0.7288582921028137, -0.38836347286688694, 1732835706.9491184, 
-0.24073660373687744, -0.07892346382141113, -0.2489687288567042, -0.03936731937246636, 0.0925967359518143, -0.4251480245799638, 1.8600703884330845, 0.762655775917295, 1.8385831117630005, 0.7251880764961243, -0.4308226657945826, 1732835707.0492377, 
0.08472675085067749, -0.057450175285339355, 0.0567408114638914, -0.03270624804502306, 0.09512706114941505, -0.3438164456027051, 1.868763902724954, 0.7589033865464073, 1.8455119132995605, 0.7213569283485413, -0.46286180911977926, 1732835707.14023, 
-0.27810436487197876, -0.10086387395858765, -0.24999094802711777, -0.04192332355704042, 0.11653189744689416, -0.3597583535112838, 1.8774327937525155, 0.7547221594554797, 1.8537275791168213, 0.7165030241012573, -0.4974923673734995, 1732835707.2389157, 
0.04987746477127075, 0.10290604829788208, 0.024685567027145777, -0.021200312031672816, 0.056203547193284215, -0.3772059432256982, 1.887475155863331, 0.7494431967267943, 1.86245596408844, 0.7109813094139099, -0.5400153833536884, 1732835707.3492782, 
-0.13702428340911865, -0.07022452354431152, -0.12342188390759806, -0.03230823553616648, 0.1018937424871093, -0.3170777198634531, 1.8926862176264367, 0.7464610553424293, 1.870508074760437, 0.7058190703392029, -0.5734223851991131, 1732835707.4492471, 
0.11947357654571533, -0.2451884150505066, 0.09912497189691297, -0.04812838213035186, 0.1407426643517941, -0.341960146569716, 1.9016613023524436, 0.7408701347427004, 1.8768295049667358, 0.7012854218482971, -0.6021467983735939, 1732835707.5401986, 
-0.0857272744178772, 0.06421315670013428, -0.07026852442561163, -0.024427223588704854, 0.07342803829524791, -0.3326688844727822, 1.9128399952758866, 0.7333981047935806, 1.884008526802063, 0.6954012513160706, -0.6374399879224273, 1732835707.639065, 
-0.26354265213012695, 0.1886947751045227, -0.24734890304703536, -0.008127294585618311, 0.02883269175411282, -0.2818777606658594, 1.9185735923045881, 0.7292762556561659, 1.8921737670898438, 0.6888039112091064, -0.6720304612415586, 1732835707.7513444, 
0.23410719633102417, 0.09358328580856323, 0.19373435157548605, -0.010896799070916268, 0.051443730932471524, -0.2118197664399601, 1.9211583626843545, 0.7272880034754486, 1.8985685110092163, 0.6830900311470032, -0.6930885598054758, 1732835707.848222, 
0.045537710189819336, 0.18094271421432495, 0.05796292948316997, -0.01112633573342432, 0.05352759969919657, -0.20786166007722784, 1.925036867364414, 0.7241280415258672, 1.9047993421554565, 0.6774624586105347, -0.7127920003029001, 1732835707.9402127, 
0.169170081615448, -0.23372882604599, 0.15988897199828386, -0.03216887128701775, 0.1324526978743928, -0.24287063837328596, 1.9295983218852255, 0.7202502068048944, 1.911368489265442, 0.6712175011634827, -0.7359103227679404, 1732835708.0378878, 
-0.2368539571762085, 0.10097438097000122, -0.20361410459133847, -0.01232871130879672, 0.06815566202801017, -0.18089049305588062, 1.9389999978764674, 0.7119057814656811, 1.9185194969177246, 0.6640387177467346, -0.7579015615529028, 1732835708.150357, 
-0.14569681882858276, 0.031177520751953125, -0.15053507704189603, -0.010877816525114239, 0.07952207978584301, -0.13678988973136455, 1.9441944057062759, 0.7070719826747828, 1.9246091842651367, 0.6576606035232544, -0.7725413866271919, 1732835708.2472353, 
-0.13897091150283813, -0.1274876594543457, -0.13991172478016003, -0.012572422757590683, 0.10610913401487064, -0.11848577291968779, 1.9502089057034842, 0.7012728995381073, 1.9306249618530273, 0.6515819430351257, -0.7841973756771945, 1732835708.339235, 
-0.04405111074447632, -0.11559247970581055, -0.05208861728394652, -0.010471457970105564, 0.10301803138293862, -0.10164684598933035, 1.9577850034075819, 0.6937663550096334, 1.9365471601486206, 0.6450515985488892, -0.7924333064059457, 1732835708.4371183, 
-0.019658982753753662, -0.17305928468704224, -0.022372650362896016, -0.011601637569696831, 0.10910164217072782, -0.10633788216993101, 1.9650876490571172, 0.6863598801019812, 1.9435869455337524, 0.6373566389083862, -0.8028879607478133, 1732835708.5493217, 
-0.20813500881195068, -0.039475977420806885, -0.19254988320344876, -0.008804373348812917, 0.09966121074744155, -0.08834303017976267, 1.9726351545606373, 0.6785472405745132, 1.9498097896575928, 0.6305975914001465, -0.8119372926444942, 1732835708.6472738, 
-0.04167509078979492, -0.04249072074890137, -0.054326288160295555, -0.004989706362535977, 0.09601609864713379, -0.05196739331050634, 1.9795862876810915, 0.6711998871599952, 1.9556297063827515, 0.6242652535438538, -0.816667461450565, 1732835708.739344, 
-0.18096524477005005, 0.0070931315422058105, -0.17033864865570103, -0.00306830811298477, 0.08824477045389423, -0.03477042432319417, 1.9861058282119666, 0.664189732846274, 1.961688756942749, 0.6178967952728271, -0.819093303470542, 1732835708.8365424, 
-0.09648054838180542, -0.3362237811088562, -0.10265754874299152, -0.003033255100194012, 0.101642443648407, -0.02984240629521259, 1.992272627948401, 0.6574916532877793, 1.9687854051589966, 0.6103063225746155, -0.8181472070709498, 1732835708.9492757, 
0.09800732135772705, 0.16918379068374634, 0.08116338506191609, 0.0012109728027706222, 0.08717144216794999, 0.013891852338951623, 1.9990925804347284, 0.6500331446998817, 1.9747520685195923, 0.6036597490310669, -0.8182532376551808, 1732835709.0462375, 
0.034943580627441406, -0.03349924087524414, 0.038821433367610576, -0.0008393946775693035, 0.09362482117786416, -0.008965514347682009, 2.0049526709952046, 0.6435903206558021, 1.980543613433838, 0.5971863269805908, -0.8186623651846163, 1732835709.1392162, 
0.0926891565322876, 0.42077529430389404, 0.08816277993988123, 0.0029506077362101194, 0.08975155522991823, 0.03287528253578997, 2.0112062051625132, 0.6367319923975497, 1.9869191646575928, 0.5901708602905273, -0.8187834993944824, 1732835709.2405384, 
-0.034091293811798096, 0.33616703748703003, -0.023826198465455237, 0.003175693784671599, 0.10538579651251363, 0.030133982849335043, 2.0173020816143703, 0.6300391415644543, 1.9940928220748901, 0.5825233459472656, -0.819059796022293, 1732835709.3492787, 
0.0918700098991394, 0.09403932094573975, 0.08215748054199497, 0.002742054493140574, 0.09927921318708237, 0.02761962353562804, 2.0243945456483683, 0.6223030149235166, 2.0002496242523193, 0.5761000514030457, -0.8178258148444397, 1732835709.4453044, 
-0.11897456645965576, -0.28032928705215454, -0.1021054007259226, -0.0011613873188032703, 0.09217576319971466, -0.012599703853679246, 2.0310985106258532, 0.615033964942949, 2.006577968597412, 0.5695270299911499, -0.8162769691639444, 1732835709.539222, 
-0.1669716238975525, -0.2929210066795349, -0.16151570496187367, -0.0007583364084858989, 0.09910396005825046, -0.0076519284198146124, 2.0374173885116273, 0.6082160457386085, 2.0132806301116943, 0.5625849962234497, -0.8138555805309716, 1732835709.6391754, 
-0.25812554359436035, 0.027523279190063477, -0.25000758507908283, 0.0014529956589144773, 0.09690989027371652, 0.014993264926939583, 2.0442420055625217, 0.6008349157915702, 2.0205705165863037, 0.5548740029335022, -0.810943135637156, 1732835709.749289, 
-0.10084962844848633, -0.04653126001358032, -0.11335453289403172, 0.003985519094469311, 0.0906844501140706, 0.04394931092878643, 2.0509226015636752, 0.5936015045422226, 2.0267512798309326, 0.5484526753425598, -0.8081352917593041, 1732835709.8456683, 
0.1408434510231018, 0.16787582635879517, 0.11952278104860464, 0.003773546522351799, 0.09774186397936713, 0.038607269891521384, 2.0572061417054965, 0.5868215824580267, 2.032963275909424, 0.5423093438148499, -0.8060188221587883, 1732835709.9397094, 
-0.032585740089416504, -0.13930410146713257, -0.01983377296537689, 0.0006377048062663637, 0.09005399658006981, 0.0070813604113545425, 2.063743277763856, 0.5798292074605986, 2.039492607116699, 0.5354823470115662, -0.8051276718602871, 1732835710.0392663, 
-0.062367916107177734, 0.16847777366638184, -0.05879016700960321, 0.002684912722739601, 0.09941310095362248, 0.027007634778359327, 2.069987694800665, 0.573197874166083, 2.0467350482940674, 0.5280081033706665, -0.8041139964638939, 1732835710.1493459, 
0.068065345287323, 0.03393298387527466, 0.0574224311788854, 0.0023134279393813104, 0.0985045178349558, 0.02348550087070581, 2.07684109169424, 0.5659325450875063, 2.053417921066284, 0.52121901512146, -0.80311955140745, 1732835710.2489974, 
-0.11546176671981812, 0.10728639364242554, -0.10095921063637073, 0.002541895486657563, 0.09454144818609256, 0.026886572349242757, 2.083566870175678, 0.5588406630805384, 2.0593326091766357, 0.5152766108512878, -0.8022716247280113, 1732835710.3391879, 
-0.06909197568893433, 0.07134813070297241, -0.07175543018709583, 0.004321580917896677, 0.09996327595325513, 0.04323168560339636, 2.090195298858115, 0.5518847373311638, 2.0660994052886963, 0.5084288716316223, -0.799303738686704, 1732835710.439397, 
0.04860562086105347, 0.10863077640533447, 0.038509660557306424, 0.004539924387411046, 0.1004206853629684, 0.045209055992812504, 2.097169493563398, 0.5446073290998893, 2.0730631351470947, 0.5012792944908142, -0.7964058368889864, 1732835710.545268, 
-0.020019948482513428, 0.1979520320892334, -0.015111687557558415, 0.002422361649380759, 0.0987679826568308, 0.02452577833646001, 2.1040876964151334, 0.5374507059409938, 2.0795209407806396, 0.49485325813293457, -0.7953683006556839, 1732835710.6456327, 
0.17200589179992676, -0.05313849449157715, 0.15629738725121128, -0.0006091397122752403, 0.09088423889840551, -0.0067023690758544405, 2.1109332729391532, 0.530429986005437, 2.085946559906006, 0.48836031556129456, -0.7947285922975779, 1732835710.7432358, 
-0.12012350559234619, -0.0564877986907959, -0.09693150426410774, -0.00013936112432367363, 0.09689378358208964, -0.0014382875678046478, 2.117248262397723, 0.5239818365879529, 2.0920515060424805, 0.4821757674217224, -0.7939145047979147, 1732835710.8348527, 
0.017347097396850586, -0.19216114282608032, 0.007762520793527614, 0.0003454551466762213, 0.09609396503365619, 0.00359497234353092, 2.124096212421891, 0.5169807558568728, 2.0985782146453857, 0.47568464279174805, -0.7925908996849476, 1732835710.932837, 
-0.12970691919326782, -0.15981721878051758, -0.11817152955842487, -0.0004834770163194612, 0.0942774630649238, -0.005128235323711635, 2.130784986886145, 0.5101409058288416, 2.1063485145568848, 0.46797531843185425, -0.7913705682509876, 1732835711.04942, 
0.06881934404373169, -0.12402480840682983, 0.0531369176303287, -0.0010792811717041952, 0.0976720551789225, -0.0110500508024234, 2.137522101498933, 0.5032555029883993, 2.1123101711273193, 0.4618607461452484, -0.7913705682509876, 1732835711.1392663, 
-0.027206361293792725, -0.027414917945861816, -0.02046822840738595, -0.0003225869861298666, 0.09621174646524693, -0.0033528856712562605, 2.1442522129090666, 0.49636954750310375, 2.119000196456909, 0.4551839530467987, -0.7908892007165749, 1732835711.2392652, 
0.16799193620681763, -0.06900042295455933, 0.1521765436455529, 0.0005543862132483992, 0.0959523928765219, 0.005777721603689669, 2.15096878272718, 0.4894833412785101, 2.126331090927124, 0.4476998746395111, -0.7893113147283553, 1732835711.3496947, 
-0.024747014045715332, 0.05022299289703369, -0.009910795765718211, 0.00045654271849433845, 0.09394803513672369, 0.004859523861568009, 2.1575707568849656, 0.48271109151965574, 2.1329030990600586, 0.44075217843055725, -0.7880243639943115, 1732835711.449258, 
0.07479262351989746, 0.1961391568183899, 0.06768732846486902, 0.00029881267566245516, 0.09790208841987437, 0.0030521583398806784, 2.1641550011833917, 0.47596471806930835, 2.1389904022216797, 0.43454709649086, -0.7888013579014874, 1732835711.5403721, 
-0.05581080913543701, -0.1246759295463562, -0.04545172343214279, -0.001048142242565224, 0.09678708890582231, -0.010829360138986182, 2.170951513549619, 0.4690072493342807, 2.145798921585083, 0.4278494119644165, -0.7888013579014874, 1732835711.6387966, 
-0.046859920024871826, 0.06332790851593018, -0.046742590003781004, 0.001659744674121218, 0.09103591911549987, 0.01823175610514189, 2.177709525175593, 0.46209215952668153, 2.1518378257751465, 0.4218730628490448, -0.7875769737747541, 1732835711.729872, 
0.09878659248352051, -0.13851046562194824, 0.08657631069164384, -0.0009058386236684661, 0.09109313289191207, -0.009944093422972977, 2.184099524336915, 0.4555422944969128, 2.1598072052001953, 0.4136524498462677, -0.7874729259969143, 1732835711.8502634, 
0.01285696029663086, -0.0827454924583435, 0.019043224175548795, -0.000758433977415818, 0.09882046818600097, -0.007674867275353171, 2.1904982111090003, 0.44900441570990807, 2.1659061908721924, 0.4076879918575287, -0.7874729259969143, 1732835711.9392827, 
-0.15184450149536133, -0.2151690125465393, -0.1375069927230968, -0.0018854851841413227, 0.09452622911720798, -0.019946687832045132, 2.1973319676489314, 0.4420081521025764, 2.1725494861602783, 0.4011833667755127, -0.7863516601588947, 1732835712.0394635, 
-0.21103346347808838, 0.07651245594024658, -0.20485552281441155, 0.0024400866911037868, 0.09091876106023397, 0.026838098788953157, 2.2039965878253738, 0.43517378181936783, 2.179656982421875, 0.3939224183559418, -0.7843798128445639, 1732835712.1489208, 
0.0005893707275390625, -0.11474484205245972, -0.01664105988908693, -0.0006291810253463737, 0.08691785472749869, -0.007238800673566512, 2.2104276169005903, 0.42855735598091366, 2.186178207397461, 0.3870640695095062, -0.7830954767388728, 1732835712.2502787, 
0.038590192794799805, 0.3011696934700012, 0.033960798017338915, -1.9401263925060767e-05, 0.0936174761392624, -0.0002072397668166151, 2.2165518228188965, 0.42228683610660706, 2.188945770263672, 0.38450977206230164, -0.7840991981643802, 1732835712.2892683, 
0.020315468311309814, 0.29083800315856934, 0.02145854727830554, 0.002558535616815052, 0.09403303729443369, 0.027208901152515525, 2.223073863020336, 0.41560039548123345, 2.1990115642547607, 0.3743460774421692, -0.7820826391378105, 1732835712.439689, 
0.07627636194229126, -0.07196265459060669, 0.07167426969563383, -0.0013213663016826604, 0.09410440245333353, -0.014041492929493148, 2.2296185103541992, 0.40889308828474435, 2.2062442302703857, 0.36700552701950073, -0.7807598576994712, 1732835712.5505366, 
0.22748595476150513, 0.25536614656448364, 0.21439735739473564, 0.0025179408639452996, 0.08441012708532943, 0.029829843300673346, 2.236104921293625, 0.40227754867046833, 2.212747097015381, 0.3606945276260376, -0.7802816220970868, 1732835712.6503012, 
0.010449051856994629, -0.1903955340385437, 0.027553528545685435, -0.0002664452122755798, 0.08878374799692951, -0.0030010583951107193, 2.2418956708847193, 0.39635878006532493, 2.218769073486328, 0.35507479310035706, -0.779554592092362, 1732835712.7402482, 
0.12700575590133667, -0.42105913162231445, 0.11865956086995581, -0.0012739067605681794, 0.09211644160848581, -0.013829309277735131, 2.248123345792097, 0.39002769471094734, 2.2260098457336426, 0.34801286458969116, -0.7775377096099675, 1732835712.850039, 
-0.09228700399398804, -0.650533139705658, -0.07458291963891671, -0.0058327906221976936, 0.10433372252094263, -0.05590513288766145, 2.2546056115270567, 0.38343219048904537, 2.232830047607422, 0.34150487184524536, -0.7765392502213825, 1732835712.9490027, 
-0.04282921552658081, -0.049558162689208984, -0.045493422388541316, -0.0009176308494398185, 0.09791594053448652, -0.009371618598879965, 2.2619269833800226, 0.37595760328995426, 2.239396572113037, 0.3346485197544098, -0.7765392502213825, 1732835713.0492883, 
-0.04942977428436279, 0.6171450018882751, -0.049105170697420396, 0.004610673218973182, 0.08525598061100456, 0.054080349389331296, 2.2686657908361525, 0.36900628775825367, 2.245209217071533, 0.3286465108394623, -0.7769585421650534, 1732835713.1402528, 
-0.020779848098754883, 0.3809049129486084, -0.02313669119750718, 0.007745396243362042, 0.10910236010405505, 0.07099201370139899, 2.2747799100805715, 0.3626943831745784, 2.2516939640045166, 0.32210996747016907, -0.7746789022161711, 1732835713.2393553, 
-0.04349642992019653, 0.3315080404281616, -0.041781948701495215, 0.004557557836807702, 0.11494111516471958, 0.03965124081384078, 2.282471377953232, 0.35484128290483163, 2.2588648796081543, 0.31510111689567566, -0.7738983710323881, 1732835713.3491087, 
0.1233869194984436, 0.4313192367553711, 0.10952689400287732, 0.006304057798403613, 0.1134262302887662, 0.05557848288137961, 2.2905781796380897, 0.34667689561822834, 2.2658114433288574, 0.3085159957408905, -0.7736592516343462, 1732835713.4493072, 
-0.20444577932357788, 0.2091594934463501, -0.17810917750197644, 0.003155117665099278, 0.10492028603557185, 0.03007156942013651, 2.2984890481483844, 0.33877457672098354, 2.2720134258270264, 0.3027225732803345, -0.7726753522305008, 1732835713.5403113, 
0.3339005708694458, -0.2617180347442627, 0.29092781618796637, 0.0021680486887677157, 0.08432061479668111, 0.02571196490912031, 2.305938153144217, 0.3314126005604692, 2.27935791015625, 0.295925110578537, -0.769277995326097, 1732835713.6509726, 
0.03946930170059204, -0.27674782276153564, 0.06055148358723711, 0.000324211308698208, 0.08262581750297349, 0.0039238499357242725, 2.311741732268655, 0.32571086526410614, 2.286156415939331, 0.28954365849494934, -0.7657646378943401, 1732835713.7523625, 
-0.09449779987335205, -0.3467291593551636, -0.08148009289077199, -0.0015955579601630429, 0.09584399552266996, -0.016647448298267635, 2.3177217455674697, 0.3198634077733279, 2.2930259704589844, 0.2829050123691559, -0.7646812601729617, 1732835713.848282, 
0.12541520595550537, -0.14972931146621704, 0.10805642931500828, 0.0010805084646864727, 0.09487246814592305, 0.011389062451970217, 2.324594616316426, 0.31314621428722267, 2.2992467880249023, 0.27718818187713623, -0.7634463966567954, 1732835713.939283, 
-0.09594303369522095, -0.19321632385253906, -0.07882965714188103, -0.00032338050033063425, 0.09520464208078581, -0.003396688367949853, 2.3313158119256725, 0.3065582874093159, 2.3058907985687256, 0.27065473794937134, -0.762658222373914, 1732835714.0380504, 
0.020753204822540283, 0.10748696327209473, 0.012398966959572974, 0.001093823869231862, 0.09201727111357695, 0.011887158312723214, 2.3381463728256575, 0.29987695257162283, 2.31349778175354, 0.2633650600910187, -0.7630456603893568, 1732835714.1505997, 
-0.026348114013671875, 0.3803024888038635, -0.023093984453031263, 0.0027945386629636996, 0.09643248162533531, 0.02897922583617823, 2.344753716052061, 0.29341138533904626, 2.319995403289795, 0.2570333480834961, -0.763475808644423, 1732835714.2473054, 
0.2586445212364197, -0.06481814384460449, 0.23499669572186385, -0.0013428092647044783, 0.0902872161374219, -0.014872640027583216, 2.351602684713718, 0.2867267305989335, 2.3262977600097656, 0.2511734962463379, -0.7639936756448806, 1732835714.339272, 
0.10321027040481567, 0.059647440910339355, 0.11425757235765216, 0.0024058209792586337, 0.09547550583506612, 0.025198305661922212, 2.3579658890577457, 0.28054800819103176, 2.332918882369995, 0.24475164711475372, -0.7627905870021113, 1732835714.4372263, 
0.20895379781723022, -0.21121448278427124, 0.20099138779390235, -0.0027414816128436305, 0.08578010220518373, -0.031959411825904324, 2.364662346625663, 0.2740299320521492, 2.34001088142395, 0.23759756982326508, -0.7648559642330145, 1732835714.549522, 
-0.012418806552886963, -0.08553463220596313, 0.005486992664078871, -0.0008585400042151302, 0.09909891687111248, -0.00866346506422207, 2.3707899942630246, 0.26809015778884265, 2.346806526184082, 0.23105105757713318, -0.7646653269255514, 1732835714.6472929, 
0.0638778805732727, -0.24506431818008423, 0.05897541847420738, -0.001250558949457327, 0.09687558958440348, -0.012908917043212103, 2.377862565601369, 0.26119302107713105, 2.3529629707336426, 0.22523505985736847, -0.763866510053094, 1732835714.7392921, 
-0.15544432401657104, -0.19400370121002197, -0.1374532411963062, -0.0005301866305630331, 0.09677769164988757, -0.005478397154595173, 2.384767602926569, 0.2544471991565053, 2.3599627017974854, 0.2185163050889969, -0.7631383113778979, 1732835714.841508, 
0.19655632972717285, 0.38186436891555786, 0.1685272684828537, 0.0006692043643285201, 0.0871802690093868, 0.007676098868844579, 2.3916923817729945, 0.24766556888354282, 2.3670644760131836, 0.211554154753685, -0.76492983669946, 1732835714.9503257, 
-0.36710214614868164, 0.39991313219070435, -0.3221529203438214, -0.0006597979280177138, 0.09858478128447515, -0.006692695560319886, 2.397914716133462, 0.24156636309047366, 2.373872756958008, 0.20477621257305145, -0.7677467765076087, 1732835715.0464075, 
0.29699206352233887, 0.4479120373725891, 0.24504177765434526, 0.003618160476745385, 0.08324878613198056, 0.043462020827657995, 2.4050258190106906, 0.23460558663311146, 2.379673957824707, 0.19906777143478394, -0.7675280105813241, 1732835715.140301, 
0.03041166067123413, -0.420379102230072, 0.04840472447365299, -0.003212150741442524, 0.07967899506825402, -0.04031364525482476, 2.41080569758464, 0.2289442075092113, 2.3863587379455566, 0.19254305958747864, -0.7681995935043098, 1732835715.2398763, 
-0.09489315748214722, 0.10118401050567627, -0.08285902278022514, -0.0006859053455132375, 0.0954451770534559, -0.007186380356642673, 2.4166005747667754, 0.22330982146100184, 2.3940486907958984, 0.18516096472740173, -0.7700450830983272, 1732835715.349668, 
0.1482480764389038, -0.4834652543067932, 0.12885959388205176, -0.006694087529663743, 0.09752648302605114, -0.06863866430901264, 2.423469547735942, 0.21658007383137892, 2.4007081985473633, 0.17910654842853546, -0.7724130367063169, 1732835715.44531, 
0.08348459005355835, -0.34358376264572144, 0.08729738304532071, 0.03618934136728286, 0.11700481565376585, 0.30929787945115306, 2.4304701072543473, 0.20970878842138047, 2.4072582721710205, 0.17329302430152893, -0.7479753455376136, 1732835715.5392847, 
-0.11448776721954346, 0.22207367420196533, -0.09753439489580508, 0.04729203547514312, 0.15165791734506698, 0.3118336075230391, 2.438984298484984, 0.20128927199845623, 2.414074182510376, 0.1667860448360443, -0.7136564028922355, 1732835715.6390598, 
0.03375786542892456, 0.2814977169036865, 0.022755734706386713, 0.03665280831207572, 0.16555334642540684, 0.2213957561322406, 2.450228437215944, 0.19083718044357662, 2.422185182571411, 0.16017280519008636, -0.6937576740157266, 1732835715.7516656, 
-0.01128464937210083, 0.1702512502670288, -0.008454802133742029, 0.02966726996805479, 0.12997064271016232, 0.22826131616670944, 2.462467007576849, 0.18013681523324976, 2.4297332763671875, 0.15411882102489471, -0.674061585406517, 1732835715.8509223, 
0.24696022272109985, 0.18276411294937134, 0.22552637440923154, 0.032380642568501615, 0.13196745112720662, 0.2453684017681688, 2.472438770375713, 0.171801605593983, 2.4366331100463867, 0.14907152950763702, -0.6551884705935767, 1732835715.9396563, 
-0.2078847885131836, 0.06755942106246948, -0.17153955967917414, 0.030100548608107496, 0.11347385563427484, 0.26526417419992565, 2.4824871630459455, 0.163787966743392, 2.4446380138397217, 0.14326776564121246, -0.6306236770842808, 1732835716.0403197, 
0.3907475471496582, -0.0702359676361084, 0.3435392695018227, 0.017209512518330243, 0.07137189656811098, 0.2411244950161443, 2.4914235504135473, 0.15701500635857865, 2.453049421310425, 0.13734926283359528, -0.6040962607766615, 1732835716.1499002, 
-0.14564555883407593, -0.28745949268341064, -0.10463721644860913, 0.005521433584868326, 0.0392262364696709, 0.14075868810757336, 2.496755445479246, 0.15319299383770066, 2.4615774154663086, 0.13153281807899475, -0.5826915126035664, 1732835716.2506852, 
0.02454555034637451, 0.18476182222366333, 0.013764205415648156, 0.004795619287772406, 0.11387509539382351, 0.04211297712803072, 2.500605661300822, 0.15056231807464587, 2.469011068344116, 0.12677939236164093, -0.578493781321474, 1732835716.3396535, 
-0.05047953128814697, -0.22613877058029175, -0.045108414440077446, -0.0010669798464227331, 0.08626893794197736, -0.012368065167793776, 2.5098851056695226, 0.14440468449161795, 2.4764890670776367, 0.12191437929868698, -0.578128130037256, 1732835716.4355962, 
0.023467957973480225, -0.4789259433746338, 0.017721804046169173, -0.0018751892252319453, 0.09469572455519523, -0.019802258592350228, 2.517186249163258, 0.1395988464588964, 2.4850270748138428, 0.1165107861161232, -0.574034188935654, 1732835716.546689, 
0.057738661766052246, -0.08660894632339478, 0.05437929026792175, 0.0010718791422216364, 0.0951746430916005, 0.01126223442929027, 2.5251046907332024, 0.13437228067149126, 2.4929096698760986, 0.11141715943813324, -0.5729258665336577, 1732835716.6463218, 
0.08022147417068481, 0.511205792427063, 0.07805719074775044, 0.00280518952282254, 0.10702362418188928, 0.02621093748474684, 2.5330597195302453, 0.12910194663027888, 2.500805377960205, 0.10601404309272766, -0.5724138674126361, 1732835716.7434812, 
-0.01603555679321289, 0.3663254380226135, -0.008146708243324224, -0.006802785429553402, 0.10398482272604287, -0.06542094558814546, 2.5421023498708797, 0.1231262743378732, 2.507915496826172, 0.10101800411939621, -0.581457100781008, 1732835716.83536, 
0.1365877389907837, 0.23238229751586914, 0.12442082328512039, -0.00871467545063815, 0.07435448147362275, -0.11720444118394774, 2.5503755531445242, 0.11768118828633636, 2.5158133506774902, 0.09529935568571091, -0.5992641058448809, 1732835716.9459774, 
0.06654918193817139, 0.08526003360748291, 0.07140229233313818, -0.00825626835088895, 0.08143550862277935, -0.10138413194093425, 2.5565243126456902, 0.11357404631136873, 2.5234482288360596, 0.08990126103162766, -0.6119636708936484, 1732835717.0454614, 
-0.008084237575531006, 0.007705330848693848, -0.0014081839998148077, -0.0066902678130143925, 0.09576444940457185, -0.06986170603613365, 2.563316469518763, 0.10892273361075308, 2.5306830406188965, 0.08453964442014694, -0.6192014147493072, 1732835717.14033, 
0.0023215413093566895, 0.028620541095733643, 0.0020049566486249806, -0.00725655409130552, 0.09058298315491438, -0.08010946249027162, 2.5711120832697505, 0.10346988750317412, 2.5381574630737305, 0.07897228747606277, -0.6274119140685794, 1732835717.240324, 
-0.005294084548950195, -0.045301973819732666, -0.004677497293252025, -0.0077693688957610595, 0.09644061914692473, -0.08056116773705727, 2.578538789137859, 0.09819670729575027, 2.5465431213378906, 0.0727948248386383, -0.6359969896103604, 1732835717.3506951, 
-0.13957178592681885, 0.023924708366394043, -0.12825748915168692, -0.009832394284088747, 0.08635937501911241, -0.11385439371131062, 2.5862961415717307, 0.09259429141882086, 2.5539023876190186, 0.0671197921037674, -0.6476190561977533, 1732835717.4503474, 
-0.016220033168792725, 0.04989194869995117, -0.02563050776694463, -0.008528560450025304, 0.06273491919459445, -0.13594598605556452, 2.5931647070867156, 0.08754586484352342, 2.5590834617614746, 0.06302683800458908, -0.6594889366591673, 1732835717.5403626, 
-0.18264919519424438, 0.29887890815734863, -0.16948701732387733, -0.0053233861718025525, 0.03798716287212807, -0.14013645056152446, 2.5980236411361184, 0.08388706501683044, 2.5645201206207275, 0.058338869363069534, -0.6735425498974396, 1732835717.6395411, 
0.25340110063552856, -0.1794150471687317, 0.21796371799401354, -0.013261345041098393, 0.09663091767156111, -0.13723708064299242, 2.601552902466809, 0.08115450404448449, 2.5712201595306396, 0.05271744355559349, -0.6884955326919941, 1732835717.7499986, 
-0.10029876232147217, -0.1879320740699768, -0.07360118770395851, -0.012283786827172245, 0.10033225411943698, -0.1224310859451981, 2.6089982044266167, 0.0752189283083685, 2.5770022869110107, 0.04753723740577698, -0.6983379698881212, 1732835717.850322, 
-0.05334395170211792, -0.057356059551239014, -0.05506478983079506, -0.0052080461843838225, 0.06372278420997367, -0.08172973370439575, 2.61653305865844, 0.06904273719540904, 2.5806572437286377, 0.04395212233066559, -0.7070329886273647, 1732835717.9403527, 
-0.0007283687591552734, -0.008421480655670166, -0.005293278570886746, -0.004270133132922191, 0.0516117946707407, -0.082735606466771, 2.621366238198812, 0.06498433464143959, 2.5844874382019043, 0.040300481021404266, -0.7162018132338043, 1732835718.0502684, 
0.05699664354324341, -0.056725382804870605, 0.05176891018815335, -0.004584390133538559, 0.05107203316838492, -0.08976321969450064, 2.625286564386429, 0.06163738742439407, 2.58809494972229, 0.03696253523230553, -0.7257433326824855, 1732835718.1503518, 
-0.04886263608932495, 0.08284491300582886, -0.04042627303672259, -0.005508450266661895, 0.043427329479086424, -0.12684294274449076, 2.62910146588635, 0.05832480803475956, 2.591444730758667, 0.033432476222515106, -0.7375066899641858, 1732835718.2503686, 
0.26862043142318726, -0.04192662239074707, 0.24270030460828868, -0.006471212853853175, 0.06334991908817138, -0.10215029390718626, 2.6324720474876777, 0.05534249862190312, 2.595240592956543, 0.029810002073645592, -0.7467878792635751, 1732835718.3413281, 
-0.39716970920562744, -0.010348498821258545, -0.3434868419698553, -0.005237692718608638, 0.061149688747741494, -0.08565362842999079, 2.63700789465971, 0.051227627026826504, 2.599642515182495, 0.025328854098916054, -0.7545733574863803, 1732835718.439906, 
-0.10070425271987915, -0.018838882446289062, -0.12107695720857317, -0.0017793383709029398, 0.03102967715439521, -0.05734311581939565, 2.641515146080679, 0.047055787135567746, 2.6022777557373047, 0.022359097376465797, -0.7594791571764674, 1732835718.549882, 
0.29970985651016235, -0.03426098823547363, 0.2643983530576237, -0.0006877666131964211, 0.023625167733477413, -0.02911160762773505, 2.643789961108801, 0.04491486359044506, 2.6037237644195557, 0.0208452045917511, -0.7635054614239012, 1732835718.6503453, 
-0.09312248229980469, -0.17820554971694946, -0.06311840262473761, -0.00246417614730827, 0.04842384257782295, -0.05088766227810282, 2.645504661209834, 0.043283144465827116, 2.6060850620269775, 0.018338629975914955, -0.76743311191805, 1732835718.7403355, 
-0.1472485065460205, 0.03829139471054077, -0.14018654503854983, -0.003273396253726629, 0.04391820161157634, -0.07453393202839614, 2.6490179698198717, 0.039918983133969674, 2.6091501712799072, 0.014797788113355637, -0.7753273493062353, 1732835718.8406215, 
-0.1230115294456482, -0.02011626958847046, -0.12444284679211587, -0.0012256512810822897, 0.04416241845441887, -0.027753264517144022, 2.652268267801814, 0.03677387956368603, 2.611848831176758, 0.01204323023557663, -0.7790709576600758, 1732835718.9304638, 
0.01624065637588501, 0.10991871356964111, 0.004431150621834995, -0.00030827405707435217, 0.028134120760614487, -0.010957301978525347, 2.6553936102927063, 0.0337065949957613, 2.614837169647217, 0.008915779180824757, -0.7813282376022658, 1732835719.050363, 
-0.015909194946289062, 0.0017967820167541504, -0.014203465793400722, 0.0003536231976502665, 0.026673128300301153, 0.013257657432190807, 2.6573829515630525, 0.031743983421315555, 2.6166412830352783, 0.007259447127580643, -0.7803211414622728, 1732835719.1403549, 
0.20129460096359253, -0.14162689447402954, 0.1832098876838612, 0.0015815036176632115, 0.026836669892540535, 0.05893069535064792, 2.659283544807165, 0.029865716428779544, 2.6185390949249268, 0.005570221226662397, -0.7756168641763658, 1732835719.2400467, 
-0.17344480752944946, -0.00040471553802490234, -0.14351429602412658, 5.583436951638855e-05, 0.042337324965655475, 0.001318797764423757, 2.6611948516719135, 0.027983122477290654, 2.6214544773101807, 0.002484440105035901, -0.7745492657892551, 1732835719.350274, 
-0.16279727220535278, 0.029962897300720215, -0.16117370306341985, 0.0003658683546561103, 0.03529904877280059, 0.010364821925117352, 2.664285321371403, 0.02497186846473263, 2.6242451667785645, -0.0003942801267839968, -0.7738731168056642, 1732835719.4503672, 
0.09189879894256592, -0.0257108211517334, 0.07066295118426946, 0.0002498805433823434, 0.02406336947281595, 0.010384270734180846, 2.6668309383080384, 0.02249257048240734, 2.6260170936584473, -0.0019708804320544004, -0.7727277557634097, 1732835719.54133, 
-0.07790940999984741, 0.020111083984375, -0.06544442244427057, -0.00011831655101312128, 0.02538701211734528, -0.004660515009258744, 2.6685236342012693, 0.020847345891314043, 2.6277756690979004, -0.00375478551723063, -0.7726752972034213, 1732835719.6397486, 
-0.005652368068695068, -0.07609915733337402, -0.01066307747504848, -1.5247469585895872e-05, 0.02929351067776196, -0.0005205067345332194, 2.6704073297366593, 0.01901981602129373, 2.630000591278076, -0.006048021838068962, -0.7720463403752574, 1732835719.7522063, 
-0.05030858516693115, -0.0035115480422973633, -0.046979565520905146, -2.3881712068665137e-05, 0.030686285690447068, -0.0007782535921608702, 2.6725259303419198, 0.01696262497193923, 2.632070779800415, -0.008088653907179832, -0.7716210323961087, 1732835719.8483617, 
0.027797579765319824, 0.00541311502456665, 0.02152506834933956, 0.00015246765038685217, 0.030525504478994853, 0.004994762674332472, 2.674753479174788, 0.01479942894797973, 2.6341843605041504, -0.009998288936913013, -0.7714296104879536, 1732835719.9403229, 
0.25858914852142334, -0.016190409660339355, 0.23868893164323357, -0.00037300558846782025, 0.026510534688978626, -0.014070089224676858, 2.6769076846591013, 0.012707263829639406, 2.6359851360321045, -0.011880160309374332, -0.7725471193687217, 1732835720.0378184, 
0.04314243793487549, 0.05931961536407471, 0.059540069435595006, -0.00015938491156377785, 0.03064921574585698, -0.005200293308820561, 2.6786770684048467, 0.01099005421838674, 2.6382017135620117, -0.014316986314952374, -0.7739454087890663, 1732835720.1506498, 
0.13196855783462524, -0.011416912078857422, 0.12588592816130148, -0.00013950535403595436, 0.030938687375081677, -0.004509090910828795, 2.680833096035131, 0.00889204131131494, 2.640376329421997, -0.01634550467133522, -0.7746020169541726, 1732835720.2483652, 
-0.1465330719947815, 0.03218585252761841, -0.12367974754894764, 8.126799433288885e-05, 0.029928456379007682, 0.0027154088170712196, 2.6829745576272743, 0.006806086009948135, 2.642429828643799, -0.01828981377184391, -0.7746287586652643, 1732835720.34035, 
0.032297372817993164, -0.056060194969177246, 0.019211125456127687, -0.00046088123205037534, 0.023557599346477238, -0.01956401521529802, 2.6851484527467604, 0.004686809740819262, 2.644233465194702, -0.02016136422753334, -0.7751099126285957, 1732835720.4375854, 
-0.7951856255531311, -0.024118423461914062, -0.7268429125930399, -5.0052589813831105e-05, 0.016819767398236457, -0.0029758193813714147, 2.686819937536442, 0.0030576469565304428, 2.645779848098755, -0.021800972521305084, -0.7756627357315186, 1732835720.5498545, 
0.20995676517486572, -0.02052783966064453, 0.13136745811311346, -0.00014504677483753446, -0.010296681021453043, 0.014086750335892781, 2.6882731274641527, 0.0016361845494649448, 2.645355224609375, -0.021446317434310913, -0.7745243043642471, 1732835720.6474988, 
-0.10637342929840088, -0.022345006465911865, -0.08642214371837859, -5.778549575431546e-06, 0.00101050719816019, -0.005718464535386224, 2.6875374876674445, 0.0023560344262881653, 2.6453447341918945, -0.02142329327762127, -0.7749119771449087, 1732835720.740403, 
0.016275644302368164, 0.026700496673583984, 0.00766164205850417, -4.1775516308044704e-07, -0.0006152374659899474, 0.0006790145044373369, 2.6876507578177997, 0.0022454632919886035, 2.6453440189361572, -0.021403398364782333, -0.7748484535071217, 1732835720.8417342, 
0.0049024224281311035, -0.03925347328186035, 0.005133874685504082, -1.066058208720053e-09, -1.347619526288719e-05, 7.91067647747675e-05, 2.6876057551056602, 0.0022894360894123067, 2.6453428268432617, -0.021419571712613106, -0.7747266268403673, 1732835720.9506955, 
-0.004665553569793701, -0.003492414951324463, -0.0038434828981147705, 3.851817918644649e-10, -9.131915657809887e-07, -0.00042179736026695116, 2.687602022695229, 0.0022930826430578232, 2.6453428268432617, -0.021420901641249657, -0.7747166109652467, 1732835721.0464902, 
0.00803518295288086, -0.0003101825714111328, 0.007038607571565542, 1.6515109918789624e-07, 0.00010935822540748867, 0.001510184520391705, 2.687604592535318, 0.0022905719415455728, 2.6453421115875244, -0.021432042121887207, -0.7746327956305663, 1732835721.1403801, 
-0.03500688076019287, 0.006401181221008301, -0.03147875837526303, 4.0850162551627906e-12, -9.386578492774633e-09, -0.00043519758113217213, 2.6876092214377256, 0.002286049318527366, 2.6453423500061035, -0.02142707258462906, -0.7746702203525049, 1732835721.251507, 
-0.012018263339996338, -0.031047523021697998, -0.013649441254426794, 8.720363898309516e-09, -0.00023877270367066768, -3.652161140804965e-05, 2.687627255235107, 0.0022684340107039613, 2.645341634750366, -0.02143830806016922, -0.7745855955970665, 1732835721.3503537, 
0.01121610403060913, -0.02303445339202881, 0.009130241073956977, 1.91500447434374e-07, -0.00019989463220056853, -0.0009580069525940444, 2.6876181042979406, 0.002277373175831085, 2.6453425884246826, -0.021424762904644012, -0.774687457283087, 1732835721.4463923, 
-0.0003610849380493164, -0.00131988525390625, 0.00043499927593309597, -1.0199927091881459e-08, 3.5468537021156907e-05, -0.00028757676376099824, 2.6875998010062863, 0.002295253184069204, 2.6453425884246826, -0.02142324298620224, -0.7746990356842111, 1732835721.5403674, 
-0.00965040922164917, 0.01291435956954956, -0.00880404882730017, 1.641705054933585e-09, -1.2714134037865389e-05, -0.00012912440989250537, 2.6876022492812437, 0.0022928611010696867, 2.6453425884246826, -0.02142251469194889, -0.7747045129150961, 1732835721.6401486, 
0.025011658668518066, 0.0017203092575073242, 0.022174243787569506, 5.756198370332424e-10, -5.302229386767684e-05, -1.0856185107150723e-05, 2.6876051101313854, 0.002290065762811239, 2.6453418731689453, -0.021431567147374153, -0.7746364215452027, 1732835721.7504506, 
0.019885897636413574, 0.008676290512084961, 0.020076540043370904, -2.399672608652539e-10, 0.00018009017073274776, -1.3324839433983505e-06, 2.687588419284745, 0.0023063748136294753, 2.6453418731689453, -0.021431567147374153, -0.7746364215452027, 1732835721.8515685, 
-0.01100766658782959, 0.013029932975769043, -0.00840033949172245, 3.33106643333587e-10, 0.00016346253995907362, 2.037816391553609e-06, 2.687589609496177, 0.0023052118199269945, 2.6453418731689453, -0.021431567147374153, -0.7746364215452027, 1732835721.9403722, 
-0.0014771819114685059, 0.010143816471099854, -0.0020577678447840945, -8.858776396120283e-11, -5.241888646710874e-05, 1.68999705891862e-06, 2.687605097053351, 0.002290078472081982, 2.6453418731689453, -0.021431567147374153, -0.7746364215452027, 1732835722.040753, 
-0.00754159688949585, 0.01184391975402832, -0.00708119892512206, 1.07165056627031e-11, -2.5101981863165265e-05, -4.269187078980619e-07, 2.6876031546062085, 0.002291976493547169, 2.6453418731689453, -0.021431567147374153, -0.7746364215452027, 1732835722.1505477, 
0.00223386287689209, 0.018327414989471436, 0.0014525693229755525, 2.5342081010612293e-11, -5.541994240285456e-05, -4.572736800481947e-07, 2.68760532039413, 0.0022898602398085965, 2.6453418731689453, -0.021431567147374153, -0.7746364215452027, 1732835722.250394, 
0.012012600898742676, 0.01944732666015625, 0.011126296678072186, 1.893080053427883e-09, 2.5287374058809592e-05, 7.48626586938304e-05, 2.687600398336887, 0.002294669723390897, 2.6453418731689453, -0.021432485431432724, -0.7746295258690664, 1732835722.344998, 
-0.015174925327301025, 0.003116905689239502, -0.012968325920814441, 4.1728751015011497e-10, 7.852070678510841e-05, 5.31436263420459e-06, 2.6875966094423243, 0.002298371957053051, 2.6453418731689453, -0.021432485431432724, -0.7746296919408978, 1732835722.4383137, 
0.01896655559539795, -0.0027828216552734375, 0.01628721511776616, -2.0224406666722136e-11, -8.227633997931428e-05, 2.4581072361515967e-07, 2.687608213999363, 0.002287032974658905, 2.6453418731689453, -0.021432485431432724, -0.7746295790858687, 1732835722.5460532, 
0.006502926349639893, -0.001085519790649414, 0.007323087488144715, -2.555467128119634e-10, 0.000122257439766311, -2.090234453628574e-06, 2.6875936937895677, 0.002301220865277075, 2.6453418731689453, -0.021432453766465187, -0.7746299217954047, 1732835722.6464012, 
-0.04760676622390747, 0.005968332290649414, -0.042997346359789385, 6.02938231585125e-11, 3.750558380353098e-05, 1.6075959109010354e-06, 2.687600109804709, 0.0022949516919877366, 2.6453418731689453, -0.021432453766465187, -0.7746298364458634, 1732835722.7434046, 
0.002991020679473877, -0.005104780197143555, -0.0008658701141690192, -7.055225763292115e-10, -0.00032282769422688944, 2.1854462580070864e-06, 2.6876256307598334, 0.002270014820474409, 2.6453418731689453, -0.021432453766465187, -0.7746296915733965, 1732835722.8354588, 
0.02349269390106201, 0.013242125511169434, 0.021448656935922187, 7.04325945709339e-11, -1.8868728038752504e-05, -3.7327685483769635e-06, 2.6876048560792705, 0.0022903140367828375, 2.6453418731689453, -0.021432453766465187, -0.7746296528102272, 1732835722.9313738, 
0.0061836838722229, 0.00827014446258545, 0.007463421828021481, -7.677703931151916e-11, 0.00016829453647911182, -4.5620636841676963e-07, 2.6875915106765023, 0.0023033540031575555, 2.6453418731689453, -0.021432453766465187, -0.7746296528102272, 1732835723.0503814, 
-0.006263852119445801, 0.006187915802001953, -0.00511238102523307, 6.209180733342327e-11, 6.780701845026619e-05, 9.157135758588944e-07, 2.687598701926702, 0.002296327334312658, 2.6453418731689453, -0.021432453766465187, -0.7746296528102272, 1732835723.1403923, 
0.02556520700454712, -0.009355545043945312, 0.022990869814080786, 8.714221149904425e-12, -1.7280242700762804e-05, -5.042881226153005e-07, 2.687604788315062, 0.0022903802408289226, 2.6453418731689453, -0.021432453766465187, -0.7746296528102272, 1732835723.1903822, 
0.03241020441055298, 0.002643883228302002, 0.031618206045075065, -1.660259672951644e-11, 0.00019724407244904856, -8.417285509963889e-08, 2.687589460028211, 0.002305357717761008, 2.6453418731689453, -0.021432453766465187, -0.7746296528102272, 1732835723.3512106, 
-0.00561833381652832, -0.02446049451828003, -0.002495428873998687, -1.1403113689858694e-09, 0.000257589071686892, -4.426862372375624e-06, 2.6875851445638967, 0.0023095744166002742, 2.6453418731689453, -0.021432453766465187, -0.7746296528102272, 1732835723.4503832, 
-0.04968613386154175, -0.0060233473777771, -0.04572564562172245, 5.372887256360808e-11, -2.9968488084813663e-05, -1.792845618756284e-06, 2.6876057252087464, 0.00228946478598369, 2.6453418731689453, -0.021432453766465187, -0.7746296528102272, 1732835723.5404909, 
0.012828409671783447, -0.005788624286651611, 0.007917235349331676, -2.9459041571898932e-12, -0.000348125188738016, 8.462197659034818e-09, 2.6876284941435706, 0.0022672169299590436, 2.6453418731689453, -0.021432453766465187, -0.7746296528102272, 1732835723.6507168, 
0.007827341556549072, 0.005251824855804443, 0.0078345944159373, -6.266441508941745e-11, 3.7430552681450274e-05, -1.6741514778773892e-06, 2.6876007981474377, 0.002294279099617478, 2.6453418731689453, -0.021432453766465187, -0.7746296528102272, 1732835723.7299669, 
0.0221102237701416, -0.018287479877471924, 0.020911610721625472, -5.967647692830046e-11, 7.774815116141768e-05, -7.675613636702754e-07, 2.687597926802075, 0.002297084733919215, 2.6453418731689453, -0.021432453766465187, -0.7746296528102272, 1732835723.850472, 
0.016693592071533203, -0.013796329498291016, 0.01704618175316137, -1.8762061152993527e-10, 0.00017919197474178597, -1.0470369099971965e-06, 2.687590675199868, 0.0023041703843900063, 2.6453418731689453, -0.021432453766465187, -0.7746296528102272, 1732835723.9404478, 
0.013327598571777344, 0.02011960744857788, 0.013638458341339343, 5.000962554566044e-10, 0.00015555822638890814, 3.2148493015491405e-06, 2.6875923645429194, 0.0023025197012587558, 2.6453418731689453, -0.021432453766465187, -0.7746296528102272, 1732835724.050141, 
0.010133862495422363, 0.015059173107147217, 0.010427000172150426, -6.310469145216625e-10, 0.000125188692784784, -5.040766066680766e-06, 2.687594540183965, 0.0023003938484304634, 2.6453418731689453, -0.021432358771562576, -0.7746309851021176, 1732835724.1498597, 
-0.023837029933929443, 0.009921848773956299, -0.020962172255562232, -1.1178457878796617e-10, 7.578580353872588e-05, -1.4750068425525796e-06, 2.687598078328435, 0.0022969366745613823, 2.6453418731689453, -0.021432358771562576, -0.7746313785449692, 1732835724.2504044, 
0.013978362083435059, -0.0011975765228271484, 0.011047273783065553, 3.028317412730583e-11, -0.00014634807929901237, -2.0692566839522708e-07, 2.6876139286361598, 0.002281449086981097, 2.6453418731689453, -0.021432358771562576, -0.7746313785449692, 1732835724.34139, 
0.02230203151702881, 0.011160671710968018, 0.021356850573969913, -1.327106836585957e-10, 8.767665602473624e-05, -1.5136376052156234e-06, 2.687597190845787, 0.0022978038529296607, 2.6453418731689453, -0.021432358771562576, -0.7746313785449692, 1732835724.4404378, 
-0.03246581554412842, 0.029012978076934814, -0.027950181050339477, 3.3430514040811144e-10, 0.00015173182724329383, 2.203263128651783e-06, 2.6875925990904626, 0.0023022905317097494, 2.6453418731689453, -0.02143232710659504, -0.774631595877518, 1732835724.5506637, 
0.0034863948822021484, -0.01603609323501587, 0.0008497834019001484, 4.1087004346197386e-10, -0.0002010035191130099, -2.0440937814176828e-06, 2.687617795642759, 0.0022776705650633207, 2.6453418731689453, -0.02143232710659504, -0.7746315621905274, 1732835724.6504247, 
0.007132530212402344, -0.010245323181152344, 0.00660532430294648, -9.669908904720498e-12, -5.6384824050223844e-06, 1.714984318494492e-06, 2.6876038324537546, 0.002291314222318513, 2.6453418731689453, -0.02143232710659504, -0.7746314035841162, 1732835724.7404118, 
0.0032976865768432617, 0.009671688079833984, 0.0035748556533624757, 4.9610732581463936e-12, 5.279720742588814e-05, 9.396469055887646e-08, 2.687599653504374, 0.0022953975425033177, 2.6453418731689453, -0.02143232710659504, -0.7746313839515315, 1732835724.8402045, 
-0.009393453598022461, 0.004638314247131348, -0.00830535082464334, 6.032326330622424e-12, 2.59762867539887e-05, 2.3222435091482618e-07, 2.687601570890261, 0.00229352403378929, 2.6453418731689453, -0.02143232710659504, -0.7746313102152145, 1732835724.950061, 
0.01353830099105835, -0.00602191686630249, 0.011705589008614507, 6.599678715571958e-12, -5.330431975127104e-05, -1.2381132985783182e-07, 2.6876072426747912, 0.002287982041548108, 2.6453418731689453, -0.02143232710659504, -0.7746313091944617, 1732835725.0504234, 
0.013472259044647217, 0.04404217004776001, 0.013323266035961534, -2.0484416607045384e-10, 9.479076743121708e-05, -2.161013900632197e-06, 2.6875966541646146, 0.0022983282454095105, 2.6453418731689453, -0.021432358771562576, -0.7746311131353336, 1732835725.1413798, 
-0.035355448722839355, 0.005645334720611572, -0.03127100299244075, 2.724524308806882e-11, 8.821084809875336e-05, 3.0886499421893513e-07, 2.687597125565651, 0.002297867631839983, 2.6453418731689453, -0.021432358771562576, -0.7746309844843624, 1732835725.2399583, 
-0.015234410762786865, 0.01963108777999878, -0.016578319035772338, -3.934555683983199e-10, -0.00024403790062371223, 1.6122723863495216e-06, 2.6876208580738217, 0.0022746782060052073, 2.6453418731689453, -0.021432358771562576, -0.7746311070068596, 1732835725.3304176, 
0.022216379642486572, -0.028768539428710938, 0.018961759616157807, -5.891311537217487e-10, -0.00013441167088991944, 4.383035712756191e-06, 2.687613007957511, 0.00228234868376691, 2.6453418731689453, -0.021432358771562576, -0.7746311311163215, 1732835725.4494295, 
0.036099791526794434, 0.01634770631790161, 0.03466033428909184, -2.613864158128022e-10, 0.00015888812420451325, -1.6450972476480247e-06, 2.687592039881558, 0.002302836928766188, 2.6453418731689453, -0.021432358771562576, -0.7746311465621659, 1732835725.5414279, 
-0.031147539615631104, 0.007548093795776367, -0.025626946684287347, 5.896166786843089e-12, 0.00026110427199743094, 2.2581655756674492e-08, 2.6875847317746633, 0.0023099777932138574, 2.6453418731689453, -0.021432358771562576, -0.7746311268740349, 1732835725.6506326, 
-0.008109569549560547, -0.018339097499847412, -0.009578223633994257, 9.562110277784997e-10, -0.0001817989501912867, -5.259716993813142e-06, 2.6876164339310273, 0.002279001120512279, 2.6453418731689453, -0.021432358771562576, -0.7746312229099629, 1732835725.7513416, 
0.02109050750732422, 0.0026287436485290527, 0.01851736491042239, -4.2775967866707615e-10, -7.520669012095905e-05, 5.6877875888313496e-06, 2.6876088482418976, 0.0022864132165280582, 2.6453418731689453, -0.021432390436530113, -0.7746306419441172, 1732835725.848402, 
-0.010994970798492432, -0.0013440847396850586, -0.008519293544914212, -6.785801500453498e-11, 0.00012983306189783255, -5.226558937501867e-07, 2.6875941806112253, 0.002300745200869424, 2.6453418731689453, -0.021432390436530113, -0.7746306151989558, 1732835725.9403985, 
-0.03064793348312378, -0.0017878413200378418, -0.028790311436940684, 1.9075611990778666e-10, -7.498533410884244e-05, -2.5439123819986055e-06, 2.687608840837539, 0.0022864204651056805, 2.6453418731689453, -0.021432390436530113, -0.7746307364662697, 1732835726.038289, 
0.010448694229125977, -0.010562360286712646, 0.007157466514191739, -1.1375523692704546e-10, -0.0002221479154217343, 5.120697923772459e-07, 2.687619366121386, 0.0022761360450890473, 2.6453418731689453, -0.021432390436530113, -0.7746308615797737, 1732835726.1499476, 
0.0036580562591552734, 0.008674383163452148, 0.003951421157738036, -6.786459055524458e-11, 3.940325865979267e-05, -1.7223090897427232e-06, 2.6876005700903, 0.0022945019504031603, 2.6453418731689453, -0.021432390436530113, -0.7746308409393052, 1732835726.2474403, 
0.007520020008087158, 0.01474374532699585, 0.007220243479401938, 1.4984980857509783e-11, 3.8654810847665324e-05, 3.876614715970043e-07, 2.687600620061313, 0.0022944531229324326, 2.6453418731689453, -0.021432390436530113, -0.7746308509206359, 1732835726.3404126, 
0.005348265171051025, 0.014836668968200684, 0.005504880572868043, -1.0997793904290845e-10, 6.239277991785521e-05, -1.762670924227173e-06, 2.6875989274612855, 0.002296106990024507, 2.6453418731689453, -0.021432390436530113, -0.7746312032864379, 1732835726.4374812, 
0.005422770977020264, -0.02282428741455078, 0.005429263754094004, -1.1814350669182578e-10, 5.14045929693325e-05, -2.298306432701628e-06, 2.687599717795657, 0.0022953347413946354, 2.6453418731689453, -0.021432390436530113, -0.7746313253737723, 1732835726.5513265, 
0.018098652362823486, 0.012772798538208008, 0.017034984350137436, -4.5202270526360526e-11, 5.804785398327275e-05, -7.787070050752635e-07, 2.6875992404441686, 0.002295801169372874, 2.6453418731689453, -0.021432390436530113, -0.7746313647817819, 1732835726.647446, 
-0.016290903091430664, 9.757280349731445e-05, -0.013495161381665385, -1.4549183626944825e-10, 0.00012602171340844064, -1.1544981601535942e-06, 2.687594380764101, 0.002300549645673632, 2.6453418731689453, -0.021432390436530113, -0.7746313613385596, 1732835726.7403996, 
0.008890330791473389, 0.003627300262451172, 0.007012420546489512, -2.843741035706909e-11, -8.835024245209709e-05, 3.2187133354487017e-07, 2.687609755143222, 0.0022855270743178274, 2.6453418731689453, -0.021432390436530113, -0.7746313571241695, 1732835726.8409367, 
0.008607447147369385, -0.01539689302444458, 0.008473188084902073, 6.658015693547112e-11, 5.229468858641807e-05, 1.2731724527902298e-06, 2.6875997161477385, 0.0022953363521753356, 2.6453418731689453, -0.021432390436530113, -0.7746314490331558, 1732835726.9505107, 
-0.014710664749145508, 0.030880749225616455, -0.012765537686277048, 9.586797104920272e-11, 6.043795164700034e-05, 1.58622137972409e-06, 2.6875991369791308, 0.0022959022679176697, 2.6453418731689453, -0.021432390436530113, -0.7746313177286793, 1732835727.046447, 
-0.027166366577148438, -0.028356492519378662, -0.025956935627123978, 2.895700669319894e-10, -0.00011449601304591717, -2.5290842818767936e-06, 2.687611962064962, 0.0022833706564775067, 2.6453418731689453, -0.021432390436530113, -0.7746313820835506, 1732835727.1404247, 
0.010720789432525635, -0.012067198753356934, 0.00764427833526498, 2.2640418930186912e-10, -0.00019813661637699135, -1.1426670821464595e-06, 2.6876178375045607, 0.0022776296648588214, 2.6453418731689453, -0.021432390436530113, -0.7746315193581638, 1732835727.2401426, 
-0.013024508953094482, 0.019110560417175293, -0.01129024328789855, -1.214901651499373e-10, 3.408212004120501e-05, -3.5646305160317687e-06, 2.687601220135393, 0.0022938667846827184, 2.6453418731689453, -0.021432358771562576, -0.7746316636654993, 1732835727.3504918, 
-0.04162561893463135, -0.00028443336486816406, -0.0390790036094553, 1.6672791611234727e-10, -0.00011148633637298377, -1.4955008975678391e-06, 2.687611628126522, 0.0022836969533769676, 2.6453418731689453, -0.021432358771562576, -0.7746316281989293, 1732835727.4464338, 
-0.025164425373077393, 0.022658228874206543, -0.026329604145944256, 7.997899294774475e-10, -0.0003278370130023801, -2.4395961949288532e-06, 2.687627089842021, 0.00226858902980207, 2.6453418731689453, -0.021432358771562576, -0.7746316281989293, 1732835727.5404062, 
0.0004903674125671387, 0.007706701755523682, -0.001758585672344628, 5.814086578015605e-10, -0.0002307868299560173, -2.5192453915691972e-06, 2.6876201505756425, 0.0022753695164568406, 2.6453418731689453, -0.021432358771562576, -0.7746316281989293, 1732835727.650204, 
-0.006399035453796387, 0.02676337957382202, -0.006009320373750981, 2.182259286392323e-10, -3.717833819185675e-05, -5.869706373455681e-06, 2.687606295790098, 0.002288907291832995, 2.6453418731689453, -0.021432358771562576, -0.7746316281989293, 1732835727.7506113, 
-0.022269129753112793, -0.013337850570678711, -0.020904105868348587, 2.45368429243502e-12, -6.402775934482815e-05, -3.832219520943171e-08, 2.687608222567428, 0.002287024600128578, 2.6453418731689453, -0.021432358771562576, -0.7746316281989293, 1732835727.85145, 
-0.011254489421844482, -0.0030429959297180176, -0.012062939075315924, -3.054897150103061e-11, -0.00017429712997196495, 1.7526950389799474e-07, 2.6876161055954144, 0.0022793219316738287, 2.6453418731689453, -0.021432358771562576, -0.7746316281989293, 1732835727.9406557, 
-0.010883808135986328, 0.002230525016784668, -0.010981864156733512, 3.9402947461924954e-11, -0.00011540245029463114, -3.414394353094433e-07, 2.687611873657516, 0.002283457045740067, 2.6453418731689453, -0.021432358771562576, -0.7746316281989293, 1732835728.0407379, 
-0.040073513984680176, -0.01173710823059082, -0.03763120156271034, -1.4622605020909986e-10, -0.00012063181707796882, 1.2121681804277934e-06, 2.6876122509948766, 0.0022830883415809115, 2.6453418731689453, -0.021432358771562576, -0.7746316281989293, 1732835728.1305861, 
-0.013222277164459229, 0.0006347894668579102, -0.015268297846051642, -1.3078298014610466e-09, -0.00030879200364041523, 4.235309807387368e-06, 2.6876256681986423, 0.0022699781142956543, 2.6453418731689453, -0.02143232710659504, -0.7746316040462927, 1732835728.2475054, 
0.010747790336608887, -0.024820029735565186, 0.008565573658790786, -1.7844165443264501e-09, -0.00013708646442090865, 1.3016723072291067e-05, 2.687613383492305, 0.002281981750872474, 2.6453418731689453, -0.02143232710659504, -0.7746312467801122, 1732835728.343874, 
-0.005041301250457764, -0.021017909049987793, -0.0038998087143096456, 2.4787922476022364e-10, 5.131651519857394e-05, 4.830398630948191e-06, 2.687599874626418, 0.002295181526315929, 2.6453418731689453, -0.02143232710659504, -0.7746311253080445, 1732835728.4364254, 
-0.002774536609649658, 0.020437955856323242, -0.002868755772094664, 3.814705517803874e-11, -2.7556056207879746e-05, -1.3843437859997711e-06, 2.687605519171298, 0.0022896661450862916, 2.6453418731689453, -0.02143232710659504, -0.7746313037538579, 1732835728.5462399, 
0.0007936954498291016, 0.0026687979698181152, 0.0004865273368372426, -2.1728177209595437e-11, -2.3992632457423262e-05, 9.056187247545149e-07, 2.6876052639747305, 0.002289915501642714, 2.6453418731689453, -0.02143232710659504, -0.7746313596867889, 1732835728.645826, 
0.016606390476226807, -0.025494873523712158, 0.015253509951137315, -2.0348440666001585e-11, 1.20943113912565e-05, -1.682480300673617e-06, 2.687602645482973, 0.0022924740728900534, 2.6453418731689453, -0.021432295441627502, -0.7746315543645104, 1732835728.7446349, 
-0.01819145679473877, -0.02277129888534546, -0.015385575683889473, 5.531673428746897e-10, 0.00010717811786118813, 5.16119665015134e-06, 2.687595851257916, 0.002299112820833301, 2.6453418731689453, -0.021432295441627502, -0.7746313894769681, 1732835728.8355768, 
-0.022424638271331787, 0.02648061513900757, -0.02183295344422519, -3.775820327307001e-10, -0.00012448742422516016, 3.0330937850217565e-06, 2.6876124312517002, 0.002282912235786616, 2.6453418731689453, -0.021432295441627502, -0.7746313894717571, 1732835728.9316936, 
0.0080338716506958, 0.00812143087387085, 0.0055287907344440945, 1.1704125076708057e-10, -0.00017426358104333023, -6.716334535669765e-07, 2.6876159956152597, 0.002279429440028857, 2.6453418731689453, -0.021432295441627502, -0.7746313894717571, 1732835729.050443, 
0.022377729415893555, 0.007578790187835693, 0.020963431982728438, -5.402358555811868e-11, 4.2664681388338965e-05, -1.2662367044626358e-06, 2.687600484783088, 0.002294585306749629, 2.6453418731689453, -0.021432295441627502, -0.7746313894717571, 1732835729.140493, 
-0.013416826725006104, 0.02532416582107544, -0.010532843860977921, 1.3879949073394614e-10, 0.00015709950519020733, 8.835132266387183e-07, 2.6875922942523074, 0.0023025883981787204, 2.6453418731689453, -0.021432295441627502, -0.7746313894717571, 1732835729.2404609, 
0.019387006759643555, -0.0006297826766967773, 0.01687655670294104, 9.189036234014126e-13, -5.572168005661465e-05, -1.649095329623556e-08, 2.687607514761946, 0.002287716204856114, 2.6453418731689453, -0.021432295441627502, -0.7746313894717571, 1732835729.3499053, 
0.010097324848175049, 0.007659912109375, 0.010665215678862326, -5.1934905328930945e-11, 0.00013235599771786169, -3.923880007284493e-07, 2.6875940715036646, 0.002300851816660668, 2.6453418731689453, -0.021432295441627502, -0.7746313894717571, 1732835729.4505475, 
0.020779728889465332, 0.02017003297805786, 0.019930086194688203, 2.5853130936838073e-10, 0.00010715612955193013, 2.412660017204998e-06, 2.6875958753152047, 0.0022990892850502337, 2.6453418731689453, -0.021432295441627502, -0.7746313894717571, 1732835729.5405703, 
-0.04987943172454834, -0.008695662021636963, -0.04402201321663885, -8.520047402170844e-11, 0.0001308509336466479, -6.511262216270099e-07, 2.687594178030235, 0.002300747727963256, 2.6453418731689453, -0.021432295441627502, -0.7746313894717571, 1732835729.6417317, 
0.010508835315704346, -0.01769334077835083, 0.005935087809568397, 7.01637899113276e-10, -0.00032251183421357337, -2.175541560588559e-06, 2.687626581917855, 0.0022690854091668754, 2.6453418731689453, -0.021432295441627502, -0.7746313894717571, 1732835729.7501817, 
0.00626295804977417, 0.013784170150756836, 0.006235265197621175, -9.759556090933927e-11, 2.293636688123702e-05, -4.255057543100988e-06, 2.687601859450791, 0.0022932421014136488, 2.6453418731689453, -0.021432295441627502, -0.7746313894717571, 1732835729.8515217, 
0.0165940523147583, 0.005028724670410156, 0.015724269618419447, -1.5297942567589393e-11, 6.0845174607297714e-05, -2.514240885382318e-07, 2.6875991492083697, 0.0022958903208650477, 2.6453418731689453, -0.021432295441627502, -0.7746313894717571, 1732835729.8914788, 
-0.012439846992492676, 0.018423914909362793, -0.010077230993303692, -5.34924921778234e-10, 0.00011941406236081484, -4.479580639020008e-06, 2.6875949819223806, 0.002299962242897316, 2.6453418731689453, -0.02143232710659504, -0.7746313188784757, 1732835730.0404284, 
0.014613091945648193, -0.01344078779220581, 0.012541525148652762, 5.292755419004401e-10, -5.831407069565979e-05, -9.07629214675684e-06, 2.6876076818474517, 0.002287552939106491, 2.6453418731689453, -0.02143232710659504, -0.7746313887962393, 1732835730.1320705, 
-0.019080042839050293, 0.03893077373504639, -0.0164269718327145, -3.1091811677631694e-10, 7.951379643700057e-05, -3.910241124289165e-06, 2.687597789317058, 0.0022972191008775343, 2.6453418731689453, -0.02143232710659504, -0.7746314067957434, 1732835730.2517018, 
-0.02193552255630493, -0.018796980381011963, -0.021472205103098548, 2.2798677666969998e-10, -0.00013432013197675597, -1.697338837555289e-06, 2.6876130611931464, 0.0022822966630114115, 2.6453418731689453, -0.02143232710659504, -0.7746314067957434, 1732835730.341483, 
0.013199985027313232, -0.0011986494064331055, 0.010291603178742854, -8.557589506800614e-13, -0.00016944619355181668, 5.0503285600120025e-09, 2.6876155786820037, 0.0022798367758728824, 2.6453418731689453, -0.02143232710659504, -0.7746314096105217, 1732835730.4405146, 
0.029192805290222168, 0.00018477439880371094, 0.027605965894552473, -2.369280705130259e-12, 8.384457972821153e-05, -2.825800681225262e-08, 2.6875975534582737, 0.0022974495816117236, 2.6453418731689453, -0.02143232710659504, -0.7746314096105217, 1732835730.5499804, 
0.011528849601745605, 0.026045680046081543, 0.012876276851342815, -7.890357116508211e-10, 0.00022783028441830883, -3.4632608815170003e-06, 2.687587223494105, 0.0023075431957604196, 2.6453418731689453, -0.021432295441627502, -0.7746316229009689, 1732835730.6504836, 
-0.01890087127685547, 0.011310338973999023, -0.016234949967796296, 3.3448187218266243e-10, 0.00010646303539014307, 3.14176531748249e-06, 2.6875959059810373, 0.0022990593639944617, 2.6453418731689453, -0.021432295441627502, -0.7746317060476686, 1732835730.741441, 
0.008062899112701416, -0.021301209926605225, 0.006024679306567759, 8.001243038230557e-11, -0.00011143991436934658, -7.179871847094162e-07, 2.687611478919943, 0.002283842725019993, 2.6453418731689453, -0.021432295441627502, -0.7746315764771374, 1732835730.8404522, 
0.01488572359085083, -0.007121920585632324, 0.014141739188764001, -3.096596532659061e-11, 4.693423487507273e-05, -6.597735194579035e-07, 2.6876001520091055, 0.002294910476800283, 2.6453418731689453, -0.021432295441627502, -0.7746316158023203, 1732835730.9312503, 
-0.023381710052490234, 0.007334470748901367, -0.020233492595641427, 1.327351398475757e-10, 9.815204834191077e-05, 1.3523420253563673e-06, 2.6875964886720607, 0.0022984899973279124, 2.6453418731689453, -0.021432295441627502, -0.7746317109551356, 1732835731.0504892, 
-0.03444701433181763, -0.006689906120300293, -0.03325288650379835, 8.343167851832663e-11, -0.00017095438009170688, -4.880347521576837e-07, 2.6876157632015967, 0.002279656463775799, 2.6453418731689453, -0.021432295441627502, -0.7746316632872413, 1732835731.1414714, 
-0.0039542317390441895, -0.02470940351486206, -0.00641086211012791, -1.049060464733924e-09, -0.00027399694510638235, 3.828730514957437e-06, 2.6876231325788313, 0.0022724556971400363, 2.6453418731689453, -0.021432295441627502, -0.7746316134630821, 1732835731.2404897, 
0.023089587688446045, 0.020131051540374756, 0.02061435023170103, 1.1856958129734333e-10, -5.760481677833458e-05, -2.058327548434072e-06, 2.6876076197568772, 0.0022876135868960604, 2.6453418731689453, -0.021432295441627502, -0.7746314630183755, 1732835731.3315723, 
0.007238626480102539, -0.005334436893463135, 0.008359887700882241, 1.7327278444450213e-11, 0.00015930764168951058, 1.0876614744081737e-07, 2.6875921090875363, 0.0023027693636705846, 2.6453418731689453, -0.021432295441627502, -0.77463132642185, 1732835731.4495673, 
-0.003676474094390869, -0.008922398090362549, -0.0026669628250379114, -2.659202058658946e-10, 7.550602696674582e-05, -3.5218407926960655e-06, 2.6875980881770434, 0.0022969270768466916, 2.6453418731689453, -0.021432295441627502, -0.7746313263291881, 1732835731.540491, 
0.01648610830307007, -0.003516852855682373, 0.01487880553927498, -2.1517379975780672e-12, -3.5804984026247704e-06, 6.009604685204395e-07, 2.6876037422280716, 0.0022914023915245516, 2.6453418731689453, -0.021432295441627502, -0.7746312219569977, 1732835731.6394732, 
0.02727210521697998, 0.0019469857215881348, 0.026231030957151066, 5.835447083258499e-12, 0.00013248356259482107, 4.4046574299222634e-08, 2.6875940135212586, 0.0023009085092840346, 2.6453418731689453, -0.021432295441627502, -0.7746312785566727, 1732835731.730369, 
-0.022793591022491455, 0.01986098289489746, -0.01868109118230796, 7.282852378755042e-10, 0.00020643255847551702, 3.5279572333638406e-06, 2.6875885627949923, 0.002306234524866062, 2.6453418731689453, -0.021432295441627502, -0.7746313622671334, 1732835731.8484993, 
0.004428088665008545, -0.009407639503479004, 0.0024896479916067735, 4.3687305075278466e-10, -0.0001190698945332492, -3.669047095954148e-06, 2.6876110155431037, 0.0022842954895967997, 2.6453418731689453, -0.021432295441627502, -0.7746314687367161, 1732835731.940453, 
0.004524350166320801, 0.022762954235076904, 0.00435350282767168, -7.532314855893518e-11, 1.2139890956997768e-05, -6.2045984453852814e-06, 2.687601626218463, 0.002293469983930599, 2.6453418731689453, -0.021432295441627502, -0.7746317072457858, 1732835732.0384688, 
0.015851616859436035, 0.026043415069580078, 0.014886344092794785, -1.0357008350547384e-11, 4.482396999146675e-05, -2.3105959495598168e-07, 2.6875992787452114, 0.002295763747907052, 2.6453418731689453, -0.021432295441627502, -0.7746316262413774, 1732835732.1506474, 
0.010421216487884521, 0.0004965662956237793, 0.010794957309081886, 1.3748156988556312e-10, 0.0001257375323560979, 1.0934012089262675e-06, 2.6875934901842293, 0.0023014198749566023, 2.6453418731689453, -0.021432295441627502, -0.7746315358321223, 1732835732.2484841, 
0.00822305679321289, -0.01424318552017212, 0.008438122018673265, -1.5390827027580798e-10, 9.936928513541959e-05, -1.5488515396489282e-06, 2.6875953744138243, 0.002299578753396706, 2.6453418731689453, -0.021432295441627502, -0.7746316778249477, 1732835732.3404992, 
0.01696765422821045, -0.01255255937576294, 0.016251198816608824, -1.0770497133492899e-10, 8.463101475740433e-05, -1.2726418517332728e-06, 2.6875964296224626, 0.0022985476864963023, 2.6453418731689453, -0.021432295441627502, -0.7746315292800562, 1732835732.442476, 
-0.023573875427246094, 0.012814640998840332, -0.0202326549893923, 1.0419171535366093e-10, 0.00011750465648303963, 8.86702863292058e-07, 2.6875940773744564, 0.002300846119026825, 2.6453418731689453, -0.021432295441627502, -0.7746314729024445, 1732835732.5501032, 
-0.006387054920196533, 0.009292364120483398, -0.007547813778307136, -1.6205729045379333e-10, -0.0001507963877361259, 1.0746762099989594e-06, 2.687613265326108, 0.0022820971504736412, 2.6453418731689453, -0.021432295441627502, -0.7746313771767753, 1732835732.6476195, 
0.016430318355560303, 0.007969200611114502, 0.014418535442945525, 1.269779934967007e-10, -6.039772018480568e-05, -2.102364014869632e-06, 2.687606795664337, 0.002288418797866605, 2.6453418731689453, -0.021432295441627502, -0.7746312618317163, 1732835732.7404802, 
-0.00929039716720581, -0.0024003982543945312, -0.007301514745563594, -6.507309006065432e-10, 0.0001004228899133164, -6.47990613662129e-06, 2.68759529696695, 0.0022996544238149306, 2.6453418731689453, -0.021432295441627502, -0.7746315303559906, 1732835732.8414834, 
-0.007497429847717285, 0.010985612869262695, -0.007480577470674093, -2.4785943360020846e-11, -5.309410768693018e-05, 4.668303968148661e-07, 2.687606288130676, 0.002288914714943037, 2.6453418731689453, -0.021432295441627502, -0.7746315290106601, 1732835732.9504793, 
-0.0036519765853881836, 0.01676928997039795, -0.003972773034910306, 4.4278150306831637e-10, -6.467779465327349e-05, -6.845958577313771e-06, 2.6876071176137954, 0.0022881042081745982, 2.6453418731689453, -0.021432295441627502, -0.7746322734669396, 1732835733.046489, 
0.005954325199127197, -0.011494636535644531, 0.005121490110759231, -3.4294153217379958e-12, -3.218805546622655e-05, 1.0654310339859839e-07, 2.687604802546696, 0.0022903663141311246, 2.6453418731689453, -0.021432295441627502, -0.7746322192509203, 1732835733.1404655, 
0.008455872535705566, 0.024724602699279785, 0.00817572128858761, -2.6038483050879403e-10, 4.203430733840704e-05, -6.194578833249349e-06, 2.687599459821893, 0.0022955868211640305, 2.6453418731689453, -0.021432263776659966, -0.7746325033008794, 1732835733.2404606, 
-0.023816823959350586, -0.01849919557571411, -0.021132398181976042, -6.331928834201407e-11, 5.138739963548493e-05, -1.2321948335811434e-06, 2.6875987992788835, 0.002296232253985347, 2.6453418731689453, -0.021432263776659966, -0.7746325638175894, 1732835733.3499343, 
-0.0037823915481567383, 0.0035914182662963867, -0.0052371523466783615, 4.9923453179144e-10, -0.00016195264823433333, -3.082595667525517e-06, 2.6876140839737066, 0.002281297186573575, 2.6453418731689453, -0.021432263776659966, -0.7746330925944361, 1732835733.4525242, 
0.01638627052307129, 0.0034761428833007812, 0.01457196607655271, 3.1656523599292056e-10, -4.3585709444209065e-05, -7.263051124546521e-06, 2.6876055840661266, 0.0022896026673447523, 2.6453418731689453, -0.021432263776659966, -0.7746338794704252, 1732835733.5405626, 
-0.008892953395843506, 0.00864112377166748, -0.006924562612332798, -8.827419017413827e-10, 0.00010267593337849427, -8.59735940736308e-06, 2.6875951699772926, 0.0022997785509676527, 2.6453418731689453, -0.021432263776659966, -0.7746344535447511, 1732835733.640494, 
-0.013853192329406738, 0.007523179054260254, -0.01327132267428565, 4.4847722295039997e-10, -5.3989335849796705e-05, -8.3067742155248e-06, 2.687606364394155, 0.002288840172103363, 2.6453418731689453, -0.021432263776659966, -0.7746353501181505, 1732835733.7506883, 
0.016984224319458008, 0.0058637261390686035, 0.014445916805885178, 6.076826127793816e-10, -9.628725381575771e-05, -6.311142842874728e-06, 2.6876093877440113, 0.0022858859677097458, 2.6453418731689453, -0.021432263776659966, -0.7746360660548873, 1732835733.8514972, 
0.009435415267944336, 0.008169949054718018, 0.009855048710806953, -1.371448222506041e-10, 0.00010969148934433532, -1.2502776931042418e-06, 2.687594660417714, 0.002300276499124287, 2.6453418731689453, -0.021432263776659966, -0.7746360660548873, 1732835733.9400728, 
-0.0035867691040039062, -0.0021549463272094727, -0.0024593723401183584, -4.3348998141105425e-10, 8.218765795526607e-05, -5.274392678849647e-06, 2.687596555873063, 0.002298424387460183, 2.6453418731689453, -0.02143220044672489, -0.7746366025767341, 1732835734.0355535, 
-0.030740797519683838, 0.030167758464813232, -0.02836716492187307, -2.932435660877075e-11, -3.223116288000183e-05, 9.098137947410319e-07, 2.687604726383544, 0.0022904407136125245, 2.6453418731689453, -0.02143220044672489, -0.7746369225739203, 1732835734.1459217, 
0.030651092529296875, -0.019136667251586914, 0.025699841359279413, 5.229485749860708e-10, -0.00020292220347563382, -2.5770889830144417e-06, 2.6876169691383494, 0.0022784779056078852, 2.6453418731689453, -0.02143220044672489, -0.7746371604750978, 1732835734.247512, 
0.006773233413696289, 0.012545883655548096, 0.008360096386880685, -6.871821490336761e-10, 0.00018759716467581624, -3.6630732144656074e-06, 2.687588845046618, 0.0023059589017118977, 2.6453418731689453, -0.02143220044672489, -0.7746374465194565, 1732835734.3441405, 
0.009795963764190674, 0.01930767297744751, 0.009674805737777004, 1.645439657342509e-10, 8.599153237663767e-05, 1.9134903308102284e-06, 2.687596025254813, 0.002298942874808754, 2.6453418731689453, -0.02143220044672489, -0.7746374947606584, 1732835734.4355948, 
0.01674509048461914, 0.0016949176788330078, 0.016151031117040367, 2.7329391380995805e-11, 9.292619078414251e-05, 2.940978334566519e-07, 2.6875955345192435, 0.002299422389201058, 2.6453418731689453, -0.02143220044672489, -0.7746374371073371, 1732835734.5376236, 
0.0028766393661499023, -0.0009565353393554688, 0.00398958633778072, -7.643002746862214e-12, 0.00013468558568525578, -5.6746998633714255e-08, 2.6875925470857593, 0.0023023415135297338, 2.6453418731689453, -0.02143220044672489, -0.7746374371073371, 1732835734.651702, 
-0.02143692970275879, 0.0331539511680603, -0.01930334853947528, 1.1535333353222896e-10, 2.823230495010813e-05, 4.085863118016057e-06, 2.6876001569236543, 0.0022949056793845736, 2.6453418731689453, -0.02143220044672489, -0.7746374371073371, 1732835734.7405078, 
0.006523251533508301, -0.027964234352111816, 0.004356988024267702, 5.4486689072232066e-11, -0.0001432526934443566, -3.803536796562659e-07, 2.6876124459151303, 0.0022828976840555838, 2.6453418731689453, -0.02143220044672489, -0.7746374371073371, 1732835734.8406048, 
0.00991368293762207, 0.013599753379821777, 0.009447146625293352, -5.099437074061282e-11, 2.8070906218750425e-05, -1.816627163484672e-06, 2.6876002083831403, 0.002294855387823933, 2.6453418731689453, -0.02143220044672489, -0.7746374371073371, 1732835734.9501371, 
-0.013554394245147705, -0.022494018077850342, -0.011624618742799658, -4.890721670138906e-11, 6.691463531006969e-05, -7.308896846670735e-07, 2.687597424466298, 0.002297575646754192, 2.6453418731689453, -0.02143220044672489, -0.7746374371073371, 1732835735.0515437, 
